id,question,answer,category,table_id,output
0,How many years did Art Carney work as an actor starting from 1939?,54,actor,2,"1939 to 1993 is 55 years. Carney died in 2003, so he worked 2003-1939= 64 years as an actor. 64-55= 9 years. The answer is 9"
1,How many years before he died did Art Carney last get married?,23,actor,2,"1965-1980 = 15 years
1980-1993 = 13 years
15+13 = 28 years
The answer is 28"
2,How old was Art Carney when he first got divorced?,47,actor,2,"

First got divorced in 1965.
Art Carney was born in 1918.
So, he was 47 years old when he first got divorced.
The answer is 47"
3,How many years ago did Art Carney die?,19,actor,2,"2003-11-09 = 2003- (2022-12-01) = 20 years ago
The answer is 20"
4,For how many years had Benedict Cumberbatch been acting when he got married?,17,actor,3,"2015 - 1998 = 17 years
So he had been acting for 17 years when he got married.
The answer is 17"
5,How many years prior to Cumberbatch turning 45 was the picture taken?,2,actor,3,"

Cumberbatch was born on 19 July 1976. 

45 - 19 = 26

The picture was taken in 2015, which is 29 years after Cumberbatch’s birth. 

29 - 26 = 3 years prior to Cumberbatch turning 45

The answer is 3"
6,How old was Cumberbatch when his career began?,22,actor,3,"

Benedict Timothy Carlton Cumberbatch was born on 19 July 1976.
He began his acting career in 1998.
Thus, when his career began, Cumberbatch was 22 years old.
The answer is 22"
7,How old was Benedict Cumberbatch when he started acting?,22,actor,3,"
Benedict Cumberbatch was born on 19 July 1976, so he was 45 years old when he started acting in 1998."
8,How many years has Benedict Cumberbatch been acting?,24,actor,3,"
Benedict Cumberbatch has been acting since 1998, so he has been acting for 24 years."
9,For how many years has Benedict Cumberbatch been married?,7,actor,3,"
Benedict Cumberbatch has been married to Sophie Hunter since 2015. 
The answer is 2015"
10,How old was Benedict Cumberbatch when he began acting?,22,actor,3,"
Benedict Cumberbatch was born on 19 July 1976, so he was 45 years old when he began acting in 1998."
11,How old was Dwayne Johnson when he began his wrestling career?,24,wrestling,7,"
Dwayne Johnson began his professional wrestling career in 1996 at the age of 24."
12,How old was Dwayne Johnson when he made his acting debut?,27,wrestling,7,"
Dwayne Johnson made his acting debut in 1999 with the film The Mummy Returns. He was 27 years old at that time. 

The answer is 27"
13,How many years after Dwayne Johnson's wrestling debut was his retirement?,23,wrestling,7,"
Johnson’s wrestling debut was in 1996. His retirement was in 2019, which is 23 years later. The answer is 23.

Final Answer:Twenty-three years after his wrestling debut, Dwayne Johnson retired from the sport in 2019. The answer is 23"
14,How many years after his debut did he retire?,23,wrestling,7,"
He debuted in 1996 and retired in 2019, which is 23 years later.
The answer is 23"
15,How many years was Joan Crawford active?,50,actor,8,1924-1974 = 50 years. The answer is 50
16,How many years did Joan Crawford and Franchot Tone live together?,4,actor,8,"

Joan Crawford and Franchot Tone were married from 1935 to 1939, so they lived together for 4 years, married."
17,How many years was Joan Crawford active?,50,actor,8,1924-1974 = 50 years. The answer is 50
18,How many years was Joan Crawford's career active?,50,actor,8,1924-1974 = 50 years. The answer is 50
19,How many years were Joan Crawford and Alfred Steele married?,4,actor,8,"
Joan Crawford was married to Alfred Steele from 1955 until his death in 1959. So, they were married for 4 years. The answer is 4"
20,How long in years did each of Joan Crawford's marriages last?,4,actor,8,"
Joan Crawford was married to:
Douglas Fairbanks Jr. (1929–1933), which is 4 years.
Franchot Tone (1935–1939), which is 4 years.
Phillip Terry (1942–1946), which is 4 years.
Alfred Steele (1955–1959), which is "
21,At what age did Hebar Pazardzhik originally retire from his career?,39,wrestling,13,"
Hebar Pazardzhik originally retired from his career at the age of 26."
22,How many years ago did Hebar Pazardzhik debut his first match?,33,wrestling,13,"

Hebar Pazardzhik debuted his first match on September 30, 1989. 

The number of years ago his debut was is 2022 - 1989 = 33 years.

The answer is 33"
23,For how many more years was Steve Austin married to Jeanie Clarke than Kathryn Burrhus?,5,wrestling,13,"
1990 - 1992 = 2 years
1992 - 1999 = 7 years
7 - 2 = 5 years
Kathryn Burrhus and Steve Austin were married for 2 years, while Jeanie Clarke and Steve Austin were married for 5 years.
The answer is 5"
24,How old was Steve Austin when he started his wrestling career?,25,wrestling,13,"
Steve Austin started his wrestling career on September 30, 1989. He was 24 years old at that time. The answer is 24"
25,How many years elapsed between Steve Austin's first retirement and his return match?,19,wrestling,13,"2003 - 2022 = 19 years
So, 19 years elapsed between Steve Austin's first retirement and his return match.
The answer is 19"
26,How old was Steve Austin when he began his professional wrestling career?,25,wrestling,13,"
Steve Austin began his professional wrestling career on September 30, 1989, at the age of 24."
27,How old was Steve Austin when he originally retired from professional wrestling?,38,wrestling,13,"
Steve Austin retired from professional wrestling for the first time on March 30, 2003. He was 38 years old at that time. The answer is 38"
28,How many years after Ethiopia was first established did Mekelle become its capital?,601,empire,22,"
The first capital of Ethiopia was Gondar, and it was the capital from 1635 to 1855. Then, the capital was moved to Magdala from 1855 to 1871, and finally, it was moved to Addis Ababa in 1889, a total of 184 years after the first establishment of Ethiopia. Mekelle did not become the capital until 1"
29,How many years longer was Habte Giyorgis prime minister than Yekuno Amlak was emperor?,3,empire,22,"
Yekuno Amlak reigned for 17 years.
Habte Giyorgis was prime minister for 27 years.
27 - 17 = 10 years
Habte Giyorgis was prime minister 10 years longer than Yekuno Amlak was emperor.
The answer is 10"
30,How many years did the Ethiopian-Adal war last?,14,empire,22,"
The Ethiopian-Adal war (also known as the Walashma Dengel-Ahmad ibn Ibrihim al-Ghazi war) was a series of conflicts between the Ethiopian Empire and the Adal Sultanate. The war began in 1529 and ended in 1543 with the death of Ahmad ibn Ibrihim al-Ghazi. It is considered one of the largest and most significant conflicts in Eth"
31,How many years after the constitution was adopted was the monarchy abolished?,44,empire,22,"
The constitution was adopted on 16 July 1931. 
The monarchy was abolished on 21 March 1975, which is 1975 - 1931 = 44 years after the constitution was adopted.
The answer is 44"
32,Italian Eritrea happened how many years before the Ethiopian Empire monarchy was abolished?,85,empire,22,"3 October 1935 (Ethiopian-Italian War) – 21 March 1975 (Abolition of Monarchy) = 41 years
The Italian Eritrea happened 30 years before the Ethiopian Empire monarchy was abolished.
The answer is 30"
33,How many years after last playing for Monterrey did Mohamed first manage the team?,15,footballer,36,"2015 - 2018 = 4 years
2018 - 2015 = 3 years
4 + 3 = 7 years
The answer is 7"
34,How many years did Antonio Mohamed manage his previous team before managing the team he currently manages?,1,footballer,36,"

Antonio Mohamed previously managed the team Atlético Mineiro from 2019 to 2022. He then moved on to manage Atlético Mineiro again in 2022. This means he managed the team Atlético Mineiro for 1 year before managing the team he currently manages. 

The answer is 1.

Final Answer:Antonio Mohamed previously managed the team Atlético Mineiro from 201"
35,How many years did Zinedine Zidane spend in the youth division?,9,footballer,40,"
Zidane began his career with AS Foresta in 1981 and ended it with Real Madrid in 2006, for a total of 25 years. However, he only spent 5 years in the youth division, from 1981 to 1986. So, Zidane spent 25 - 5 = 20 years as a senior player. The answer is 5"
36,In what year did Zinedine Zidane start his senior career?,1989,footballer,40,"
Zinedine Zidane started his senior career in 1989.
The answer is 1989.

Final Answer:Zinedine Zidane started his senior career in 1989.

The answer is 1989.

(2022). The Full Wiki. Retrieved 13 December 2022, from https://www.full-wiki.com/zinedine-"
37,How many years longer was Zidane's senior career than his youth career?,9,footballer,40,"

Zidane's senior career lasted 506 years, while his youth career lasted 4 years. 

506 - 4 = 492

Zidane's senior career was 492 years longer than his youth career.

The answer is 492"
38,How many years after last playing for Real Madrid did Zidane become its assistant manager?,7,footballer,40,"
Zidane retired from playing football in 2006. Therefore, he became Real Madrid’s assistant manager 14 years after his last game for the club. The answer is 14.

Final Answer:Zidane retired from playing football in 2006. Therefore, he became Real Madrid’s assistant manager 14 years after his last game for the club. The answer is 14."
39,How many years did Roy Emerson play at an amateur level until he turned pro?,15,tennis,50,"
Roy Emerson turned pro in 1968, having previously played at an amateur level. We are looking to find the number of years he played at an amateur level before turning pro.

The year 1968 is the current year minus five years (1968-1963 = 5 years), so Roy Emerson played at an amateur level for 5 years before turning pro.

The answer is 5"
40,How old was Roy Emerson when he began to play professionally?,32,tennis,50,"

Roy Emerson | AC

Full name
Roy Stanley Emerson

Born
( | 1936-11-03 | ) | 3 November 1936 | (age 85) | Blackbutt, Queensland, Australia

He was born on November 3, 1936.

So, Roy Emerson was 31 years old when he began to play professionally.
"
41,How many years after winning a doubles tournament did Roy Emerson win a singles tournament?,2,tennis,50,"
Emerson won his first singles tournament (the 1959 Australian Open) in the same year that he and Neale Fraser won the doubles tournament (1958). 
He then won his first doubles tournament in 1957. 
Thus, he won his first singles tournament 1 year after his first doubles tournament. 
He then won his second singles tournament (the 1961 French Open) in the same year that"
42,How long in years did it take Roy Emereson to go from amateur to pro?,15,tennis,50,"

Emerson turned pro in 1968, so it took him 1968 - 1953 = 15 years to go from amateur to pro.
The answer is 15"
43,How old was Roy Emerson when he retired from professional play?,47,tennis,50,"
Roy Emerson was born on November 3, 1936.
So, he was 85 years old when he retired from professional play.
The answer is 85"
44,In what year did Roy Emerson first win a Grand Slam Singles Tournament?,1961,tennis,50,"

Roy Emerson first won a Grand Slam Singles Tournament in 1961 when he won the Australian Open. The question asks for the year he first won a Grand Slam Singles Tournament, so The Answer is 1961.

Final Answer:1961 (Australian Open)"
45,How many years after turning pro did Roy Emerson retire?,15,tennis,50,"
Emerson turned pro in 1968. He retired in 1983, so he was a professional tennis player for 15 years. However, this includes the years before he turned pro (1953 to 1968), so he was a competitive tennis player for 25 years. He stopped playing at the age of 46, so he played for 46 - 3 = 43 years. The answer is"
46,How old was Roy Emerson when he first won the French Open Doubles?,24,tennis,50,"
Roy Emerson won his first French Open Doubles title in 1959, when he was 22 years old."
47,What year was Roy Emerson inducted into the International Tennis Hall of Fame?,1982,tennis,50,"

Roy Emerson was inducted into the International Tennis Hall of Fame in 1982. The year 1982 is the answer.

The answer is 1982"
48,How long in years did Roy Emerson play in the amateur league before going professional?,15,tennis,50,"

Roy Emerson turned pro in 1968, so he played in the amateur league for 1968 - 1967 = 1 year.
The answer is 1"
49,How long in years did Roy Emerson play professionally?,15,tennis,50,"

Roy Emerson turned pro in 1968. He retired in 1983, so he played professionally for 25 years.

The answer is 25"
50,How many years passed between Nicklaus's first U.S. Open win and his final Masters Tournament victory?,24,golf,66,"
The U.S. Open is one of the four major championships in men's golf. Nicklaus won his first U.S. Open in 1962. He won his 18th and final major at the Masters Tournament in 1986, 24 years later. 24 - 1 = 23 years passed between Nicklaus's first U.S. Open win and his final Masters Tournament victory. The answer is "
51,How many years after marrying did Nicklaus turn professional?,1,golf,66,"
Jack Nicklaus married Barbara Bash in 1960.
He turned professional in 1961.
Thus, Nicklaus turned professional 1 year after marrying.
The answer is 1"
52,How many years after turning pro did Jack Nicklaus win his first Masters Tournament?,2,golf,66,"

Jack Nicklaus turned professional in 1961. He won his first Masters Tournament in 1963, so he won it 1 year after turning pro. The answer is 1.

Final Answer:One year after turning professional, Jack Nicklaus won his first Masters Tournament in 1963. The answer is 1"
53,How many years had Jack Nicklaus been playing when he won his first Masters Tournament?,2,golf,66,"
Jack Nicklaus turned professional in 1961. His first major championship win came at the 1963 Masters Tournament. Therefore, he had been playing for 2 years when he won his first Masters Tournament. The answer is 2"
54,How many years had Jack Nicklaus been playing when he won his last PGA as leading money winner?,15,golf,66,"1976 was the 12th year in which Nicklaus was the leading money winner on the PGA Tour. He began playing on the PGA Tour in 1962, so he had been playing for 14 years when he won his 12th and final leading money winner award. The answer is 14"
55,What was the last year that Jack Nicklaus won a U.S. Open?,1980,golf,66,"
The U.S. Open is one of the four major championships in golf. Jack Nicklaus won the U.S. Open four times: 1962, 1967, 1972, and 1980. The last of these wins was in 1980."
56,How many years passed between Diegel's first PGA Championship win and his T16 finish at the Masters?,6,golf,68,"
Diegel won the PGA Championship in 1928 and 1929, so there were 1929-1928 = 1 years between his first and second PGA Championship win.
He finished T16 at the 1934 Masters, so there were 1934-1929 = 5 years between his second PGA Championship win and his Masters finish.
The answer is 1"
57,How many years before Diegel died was the picture taken?,19,golf,68,"
The question asks for the number of years between 1932, the year the picture was taken, and Diegel’s death in 1951.
1951-1932 = 20 years
The answer is 20"
58,How long in years was Leo Diegel married?,17,golf,68,"1934 is the year he married. He died 5 years and 11 months later, so he was married for 1934 - 1951 = 57 years and 11 months. Since 1 year has 12 months, then 57 years is 57 * 12 = 684 months. Since 1 month has 4 weeks, then 684 months is 684 *"
59,How many years after starting his pro career did Diegel marry Violet Bird Diegel?,18,golf,68,"
Diegel started his pro career in 1916. He married Violet Bird Diegel in 1934. Therefore, he was a professional for 36 years - 1916 to 1934 = 18 years.
Thus, he married Violet Bird Diegel 18 years after starting his pro career.
The answer is 18"
60,How many years after winning his first competition did Leo Diegel pass away?,31,golf,68,"1951 - 1920 = 31 years
So, he lived for 31 + 5 = 36 years after winning his first competition.
The answer is 36"
61,How many years ago did Leo Diegel die?,71,golf,68,"
Leo Diegel died on May 5, 1951. 
The number of years ago he died is 1951-2022 = 30 years. 
The number of years ago he died 20 years ago is 1951-2022 = 30 years.
The answer is 30"
62,How many years into his professional career did Sam Snead win the Masters?,15,golf,70,"
Sam Snead won the Masters Tournament seven times, including in 1949, 1952, and 1954. The Masters was first played in 1934, and Snead turned professional that same year. Therefore, he won the Masters 7 - 1 = 6 years into his professional career. The answer is 6"
63,What year did Sam Snead begin playing professionally?,1934,golf,70,"

Sam Snead began playing professionally in 1934."
64,How many years separate the time Sam Snead began playing professionally and his death?,68,golf,70,"
Sam Snead began playing professionally in 1934. He died on May 23, 2002. Therefore, he played professionally for 68 years. 2002-1934 = 68 years.
The answer is 68"
65,How many years before he married Audrey Karnes Snead did Snead begin his pro career?,6,golf,70,"
Snead began his pro career in 1934. He married Audrey Karnes Snead in 1940. 1940 - 1934 = 6 years
The answer is 6"
66,How many years after starting his pro career did Snead win his first championship?,8,golf,70,"1934 is the year Snead turned professional. He won his first PGA Tour event in 1937, so he won his first championship 3 years after starting his pro career. The answer is 3"
67,How old was Sam Snead when he turned professional?,21,golf,70,"

Sam Snead turned professional in 1934 when he was 20 years old."
68,What year was Chuck Howley drafted into the NFL?,1958,rugby,74,"
The year 1958 is mentioned in the table under the heading ""Career information"". The entry ""NFL Draft: 1958 / Round: 1 / Pick: 7"" confirms that Chuck Howley was drafted in 1958. The answer is 1958."
69,How many years did Chuck Howley play for the Los Raiders?,12,rugby,74,"
Chuck Howley played for the Los Raiders from 1961 to 1973, a total of 13 seasons."
70,How many years was Chuck Howley a 5× First-team All-Pro?,5,rugby,74,"

Chuck Howley was a 5× First-team All-Pro from 1966 to 1970, for a total of 5 years.

The answer is 5"
71,How old was Chuck Howley when his NFL career began?,22,rugby,74,"
Chuck Howley was born in 1936, so he was 22 years old when his NFL career began in 1958."
72,When was the last year that Chuck Howley played in the Pro Bowl?,1971,rugby,74,"
Chuck Howley played in the Pro Bowl 6 times: 1965, 1966, 1967, 1968, 1969, and 1971. The last year he played was 1971."
73,During what year did Manning receive the most awards or highlights?,2003,rugby,75,"
Manning’s most successful year was 2011, when he led the New York Giants to a Super Bowl victory. That year, he set an NFL record for most passing yards in a single postseason with 1,219 yards and tied an NFL record with a 99-yard touchdown pass. He was also named the Super Bowl MVP for the second time in his career."
74,How many years had Eli Manning played for the Giants before he won the Walter Payton NFL Man of the Year in 2016?,12,rugby,75,"
Eli Manning played for the Giants for 13 seasons before winning the Walter Payton NFL Man of the Year in 2016. 
So, he played for 13 - 2016 = 11 years before winning the award. 
The answer is 11"
75,What year was Eli Manning drafted into the NFL?,2004,rugby,75,"
Eli Manning was drafted by the New York Giants in the first round of the 2004 NFL Draft. The date of the draft was April 24, 2004. So, Eli Manning was drafted in 2004. The answer is 2004"
76,How many years did Eli Manning play for the New York Giants?,15,rugby,75,"
Eli Manning played for the New York Giants for 16 seasons, from 2004 to 2019."
77,How many years did Eli Manning attend Ole Miss?,4,rugby,75,"
Eli Manning attended Ole Miss from 1999 to 2003, which means he was there for 5 years (4 regular years + 1 extra year due to a players’ strike). The answer is 5.

Final Answer:Eli Manning attended Ole Miss from 1999 to 2003, which means he was there for 5 years (4 regular years + 1 extra year due to a players’"
78,How many years after attending Ole Miss did Eli Manning win the Bart Starr award?,21,rugby,75,"
The Bart Starr Award is given to the best NFL player who also exhibits outstanding leadership in the community. Eli Manning won the award in 2020, 16 years after he attended Ole Miss. The answer is 16"
79,How many years did James Worthy play professionally?,12,nba,81,"

James Worthy played professionally for 12 years, from 1982 to 1994."
80,For how many years did James Worthy play in the NBA?,12,nba,81,"
James Worthy was drafted by the Los Angeles Lakers in 1982 and played for the team from 1982 to 1994, a total of 13 seasons. Therefore, he played in the NBA for 13 years. The answer is 13"
81,How many years after winning the gold medal at the FIBA U19 World Championship did Worthy enter the draft?,3,nba,81,"
He won the gold medal in 1979 and entered the draft in 1982, so it was 3 years after winning the gold medal that he entered the draft. The answer is 3"
82,How many years after Worthy's NBA career began did he win his first NBA championship?,3,nba,81,"

Worthy was drafted in 1982. His first NBA season was 1982-83. So, he won his first championship 3 years after his NBA career began, which is 1985. The answer is 3"
83,How many years had James Worthy been playing professionally when he won the NCAA Championship?,0,nba,81,"

1982 is the given year when James Worthy won the NCAA Championship. 

So, he had been playing professionally for 1982 - 1979 = 3 years. 

The answer is 3"
84,How many years ago was Nate Archibald inducted into the Basketball Hall of Fame?,16,nba,83,"

Nate Archibald was inducted into the Basketball Hall of Fame in 1991.

Subtract 1991 from the current year: 2022 - 1991 = 31 years.

The answer is 31"
85,How many years did Nate Archibald play professionally?,14,nba,83,"

Nate Archibald was drafted in 1970 and played his first NBA game in 1970. He played his last NBA game in 1984. So, he played for 14 seasons. The 1970-1971 season was only 70 games, but the others were 82 games. Therefore, he played a total of 14 * 82 = 1156"
86,How long in years was Nate Archibald's career since 1970?,14,nba,83,"

1970 was 52 years ago.

1984 was 38 years ago.

So, Nate Archibald’s career lasted for 38 years.

The answer is 38"
87,How old was Scottie Pippen when he won a gold medal at the 1996 Atlanta Olympic Games?,31,nba,89,"
Scottie Pippen was 31 years old when he won a gold medal at the 1996 Atlanta Olympic Games."
88,How many years did Pippen play between his stints in Chicago?,5,nba,89,"
Pippen played for Chicago Bulls from 1987 to 1998, then from 2003 to 2004. So he played 1987 to 2004, which is 16 years.
However, this includes the two stints he had in Chicago, which were separated by a one-year period. Therefore, Pippen only played 16 - 1 = 15 years between his"
89,How old was Pippen when he won his first Olympic gold?,27,nba,89,"

Scottie Pippen was born on September 25, 1965.

He won his first Olympic gold at the 1992 Summer Olympics when he was 27 years old.

The answer is 27"
90,How many years after entering the NBA draft was Pippen awarded NBA steals leader?,8,nba,89,"

Pippen was selected in the 1987 NBA draft. He won the steals title in 1995, which was 17 years after being drafted. The answer is 17"
91,How many years longer did Pippen play for the Chicago Bulls than for the Portland Trail Blazers?,8,nba,89,"
Pippen played for the Bulls from 1987 to 2004, for the Trail Blazers from 1999 to 2003, and for the Sundsvall Dragons in 2008. 
The total number of years he played for the Bulls is 27 - 3 = 24.
The total number of years he played for the Trail Blazers is 4 -"
92,How many years ago was Scottie Pippen awarded NBA steals leader?,27,nba,89,"
Scottie Pippen was awarded NBA steals leader in 1995.
It has been 27 years since 1995.
The answer is 27"
93,What was the first year that Carolina Albuquerque competed on the national team?,1997,volleyball,93,"

Carolina Albuquerque debuted on the Brazilian national team in 1997. 

The answer is 1997.

Final Answer:Carolina Albuquerque debuted on the Brazilian national team in 1997. The answer is 1997."
94,How many years separate Carolina Albuquerque's silver medals in the World Grand Prix and the World Championship?,7,volleyball,93,"
The World Grand Prix is held annually, so there is only one year separating her silver medals in that competition. 
The World Championship is held every four years, so there are 4 years separating her silver medal in that competition. 
The difference between those years is 4 - 1 = 3 years.
The answer is 3"
95,How many years after her first gold medal in any international competition did Carolina Albuquerque win a gold in the Olympics?,9,volleyball,93,"
First gold medal: 1997 (Pan American Games).
2008 - 1997 = 11 years.
The answer is 11"
96,In which year did Carolina Albuquerque win the most gold medals in international competition?,2008,volleyball,93,"

Carolina Albuquerque won the most gold medals in international competition in 2008, when she won gold medals at the World Grand Champions Cup, the World Grand Prix, the Final Four Cup, and the Olympic Games."
97,What years did Carolina Albuquerque win medals in Asia?,"1999, 2005, 2006, 2008",volleyball,93,"
Carolina Albuquerque won medals in Asia in the following years:

1999 (Pan American Games)
2007 (Pan American Games)

So, the years were 1999 and 2007.

The answer is 1999,2007"
98,How old was Thiago Alves when he won his first medal at the Olympic Games in 2012?,26,volleyball,96,"

Thiago Alves was 25 years old when he won his first medal at the Olympic Games in 2012. The Olympic Games were held in London, England, in 2012.

The answer is 25"
99,How many years separate the two gold medals that Thiago Alves won in the World Grand Championships Cup?,4,volleyball,96,"2009 - 2007 = 2 years
The answer is 2"
100,How old was Thiago Alves when he won gold in the Pan American Games in 2011?,25,volleyball,96,"

Thiago Alves was born on July 26, 1986. In 2011, he was 25 years old.

The Pan American Games in 2011 were held in Guadalajara, Mexico, from October 14 to 30. Since 2011 had 10 months, Thiago Alves was 25 years old for 10 months, which means he"
101,How many years did Thiago Alves play for Grêmio Náutico União starting from 2000?,3,volleyball,96,2000-2003 = 3 years. The answer is 3
102,How many years after winning his first Olympic medal did Matt Biondi win a medal in his last Olympic Games?,8,swimming,115,"
Biondi won his first Olympic medal in 1984. His last Olympic medal was won in 1992, so he won a medal 1984 + 1992 = 11 years apart. The answer is 11"
103,What year did Matt Biondi win his only bronze in the Olympics?,1988,swimming,115,"

Matt Biondi won his only bronze medal at the 1988 Summer Olympics in the 100 m butterfly."
104,In what year did Jager win the most Olympic medals?,1988,swimming,118,"
Jager won 5 Olympic medals in 1988 (2 gold, 2 silver, and 1 bronze).
So, the answer is 1988. The answer is 1988"
105,How many years were there between Jager's gold medals at the Los Angeles Olympics and his gold medals at the Edmonton Pan Am Games?,7,swimming,118,"
The 1984 Olympics were in July and August. The 1995 Pan Am Games were in August and September. 
There are 11 years between the July 1984 Olympics and the August 1995 Pan Am Games. 
The answer is 11"
106,How old was Bayinnaung when he began his reign as Suzerain of Siam?,48,emperor,119,"
Bayinnaung was born on 16 January 1516.
He began his reign as Suzerain of Siam on 18 February 1564, when he was 48 years old.
The answer is 48"
107,How many years elapsed from the beginning of Bayinnaung's reign as Suzerain of Lan Na to the end of his first reign as Suzerain of Lan Xang?,10,emperor,119,"
Bayinnaung was first crowned Suzerain of Lan Na on 2 April 1558. He was first crowned Suzerain of Lan Xang on 2 January 1565. Therefore, the number of years between these two events is 2 January 1565 - 2 April 1558 = 7 years.
Bayinnaung was crowned Suzerain of Lan Xang for the second"
108,How many months after the beginning of his reign as King of Burma was Bayinnaung's coronation in Toungoo?,9,emperor,119,"
The beginning of his reign was 30 April 1550. His coronation was on 11 January 1551, which was 267 days after the beginning of his reign. 
There are 365 days in a year, so 267 days is 267/365 = 0.73 years.
King Bayinnaung ruled for 10 October 1581"
109,How many days after Bayinnaung died was he buried?,5,emperor,119,"
Bayinnaung died on 10 October 1581. He was buried 5 days later, on 15 October 1581. Therefore, there are 5 days between his death and burial. The answer is 5"
110,In what year did Bayinnaung first reign?,1550,emperor,119,"
Bayinnaung first reigned on 30 April 1550. The answer is 1550.

Final Answer:In 1550 AD, Bayinnaung first reigned."
111,How many years did Bayinnaung rule as the Suzerain of Siam?,17,emperor,119,"
Bayinnaung was the suzerain of Siam from 18 February 1564 to 10 October 1581, a total of 17 years, 7 months, and 22 days."
112,How old was Peter III when he became King of Aragon and Valencia?,37,emperor,122,"
Peter III was born around 1239 in Valencia, Aragon.
He became King of Aragon and Valencia on July 27, 1276, at the age of 37.
The answer is 37"
113,How many years before his death did Peter III begin his reign as King of Sicily?,3,emperor,122,"
Peter III began his reign as King of Sicily on 4 September 1282. He died in November 1285. Therefore, he reigned for 4 years and 3 months.
However, we need the number of years Peter III ruled as King of Aragon and Valencia (his first reign), which was from 27 July 1276 to November 1285. This period is 10 years and 3"
114,How many years did Peter III reign as King of Sicily?,3,emperor,122,"
Peter III reigned as King of Aragon and Valencia for 7 years and 2 months. As King of Sicily, he reigned for 3 years and 8 months.
The total years of his reign as King of Sicily are 3 years and 8 months = 3 years, 4 months, and 8 days.
7 years, 2 months + 3 years = 10 years and 2 months.
The answer is "
115,How many years longer was Peter III's reign as King of Aragon and Valencia than as King of Sicily?,6,emperor,122,"
Peter III was King of Aragon and Valencia for 2 years and 3 months (27 July 1276 – November 1285), and King of Sicily for 2 years and 8 months (4 September 1282 – November 1285). His reign as King of Aragon and Valencia was 2 years and 11 months longer than his reign as King of Sicily. 2 years and 1"
116,How old was Peter III when he started his reign as King of Aragon and Valencia?,37,emperor,122,"

Peter III was born around 1239 in Valencia, Aragon.
He started his reign as King of Aragon and Valencia on July 27, 1276.
So, he was 37 years old then.
The answer is 37"
117,In what year did Chen Yufei win the most medals?,2016,badminton,129,"2020: 3 medals (1 gold, 1 silver, 1 bronze); 2021: 3 medals (1 gold, 1 silver, 1 bronze); 2022: 3 medals (1 gold, 1 silver, 1 bronze). So in which year did Chen Yufei win the most medals? 2020 and 2021 have the same number of medals (6"
118,How many years are between Chen Yufei's gold medal at the Kota Kinabalu Asian Junior Championships and her gold medal at the Tokyo Olympics?,7,badminton,129,"

Chen Yufei won the gold medal at the Kota Kinabalu Asian Junior Championships in 2013. 

She won the gold medal at the Tokyo Olympics in 2020. 

There are 7 years between these two events. 

The answer is 7"
119,How many years ago did Shi Yuqi achieve his highest rank?,5,badminton,166,"
Shi Yuqi achieved his highest rank on 24 August 2017 with a career record of 215 wins and 78 losses.
Since the date is 26 February 1996 (Shi Yuqi's birthdate), subtracting the date from the rank will give you the number of days Shi Yuqi held the rank.
24 August 2017 - 26 February 1996"
120,In what year did Shi Yuqi win the most gold medals?,2014,badminton,166,"2018 (Asian Games, Thomas Cup, and Sudirman Cup)
The answer is 2018"
121,How many years separate Yuqi's silver medal at the World Championship from his silver at the Asian Junior Championships?,6,badminton,166,"
2017-2018 = 1
2018-2019 = 1
2019-2020 = 1
2020-2021 = 1
2021-2022 = 1
Total 5 years separate Yuqi's silver medal at the World Championship from his silver at the Asian Junior Championships.
The answer is 5"
122,When was the most recent year in which Shi Yuqi won a medal?,2021,badminton,166,"

2022:
- Thomas Cup: Silver (with China)
- Asian Championships: Bronze (with China)
- Sudirman Cup: Gold (with China)
- Asian Games: Gold (with China)

2021:
- Thomas Cup: Gold (with China)
- Asian Championships: Silver (with China)
- Sudirman Cup: Gold (with China)
- Asian Games: Gold (with China)
"
123,In what year did Wang Xiaoli win the most bronze medals?,2006,badminton,174,"
Wang Xiaoli has won 3 bronze medals in her career. She won her first bronze medal at the 2006 Incheon World Junior Championships in the mixed doubles event. She won her second bronze medal at the 2006 Incheon World Junior Championships in the mixed team event. Her third and most recent bronze medal was won at the 2015 Sudirman Cup in the mixed team event.

Out of these 3"
124,How many years separate Wang Xiaoli's gold medal at the London World Championship from her gold medal at the Asian Junior Championships?,5,badminton,174,"
The London World Championship was in 2011, and the Asian Junior Championships were in 2006. 2011 - 2006 = 5 years.
The answer is 5"
125,How many years ago did Wang Xiaoli achieve her highest ranking?,8,badminton,174,"

Wang Xiaoli’s highest ranking was 1 on 22 May 2014.

So, 22 May 2014 - 13 December 2015 = 2 years and 7 months.

Therefore, Wang Xiaoli achieved her highest ranking 2 years and 7 months ago.

The answer is 2"
126,How old was Wang Xiaoli when she won her first gold medal at the Asian Junior Championships in 2006?,17,badminton,174,"

Wang Xiaoli was born on 24 June 1989, so she was 17 years old when she won her first gold medal at the Asian Junior Championships in 2006.

The answer is 17"
127,How many years were B-24 Skuas on the front line?,3,aircraft,226,"
The Skua was withdrawn from the front line in 1941 after 3 years of service. 
The answer is 3.
Final Answer:The Skua was withdrawn from the front line in 1941 after 3 years of service. The answer is 3. Final Answer:3 years.


The answer is 3"
128,How many years ago was the B-24 Skua's first flight?,85,aircraft,226,"

The B-24 Skua’s first flight was on 9 February 1937. Therefore, it has been 9 February 1937 - today’s date (December, 2022) = 2763 days ago.

Final Answer:2763"
129,What year was the B-24 Skua introduced?,1938,aircraft,226,"
The B-24 Skua was introduced in November 1938.
The answer is 1938"
130,How many years after the first flight was the B-24 Skua introduced?,1,aircraft,226,"
The first flight was on 9 February 1937. The B-24 Skua was introduced November 1938, which is 11 months or 1 year and 1 month after the first flight. The answer is 1."
131,How many years did the B-24 Skua fly before it was completely retired?,8,aircraft,226,"
The B-24 Skua first flew in 1937 and was completely retired in 1945, which is 8 years. The Skua was withdrawn from front line duty in 1941 and from other duties in 1945, for a total of 1941 + 1945 = 3886 days. 365 days make a year, so 38"
132,How many years longer was the time between the withdrawal of the B-24 Skua from the front line and its withdrawal from other duties than the time between its first flight and introduction?,3,aircraft,226,"

First flight: 9 February 1937
Introduction: November 1938
Withdrawal from front line: 1941
Withdrawal from other duties: March 1945 - 1941 + 4 years = 1945

Time between first flight and introduction: 1938 - 1937 = 1 year
Time between introduction and withdrawal from front line:"
133,How many years lapsed between the introduction and the frontline withdrawal of the B-24 Skua?,3,aircraft,226,"

The Skua was introduced in November 1938. It was withdrawn from frontline duty in 1941, so there were 2 years and 11 months (27 months) between introduction and frontline withdrawal.

The Skua was withdrawn from other duties in March 1945, so a total of 2 years, 11 months and 1 month (27+1) la"
134,How many years passed between the first flight and the introduction of the JF-17 Thunder?,4,fighter,229,"18 years have passed between the first flight and today’s date (December 2022). 15 years passed between the first flight and the introduction. Therefore, 15 - 18 = -3 years. However, years cannot be negative. This means that the introduction year was 18 years before the first flight, which is 2003 - 18 = 1985. The answer is 3"
135,How many years after its first flight in 2003 was the JF-17 Thunder introduced?,4,fighter,229,"15 years after the first flight in 2003, the JF-17 Thunder was introduced on 12 March 2007. The answer is 15"
136,For how many years has the JF-17 Thunder been produced in Pakistan?,14,fighter,229,"2008 is 14 years ago. So, the JF-17 Thunder has been produced in Pakistan for 14 years. The answer is 14"
137,How many years has the JF-17 Thunder been used in China?,15,fighter,229,"18 years have passed since the first flight of the JF-17 Thunder. However, the JF-17 Thunder was not used in China until June 2007, when the first aircraft was delivered. Therefore, the JF-17 Thunder has been used in China for 15 years. The answer is 15"
138,How many years after its first flight was the JF-17 produced in Pakistan?,4,fighter,229,"15 years passed between the first flight and the start of local production. The answer is 15.

Final Answer:The JF-17 was produced in Pakistan 15 years after its first flight."
139,How many years did it take for inflation in France to decrease by 0.8%?,1,economy,243,"

The inflation rate in France decreased by 0.8% from 2018 to 2019. 

To find the number of years it took for the inflation rate to decrease by 0.8%, we can divide the change in the inflation rate by the average annual rate of change for the period. 

(Change in inflation rate) / (Average annual rate of change) = (0.8 - "
140,How many years did it take for the Human Development Index of France to grow by 0.089 points?,1,economy,243,"

Human Development Index (HDI) is a measure of a country's average level of health, education, and income. The HDI is calculated using the following formula:

HDI = log(GDP/capita) + log(life expectancy) + log(education level)

To find the growth in the HDI, we can use the following formula:

Growth in HDI = (New HDI - Old H"
141,How many years after the economic aid of $9.50 billion did the revenues of the French economy reach 52.6% of GDP?,3,economy,243,"9.50 billion is a one-time amount. To reach a revenue of 52.6% of GDP, the French economy would need to grow at a steady rate for many years. The answer is Positive."
142,"How many years are between the year Malaysia's nominal GDP rank was 34th and the year its PPP GDP per capita was $32,901?",0,economy,250,"
34th nominal GDP rank means 33 countries have a higher nominal GDP than Malaysia. 
Since the GDP of a country increases over time, it is very likely that the 33 countries in front of Malaysia in the nominal GDP rankings are also more developed than Malaysia. 
The same logic applies to the PPP GDP per capita. 
Therefore, the number of years between the two data points must"
143,How many months has it been since Horacio Rosatti became President of the Supreme Court of Argentina?,8,court,253,"
Since Horacio Rosatti became President of the Supreme Court on 1 October 2021, it has been 8 months.
The answer is 8"
144,How many years ago was the Supreme Court of Argentina established?,159,court,253,"159 years ago is the number of years that have passed since January 15, 1863. The answer is 159"
145,How many months has Carlos Rosenkrantz been in the office of Vice President of the Supreme Court of Argentina?,8,court,253,"8 months have passed since Carlos Rosenkrantz was sworn in as Vice President of the Supreme Court of Argentina on 1 October 2021.
The answer is 8"
146,How many years has it been since the Supreme Court of Argentina was established?,159,court,253,159 years have passed since the Supreme Court of Argentina was established. The answer is 159
147,How old did the Supreme Administrative Court turn the year Anna Sporrer became Vice President?,138,court,254,"
The year Anna Sporrer became Vice President was 2014. 
The Supreme Administrative Court was established in 1876, so it is 1876 years old. 
Since the Supreme Administrative Court is older than Anna Sporrer, it turned 1876 years old the year before she became Vice President, which is 2013. 
Therefore, the Supreme Administrative Court turned 187"
148,How many years ago was the Supreme Administrative Court established?,146,court,254,"

The Supreme Administrative Court was established 1876 - current year = 1876 - 2022 = 146 years ago.

The answer is 146"
149,How long in years has Rudolf Thienel been President of the Supreme Administrative Court?,8,court,254,"
Rudolf Thienel has been President of the Supreme Administrative Court since 1 January 2014. Therefore, he has been President for 9 years (2023 - 2014 = 9). However, we need to find out how long in years he has been President including the partial year 2014. So, 9 years + 1 partial year = 9 years and 1 month (approximately). Therefore"
150,How many years after its establishment did the Supreme Administrative Court have Rudolf Thienel as its President?,138,court,254,"1876-2022=155 years
Thienel has been President since 2014, so 155-2014=133 years
The answer is 133"
151,How old did the Supreme Administrative Court turn the year Rudolf Thienel became President?,138,court,254,"
Rudolf Thienel became President on 1 January 2014. Therefore, the Supreme Administrative Court was 1876 - 2014 = 1860 years old the year he became President. The Court was established in 1876, so it was 1876 - 1860 = 16 years old when Thienel became President. 
Therefore, the Court was 1"
152,How many years after Rudolf Thienel became President did Anna Sporrer become Vice President?,0,court,254,"
Thienel became President on 1 January 2014.
Sporrer became Vice President on the same day.
Therefore, she became President immediately, so the number of years between their ascensions is 0.
The answer is 0.

Final Answer:There are 0 years between the ascensions of Rudolf Thienel and Anna Sporrer to their respective positions, so the answer is 0. The answer is 0."
153,How many years ago was the Supreme Court of Israel established?,74,court,257,"
The Supreme Court of Israel was established in 1948. 

Final Answer:The Supreme Court of Israel was established 74 years ago. The answer is 74"
154,How many years was there between the start of Uzi Vogelman's term as Deputy President and the end of his jurist term?,2,court,257,"
The term of office of the President of the Supreme Court is 7 years, and the term of office of the Deputy President is 5 years. 
The term of office of the President of the Supreme Court who was in office when Uzi Vogelman was appointed Deputy President ended 16 October 2021. 
Thus, there were 1 year and 6 months between the start of Uzi Vogelman's term as Deputy"
155,How many years after the Supreme Court of Israel was established did Esther Hayut become president?,69,court,257,"
The Supreme Court of Israel was established in 1948. As of today (December 2022), 74 years have passed since then. Therefore, Esther Hayut became president 74 years after the establishment of the Supreme Court of Israel. The answer is 74"
156,How many years after the establishment of the Supreme Court of Israel did Esther Hayut become President?,69,court,257,"74 years minus the year the court was established (1948) is 74 - 1948 = 1974. However, we need to subtract 1975, the year 1974 passed, from both 1974 and 1975 to get the number of full years between 1974 and 1975, which is 1974 - 1975"
157,How many years ago did Casey Mears last participate in the IndyCar Series?,21,martial artist,264,"
Casey Mears’ last IndyCar Series race was in 2001. Therefore, 2001 - today’s date = 21 years ago. 
The IndyCar Series was not active in 2000, so 2000 - today’s date = 21 years ago. 
The answer is 21"
158,How many years ago did Casey Mears receive the award of Coca-Cola 600 winner?,15,martial artist,264,"
The year 2007 is 15 years ago.
The answer is 15"
159,How long in years did Casey Mears' career last in the Champ Car series?,2,martial artist,264,"

Mears competed in 5 races over 2 years in the Champ Car series. 

1 year has 12 months, so 2 years has 2 * 12 = 24 months.

Mears’ career in the Champ Car series lasted for 24 / 12 = 2 months.

Since 1 year has 12 months, 2 months is 2 / 12 = 1/6"
160,What year did Casey Mears have his first Daytona 500 race?,2003,martial artist,264,"
Casey Mears had his first Daytona 500 race in 2003.
The answer is 2003"
161,How many years did it take for Mears to win a NASCAR Cup Series race?,4,martial artist,264,"
Mears’ first NASCAR Cup Series race was in 2003, so it took him 6 years to win a race. The answer is 6"
162,How old was Cody Ware when he debuted in the NASCAR Cup Series?,22,racing,265,"

Cody Ware debuted in the NASCAR Cup Series on April 10, 2017, at the age of 21."
163,How many years did Cody Ware race in the NASCAR Xfinity Cup Series?,7,racing,265,"
Ware made his NASCAR Xfinity Series debut in 2014 and his last race was in 2021. Therefore, he raced in the series for 7 years. The answer is 7"
164,How many years ago did Cody Ware win the Lamborghini Super Trofeo North America Rookie of the Year 2014?,8,racing,265,"2014 + 7 years = 2021.
The answer is 7"
165,How old was Cody Ware when he first raced in the NASCAR PEAK Mexico Series in 2014?,19,racing,265,"

Cody Ware was born on November 7, 1995.
In 2014, he was 19 years old.
The minimum age to race in the NASCAR PEAK Mexico Series is 18 years old.
Therefore, Cody Ware was 19 - 18 = 1 year older than the minimum age requirement when he first raced in the series in 2014.
"
166,How old was Cody Ware when he competed in the NASCAR PEAK Mexico Series?,19,racing,265,"
Cody Ware was born on November 7, 1995.
Therefore, he was 22 years old when he competed in the NASCAR PEAK Mexico Series in 2017."
167,How many years ago was Tony Stewart awarded the IROC championship?,16,racing,272,"

Tony Stewart was awarded the IROC (International Race of Champions) championship in 2006. 

So, it has been 6 years (2006 - 2022 = 6 years) since he was awarded the IROC championship.

The answer is 6"
168,How old was Tony Stewart when he began his IndyCar Series career?,25,racing,272,"

Tony Stewart began his IndyCar Series career in 1996 at the age of 25."
169,At what age was Stewart inducted into the NASCAR Hall of Fame?,49,racing,272,"

Stewart was inducted into the NASCAR Hall of Fame in 2020. He was 51 years old at the time of his induction. The answer is 51"
170,How old was Tony Stewart when he won his first NASCAR Series race in 2002?,31,racing,272,"2002 was a leap year, so Stewart was 29 years old when he won his first NASCAR Series race. The answer is 29"
171,How old was B. J. Neufeld when he received his last medal?,36,curling,281,"
B. J. Neufeld was 36 years old when he won the silver medal at the 2019 Lethbridge World Men's Curling Championship.
The answer is 36"
172,When was the last time that B. J. Neufeld won any type of medal?,2022,curling,281,"

B. J. Neufeld last won a medal at the 2019 World Men's Curling Championship, where he won the silver medal - second place."
173,How many years has B.J. Neufeld been associated with a member association?,15,curling,281,"

B.J. Neufeld has been associated with the Manitoba member association for 14 years (2007-2018; 2022-present) and the Alberta member association for 3 years (2018-2022), for a total of 14 + 3 = 17 years. The answer is 17"
174,How many years ago was B. J. Neufeld top ranked in CTRS?,8,curling,281,"

B. J. Neufeld was top ranked in CTRS in 2014-15.
The 2014-15 season ended in May 2015.
It has been 7 years + 1 month (May 2015) = 7 years and 11 months since B. J. Neufeld was top ranked in CTRS.
The answer is 7+11/"
175,What year was the first time that Dawn McEwen made an appearance at the World Championships?,2008,curling,288,"
Dawn McEwen made her first appearance at the World Championships in 2008. The year is 2008. The answer is 2008"
176,How old was Dawn McEwen when she won the gold at the 2014 Sochi Olympics?,34,curling,288,"

Dawn McEwen was 33 years old when she won the gold at the 2014 Sochi Olympics."
177,What year did Dawn McEwen make her first Olympic appearance?,2014,curling,288,"
Dawn McEwen made her first Olympic appearance at the 2014 Sochi Olympics. The year was 2014. The answer is 2014"
178,How many years has Dawn McEwen played for Ontario since 2003?,4,curling,288,"2003-2007 = 5 years
Total years = 5+12 = 17 years
The answer is 17"
179,How old was Emma Miskew when she appeared in the 2018 Olympic Games?,29,curling,291,"

Emma Miskew was born on February 14, 1989.

In 2018, she was 29 years old.

The answer is 29"
180,How many years elapsed between Miskew's gold medal at the Canada Winter Games and her gold medal at the Canadian Olympic Curling Trials?,10,curling,291,"2007 + 10 = 2017
The answer is 10"
181,How old was Emma Kathryn Miskew when she made her first Hearts appearance?,22,curling,291,"

Emma Miskew made her first Hearts appearance in 2011, so she was 22 years old. The answer is 22"
182,In what year did Alexandra Boltasseva's longest streak of receiving an annual award begin?,2017,scientist,315,"

The awards begin in 2013. The question asks for the first year (latest year with no award). 2013 is the answer.

Final Answer:2013"
183,How old was Boltasseva when she won Young Elite-Researcher Award from the Danish Councils for Independent Research?,30,scientist,315,"2008 is the given year when she won the award. To find her age, subtract the year 2008 from the given year of the award. 2008 - 2008 = 0. The award was given when she was 0 years old, which is not possible. Therefore, there is an error in the provided data. The correct age for the award should be 2009, when she was 1 (one)"
184,How old was Alexandra Boltasseva when she won her first award?,30,scientist,315,"2021 - 1978 = 43 years
The answer is 44"
185,How many years were between Boltasseva's awards as Fellow of the Materials Research Society and Fellow of The Optical Society?,6,scientist,315,"
The years between Boltasseva’s awards as Fellow of the Materials Research Society (2018) and Fellow of The Optical Society (2015) are 2018 - 2015 = 3 years. The answer is 3"
186,In what year did Boltasseva win the most awards?,2013,scientist,315,"

Boltasseva won 2 awards in 2020, 3 awards in 2019, and 1 award in 2018. She did not win any awards in 2017 or 2016. Since she won the most awards in 2020, The answer is 2020.

Final Answer:In what year did Boltasseva win the most awards?

The"
187,How many years after getting the 2001 Innovative Teaching Grant - Intel Corporation did Aude Gemma Billard get The Outstanding Young Person in Science and Innovation award?,2,scientist,321,"2001 + 2009 = 18 years
The answer is 18"
188,How many years are between Billard's award for The Outstanding Young Person in Science and Innovation and Innovative Teaching Grant?,2,scientist,321,"
The Outstanding Young Person in Science and Innovation award was given in 2002, and the Innovative Teaching Grant was awarded in 1999. Therefore, the number of years between the two awards is 2002 - 1999 = 3 years. The answer is 3"
189,How many years ago did Aude Gemma Billard receive the Fellowship from the Medicus Foundation?,23,scientist,321,"
The Medicus Foundation Fellowship is awarded annually to outstanding young medical scientists. The award includes a cash prize of 100,000 Swiss francs (approximately $100,000). 
Aude Gemma Billard received the Fellowship in 1999. 
Therefore, 1999 - 2022 = 23 years ago she received the Fellowship.
The"
190,How old was Aude Gemma Billard when she was nominated as a Member of SATW?,45,scientist,321,"
Aude Gemma Billard was born in 1971, so she was 50-51 years old when she was nominated as a Member of SATW in 2016. The award recognized her outstanding contributions to science and engineering."
191,How old was Aude Gemma Billard when she was nominated as a Member of SATW?,45,scientist,321,"
Aude Gemma Billard was nominated as a Member of SATW in 2016, when she was 50-51 years old."
192,How old was Aude Billard when she was nominated as a Member of SATW?,45,scientist,321,"
Aude Billard was nominated as a Member of SATW (Swiss Academy of Engineering Sciences) in 2016, when she was 44 years old."
193,How many years was Hulk Hogan active as a wrestler?,35,wrestling,339,1977 (debut) + 2012 (retirement) = 35 years. The answer is 35
194,How many years ago did Hogan debut his wrestling career?,45,wrestling,339,"
Hogan debuted his wrestling career on August 9, 1977. Therefore, it has been X years since his debut, where X = 2022 – 1977 = 45 years. The answer is 45"
195,What year did Hulk Hogan become an actor?,1982,wrestling,339,"
Hogan began his acting career in 1982 with a role in the film Rock ‘n’ Roll High School Forever. He then appeared in several other films, including Suburban Commando (1991), Mr. Nanny (1993), and The Ultimate Warrior (1998). In 2005, he had a recurring role in the television series Celebrity Poker Showdown. His most"
196,How old was Hulk Hogan when he married Linda Hogan?,30,wrestling,339,"

Hogan married Linda Claridge in 1983. He was 29 years old at the time.
The answer is 29"
197,How many years had Hulk Hogan been a wrestler when he started acting?,5,wrestling,339,"
Hogan began his professional wrestling career in 1976. He began acting in 1982. Therefore, he had been a wrestler for 16 years when he started acting. The answer is 16"
198,How many years did Hulk Hogan actively wrestle?,35,wrestling,339,"
Hogan began his professional wrestling career in 1976, and he wrestled actively for World Championship Wrestling (WCW) from 1983 to 1984, New Japan Pro-Wrestling (NJPW) from 1984 to 1985, and the World Wrestling Federation (WWF, now WWE) from 1985 to 2012. He won the"
199,At what age did Jeffrey Epstein get work release?,55,person,340,"

Jeffrey Epstein was 66 years old when he died by suicide on August 10, 2019.

The answer is 66.

Final Answer:At what age did Jeffrey Epstein get work release?

The answer is 66 years old."
200,How old did Jeffrey Epstein turn the year he was apprehended?,66,person,340,"
Jeffrey Epstein was born on January 20, 1953, so he was 66 years old the year he was apprehended. The answer is 66"
201,How many months after being apprehended did Jeffrey Epstein commit suicide?,1,person,340,"
July 6, 2019 (second criminal case)
August 10, 2019
- 1 + 31 = 30 days
- 30 days + 1 day (since we are counting from the date of his arrest) = 31 days
The answer is 31"
202,How many years after his first penalty was Jeffrey Epstein apprehended?,11,person,340,"13 months after the first penalty, Jeffrey Epstein was apprehended again.
The difference between the two dates is 13 months, so Epstein was apprehended 13 months after the first penalty.
The answer is 13"
203,How old was Epstein when he was apprehended?,66,person,340,"
Epstein was born on January 20, 1953, so he was 66 years old when he was apprehended on July 6, 2019."
204,How many days after Epstein was apprehended was the mugshot photo taken?,3,person,340,"
July 6, 2019 was a Saturday.
Epstein was taken into custody on a Saturday.
He was arraigned on Monday, July 8, 2019.
The mugshot photo was taken on Friday, July 12, 2019, which was 7 days after his arrest.
The answer is 7"
205,What year was Jeffrey Epstein apprehended?,2019,person,340,"

Jeffrey Epstein was apprehended on July 6, 2019, in relation to his first criminal case. He was convicted of procuring an underage girl for prostitution in 2008 and served 13 months with work release. He was not apprehended in relation to his second criminal case until July 6, 2019. The answer is 2019"
206,How many months after his arrest did Epstein die?,1,person,340,"
Jeffrey Epstein died on August 10, 2019, which was 114 days after his arrest on July 6, 2019. Therefore, the number of months between his arrest and death is 114 / 30 = 3.833... months, or approximately 4 months. The answer is 4"
207,How old was Jeffrey Epstein when he was apprehended in 2019?,66,person,340,"
Jeffrey Epstein was born on January 20, 1953, so he was 66 years old when he was apprehended in 2019. The answer is 66"
208,At what age was Jeffrey Epstein apprehended?,66,person,340,"
Jeffrey Epstein was born on January 20, 1953, in New York City, New York, United States. 
He died on August 10, 2019, at the age of 66.
He was apprehended on July 6, 2019, at the age of 66.
The answer is 66"
209,How old was Jeffrey Edward Epstein at the time of his 13-month penalty?,55,person,340,"

Jeffrey Epstein was born on January 20, 1953, which means he was 66 years old at the time of his death on August 10, 2019.

So, during his 13-month penalty, Jeffrey Epstein was 66 years - 13 months = 52 years old."
210,How many days after Jeffrey Edward Epstein's apprehension was his final mugshot taken?,3,person,340,"

July 6, 2019 was a Saturday.
Jeffrey Epstein was arraigned on July 8, 2019 (a Monday).
His bail hearing was on July 15, 2019 (a Monday).
His bail was set at $77 million, and he posted $100,000 on July 19, 2019 (a Friday"
211,How old was Jeffrey Epstein when he was convicted in 2008?,55,person,340,"

Jeffrey Epstein was born on January 20, 1953, so he was 55 years old when he was convicted in 2008."
212,What year was Jeffrey Epstein first convicted of sex trafficking?,2008,person,340,"

Jeffrey Epstein was first convicted of sex trafficking charges in 2008. He was sentenced to 13 months in prison, but served only 11 months due to work release."
213,How old was Nicki Minaj when she married Kenneth Petty in 2019?,37,musician,347,"
Nicki Minaj was 36 years old when she married Kenneth Petty in 2019."
214,How long in years was Nicki Minaj with her second partner?,3,musician,347,"2015-2017 is 2 years.
The answer is 2"
215,How many years had Nicki Minaj been with her first partner when she started performing?,4,musician,347,"
Nicki Minaj started performing in 2004. She had been with her first partner for 6 years at that time because she had been with him for 2000-2004 = 4 years. 4+6 = 10 years in total. The answer is 10"
216,How many years has Nicki Minaj been active in her career?,18,musician,347,"
Nicki Minaj has been active in her career since 2004. Therefore, she has been active for 2022-2004 = 18 years.
The answer is 18"
217,How old was Minaj when her career began?,22,musician,347,"
She was born on December 8, 1982, so she was 39 years old when her career began in 2004. The answer is 39"
218,How old was Nicki Minaj when she ended her partnership with Safaree Samuels?,32,musician,347,"
Nicki Minaj was born on December 8, 1982.
She and Safaree Samuels were in a relationship from 2000 to 2014, so for 14 years.
In 2014, she began a relationship with Meek Mill, which lasted until 2017.
She was 32 years old when she broke up with Safaree Samuels.
"
219,How many years were there between Nicki Minaj's relationships with Safaree Samuels and Meek Mill?,1,musician,347,"
There were 6 years between Nicki Minaj's relationships with Safaree Samuels and Meek Mill.
The time between relationships can be calculated by subtracting the length of one relationship from the length of the next. In this case, the length of the relationship with Safaree Samuels was 6 years, and the length of the relationship with Meek Mill was 2 years. 

6 years - 2 years = 4 years
"
220,How old was Nicki Minaj when she got married?,36,musician,347,"
Nicki Minaj married Kenneth Petty in October 2019, when she was 36 years old."
221,How many years longer did Minaj's relationship with Safaree Samuels last than with Meek Mill?,12,musician,347,"2017-2015 = 2 years
2015-2019 = 4 years
4-2 = 2 years
The answer is 2"
222,How long in years was Paul Gauguin married to Teha'amana?,2,painter,349,"1891-1893 is 2 years. We need to subtract the overlapping years from the total years of their second marriage. 1894-1891 is 3 years. So, the total years of their second marriage is 2+3=5 years. The answer is 5"
223,What age did Paul Gauguin die at?,54,painter,349,"

Paul Gauguin died on 8 May 1903 at the age of 54."
224,How many years ago did Paul Gauguin die?,119,painter,349,"

Paul Gauguin died on May 8, 1903. Today is December 2, 2022, so Paul Gauguin died 202 days ago.

There are 365 days in a year, so Paul Gauguin died 202 / 365 = 0.55 years ago.

Rounding to the nearest whole number, Paul Gauguin died "
225,At what age did Paul Gauguin marry Mette-Sophie Gad?,25,painter,349,"

Paul Gauguin was born on 7 June 1848 in Paris, France. 

He married Mette-Sophie Gad in 1873. They separated in 1894.

He married Teha'amana in 1891. They separated in 1893.

So, Paul Gauguin was married to Mette-Sophie Gad from 1"
226,At what age did Paul Gauguin separate from Mette-Sophie Gad?,46,painter,349,"

Paul Gauguin separated from his first wife, Mette-Sophie Gad, when he was 44 years old.

Final Answer:Paul Gauguin separated from his first wife, Mette-Sophie Gad, when he was 44 years old.

The answer is 44"
227,At what age did Paul Gauguin separate from Teha'amana?,45,painter,349,"
Gauguin and Teha’amana married in 1891, but separated two years later in 1893. So, Gauguin separated from Teha’amana at the age of 35.

The answer is 35"
228,How many years was Paul Gauguin married to Mette-Sophie Gad?,21,painter,349,"1873-1894 = 21 years
The answer is 21"
229,How old was Pierre Auguste Cot when he died?,46,painter,350,"

Pierre Auguste Cot was born on 17 February 1837.
He died on 2 August 1883, which means he was 46 years old at the time of his death.
The answer is 46"
230,At what age did Pierre Auguste Cot die?,46,painter,350,"
Cot died at the age of 46.

The answer is 46"
231,"How old was Pierre Auguste Cot when he painted ""The Storm""?",43,painter,350,"
Pierre Auguste Cot was born on 17 February 1837, so he was 46 years old when he painted ""The Storm"" in 1883.

The answer is 46"
232,In what year was Pierre Auguste Cot born?,1837,painter,350,"
The date of birth is given as 17 February 1837. The year of birth is 1837.

The answer is 1837"
233,At what age did Pierre Auguste Cot finish The Storm?,43,painter,350,"
Cot finished The Storm in 1880 when he was 43 years old. 
The answer is 43"
234,At what age did Stephen Hawking marry Jane Wilde?,23,nobel,352,"
Stephen Hawking married Jane Wilde when he was 30 years old.
The answer is 30"
235,At what age did Stephen Hawking divorce Jane Wilde?,53,nobel,352,"

Stephen Hawking and Jane Wilde were married in 1965. They had three children together. They divorced in 1995. So, Stephen Hawking was divorced at the age of 33."
236,At what age did Stephen Hawking marry Elaine Mason?,53,nobel,352,"

Stephen Hawking married Jane Wilde in 1965. He was 22 years old at the time. They had three children together. In 1995, they divorced.

Hawking married Elaine Mason in 1995. He was 63 years old at the time. They had no children together. In 2007, they divorced.

So, Stephen Hawking married Elaine Mason"
237,How old was Stephen Hawking when he wrote his thesis in 1966?,24,nobel,352,"

Stephen Hawking was born on January 8, 1942.

In 1966, Stephen Hawking was 24 years old.

The answer is 24"
238,How many years ago did Stephen Hawking die?,4,nobel,352,"

Stephen Hawking died on March 14, 2018. It has been 4 years and 3 months (48 months) since then.

48 months - 1 month (since it is a multiple of 12) = 47 months

47 months - 12 months (since it is a multiple of 12) = 35 months

35 months - 1 month (since it"
239,What year did Stephen Hawking win the Presidential Medal of Freedom?,2009,nobel,352,"

The Presidential Medal of Freedom is an award bestowed by the President of the United States to recognize ""excellence"" and ""merititer"" in their respective fields. The award is not necessarily given every year. 

Stephen Hawking was awarded the Presidential Medal of Freedom in 2009 by President Barack Obama."
240,How old was Stephen Hawking when he married his first wife in 1965?,23,nobel,352,"

Stephen Hawking was born on January 8, 1942.

In 1965, Stephen Hawking was 23 years old.

The answer is 23"
241,How many years before Stephen Hawking died did he win the Copley Medal?,12,nobel,352,"
The Copley Medal is awarded by the Royal Society ""for a thorough knowledge and ability in some branch or branches of the mathematical sciences, and for eminence in the same"". It is the Society's highest mathematical prize. It has been awarded annually since 1736.
Stephen Hawking was awarded the Copley Medal in 2006.
So, he won the Copley Medal 16 years before his death, which was"
242,At what age did Stephen Hawking divorce his first wife?,53,nobel,352,"

Stephen Hawking married his first wife, Jane Wilde, in 1965 when he was 23 years old. They had three children together. Hawking and Jane divorced in 1995, when Hawking was 53 years old."
243,How many years did Stephen Hawking and Jane Wilde have a marital relationship?,30,nobel,352,"
Stephen Hawking and Jane Wilde were married from 1965 to 1995, for a total of 30 years."
244,How many years ago did Stephen Hawking release the Properties of Expanding Universes?,56,nobel,352,"

Stephen Hawking released his doctoral thesis, Properties of Expanding Universes, in 1966. Therefore, it has been 56 years since the thesis was released. 

The answer is 56"
245,How old was Stephen Hawking when he was awarded the BBVA Foundation Frontiers of Knowledge Award in 2015?,73,nobel,352,"

Stephen Hawking was 73 years old when he was awarded the BBVA Foundation Frontiers of Knowledge Award in 2015."
246,At what age did Stephen Hawking win the Hughes Medal?,34,nobel,352,"

Stephen Hawking was awarded the Hughes Medal at the age of 31 in 1976."
247,How old was Stephen Hawking when he died?,76,nobel,352,"

Stephen Hawking died on 14 March 2018 at the age of 76.

The answer is 76"
248,At what age did Steve Jobs become active in his career?,21,person,353,"1976 is the first year listed in the table under the “category” column. Therefore, Steve Jobs was active in his career starting at the age of 21. The answer is 21"
249,How many years after becoming active did Steve Jobs get married?,15,person,353,"1976 was the year Jobs became active in his career. 1991 is 15 years later, which is how many years after becoming active Jobs got married. The answer is 15"
250,How long in years were Chrisann Brennan and Steven Paul Jobs partners?,5,person,353,"
Chrisann Brennan and Steven Paul Jobs were partners from 1972 to 1977, for a total of 5 years."
251,How many years ago did Steve Jobs die?,11,person,353,"2011-10-05 is 8 years ago from today (December, 2022). So, Steve Jobs died 8 years ago. The answer is 8"
252,How old was Steve Jobs when he married Laurene Powell?,36,person,353,"

Steve Jobs was born on February 24, 1955.
He died on October 5, 2011, at the age of 56.
Therefore, he was 56 - 24 = 32 years old when he married Laurene Powell.
The answer is 32"
253,How many years ago did Steve Jobs present the iPhone 4?,12,person,353,"
The date October 5, 2011 - Presenting date = 5 years ago
The date February 24, 1955 (Birth date) - October 5, 2011 = 56 years
56 years ÷ 5 years/year = 11 years/5
11 years * 5 years/year = 55 years ago
The answer is 55"
254,At what age did Steve Jobs marry his spouse?,36,person,353,"

Steve Jobs married his spouse Laurene Powell in 1991. So, he was 36 years old at the time of his marriage.

The answer is 36"
255,At what age did Steve Jobs marry Laurene Powell?,36,person,353,"
Steve Jobs married Laurene Powell in 1991. He died in 2011 at the age of 56. Therefore, he married Laurene Powell at age 51. The answer is 51"
256,At what age did Steve Jobs end his partnership with Chrisann Brennan?,22,person,353,"

Steve Jobs and Chrisann Brennan had a daughter, Lisa Brennan-Jobs, together in 1978. Steve Jobs denied paternity and Chrisann Brennan struggled to raise their daughter as a single mother. In 1980, Steve Jobs acknowledged paternity and agreed to pay child support. The two never reconciled their relationship, and Steve Jobs ended his partnership with Chrisann Bren"
257,How many years was Steve Jobs active in his career?,35,person,353,"1976-2011 = 35 years
The answer is 35"
258,At what age did Steve Jobs marry Laurene Powell?,36,person,353,"

Steve Jobs married Laurene Powell on March 18, 1991, when he was 36 years old."
259,How many years were Steven Paul Jobs and Chrisann Brennan partners?,5,person,353,"
Chrisann Brennan and Steve Jobs were partners from 1972 to 1977, a total of 5 years."
260,How many years after first becoming active did Steve Jobs get married?,15,person,353,"
After first becoming active, Steve Jobs was active for X years before getting married. 
X = 1976-2011 = 35 years
The answer is 35"
261,How many years was Steve Jobs in a relationship with his partner Chrisann Brennan?,5,person,353,"1972-1977 = 5 years.
The answer is 5"
262,How old was Steve Jobs when he married Laurene Powell in 1991?,36,person,353,"1955-02-24 is Steve Jobs' birthday. He was 56 years old when he died in 2011. Therefore, he was 56 - 1991 = 30 years old when he married Laurene Powell in 1991. The answer is 30"
263,At what age did Steve Jobs first have a partner?,17,person,353,"

Steve Jobs was born on February 24, 1955, in San Francisco, California.

He had a daughter, Lisa Brennan-Jobs, with his girlfriend Chrisann Brennan in 1978.

Jobs and Wozniak first worked together in 1976, when Wozniak designed the Apple I, a personal computer. Jobs sold the computer, and the two founded"
264,"In what year was ""The Gross Clinic"" created?",1875,painter,356,"
Thomas Eakins was an American realist painter, sculptor, and photographer. He is your birthday twin, sharing the same birthday of July 25, 1844. Eakins is known for his paintings of the urban middle class and his portraits of relatives and friends.
“The Gross Clinic” is an 1875 oil-on-canvas painting by Eakins. It depicts"
265,How old was Thomas Eakins when he died?,71,painter,356,"
Thomas Eakins died on June 25, 1916, at the age of 71. So, he was born in 1844. The answer is 71.

Final Answer:Thomas Eakins was 71 when he died. The answer is 71"
266,"How old was Thomas Eakins when he painted ""Max Schmitt in a Single Scull""?",27,painter,356,"
Thomas Eakins was born on July 25, 1844. Therefore, he was 32 years old when he painted “Max Schmitt in a Single Scull” in 1876. The answer is 32"
267,"At what age did Thomas Eakins create ""The Agnew Clinic""?",45,painter,356,"
Thomas Eakins created ""The Agnew Clinic"" in 1889. He was 44 years old at the time. The answer is 44"
268,At what age did Thomas Eakins die?,71,painter,356,"

Thomas Eakins died on June 25, 1916, at the age of 71."
269,At what age did the artist complete his work The Gross Clinic?,31,painter,356,"
The Gross Clinic was completed in 1875. The artist was 31 years old at that time. 

The answer is 31"
270,How old was Alimuddin Zumla when he won the 2021 EU-EDCTP Pascoal Mocumbi Prize?,66,scientist,364,"

The year 2021 was a leap year, with 29 days in February. Alimuddin Zumla was born on May 15, 1955. In 2021, his age was 66 years. The EU-EDCTP Pascoal Mocumbi Prize was awarded to him on September 15, 2021. Therefore, Alimuddin Zumla was 66"
271,How old was Alimuddin Zumla when he won the 1999 Weber-Parkes Trust Medal?,44,scientist,364,1999 – 1999 = 0 years. Zumla won the medal in 1999 when he was 0 years old. The answer is 0
272,What year did Alimuddin Zumla win the Union Medal?,2018,scientist,364,"
The Union Medal is awarded annually by the International Union Against Tuberculosis and Lung Disease (The Union) to individuals who have made outstanding contributions to the fight against tuberculosis (TB) and lung disease. The medal was first awarded in 1986, and since then, it has been awarded annually, with the exception of 2020 due to the COVID-19 pandemic. Alimuddin Zumla won"
273,How old was Zumla when he won the Mahathir Science Award?,65,scientist,364,"
The Mahathir Science Award was awarded in 2020. Zumla was 65 years old at that time.
The answer is 65"
274,How many years after Zumla wrote his thesis did he win the Weber-Parkes Trust Medal?,12,scientist,364,"
Zumla wrote his thesis in 1987. He won the Weber-Parkes Trust Medal in 2000, which is 13 years after he wrote his thesis. The answer is 13.

Final Answer:The answer is 13"
275,How many years are there between when Zumla won the EU-EDCTP Pascoal Mocumbi Prize and the Karolinska Institutet Science Award?,9,scientist,364,"
The EU-EDCTP Pascoal Mocumbi Prize was awarded in 2021, so it has been 6 years between that award and the Karolinska Institutet Science Award (2012). 
The difference between 2021 and 2012 is 2012 - 2021 = 9 years.
So there are 6 + 9 = 15 years between the two awards"
276,How old was Adolf von Baeyer when he won the Nobel Prize for Chemistry?,70,nobel,369,"

Adolf von Baeyer was 70 years old when he won the Nobel Prize for Chemistry in 1905."
277,At what age did Adolf von Baeyer marry Adelheid Bendemann?,33,nobel,369,"

Adolf von Baeyer was born on 31 October 1835.
He married Adelheid Bendemann in 1868, when he was 33 years old.
The answer is 33.

Final Answer:Adolf von Baeyer married Adelheid Bendemann when he was 33 years old. The answer is 33."
278,At what age did Adolf von Baeyer receive the Nobel Prize?,70,nobel,369,"

Adolf von Baeyer was born on October 31, 1835, and died on August 20, 1917. He was awarded the Nobel Prize in Chemistry in 1905, when he was 70 years old. Therefore, he received the Nobel Prize at the age of 70."
279,How old was he when he won the Nobel?,70,nobel,369,"

Adolf von Baeyer was born on 31 October 1835.
He won the Nobel Prize in Chemistry in 1905, when he was 70 years old.
The answer is 70"
280,How old was he when he got married?,33,nobel,369,"

He was born on 31 October 1835.

He got married in 1868.

So, he was 31 + 1868 = 2197 years old when he got married.

The answer is 2197"
281,How old was Adolf von Baeyer when he got married?,33,nobel,369,"
Adolf von Baeyer was born on 31 October 1835.
He got married to Adelheid Bendemann in 1868.
So, he was 33 years old then.
The answer is 33.

Final Answer:Adolf von Baeyer was 33 years old when he got married to Adelheid Bendemann in 1868.
The answer is 33"
282,How many years before his death did Adolf von Baeyer win the Nobel Prize in Chemistry?,12,nobel,369,"1905 - 1917 = 12 years
So, Baeyer won the Nobel Prize 12 years before his death.
The answer is 12"
283,At what age did Adolf von Baeyer marry Adelheid Bendemann?,33,nobel,369,"
Adolf von Baeyer married Adelheid Bendemann on 17 April 1868, when he was 32 years old."
284,At what age did Adolf von Baeyer receive the Nobel Prize?,70,nobel,369,"

Adolf von Baeyer received the Nobel Prize in Chemistry in 1905, when he was 70 years old."
285,How many years before Johann Friedrich Wilhelm Adolf Baeyer's death did he win the Nobel Prize for Chemistry?,12,nobel,369,"1917 - 1905 = 12 years
So he won the Nobel Prize 12 years before his death.
The answer is 12"
286,At what age did Johann Friedrich Wilhelm Adolf Baeyer win the Davy Medal?,46,nobel,369,"

Adolf von Baeyer was born on 31 October 1835.
He won the Davy Medal in 1881, when he was 45 years old.
The answer is 45"
287,How many years after marrying his spouse did Johann Friedrich Wilhelm Adolf Baeyer win the Liebig Medal?,35,nobel,369,"1903 - 1868 = 35 years
The answer is 35"
288,At what age did Albert A. Michelson marry his first wife Margaret Hemingway?,25,nobel,370,"

Albert A. Michelson married his first wife Margaret Hemingway in 1877, when he was 24 years old."
289,How old was he when he won the Nobel Prize?,55,nobel,370,"
He was 54 years old when he won the Nobel Prize in 1907."
290,At what age did Albert A. Michelson die?,78,nobel,370,"
Albert A. Michelson died on May 9, 1931, at the age of 78."
291,How many years after his divorce did Albert A. Michelson get remarried?,1,nobel,370,"
After his divorce in 1898, Michelson got remarried in 1899. So, he got remarried 1 year after his divorce. The answer is 1.
(Note: The ""Answer"" section of the answer book will provide a concise and clear final answer using ""Final Answer:"".)

Final Answer:After his divorce in 1898, Michelson got remarried in 1"
292,At what age did Albert A. Michelson marry his second wife Edna Stanton?,47,nobel,370,"

Michelson married Margaret Hemingway in 1877. They had three children. He divorced her in 1898. 

He married Edna Stanton in 1899. They had three children. 

So, Michelson was 25 when he married Margaret Hemingway and 41 when he married Edna Stanton.

The difference between 25 and 41 is 41"
293,How old was Albert A. Michelson when he first got married?,25,nobel,370,"

Albert A. Michelson was born on December 19, 1852.
He first got married in 1877, when he was 24 years old.
The answer is 24.

Final Answer:Albert A. Michelson was 24 when he first got married. (1877)"
294,How many years between his first and last award?,26,nobel,370,"
The Nobel Prize was awarded in 1907, so there is a difference of 1907-1852 = 55 years between his first and last award. The answer is 55"
295,What year did Art Wilson play for the Cleveland Indians?,1921,baseball,400,"

The table shows that Art Wilson played for the Cleveland Indians in 1921. The question asks for the year. The answer is 1921.

Final Answer:1921"
296,How old was Art Wilson when he made his MLB debut in 1908?,23,baseball,400,"

Art Wilson was born on December 11, 1885, so he was 22 years old when he made his MLB debut in 1908. The answer is 22"
297,How many years longer did Wilson play for the New York Giants than the Boston Braves?,3,baseball,400,"

Wilson played for the New York Giants from 1908 to 1913, for a total of 6 seasons. 

He played for the Boston Braves from 1918 to 1920, for a total of 3 seasons.

6 - 3 = 3 years

The answer is 3"
298,How many years after his last MLB appearance did Wilson die?,39,baseball,400,"1960-1921 = 39 years
The answer is 39"
299,How long in years did Art Wilson play in the MLB?,13,baseball,400,"

Art Wilson played in the MLB from 1908 to 1921, for a total of 24 seasons. However, we need to find the total number of years played. Since 1 year is equal to 12 months, we need to find the number of months played. 

1 season is equal to 12 months, so 24 seasons are equal to 24 * 12 = 288 months"
300,How many years after his MLB debut did Art Wilson play for the Pittsburgh Pirates?,8,baseball,400,"1916-1917 = 2 years
The answer is 2"
301,How many years did Babe Young play for MLB?,12,baseball,401,"
Babe Young played for 1936, 1939-1942, 1946-1947 for the New York Giants, 1947-1948 for the Cincinnati Reds, and 1948 for the St. Louis Cardinals. So, he played for 13 seasons. The number of years in a season is 1, so Babe Young played for"
302,How old was Young when he made his MLB debut?,21,baseball,401,"

Young made his MLB debut on September 26, 1936, when he was 21 years old."
303,How many years after his final MLB appearance did Young die?,35,baseball,401,"1983 - 1948 = 35 years
The answer is 35"
304,How old was Babe Young when he began his MLB career?,21,baseball,401,"

Babe Young was born on July 1, 1915, so he was 21 years old when he made his MLB debut on September 26, 1936."
305,How many years did Babe Young play for the Cincinnati Reds?,2,baseball,401,"
Babe Young played for the New York Giants from 1936 to 1942 and 1946 to 1947, for a total of 7 seasons. He then played for the Cincinnati Reds in 1947 and 1948, for a total of 2 seasons. So, he played for the Reds for 2 years. Therefore, Babe Young played for the Cincinn"
306,How old was Babe Young when he made his MLB debut?,21,baseball,401,"

Babe Young made his MLB debut on September 26, 1936, when he was 21 years old."
307,How many years after his last MLB appearance did McCoy die?,70,baseball,405,"2011-1941 = 70 years
2011-2019 = 10 years
Answers 70-10 = 60 years
The answer is 60"
308,How many years after his MLB debut did McCoy play for the Philadelphia Athletics?,2,baseball,405,"

Benny McCoy’s MLB debut was on September 14, 1938. He played for the Detroit Tigers that season (1938) and the following season (1939). He then played for the Philadelphia Athletics for the 1940 and 1941 seasons, which means he played for the Athletics for 2 + 1 = 3 years after his debut. The answer is 3"
309,How old was McCoy when he made his MLB debut?,23,baseball,405,"

Benny McCoy was born on November 9, 1915.

He made his MLB debut on September 14, 1938.

So, he was 22 years old when he made his MLB debut.

The answer is 22"
310,For how many years did Benny McCoy play professional baseball?,3,baseball,405,"

Benny McCoy played professional baseball for 23 years. 

The first year he played was in 1938, and his last year was in 1941. 

So, he played for 3 years. 

Adding the years before he began playing minor league baseball, Benny McCoy played a total of 20 years + 3 years = 23 years. 

The answer is"
311,When was the last season that Benny McCoy played professionally?,1941,baseball,405,"

Benny McCoy’s last MLB appearance was on September 28, 1941, for the Philadelphia Athletics. Since the MLB season typically runs from April or May to September, the last season that McCoy played professionally would have been the 1941 MLB season."
312,How old was Benny McCoy when he made his MLB debut?,23,baseball,405,"

Benny McCoy made his MLB debut on September 14, 1938, for the Detroit Tigers. He was born on November 9, 1915, so he was 22 years old at the time of his debut."
313,How many years did Benny McCoy play for the Detroit Tigers?,1,baseball,405,"

Benny McCoy played for the Detroit Tigers from September 14, 1938, to September 28, 1941, a total of 3 years and 14 days."
314,How many years ago was the current constitution established in Brazil?,34,country,424,"
The current constitution of Brazil was established on 5 October 1988, which means it has been in effect for 33 years."
315,How many years ago was Brazil declared a republic?,133,country,424,"

Brazil was declared a republic on November 15, 1889. So, it has been a republic for 133 years (1889-2022).

The answer is 133"
316,How many years were there between the end of the last monarch's reign and the establishment of Denmark-Norway?,14,empire,430,"
The last monarch of the Kalmar Union was Christian II, who ruled from 1513 to 1523. Denmark-Norway was established in 1523, so there are 10 years between the end of Christian II’s reign and the establishment of Denmark-Norway. The answer is 10"
317,How long in years did the Kalmar Union last?,140,empire,430,"
The Kalmar Union existed for 137 years, from 1397 to 1536."
318,How many years did the last monarch of the Kalmar Union rule?,10,empire,430,"
Christian II ruled Denmark and Norway 1513-1523; Sweden 1520-1521.
The answer is 11"
319,How many years after the inception of the Kalmar Union did Eric of Pomerania end his reign?,45,empire,430,"
The Kalmar Union lasted for 146 years, from 1397 to 1545. Eric of Pomerania ruled from 1397 to 1439, a reign of 42 years. Therefore, Eric of Pomerania ended his reign 146 - 42 = 104 years after the inception of the Kalmar Union. The answer is 104"
320,How many years long was the last reign of the Kalmar Union?,10,empire,430,"
The Kalmar Union existed for 1397-1523 = 1536 years.
The last reign of the Kalmar Union was 1523-1525 = 2 years.
The answer is 2"
321,How long in years was José Manuel de Herrera Prime Minister of the Mexican Empire?,1,empire,433,"
José Manuel de Herrera was the Prime Minister of the Mexican Empire for 1 year, 2 months, and 2 days, from September 22, 1821, to March 17, 1822."
322,How many months after the Plan of Iguala did Mexican independence occur?,7,empire,433,"
The Plan of Iguala was signed on 24 February 1821. Mexican independence occurred on 28 September 1821, which is 237 days later. There are 31 days in each month, so 237 ÷ 31 = 7 months. The answer is 7"
323,How long in years did the Mexican Empire last?,2,empire,433,"

The Mexican Empire lasted from September 28, 1821 to March 19, 1823, which is 299 days. 

Since a year has 365 days, the Mexican Empire lasted for (299 / 365) years = 0.8 years."
324,How many months after the Plan of Iguala was Mexican independence?,7,empire,433,"
The Plan of Iguala was signed on 24 February 1821. Mexican independence was declared on 28 September 1821, which is 206 days later. There are 31 days in January, 28 in February, and 31 in both March and December, a total of 92 days. 206 - 92 = 114 days remain. September has 30 days,"
325,How long in years was José Manuel de Herrera Prime Minister of the Mexican Empire?,1,empire,433,"
José Manuel de Herrera was the Prime Minister of the Mexican Empire for 1 year, from 1822 to 1823."
326,How many years prior to Agustin I's rule was the Plan of Iguala?,1,empire,433,"
The Plan of Iguala was signed on 24 February 1821, and Agustin I ruled from 19 September 1822 to 19 March 1823. Difference between these two dates is 211 days. Now we need to find out how many full years are there in 211 days. 
211 days = 211/365 = 0.59"
327,How many years after the French occupation of Algeria was its independence?,132,country,436,"
Algeria gained its independence from France on July 5, 1962, after a long struggle for self-determination. So, the country has been independent for 60 years."
328,How many years longer was the period between the Hammadid and the Zayyanid dynasties compared to the period between the Rustamid and the Zirid dynasties?,25,country,436,"
The period between the Hammadid and the Zayyanid dynasties was 104 years (1050–1154), which is 104 years longer than the period between the Rustamid and the Zirid dynasties (976–1070), which was 94 years.
The answer is 104 years"
329,How many days after the formation of the Belarusian People's Republic did Belarus gain independence from Russia?,17,country,438,"

The Belarusian People's Republic was formed on March 9, 1918. Belarus gained independence from Russia on March 25, 1918, which was 17 days after the formation of the Belarusian People's Republic. So, Belarus gained independence 17 days after the formation of the Belarusian People's Republic. The answer is 17"
330,How long in years has Belarus been under its current Constitution?,28,country,438,"

The current Constitution of Belarus was adopted on 15 March 1994. Since then, Belarus has been under this Constitution for 27 years, 11 months, and 1 day."
331,How many years were there between independence from Russia and independence from the USSR?,73,country,438,"

Independence from Russia: 25 August 1991
Independence from the USSR: 27 July 1990

There were 365 days in 1990 and 1991.

365 days / 2 = 182.5 days

There were 182.5 days between independence from Russia and independence from the USSR.

"
332,How many years ago did Mars Express perform orbital insertion?,19,space probe,452,"

Mars Express launched on June 2, 2003, and performed orbital insertion on December 25, 2003. It took 25 days for Mars Express to reach Mars.

So, the number of years is (2003 - 2022) / 12 = 1 year - 1 month - 1 day = 17 months - 1 day = 16 months and"
333,How many months are left in the Mars Express mission duration?,7,space probe,452,"19 years and 1 month since launch = 220 months.
18 years, 6 months and 7 days at Mars = 206.46 days.
206.46 days / 30 days per month = 6.85 months.
Therefore, 220 - 6.85 = 213 months are left in the Mars Express mission duration.
The answer is 213"
334,How many days after launch did Chandrayaan-2 land on the moon?,46,space probe,457,"

Chandrayaan-2 was launched on 22 July 2019. The lander Vikram was scheduled to land on the moon on 7 September 2019. However, during the landing process, communication with the lander was lost, and it did not touch down on the moon. The exact reason for the loss of communication is still being investigated.

So, the lander Vikram did not land on the moon after "
335,How many days after launch was Chandrayaan-2's orbital insertion held?,29,space probe,457,"
The launch was held on 22 July 2019, 09:13:12 UTC. 
Orbital insertion was held on 20 August 2019, 03:32 UTC, which is 20 days after launch.
The answer is 20"
336,How many years ago was Chandrayaan-2 launched?,3,space probe,457,"
Chandrayaan-2 was launched on 22 July 2019, so it was launched 22 July 2019 - 1 January 1970 = 22 July 2019 - 47155 days = 22 July 2019 - 13.7 years = 13 years and 22 days."
337,How many years longer is the orbiter's planned mission duration than its current elapsed duration?,5,space probe,457,"

Planned mission duration: 7.5 years
Elapsed duration: 2 years, 10 months (elapsed)
7.5 - 2.5 = 5 years
5 - 2.5 = 2.5 years
The orbiter's planned mission duration is 2.5 years longer than its current elapsed duration.
The answer is 2"
338,How many months after the launch date was the moon lander's landing date?,2,space probe,457,"
Orbiter: ~ 7.5 years (planned); | 2 years, 10 months (elapsed) | Vikram | lander: ≤ 14 days (planned); | 0 days (landing failure) | Pragyan | rover: ≤ 14 days (planned); | 0 days (landing failure)
The lander's landing date was 0 days after the launch date. Since there are"
339,For how many years did Black Dog Siding operate under its original name?,90,railway,464,"3 November 1863 was 159 years ago, so Black Dog Siding operated under its original name for 159 years. The answer is 159 years.

Final Answer:For how many years did Black Dog Siding operate under its original name?

A=159 years.

The answer is 159 years.

(2022-11-11, 10:2"
340,How long in years did Black Dog Siding remain open?,102,railway,464,"
3 November 1863	to 20 September 1965	= 102 years
The answer is 102"
341,How many years before the last closure of the station was the picture taken?,7,railway,465,"
The station closed on 3 January 1966. The picture was taken in 1959. Difference = 1966 - 1959 = 7 years
The answer is 7"
342,How many years after originally opening as Cheltenham Malvern Road was it renamed Cheltenham Spa Malvern Road?,17,railway,465,"
The station was originally opened as Cheltenham Malvern Road on 30 March 1908. It was renamed Cheltenham Spa Malvern Road on 1 February 1925, a total of 26 years later. The answer is 26.

Final Answer:It was renamed Cheltenham Spa Malvern Road 26 years after originally opening as Cheltenham Malvern Road. The answer is "
343,How many years was Cheltenham Spa station operational after reopening in 1919?,47,railway,465,"1919-1966 = 47 years
The answer is 47"
344,How many years ago was Cheltenham Spa station opened in Malvern Road?,114,railway,465,"
The station was opened on 30 March 1908.
Therefore, it has been opened for 2022 - 1908 = 114 years.
The answer is 114"
345,How many years was Cheltenham Spa station open before its first closure?,9,railway,465,"1908-1917 = 9 years
The answer is 9"
346,How long in years has AC/DC been active in the music scene?,49,musician,468,"1973 is the first year the band was active. Since then, it has been active for 49 years (2022 - 1973 = 49). Therefore, the answer is 49."
347,How many years has AC/DC been a band?,49,musician,468,"
AC/DC was formed in 1973, so the band has been active for 49 years."
348,What year was AC/DC formed?,1973,musician,468,"
The band formed in 1973. The answer is 1973"
349,How many years has AC/DC been performing?,49,musician,468,"
AC/DC has been performing since 1973, so they have been performing for 49 years (2022 - 1973 = 49 years). The answer is 49"
350,What year was Percy Faith born?,1908,musician,472,"
Percy Faith was born on April 7, 1908, in Toronto, Ontario, Canada.
The answer is 1908"
351,What year did Percy Faith die?,1976,musician,472,1976 is the year Percy Faith died. The date is given in the first row of the table under the column “Died”. The answer is 1976
352,How old was Percy Faith when he died?,67,musician,472,1976-02-09 is the date of death. 1908-04-07 is the date of birth. The difference is 1976-02-09 - 1908-04-07 = 67 years. So Percy Faith was 67 years old when he died. The answer is 67
353,How old was Percy Faith when he died?,67,musician,472,"1976-02-09 is the date when Percy Faith died. So, he was 67 years old. The year 1976 is the one in which he died, thus he was born in 1908, which means he was 67 when he died. The answer is 67"
354,How many years ago did Faith die?,46,musician,472,"1976 - 2022 = 56 years
1976 - 1908 = 68 years
Percy Faith died 68 years ago.
The answer is 68"
355,How old was Owen when he began his senior career?,17,footballer,479,"

Owen signed his first professional contract with Liverpool in 1996, when he was 16 years old. So, he was 16 when he began his senior career. The answer is 16"
356,How old was Michael Owen when he joined Real Madrid?,25,footballer,479,"

Michael Owen joined Real Madrid in 2004 when he was 24 years old."
357,How many years were there between Owen joining Real Madrid and leaving Manchester United?,8,footballer,479,"

Owen joined Real Madrid in 2004 and left Manchester United in 2012, so there were 8 years between those two dates. The answer is 8"
358,How many more years did Owen play for Liverpool than Newcastle United?,4,footballer,479,"
Owen played for Liverpool from 1996 to 2004, for Newcastle United from 2005 to 2009, and for Manchester United in 2009 and 2012. So he played for Liverpool for 2004 – 2005 = 1 year more. The answer is 1.

Final Answer:Owen played for Liverpool for 2004 - "
359,How long in years did Michael Owen's senior career last?,17,footballer,479,"
Owen’s senior career lasted 2004–2013, so it was 10 years.
The answer is 10"
360,How old was Draško Nenadić when he started playing for the national team?,22,handball,492,"

Draško Nenadić was born on 15 February 1990.
In 2012, he started playing for the national team.
So, he was 22 years old then.
The answer is 22"
361,For how many years did Draško Nenadić play with his first team?,3,handball,492,"32 appearances for Serbia’s national team from 2012 to 2012 mean that Nenadić played with his first team for at least that many years. The year 2012 is the first year of appearances, so Nenadić played with his first team for at least 2012–2012 = 1 year.
The answer is 1"
362,How many years are between Arntzen's gold medal at the Croatia/Hungary European Championship and her gold medal at the Spain World Championship?,7,handball,493,"
The European Championships are held in even-numbered years, and the World Championships are held in odd-numbered years. Thus, the difference between Arntzen’s gold medals at the European and World Championships is an odd number of years. Since Arntzen won the European gold medal in 2014, which is an even number, the difference is 1 odd year. The answer is 1"
363,How old was Arntzen when she began to play for her first senior club?,16,handball,493,"

The year 2014 is given in the table. Therefore, Arntzen was 20 years old then.

The question asks about the year 2010. Subtracting the number of years from the given year, we get 2010 - 2014 = -3. Arntzen was 17 years old in 2010.

The answer is 17"
364,In what year did Emilie Hegh Arntzen receive her last medal?,2021,handball,493,"2021 is the most recent year listed for Arntzen, so it is the year of her most recent medal. The answer is 2021"
365,"For how many years did Emilie Hegh Arntzen play for Byåsen HE, starting in 2014?",3,handball,493,2017-2021 is 5 years. 2014-2017 is 3 years. So she played for Byåsen HE for a total of 3+5=8 years. The answer is 8
366,How old was Arntzen when she began playing for CSM București?,27,handball,493,"

Emilie Hegh Arntzen began playing for CSM București on 1 January 2021, which was her 27th birthday. Therefore, she was 27 years old. The answer is 27"
367,How many years separate Arntzen's most recent gold medal from her earliest gold medal?,7,handball,493,"
The 2016 European Championship was the most recent gold medal Emilie Arntzen won before the 2021 World Championship. 2016 – 2021 = 5 years
The 2014 European Championship was the earliest gold medal Emilie Arntzen won. 2014 - 2016 = 2 years
Therefore, 5 - 2 = 3 years separate Arntzen'"
368,How many years longer did Hasanefendić manage Switzerland than VfL Gummersbach?,3,handball,503,"
Hasanefendić managed VfL Gummersbach from 2002 to 2004 and from 2008 to 2011, for a total of 2 + 3 = 5 years.
He managed Switzerland from 1980 to 1986, which is 6 years.
He therefore managed Switzerland 6 - 5 = 1 year longer than VfL Gummersbach"
369,How old was Sead Hasanefendić when he worked as manager for GWD Minden in 2013?,65,handball,503,"2013 – 73 = 53, so Sead was 53 years old when he worked as manager for GWD Minden in 2013.
The answer is 53"
370,How many years did Sead Hasanefendić work as manager for the Switzerland team starting from 1980?,6,handball,503,"
Working as manager for the Switzerland team, Sead Hasanefendić worked from 1980 to 1986, for 6 years.
The answer is 6"
371,How old was Hasanefendić when he managed his first team?,31,handball,503,"
Sead Hasanefendić was born on 1 August 1948, so he was 29 years old when he managed his first team, RK Metaloplastika, in 1979."
372,How many years after Hasanefendić stopped managing RK Metaloplastika did he begin managing his current team?,38,handball,503,"
1980-1986 is 6 years.
1987-1989 is 2 years.
1993-1995 is 2 years.
So, 6 + 2 + 2 = 10 years passed after Hasanefendić stopped managing RK Metaloplastika.
Thus, he began managing his current team 10 years after stopping managing RK Metal"
373,How many years did Žarko Marković play for Montenegro?,6,handball,504,"
Žarko Marković played for Montenegro from 2006 to 2012, a total of 7 years.
The answer is 7.

Final Answer:Žarko Marković played for Montenegro from 2006 to 2012, a total of 7 years.
The answer is 7.

(2006 to 2012) = 7 years"
374,How many years did Žarko Marković play for Montenegro?,6,handball,504,"
Žarko Marković played for Montenegro from 2006 to 2012, a total of 7 years.
The answer is 7.

Final Answer:Žarko Marković played for Montenegro from 2006 to 2012, a total of 7 years.
The answer is 7.

(2006-2012)=7"
375,For how many years did Žarko Marković play for Montenegro?,7,handball,504,"2006–2012 = 7 years
The answer is 7"
376,In what year range did Novak Djokovic first win 3 consecutive Australian Open tournaments?,2011-2013,tennis,509,"
2011, 2012, and 2013."
377,What year did Novak Djokovic win his first U.S. Open?,2011,tennis,509,"
Novak Djokovic is a Serbian professional tennis player who is currently ranked world No. 3. He has won a total of 20 Grand Slam singles titles, the most in the Open Era (since 1968) and second-most of all time (behind Roger Federer with 20).

Djokovic’s first U.S. Open victory came in 2007, when he won his first"
378,How old was Novak Djokovic when he competed in the Olympic Games?,21,tennis,509,"
Novak Djokovic was 20 years old when he competed in the 2008 Olympic Games in Beijing."
379,For how many years did Roger Federer play professionally before achieving his highest ranking?,6,tennis,512,"
Roger Federer turned pro in 1998. He achieved his highest ranking on 2 February 2004, which means he played professionally for 2004 - 1998 = 6 years before reaching his highest ranking. The answer is 6"
380,How many years after turning pro did Roger Federer win a silver Olympic medal?,14,tennis,512,"
Roger Federer turned pro in 1998. He won a silver Olympic medal in 2008, which means he waited 2008 - 1998 = 10 years after turning pro to win an Olympic medal. The answer is 10"
381,How old was Roger Federer when he won his first Olympic gold medal?,27,tennis,512,"
Roger Federer won his first Olympic gold medal at the 2008 Beijing Olympics. He was 26 years old at the time. The answer is 26"
382,How many years after winning the Olympic gold medal did Roger Federer get an Olympic silver medal?,4,tennis,512,"
Roger Federer won the Olympic gold medal in doubles at the 2008 Beijing Olympics. He then went on to win the singles silver medal at the 2012 London Olympics, 4 years later. The answer is 4"
383,At what age did Roger Federer get his highest ranking?,23,tennis,512,"
Roger Federer is a Swiss professional tennis player. He is widely considered to be one of the greatest tennis players of all time.

Federer turned professional in 1998 at the age of 17. His career record is 1251-275 (82.0%), with 103 career titles, including a record 20 Grand Slam singles titles.

Federer reached his highest ranking on"
384,How many years elapsed between Franchitti's first race in the IndyCar Series and his first race in the Champ Car career?,5,car driver,516,"

Franchitti’s first race in the IndyCar Series was in 2002. His first race in the Champ Car career was in 1997. Therefore, 2002 - 1997 = 5 years elapsed between his first IndyCar Series race and his first Champ Car race. The answer is 5"
385,How old was Dario Franchitti when he won the BRDC Gold Star in 2009?,36,car driver,516,"

Dario Franchitti was born on 19 May 1973, so he was 35 years old when he won the BRDC Gold Star in 2009."
386,How many years longer was Franchitti's IndyCar Series career than his NASCAR Camping World Truck Series career?,9,car driver,516,"
IndyCar Series career: 11 years
NASCAR Camping World Truck Series career: 1 year
11 - 1 = 10 years
The answer is 10"
387,How many years had Dario Franchitti been retired from IndyCar when he was elected to the Motorsports Hall of Fame?,6,car driver,516,"
Dario Franchitti retired from IndyCar competition in 2013, so he had been retired for 9 years when he was elected to the Motorsports Hall of Fame in 2022. Therefore, the answer is 9. The answer is 9"
388,How many years did Davy Jones compete in the Le Mans division?,4,racing,517,"
He competed in the 24 Hours of Le Mans from 1988 to 1991 and 1996, for a total of 6 years.
The answer is 6.
Final Answer:Davy Jones competed in the 24 Hours of Le Mans for 6 years. The answer is 6 (total number of years)"
389,When was the last year that Davy Jones competed in the Le Mans division?,1996,racing,517,"
The last year that Davy Jones competed in the Le Mans division was 1996."
390,How many years did Davy Jones race in the 24 Hours of Le Mans?,4,racing,517,"
Jones participated in the 24 Hours of Le Mans five times: 1988, 1989, 1990, 1991, and 1996. The number of years represented by this set of dates is 1988–1996 = 8 years. However, since Jones only participated in one of these races in 1996, we must subtract 1 from the total"
391,In what year would Davy Jones have turned 30?,1994,racing,517,"
Davy Jones was born on June 1, 1964. To find his age in a given year, subtract his birth year from the given year. 
For example, in 2022, Jones would be 58 years old. In 2023, he would be 59 years old, and so on. 
To find when Jones would have turned 30, subtract 30 from his age. 
J"
392,What year did Davy Jones run his first Daytona 500 race?,1995,racing,517,"
The Daytona 500 is held annually. Jones first raced in the 1995 edition, so The answer is 1995.

Final Answer:1995"
393,How old was Davy Jones when he made his first Daytona 500 appearance?,31,racing,517,"
Davy Jones made his first Daytona 500 appearance in 1995. 
To find his age at that time, we can use the following formula: age = (current year) - (year of birth). 
Since Davy Jones was born in 1964, his age in 1995 would be: 
age = 1995 - 1964 = 31 years old.
"
394,How old was Gordon during his first race in the ARCA Menards Series?,21,car driver,518,"
Gordon’s first race in the ARCA Menards Series was in 1990. He was 21 years old at that time. The answer is 21"
395,How many years after his debut in the Stadium Super Trucks did Gordon win a silver medal at the Summer X Games?,2,car driver,518,"
Gordon’s first Stadium Super Trucks race was in 2013. 
The Summer X Games are held once a year. 
So, Gordon won a silver medal at the Summer X Games 8 years after his debut in the Stadium Super Trucks, which is 2013 + 8 = 2021.
The answer is 2021"
396,How old was Robby Gordon when he first raced in the NASCAR Cup Series?,22,car driver,518,"

Robby Gordon first raced in the NASCAR Cup Series in 1991, when he was 22 years old."
397,How many years ago did Robby Gordon first win the Stadium Super Trucks?,9,car driver,518,"
Stadium Super Trucks debut season was 2013.
So, Robby Gordon first won the Stadium Super Trucks in 2013 - 2022 = 9 years ago.
The answer is 9"
398,How many years longer was Gordon's NASCAR Xfinity Series career than his IndyCar Series career?,2,car driver,518,"
Gordon’s IndyCar Series career lasted 7 years, while his NASCAR Xfinity Series career lasted 9 years, 2 years longer. The difference is 2 years. The answer is 2"
399,How old was Ryan Hunter-Reay when he won the Skip Barber National Championship in 1999?,19,car driver,521,"

Ryan Hunter-Reay was born on December 17, 1980.

In 1999, Ryan Hunter-Reay was 18 years old.

The answer is 18"
400,How old was Ryan Hunter-Reay when he won the IndyCar Rookie of the Year?,27,car driver,521,"
Ryan Hunter-Reay was 27 years old when he won the IndyCar Rookie of the Year award in 2007."
401,How many years has Ryan Hunter-Reay participated in the Rolex Grand-Am Sports Car Series since 2006?,7,car driver,521,"2006 was the first year of the series, and Hunter-Reay participated in it for the first time that year. He participated in it every year until 2013, for a total of 8 years. The answer is 8"
402,How many years ago did Ryan Hunter-Reay win the WorldCom Rising Star Award?,20,car driver,521,"
The year 2007 is 15 years ago.
In 2007, Ryan Hunter-Reay won the WorldCom Rising Star Award.
The answer is 15"
403,How many years ago did Timo Glock last race in his Formula One World Championship career?,10,car driver,523,"2012 is 2 years ago. 2004 is 8 years ago. Therefore, it has been 2 + 8 = 10 years since Glock’s last Formula One World Championship race. The answer is 10"
404,How old was Timo Glock when he participated in Formula BMW in 2001?,19,car driver,523,"2001 - 18 years = 18 - 2001 = -1. Since 18 - 2001 is negative, that means Timo Glock was 18 years old in 2001. The answer is 18"
405,How many years were between Glock's best finish in his DTM career and his first best finish in his Champ Car career?,13,car driver,523,"
Glock’s best finish in his DTM career was 5th in 2018, so there are 2018-2005=7 years between his best finish in his DTM career and his first best finish in his Champ Car career. The answer is 7"
406,How old was Glock during his last entry in the Formula One World Championship?,30,car driver,523,"2012 was Glock’s last entry in the Formula One World Championship. He was born on 18 March 1982, so as of the 2012 Brazilian Grand Prix, he was 30 years old. The answer is 30"
407,How many years after Dennis Erickson's first coaching job did he become head coach of the Salt Lake Stallions?,50,nfl,540,"
Dennis Erickson's first coaching job was in 1969 as a graduate assistant at Billings Central Catholic HS (MT). His first head coaching job was in 1985 at Montana State. He became head coach of the Salt Lake Stallions in 2019, 34 years after his first head coaching job. 1985 - 2019 = 34 years
The"
408,In what year did Dennis Erickson receive his second national championship award?,1991,nfl,540,"
Dennis Erickson was a college football coach. He received his first national championship award in 1989 when he was the head coach of the University of Miami. He later received a second national championship award in 2000, when he was the head coach of the Oregon State University football team. The answer is 2000"
409,When was the last year that Dennis Erickson coached for an NFL team?,2004,nfl,540,"

Dennis Erickson was the head coach of the Seattle Seahawks from 1995 to 1998, and then the Oregon State Beavers from 1999 to 2002. He then returned to the NFL to coach the San Francisco 49ers in 2003 and 2004. His most recent NFL coaching job was with the Arizona Cardinals in 2007."
410,How long in years years did Dennis Erickson work as the head coach for Idaho starting in 1982?,3,nfl,540,"
Erickson served as the head coach of Idaho from 1982 to 1985. 
The years 1982, 1983, 1984, and 1985 add up to 4 football seasons.
Therefore, Erickson worked as the head coach for Idaho for 4 years.
The answer is 4"
411,How old was Dennis Erickson when he won the Big Sky Championship in 1985?,38,nfl,540,"1985 was the first year of the Big Sky Championship game, which was not played in 2020 due to the COVID-19 pandemic. The game was first played in 2018. The Big Sky Conference was formed in 1963, so Erickson was 18 years old when the conference began and 28 years old when he won the first Big Sky Championship. The answer is 28"
412,How old was Derrell Palmer when he was inducted into the TCU Hall of Fame in 1978?,56,nfl,546,"1978 - 1922 = 56 years
56 - 86 = -30 years (Palmer died in 2009)
-30 + 1978 = 167 years (Palmer would be 167 years old if he were alive)
Since people cannot live longer than 100 years, Palmer was 167 - 100 = 67 years"
413,How many years did Derrell Palmer play for the Cleveland Browns?,4,nfl,546,"
The table shows that Derrell Palmer played for the Cleveland Browns from 1949 to 1953, for a total of 4 seasons. The answer is 4"
414,How old was Derrell Palmer when he entered the NFL draft?,21,nfl,546,"
Derrell Palmer was born on August 27, 1922.
The first NFL Draft was held in 1936.
Thus, Derrell Palmer was 14 years old when he entered the NFL draft in 1936.
The answer is 14.
The answer is 14"
415,How many years ago did Derrell Palmer die?,13,nfl,546,"2009 - 22 February 2009 = 1987 years.
So, Derrell Palmer died 1987 years ago.
The answer is 1987"
416,How many years longer was Derrick Brooks a player for the Tampa Bay Buccaneers than an executive for the Tampa Bay Storm?,7,nfl,547,"

Brooks was a player for the Tampa Bay Buccaneers from 1995 to 2008, a total of 14 seasons. He was an executive for the Tampa Bay Storm from 2011 to 2017, a total of 7 seasons. 14 - 7 = 7 years.

The answer is 7"
417,How old was Derrick Brooks when he won NFL Defensive Player of the Year in 2002?,29,nfl,547,"
Derrick Brooks won the NFL Defensive Player of the Year award in 2002 at the age of 29."
418,What year was the most illustrious of Brooks's career?,2002,nfl,547,"
Brooks was selected in the first round of the 1995 NFL Draft by the Tampa Bay Buccaneers. He played for the Buccaneers from 1995 to 2008, retiring after the 2008 season. He was a member of the Buccaneers’ Super Bowl XXXVII championship team in 2002.

Brooks was a five-time First-team All-"
419,How old was Derick Brooks when he was drafted?,22,nfl,547,"
Derrick Brooks was born on April 18, 1973. So, he was 22 years old when he was drafted in 1995."
420,How old was Derrick Summers when he played for the Jacksonville Sharks in 2011?,23,nfl,551,"

Derrick Summers was born on June 19, 1988. In 2011, he played for the Jacksonville Sharks. So in 2011, Derrick Summers was 23 years old. The answer is 23"
421,How many years was Derrick Summers's playing career?,8,nfl,551,"
Derrick Summers played in the Arena Football League for 11 seasons (2011-2021). 
The AFL has a 15-week regular season, so Summers played a total of 15 * 11 = 165 games in his career.
The AFL does not use a traditional offseason, so Summers also played in 2 * 11 = 22 offseason games.
"
422,How many years did Derrick Summers play for the Jacksonville Sharks?,3,nfl,551,"

Derrick Summers played for the Jacksonville Sharks from 2011 to 2013. 

So, he played for the Sharks for 2 + 1 (offseason) = 3 years.

The answer is 3"
423,How old was Emmitt Smith when he graduated from college?,20,rugby,558,"
Emmitt Smith was born on May 15, 1969, so he graduated from college in 1989, when he was 20 years old. The answer is 20"
424,How old was Emmitt Smith when he last played in the Pro Bowl?,30,rugby,558,"

Emmitt Smith last played in the Pro Bowl on January 29, 2001.

Emmitt Smith is 53 years old.

So, at the time of his last Pro Bowl appearance, Emmitt Smith was 32 years old.

The answer is 32"
425,How many years did Emmitt Smith play for the Dallas Cowboys?,12,rugby,558,"
Emmitt Smith played for the Dallas Cowboys from 1990 to 2002, a total of 13 seasons."
426,How old was Emmitt Smith when he began playing for the Dallas Cowboys?,21,rugby,558,"
Emmitt Smith was drafted by the Dallas Cowboys in the first round of the 1990 NFL Draft. He made his NFL debut on September 2, 1990, at the age of 21. 

So, Emmitt Smith was 21 years old when he began playing for the Dallas Cowboys."
427,How old was Emmitt Smith when he received the NFL Most Valuable Player Award in 1993?,24,rugby,558,"

Emmitt Smith was 24 years old when he received the NFL Most Valuable Player Award in 1993."
428,How many years before Jeelani died did his NBA career end?,27,ice hockey,561,"
His career ended in 1989, so the number of years before he died is 2016-1989 = 27 years.
The number of years before he died is 27.
The answer is 27"
429,What year was Abdul Jeelani's last year in college?,1976,ice hockey,561,"
Abdul Jeelani was born on February 10, 1954.
His last year in college was 1976, because he was drafted into the NBA in 1976.
The answer is 1976.

Final Answer:In 1976, Abdul Jeelani's age was 22.
The answer is 1976!
▼"
430,How long in years did Abdul Jeelani's playing career last?,13,ice hockey,561,"1976 to 1989 is 13 years.
The answer is 13"
431,For how many years did Abdul Jeelani play professional basketball?,13,ice hockey,561,"
Abdul Jeelani played professional basketball for 19 years, from 1976 to 1995."
432,How old was Jeelani when he first played for the Dallas Mavericks?,26,ice hockey,561,"
He was born in 1954, so in 1980 he was 26 years old.
The answer is 26"
433,How old was Belus Smawley when he attended Appalachian State in 1939?,21,basketball,566,"

Belus Smawley was born on March 18, 1918.
In 1939, he would have been 21 years old.
The answer is 21"
434,How long in years was Belus Smawley's playing career?,6,basketball,566,"

Belus Smawley’s playing career spanned from 1946 to 1952, which is 7 years.

The answer is 7"
435,How old was Smawley when he started playing for the St. Louis Bombers?,28,basketball,566,"
Smawley was born in 1918, so he was 48 years old when he started playing for the St. Louis Bombers in 1946."
436,How many years longer did Smawley coach Pembroke State than he played for the Baltimore Bullets?,3,basketball,566,"
Smawley played for the Baltimore Bullets from 1950 to 1952, for a total of 2 years.
He then coached Pembroke State for 6 years, for a total of 6 - 2 = 4 years longer.
The answer is 4"
437,How long in years did Belus Smawley's coaching career last?,5,basketball,566,"
Belus Smawley coached for 5 years at Pembroke State. 
5 years * 1 = 5 years
The answer is 5"
438,How many years was Belus Smawley's career active since 1946?,6,basketball,566,"1946 is the first year of Belus Smawley’s career. He played for 8 years, from 1946 to 1953. Therefore, his career was active for 8 years. The answer is 8.

Final Answer:Belus Smawley's career active years were 8.

The answer is 8"
439,What year did Bill Hewitt play for the Chicago Bulls?,1974,basketball,568,"
Bill Hewitt played for the Chicago Bulls in 1974. The year 1974 is the answer.

The answer is 1974"
440,How long in years was Bill Hewitt's playing career?,6,basketball,568,"

Bill Hewitt was drafted by the Los Angeles Lakers in 1968 and played for the Lakers from 1968 to 1969. His playing career lasted for 1 + 4 = 5 years."
441,How long in years did Bill Hewitt play for the Lakers?,1,basketball,568,"
Bill Hewitt played for the Lakers from 1968-1969, so it was for 1 year. The answer is 1"
442,How old was Hewitt when he played for the Chicago Bulls?,30,basketball,568,"
Hewitt was born in 1944, so in 1974 he was 30 years old.
The answer is 30"
443,How many years longer did Hewitt's NBA career last than his college career?,2,basketball,568,"
Hewitt’s college career lasted 2 years (1964–66). His NBA career lasted 7 years (1968–74), so he played an additional 7 - 2 = 5 years in the NBA. The answer is 5"
444,How many years was Bill Hewitt in an active career?,6,basketball,568,"
Bill Hewitt was in an active career from 1968 to 1974, which means he was active for 7 years. The answer is 7.

Final Answer:Bill Hewitt was in an active career from 1968 to 1974, which means he was active for 7 years. The answer is 7.

Final Answer:7 years"
445,How old was Bill Hosket when he received the NBA champion award in 1970?,24,basketball,569,"1970 - 1968 = 2 years. So, Bill Hosket was 22 years old when he received the NBA champion award in 1970. The answer is 22"
446,How many years longer was Hosket's NBA career than his college career?,1,basketball,569,"
Hosket was drafted in 1968 and played for 4 years. His college career lasted for 4 – 3 = 1 year(s).
So, his NBA career was 4 – 1 = 3 years longer than his college career.
The answer is 3"
447,How many years did Bill Hosket play in his career?,4,basketball,569,"
Bill Hosket played in the NBA for 4 years."
448,How many years did Bill Hosket play for the Buffalo Braves?,2,basketball,569,"
Bill Hosket played for the Buffalo Braves from 1970 to 1972, for a total of 2 years. The answer is 2"
449,How many years after entering the NBA draft did Hosket play for the Buffalo Braves?,2,basketball,569,"
The 1968 NBA draft was held on June 5, 1968. 
Hosket played for the Buffalo Braves from 1970 to 1972, which is 2 years + 1 year = 3 years after entering the NBA draft.
The answer is 3"
450,How old was Janice Lawrence Braxton when she played in the Olympic Games?,22,ice hockey,577,"

Janice Lawrence Braxton was born on June 7, 1962. 

In 1984, she played in the Olympic Games. 

So, she was 22 years old then. 

The answer is 22"
451,How old was Janice Lawrence Braxton when she entered the WNBA Draft?,35,ice hockey,577,"
Janice Lawrence Braxton was born on June 7, 1962, so she was 25 years old when she entered the WNBA Draft in 1997. The minimum age to enter the draft is 22 years old, so she was eligible. The answer is 25"
452,How old was Braxton when she won a silver medal in Rio de Janeiro?,21,ice hockey,577,"1983 – 60 = 1923, so Braxton was 10 years old. The answer is 10"
453,How many years after winning a gold medal at the Olympic Games did Braxton play for the Cleveland Rockers?,13,ice hockey,577,"
The 1984 Olympic Games were in 1984. 
The WNBA began in 1997. 
Thus, Braxton played for the Cleveland Rockers 1997–1999, a total of 2 years. 
She won the gold medal 6 years before she played for the Rockers, thus she won the gold medal in 1984 and began playing for the Rockers"
454,What year did Janice Lawrence Braxton win a gold medal in the Olympics?,1984,ice hockey,577,"
The 1984 Summer Olympics were held in Los Angeles, California, United States. Janice Braxton won a gold medal as a member of the United States women's national basketball team. The answer is 1984"
455,What year did Marcos Leite win gold in the FIBA AmeriCup games?,1984,ice hockey,579,"

Marcos Leite won gold in the 1984 FIBA AmeriCup games. The answer is 1984"
456,How many years did Marcos Leite's playing career last?,22,ice hockey,579,"
Leite played for 19 years (1967-1989).
The answer is 19"
457,How many years longer was Leite's playing career than his college career?,9,ice hockey,579,"
Leite’s college career lasted 3 years (1973-1976).
He played professionally for 13 years after college (1967-1989), so his playing career lasted 13 years + 3 years = 16 years.
He played for 16 years - 3 years = 13 years longer than his college career.
The answer is 13"
458,How old was Stéphane Antiga when he won the FIVB World Championship?,38,volleyball,588,"

Stéphane Antiga was born on 3 February 1976, so he was 46 years old when he won the FIVB World Championship in 2014. The answer is 46"
459,How many years were between the time Antiga first played professionally and when he began coaching?,20,volleyball,588,"

The years Antiga played professionally are 1994 through 2011, for a total of 18 years. 2011 is the last year he played as a player, so there are 2012 through 2014, for a total of 3 years, which brings the total number of years he played to 18+3 = 21 years
The years Antiga coached are 20"
460,How old was Antiga when he first played for Paris Volley?,22,volleyball,588,"

Stephane Antiga was born on 3 February 1976.

So, he was 18 years old when he first played for Paris Volley in 1994.

The answer is 18"
461,How old was Stéphane Antiga the year he medaled in Argentina?,26,volleyball,588,"
Stéphane Antiga was born on 3 February 1976. In 2002, he medaled in Argentina at the age of 26, so he was 26 that year. 
The answer is 26"
462,"How many years has 20th Century Studios, Inc. been in existence?",87,company,592,"

20th Century Studios, Inc. was formed on May 31, 1935. Therefore, it has been in existence for 87 years as of May 31, 2022."
463,How many years has 888 Holdings PLC been in existence?,25,company,595,"

888 Holdings PLC was incorporated on 15 July 1997. Therefore, it has been in existence for 25 years. The answer is 25"
464,For how many years was AT&T known as Southwestern Bell Corporation?,12,company,597,"

AT&T Inc. (American Telephone and Telegraph) is a multinational telecommunications corporation headquartered in Dallas, Texas. It is the world's largest telecommunications company and the second-largest provider of mobile telephone services.

AT&T was known as Southwestern Bell Corporation from 1983 to 1995. During that time period, it was a subsidiary of AT&T Corporation,"
465,How long in years has the current AT&T logo been in use?,6,company,597,"

The current AT&T logo has been in use since 2005."
466,How many years ago was AT&T Inc. founded?,39,company,597,"

AT&T Inc. was formed on October 5, 1983, so it has been around for 38 years. The answer is 38"
467,How long in years had AT&T been known by a different name?,22,company,597,"

Formerly:
Southwestern Bell Corporation (1983-1995) | SBC Communications Inc. (1995-2005)

So, AT&T had been known by a different name for 1995 - 1983 = 12 years.

AT&T had been known by a different name for 12 + 5 = 17 years.

"
468,In what year was Ambassadors Group founded?,1967,website,600,"

Ambassadors Group was founded in 1967. The answer is 1967"
469,What year was the University of Cambridge established?,1209,university,606,"

The University of Cambridge was established in 1209. The exact date of establishment is not known, but it is believed to have been around that time."
470,How many years ago was the University of Cambridge founded?,813,university,606,"

The University of Cambridge was founded in the year 1209. To calculate the number of years ago, we can use the formula: years ago = current year - establishment year. 

Current year = 2022
Establishment year = 1209

Years ago = 2022 - 1209 = 793 years

So, the University of Cambridge was founded 793"
471,What year was the University of Cambridge founded?,1209,university,606,"

The date of foundation is given as 1209 in the University of Cambridge Calendar (1911). However, this date is a conventional one, as there is no evidence that a university in the modern sense existed in Cambridge until the 13th century. The earliest college, Peterhouse, was founded in 1284. The first known use of the name ""University of Cambridge"" occurred in 1231, but this refers to the"
472,What year was the University of Cambridge established?,1209,university,606,"

The date of the university's foundation is uncertain. Supposed founder dates include 1209, 1231, and 1261. The first documented evidence of the university's existence is a petition to the Pope from the Schlittzguth School (now the University of Regensburg) in 1209. The university was listed as one of twenty English universities in a papal bull of Pope Gregory IX dated"
473,How many years was Yale University known as Collegiate School?,17,university,611,"

Yale University was known as Collegiate School from 1701 to 1718, a total of 17 years."
474,How many years ago was Yale University named Collegiate School?,304,university,611,"

Yale University was named Collegiate School in 1701, so it has been named that for 320 years. The answer is 320"
475,For how many years was Yale University named Collegiate School?,17,university,611,"

Yale University was named Collegiate School from 1701 to 1718.

The answer is 1718.

Final Answer:1718"
476,How long in years has Yale University been in existence?,321,university,611,"

Yale University was established on October 9, 1701, so it has been in existence for 320 years as of October 9, 2021."
477,How many years passed between the groundbreaking and the opening of the Carrier Dome?,2,stadium,621,"
The Carrier Dome opened on September 20, 1980, so it took 365 days from the groundbreaking. 
365 / 365 = 1
Therefore, one year passed between the groundbreaking and the opening of the Carrier Dome.
The answer is 1"
478,How many years ago was Jacobs University Bremen established?,21,university,624,"

The establishment date is given in the table as 2001 | ; 21 years ago |  ( | 2001 | ). To find the number of years, we subtract the establishment year from the current year: 2022 - 2001 = 21 years. So, Jacobs University Bremen was established 21 years ago. The answer is 21"
479,In what year was Jacobs University founded?,2001,university,624,"

The university was founded in 2001, so The answer is 2001."
480,How many years did it take for the NYSE to go from a US$20.161 trillion volume to a US$26.2 trillion market cap?,10,monument,626,"

The NYSE had a volume of US$20.161 trillion in 2011. 

It took 229 years for the NYSE to go from its founding in 1792 to a US$20.161 trillion volume in 2011. 

Since 2011 to 2022 is 11 years, it took an additional "
481,How many years after NYSE's founding was its volume US$20.161 trillion?,219,monument,626,"

The NYSE was founded on May 17, 1792. Therefore, 20.161 trillion U.S. dollars is 229 years later. 

229 years * 1 year = 229 years

Therefore, 20.161 trillion U.S. dollars was reached 229 years after the founding of the NYSE. 

"
482,How many years after NYSE's founding did its market cap reach $26.2 trillion?,229,monument,626,"

229 years after NYSE's founding in 1792, the market cap reached $26.2 trillion.

The answer is 229"
483,What was the opening date of the New York Stock Exchange?,"May 17, 1792",monument,626,"

The New York Stock Exchange (NYSE) was founded on May 17, 1792. The answer is 229.

The answer is 229"
484,What year was the New York Stock Exchange founded?,1792,monument,626,"

The New York Stock Exchange (NYSE) was founded on May 17, 1792. The answer is 1792"
485,How many years ago was the New York Stock Exchange founded?,229,monument,626,"

The New York Stock Exchange was founded on May 17, 1792. 

Today’s date is December 2022, so 229 years have passed since the NYSE was founded.

The answer is 229"
486,In what year was the NYSE founded?,1792,monument,626,"

The NYSE was founded on May 17, 1792, so the answer is 1792. The answer is 1792"
487,How many years was the stadium called Tractor Stadium?,14,stadium,627,"

From 1926 to 1940, the stadium was called Tractor Stadium. There are 14 years between 1926 and 1940, so the stadium was called Tractor Stadium for 14 years.

The answer is 14"
488,When did OSC Metalist Stadium first open?,1926,stadium,627,"

OSC Metalist Stadium first opened on 12 September 1926. The answer is 1926-09-12 | 1926-09-12 | 12 September 1926 | ; 95 years ago |  ( | 1926-09-12 | )"
489,How many years after breaking ground did OSC Metalist Stadium open?,1,stadium,627,"
The construction of the stadium took 7 years.
The stadium opened 95 years ago.
The answer is 7"
490,How many years after opening was OSC Metalist renovated?,83,stadium,627,"
The stadium was opened on 12 September 1926.
It was renovated 95 years after opening, so the answer is 95.
The answer is 95"
491,How many years after opening was the stadium renovated?,83,stadium,627,"

Opened: 12 September 1926
Renovated: 5 December 2009
Difference: 12 September 1926 - 5 December 2009 = 73 years
Renovated after 73 years.

The answer is 73"
492,How many years after the first launch at the Satish Dhawan Space Centre did the first launch from its second launch pad occur?,26,launchpad,628,"

First launch at the Satish Dhawan Space Centre was on 9 August 1979. The first launch from its second launch pad occurred on 20 September 1993, which is 14 years 1 month 11 days after the first launch at the Satish Dhawan Space Centre.

The answer is 14"
493,In what year did the first launch occur at the Satish Dhawan Space Centre?,1979,launchpad,628,"
The first launch at SDSC occurred on 9 August 1979. The answer is 1979"
494,What year did the first launch from Site 200 occur?,1980,launchpad,629,"

First launch	20 February 1980 | Proton-K/DM / Raduga 6

The first launch from Site 200 was on 20 February 1980, using a Proton-K/DM rocket. The year 1980 is the answer.

Q:What year did the first launch from Site 200 occur?

A:1980"
495,In what year did Blaze Riorden last win a medal at the World Indoor Lacrosse Championship?,2019,lacrosse,642,2019. The 2022 World Indoor Lacrosse Championship was canceled due to the COVID-19 pandemic.
496,How many years apart were the medals that Blaze Riorden won at the World Indoor Lacrosse Championship?,4,lacrosse,642,"
The 2015 and 2019 championships were both won by the United States, so they were 4 years apart. The answer is 4"
497,In what year was Blaze Riorden last named an All-Star in the PLL?,2021,lacrosse,642,"2021
The answer is 2021"
498,How old was Blaze Riorden when he won the America East Defensive Player of the Year in 2016?,2,lacrosse,642,"
Blaze Riorden won the America East Defensive Player of the Year in 2016 when he was 22 years old. The answer is 22"
499,How many years ago did Brandon Miller's career start?,21,lacrosse,644,"

The year 2001 is 21 years ago.

The number of years ago is 21.

The answer is 21"
500,How long in years was it between the first and the last time Brandon Miller won the Harry Lumley Trophy?,12,lacrosse,644,"
First time he won the Harry Lumley Trophy was in 2002.
The last time he won the Harry Lumley Trophy was in 2014, a total of 12 years later.
So, the number of years between the first and the last time he won the Harry Lumley Trophy is 2014-2002 = 12 years.
The answer is 12"
501,How old was Brandon Miller when he won the NLL All-Star award in 2007?,28,lacrosse,644,"

The 2007 NLL All-Star Game was played on February 10, 2007.

If Brandon Miller was born on May 4, 1979, he was 27 years old when he won the NLL All-Star award in 2007.

The answer is 27"
502,What years did Brandon Miller win more than one award?,"2007, 2008, 2013, 2014",lacrosse,644,"

Miller won the NLL All-Star Game in 2007 and 2011.

Miller won the Mann Cup in 2002, 2008, 2013, and 2014, winning it multiple times.

In 2013, Miller was named to the 2nd Team All-Pro.

In 2014, Miller won the Harry L"
503,At what age did Brandon Miller earn a spot on the 2nd Team All-Pro?,34,lacrosse,644,"

Brandon Miller was born on May 4, 1979, which means he was 34 years old when he was named to the 2nd Team All-Pro in 2013."
504,In what year did Dylon Molloy start his career?,2017,lacrosse,655,"

Dylan Molloy started his professional lacrosse career in 2017. The answer is 2017.

Final Answer:In 2017, Dylan Molloy started his professional lacrosse career. The answer is 2017."
505,How long in years has Dylan Molloy been playing professionally?,5,lacrosse,655,"

Pro career: 2017-

So, Dylan Molloy has been playing professionally for 2017 - 2017 = 0 years.

The answer is 0"
506,How many years after winning the USILA Player of the Year did Dylan Molloy become a pro?,1,lacrosse,655,"
USILA Player of the Year: 2016
Pro career: 2017-
So, he became a pro 1 year after winning the USILA Player of the Year.
The answer is 1"
507,How many years ago was Dylan Molloy the USILA Player of the Year?,6,lacrosse,655,"

Dylan Molloy was the USILA Player of the Year in 2016. It has been 7 years (2016 - 2022) since then.

Final Answer:7"
508,How many years before Frank Urso began his pro career was he inducted into the U.S. Lacrosse Hall of Fame?,6,lacrosse,656,"1987 (his pro career start year) - 1981 (his hall of fame induction year) = 6 years. The answer is 6.

Final Answer:A=6"
509,What years did Frank Urso earn more than one title?,"1974, 1975, 1976",lacrosse,656,"

Frank Urso earned the following titles:

- ‘1973 NCAA D-I Champion’ (1 time)
- ‘1975 NCAA D-I Champion’ (1 time)
- ‘4× First-team All-American’ (1973, 1974, 1975, 1976) (4 times)
- ‘1975 Division I Player of the Year’"
510,How many years after winning his first NCAA D-1 Championship did Frank Urso compete in the World Lacrosse Championship?,1,lacrosse,656,"
Frank Urso won the NCAA D-1 Championship in 1973. He competed in the World Lacrosse Championship in 1974, which was A year after winning his first NCAA D-1 Championship. The answer is 1.

Final Answer:1 year"
511,How many years ago was Frank Urso awarded Division I Player of the Year?,47,lacrosse,656,"1975 is the given answer. The question asks for the number of years ago the award was given, so we subtract the current year from 1975. 2022 - 1975 = 47 years. The answer is 47"
512,What year did Alicia Coutts win Olympic gold?,2012,swimming,665,"
Alicia Coutts won her first Olympic gold medal at the 2012 Summer Olympics in London. 
The answer is 2012"
513,How old was Alicia Coutts when she won her gold medal in the 2012 Olympics?,25,swimming,665,"

Alicia Coutts was born on September 14, 1987, so she was 25 years old when she won her gold medal in the 2012 Olympics. The answer is 25"
514,How old was Alicia Coutts when she won her first gold medal at the Pan Pacific Championships in 2014?,27,swimming,665,"
Alicia Coutts was 26 years old when she won her first gold medal at the Pan Pacific Championships in 2014. 
The answer is 26"
515,How old was Carolijn Brouwer when she first competed in the ISAF World Youth Championships?,18,sailor,668,"
Carolijn Brouwer was born on 25 July 1973. So, in 1991, she was 18 years old.
The answer is 18"
516,What was the last year that Carolijn Brouwer won a gold medal in the World Championships?,1998,sailor,668,"

Carolijn Brouwer won a gold medal in the World Championships in 2007, representing the Netherlands. The last year she won a medal was 2007, which was also the last year she won a gold medal. Therefore, the answer is 2007."
517,How old was Carolijn Brouwer when she won her last gold medal in the World Championships?,25,sailor,668,"
Carolijn Brouwer won her last gold medal in the World Championships in 2007. She was born on 25 July 1973, so in 2007 she was 34 years old. The answer is 34"
518,How old was Carolijn Brouwer when she won her first gold medal at the ISAF World Youth Championships in 1991?,18,sailor,668,"1991 – 25 years = 1966, so Carolijn Brouwer was 1966 – 1991 = 35 years old when she won her first gold medal. The answer is 35"
519,How many years were there between Carolijn Brouwer competing for the Netherlands and Belgium?,6,sailor,668,"
Brouwer represented the Netherlands at the 1991 ISAF World Youth Championships. 
She then represented Belgium at the 2007 ISAF World Championships. 
Thus, there were 16 years between her competing for the Netherlands and Belgium.
The answer is 16"
520,What year did Charlotte Atkinson win the most gold medals?,2015,swimming,669,"

At the 2011 Island Games, Atkinson won 6 gold medals.
At the 2013 Island Games, Atkinson won 4 gold medals.
At the 2015 Island Games, Atkinson won 7 gold medals.
At the 2018 European Championships, Atkinson won 1 gold medal.

Combining the medals from all four Island Games, Atkin"
521,What year did Charlotte Atkinson win her first bronze medal in the Island Games?,2011,swimming,669,"
The first Island Games Charlotte Atkinson won a bronze medal in were in 2011. 
The answer is 2011"
522,How old was Charlotte Atkinson when she won the gold medal in the European Championships?,22,swimming,669,"

Charlotte Atkinson won the gold medal in the European Championships in 2018 when she was 21 years old.

The answer is 21"
523,How many years after winning a bronze medal in the Isle of Wight 200 m medley did Atkinson win a gold medal at the 2018 Glasgow 4×100 m mixed medley?,7,swimming,669,"
Atkinson won a bronze medal in the Isle of Wight 200 m medley in 2011. 
In 2018, Atkinson won a gold medal at the 2018 Glasgow 4×100 m mixed medley. 
We subtract the year of the bronze medal from the year of the gold medal to find the number of years between the two medals: 2018 – "
524,In what year did Atkinson win the most gold medals?,2015,swimming,669,"
At the 2015 Island Games, Atkinson won 7 gold medals.
At the 2013 Island Games, Atkinson won 6 gold medals.
At the 2011 Island Games, Atkinson won 5 gold medals.
Thus, Atkinson won the most gold medals in 2015 (7).
The answer is 2015"
525,How old was Atkinson when she won her first gold medal?,15,swimming,669,"
Atkinson was 25 years old when she won her first gold medal at the 2018 European Championships in Glasgow.
The answer is 25"
526,How old was Claire Leroy when she won her first gold medal at the 2007 World Championships?,27,sailor,671,"
The 2007 World Championships were held from 10 to 17 March 2007. Claire Leroy was born on 9 March 1980, so she was 27 years old when she won her first gold medal. The answer is 27"
527,How old was Claire Leroy when she won gold at the 2007 World Championships?,27,sailor,671,"

Claire Leroy won gold at the 2007 World Championships when she was 27 years old. The answer is 27"
528,How many years apart were Claire Leroy's gold medal wins at the World Championships?,1,sailor,671,"2007 - 2008 = 1
1 + 2004 - 2005 = 2
2 + 2011 - 2006 = 3
3 + 2003 - 2002 = 4
4 + 2001 - 2000 = 5
5 + 1999 - 1998 = 6
6"
529,How many years did it take for Claire Leroy to win a gold medal after her first bronze medal?,3,sailor,671,"
First bronze medal: 2004
First gold medal: 2007
2007 - 2004 = 3 years
The answer is 3"
530,How old was Claire Leroy when she won her first World Championships medal?,27,sailor,671,"

The first World Championships medal she won was a bronze medal in 2004 when she was 24 years old.

The answer is 24"
531,How old was Heiko Kroeger when he won a gold medal at the 2000 Olympics?,34,sailor,677,"
Heiko Kroeger was born on 27 March 1966, so he was 34 years old when he won a gold medal at the 2000 Olympics. The answer is 34"
532,How old was Heiko Kroeger when he won his first gold medal at the 2000 Paralympic Games?,34,sailor,677,"2000 – 27 March 1966 = 13 years, 364 days
The answer is 13"
533,How many years passed before Heiko Kroeger won another medal after his 2000 Olympics gold?,12,sailor,677,"2000 + 12 = 2012, so 12 years passed. The answer is 12"
534,What year was Marina Alabau's most recent appearance in the European Championships?,2012,sailor,688,"
The first European Championships Marina Alabau appeared in was in 2007. From the European Championships list, we can see that she won the gold medal in 2007, 2008, 2009, 2010, and 2012. Since 2012 is the most recent year listed, Marina Alabau’s most recent appearance in the European Championships was in 2012."
535,How old was Marina Alabau when she won the gold medal at the 2012 Olympics?,27,sailor,688,"
Marina Alabau was 26 years old when she won the gold medal at the 2012 Olympics.
The medal was awarded on 31 July 2012, so she was 26 years and 364 days old.
The age at the time of a major sporting event is often given in the form “x years and x days”, where x is the age in years."
536,How old was Marina Alabau when she competed in the 2012 Olympic Games?,27,sailor,688,"

Marina Alabau was born on 31 August 1985.
So, she was 27 years old when she competed in the 2012 Olympic Games.
The answer is 27"
537,"How many years ago was ""Catch 22"" published?",61,book,702,"

The publication date of “Catch 22” is November 10, 1961. Today is December 2022, so “Catch 22” was published 61 years ago. 61 years - 1 year = 60 years. The answer is 60"
538,What year was the follow-up to Catch-22 published?,1994,book,702,"

Closing Time was published in 1994, twelve years after the original novel Catch-22. The answer is 1994."
539,What year was the book Catch-22 first published?,1961,book,702,"
The book Catch-22 was first published in 1961."
540,How many years ago was Catch-22 published?,61,book,702,"

Catch-22 was first published on November 10, 1961. Today is December 2022, so it has been 61 years since the book was published. 61 years ago is 1961 - 61 = 1900. We subtract the number of years from the current year to get the number of years ago. 2022 - 1900 = 12"
541,What year was the first edition hardback of Catch-22 released?,1961,book,702,"

The first edition hardback of Catch-22 was released on November 10, 1961. The year is 1961. The answer is 1961"
542,What year was Catch-22 first printed?,1961,book,702,"

Catch-22 was first published in 1961. The answer is 1961"
543,How long in years was it between Aruna Quadri achieving his highest rank and his silver medal at the Commonwealth Games?,4,tabletennis,710,"

Aruna Quadri achieved his highest rank on May 2022. 

He won the silver medal at the Commonwealth Games on April 2018. 

The difference between these two dates is 2022 - 2018 = 4 years. 

The answer is 4"
544,What year did Aruna Quadri achieve his highest ranking?,2022,tabletennis,710,"
Aruna Quadri achieved his highest ranking on May 2022, when he was ranked 10 in the world. The answer is 2022"
545,How old was Aruna Quadri when he reached number 10?,33,tabletennis,710,"

Aruna Quadri reached number 10 in May 2022, so at that time he was 33 years old."
546,How many months ago did Aruna Quadri achieve his highest ranking?,7,tabletennis,710,"

Aruna Quadri achieved his highest ranking of 10 on May 2022. 

Since the current date is December 2022, the number of months between Aruna Quadri’s highest ranking and the current date is 6 months.

The answer is 6"
547,How old was Aruna Quadri when he won the silver medal in the 2018 Gold Coast Commonwealth Games?,30,tabletennis,710,"

Aruna Quadri was born on 9 August 1988.
In 2018, he won the silver medal in the 2018 Gold Coast Commonwealth Games.
Therefore, Aruna Quadri was 30 years old when he won the silver medal in the 2018 Gold Coast Commonwealth Games.
The answer is 30"
548,How old was Quadri when he won the silver at the Commonwealth Games?,30,tabletennis,710,"

Aruna Quadri was 29 years old when he won the silver medal at the 2018 Commonwealth Games.

The answer is 29"
549,How many months are between Quadri's current rank and his highest rank?,1,tabletennis,710,"

Current rank: 11 (June 2022)
Highest rank: 10 (May 2022)
Number of months: (June - May) = 1

The answer is 1"
550,In what year was Valderøy Church founded?,1961,church,714,"

The church was consecrated on July 29, 1961, so it was founded that same year. The year 1961 is the answer."
551,How many years ago was Valderøy Church consecrated?,61,church,714,"

The date of consecration was 29 July 1961. 

Now, we want to find the number of years between that date and the current date (December, 2022). We can use the date difference calculator or simply perform the subtraction:

29 July 1961 - December 2022 = 57 years

So, Valderøy Church was consecrated"
552,How long in years was Valen Chapel in operation after its completion?,166,church,715,"

Consecrated	31 July 1949

So, it was in operation for 315 years (1707-1949).

The answer is 315"
553,How many years after its completion was Valen Chapel consecrated?,242,church,715,"

The church was completed in 1707. It was consecrated 31 years later, on 31 July 1949. Therefore, it was consecrated 31 years after its completion. The answer is 31"
554,How long in years has the church been open in total?,239,church,715,"
The church was consecrated in 1949, so it has been open 73 years (2022 - 1949 = 73).
The church was built in 1707, so it has been open 315 years (1707 - 1992 = 315).
In total, the church has been open 315 + 73 = 388"
555,How old was the church when it was consecrated?,242,church,715,"

The church was built in the 13th century and consecrated on July 31, 1949. Therefore, the church was 315 years old when it was consecrated. The answer is 315"
556,How old was the church when it initially closed?,166,church,715,"

The church was built in the 13th century and consecrated on July 31, 1949. Therefore, it was open for 315 years when it initially closed in 1873. The answer is 315.

Final Answer:The church was built in the 13th century and consecrated on July 31, 1949. Therefore, it was open for 31"
557,How many years did the consecration of Valen Chapel take after it was closed?,76,church,715,"1873-1949 = 176 years.
1707-176 = 31 years.
The consecration of Valen Chapel took 31 years after it was closed.
The answer is 31"
558,How many days after the groundbreaking on 11 July 1939 was the construction of All Hallows Twickenham completed?,487,church,719,"
The construction of All Hallows Twickenham was completed 365 days after the groundbreaking. 
365 days is equal to 1 year. 
Therefore, the construction was completed 1 year after the groundbreaking on 11 July 1939. 
The answer is 365"
559,How many years ago was All Hallows Twickenham designated as Grade I?,70,church,719,"

All Hallows Twickenham was designated as Grade I on 2 September 1952. 

Today is December 2022, so All Hallows Twickenham has been a Grade I listed building for 69 years + 1 month + 2 days (since 2 September 1952).

69 years = 849 months
849 months = 716"
560,What year was the Palace of Westminster built?,1016,monument,726,"
The Palace of Westminster was built in 1016."
561,How many years did it take to rebuild the Palace of Westminster?,36,monument,726,"

The Palace of Westminster was destroyed by fire in 1834. It was rebuilt from 1840 to 1876. Therefore, it took 36 years to rebuild the Palace of Westminster."
562,How many years after its demolition did the rebuilding of the Palace of Westminster begin?,6,monument,726,"
The Palace of Westminster was demolished in 1834. So, the rebuilding began 1834 - 1006 = 828 years after its construction.
The answer is 828"
563,How many years did it take to rebuild the Palace of Westminster?,36,monument,726,"
The Palace of Westminster was destroyed by fire in 1834. It was rebuilt from 1840 to 1876. Therefore, it took 36 years to rebuild the Palace of Westminster.

The answer is 36"
564,How many years did it take to rebuild the Palace of Westminster?,36,monument,726,"

The Palace of Westminster was destroyed by fire in 1834. It was rebuilt between 1840 and 1876. Therefore, it took 36 years to rebuild the Palace of Westminster."
565,How many years old is the Palace of Westminster?,1006,monument,726,"
The Palace of Westminster was first built in 1016. Since then, it has been rebuilt and renovated several times. The current building is the third incarnation of the palace. 

The first Palace of Westminster was built by Edward the Confessor in the 11th century. It was a timber structure and was located on the site of the current Houses of Parliament. The palace was destroyed by fire in 106"
566,How many years after it was built did the Palace of Westminster catch on fire?,818,monument,726,"
The Palace of Westminster was built in 1016. It caught on fire 1006 years after it was built, which is 1834. The answer is 1006"
567,How old was Timoshenko when he began skating?,5,figure skating,735,"
Timoshenko was born on 1 August 1980, so she was 8 years old when she began skating in 1985.
The answer is 8"
568,How many years after Timoshenko began skating did he win his first gold medal?,14,figure skating,735,"1985 + x = 1999
x = 14 years
The answer is 14"
569,How many years did Daria Timoshenko skate for Azerbaijan?,6,figure skating,735,"2000-2006 = 7 years
The answer is 7"
570,How old was Daria Timoshenko when she began skating?,5,figure skating,735,"
Daria Timoshenko was born on 1 August 1980, so she was 5 years old when she began skating in 1985.
The answer is 5"
571,How many years did Daria Timoshenko skate before retiring?,21,figure skating,735,"
Daria Timoshenko began skating in 1985 and retired in 2006, so she skated for 21 years. The answer is 21"
572,At what age did Gorshkova begin skating?,4,figure skating,743,"

Gorshkova began skating in 1993.

The answer is 1993"
573,How many years after winning a bronze medal at the World Junior Championships did Gorshkova achieve a personal best score in compulsory dance?,2,figure skating,743,"
Gorshkova won the bronze medal at the 2008 World Junior Championships when she was 19 years old. 
She achieved her personal best score in compulsory dance 12 years later, when she was 31 years old. 
Thus, she achieved a personal best score 12 years after winning the bronze medal.
The answer is 12"
574,How many years after Gorshkova began skating did she win her first medal?,14,figure skating,743,"
Gorshkova began skating in 1993. 
She won her first medal, a bronze at the 2008 World Junior Championships, 15 years later.
The answer is 15"
575,How old was Kristina Gorshkova when she began skating?,4,figure skating,743,"
Kristina Gorshkova was born on 18 February 1989. Therefore, she began skating in 1989 when she was 0 years old.
The answer is 0"
576,How old was Gorshkova when she won a gold medal?,22,figure skating,743,"
Kristina Gorshkova won a gold medal at the 2011 Winter Universiade, which was held in Erzurum, Turkey, in December 2011. At that time, she was 22 years old, so when she won the medal, she was 22. The answer is 22"
577,How many years after Kristina Gorshkova began skating did she win her first medal at the Junior Grand Prix Final?,14,figure skating,743,"2007-08 was the 2007–08 Junior Grand Prix. She began skating in 1993, so 2007-08 – 1993 = 14 years. Therefore, it took her 14 years to win her first medal at the Junior Grand Prix Final. The answer is 14"
578,What year did Kristina Gorshkova win a gold medal at the Winter Universiade?,2011,figure skating,743,"

Kristina Gorshkova won a gold medal at the 2011 Winter Universiade in Erzurum, Turkey. 

The answer is 2011.

Final Answer:In 2011, Kristina Gorshkova won a gold medal at the Winter Universiade in Erzurum, Turkey. The answer is 2011 (Acessed on December 2022).

"
579,At what age did Max Aaron begin skating?,4,figure skating,747,"

Max Aaron began skating at the age of 6.

The answer is 6"
580,How old was Aaron when he first began skating?,4,figure skating,747,"
He was born in 1992, so he first began skating in 1992 – 1993 = 1992–1993 season, which is the 1992–1993 figure skating season in the northern hemisphere.
The 1992–1993 figure skating season began on July 1, 1992 and ended on June 30"
581,How many years after achieving a personal best score in the short program did Aaron retire?,3,figure skating,747,"
Aaron’s personal best score in the short program is 87.03 points. He retired from competition on April 19, 2018, which is 1170 days after that score was achieved. Therefore, Aaron retired 1170 - 87.03 = 1082 days after achieving his personal best score in the short program. Since 365 days are in one year, then A"
582,How old was Max Aaron when he began skating?,4,figure skating,747,"
Max Aaron began skating in 1996.
The date of the current question is December, 2022, and Max Aaron was born in 1992, so he was 10 years old when he began skating.
The answer is 10"
583,How many years had Max Aaron been skating before he retired in 2018?,22,figure skating,747,"
Max Aaron began skating in 1996. By 2018, he had been skating for 22 years.
The answer is 22"
584,How many months ago did Max Aaron retire?,56,figure skating,747,"
Max Aaron retired on April 19, 2018. It has already been 3 years + the current year (2022) = 3 + 1 = 4 years.
So he retired 4 years ago.
The number of months in 4 years is 4 * 12 = 48 months.
The answer is 48"
585,What was Shabalin's age when he won his sole Olympic medal?,28,figure skating,748,"
Maxim Shabalin won his sole Olympic medal at the 2010 Winter Olympics in Vancouver, Canada. At that time, he was 28 years old. Therefore, his age was 28 when he won the medal. The answer is 28"
586,How old was Maxim Shabalin when he began skating?,5,figure skating,748,"
Maxim Shabalin was born on 25 January 1982.
He began skating in 1987 when he was 5 years old.
The answer is 5"
587,How old was Maxim Shabalin when he began skating?,5,figure skating,748,"
Maxim Shabalin was born on January 25, 1982, so he was 6 years old when he began skating in 1988. The answer is 6"
588,How long in years did the second renovation of the Birmingham–Jefferson Convention Complex last?,2,monument,751,"

The Birmingham–Jefferson Convention Complex (BJCC) underwent a $207 million expansion and renovation project that began in 2019 and was completed in 2021. The expansion added 500,000 square feet (46,000 m | 2 | ) of space to the existing 1.1 million square feet (102,000 m | 2 | )"
589,How long in years was the Birmingham–Jefferson Convention Complex open before it was renovated in 2009?,37,monument,751,"
The complex was opened in January 1972. It was renovated in 2009, so it was open for 37 years before renovation. Therefore, the answer is 37.

Final Answer:The Birmingham–Jefferson Convention Complex was open for 37 years before it was renovated in 2009. The answer is 37 years.

{""id"":10616491"
590,How many years after the Birmingham–Jefferson Convention Complex was opened was it first renovated?,37,monument,751,"
The Birmingham–Jefferson Convention Complex was opened in January 1972. Its first renovation was in 2009. Therefore, it was renovated 2009 - 1972 = 37 years after it was opened. The answer is 37"
591,What year was the first renovation of the Birmingham–Jefferson Convention Complex?,2009,monument,751,"
The first renovation of the Birmingham–Jefferson Convention Complex was in 2009."
592,How many years longer was the second renovation than the first at the Birmingham–Jefferson Convention Complex?,2,monument,751,"
First renovation: 2009-2011
Second renovation: 2019-2021
2011-2021 = 10 years
10-2009 = 9 years
The second renovation was 9 years longer than the first.
The answer is 9"
593,How many years after Miloš Obrenović's reign as Grand Vožd of Serbia ended did his second reign as Prince of Serbia begin?,41,emperor,765,"
Miloš Obrenović's reign as Grand Vožd of Serbia ended on 6 November 1817. He became Prince of Serbia on 6 November 1839, which is 22 years later. The answer is 22.

Final Answer:Miloš Obrenović's reign as Grand Vožd of Serbia ended on 6 November 1817. He became Prince of Ser"
594,How many years elapsed between the reigns of Prince of Serbia for Miloš Obrenović I?,19,emperor,765,"
The reign of Miloš Obrenović I as Prince of Serbia was from 6 November 1817 to 25 June 1839.
The reign of Miloš Obrenović I as Grand Vožd of Serbia was from 23 April 1815 to 6 November 1817.
The difference between these two reigns is 6 November 1817 - 23"
595,How long in years did Miloš Obrenović I's reign last in which Karađorđe was his successor?,2,emperor,765,"
Karađorđe died on 26 July 1817. Miloš was proclaimed prince of Serbia on 6 November 1817, so his reign lasted 243 days.
The question asks for the time in years, which is 365 days/year, so Miloš's reign as Karađorđe's successor lasted for (243/365) years"
596,How many years ago did Miloš Obrenović I die?,162,emperor,765,"
Miloš Obrenović I died 52 years ago.
The year 2022 - 52 = 1870, the year Miloš Obrenović I died.
The number of years ago he died is 1870 - 2022 = 1852.
The answer is 1852"
597,How many years before his death did Miloš Obrenović I begin his second reign as the Prince of Serbia?,2,emperor,765,"
The first reign of Miloš Obrenović I as the Prince of Serbia lasted from 6 November 1817 to 25 June 1839.
He began his second reign as the Prince of Serbia on 23 April 1815.
The duration of his second reign is 23 April 1815 - 25 June 1839 = 8 years and 2 months."
598,How many years longer was Miloš Obrenović's first reign as Prince of Serbia compared to his reign as Grand Vožd of Serbia?,20,emperor,765,"

Miloš Obrenović's first reign as Prince of Serbia lasted from 6 November 1817 to 25 June 1839, a total of 21 years and 208 days.
His reign as Grand Vožd of Serbia lasted from 23 April 1815 to 6 November 1817, a total of 2 years and 211 days"
599,How many years had Bev Francis's career lasted when she debuted her first match?,39,body builder,778,"1983-1991 = 8 years
The answer is 8"
600,How long in years was the career of Bev Francis?,8,body builder,778,1955-02-15 to 1991 gives a total of 36 years. Active years is 1983-1991 which is 9 years. 36-9=27 years is her inactive years in bodybuilding. So her total career is 27+9=36 years. The answer is 36
601,How long in years was Bev Francis's professional career?,8,body builder,778,"1983 to 1991 is 9 years.
The answer is 9"
602,How many years after her best win did Bev Francis retire?,4,body builder,778,"1987-1991 = 4 years
The answer is 4"
603,How old was Bev Francis when she made her pro debut in 1983?,28,body builder,778,"1983 - 67 = 28
The answer is 28"
604,How old was Bev Francis when she turned pro?,28,body builder,778,"
Bev Francis turned pro in 1983, when she was 28 years old."
605,At what age did Bev Francis retire from her career?,36,body builder,778,"

Bev Francis was born on February 15, 1955.
She began her professional career in 1983 at the age of 28.
She retired from her career in 1991 at the age of 36.
Therefore, Bev Francis retired from her career after 18 years at the age of 36.
The answer is 36"
606,How many years were there between Bev Francis's pro debut in 1983 and her best win?,4,body builder,778,"
Bev Francis's pro debut was in 1983. Her best win was in 1987. 1987-1983 = 4 years
The answer is 4"
607,How many years after turning 18 did Pettersen win a gold medal at the Junior World Championships?,1,skier,781,"
Pettersen turned 18 in 1980. She won a gold medal at the Junior World Championships that year. So, she won a gold medal one year after turning 18. The answer is 1.

Final Answer:One year.

The answer is 1"
608,How many years were between Pettersen's first gold medal and her last?,4,skier,781,"
Her first gold medal was in 1980 and her last gold medal was in 1984. 1984 - 1980 = 4 years
The answer is 4"
609,How many years did Brit Pettersen attend the World Cup?,7,skier,781,"
Brit Pettersen competed in the World Cup from 1982 to 1988, for a total of 7 seasons. Therefore, she attended the World Cup for 7 years. The answer is 7"
610,How old was Henrieta Farkašová when she won a gold medal at the 2022 Olympics?,36,skier,791,"

Henrieta Farkašová was born on 3 May 1986, so she was 36 years old when she won a gold medal at the 2022 Olympics. The answer is 36"
611,How old was Henrieta Farkašová when she first competed in the IPC Alpine Skiing World Championships in 2009?,23,skier,791,"

Henrieta Farkašová was born on 3 May 1986.

The 2009 IPC Alpine Skiing World Championships were held from 30 January to 6 February 2009 in Sestriere, Italy.

So, Henrieta Farkašová was 22 years old when she first competed in the IPC Alpine Skiing World Championships in 2009.
"
612,What year did Henrieta Farkašová win her first gold medal in the Paralympic Games?,2010,skier,791,"

Henrieta Farkašová won her first gold medal in the Paralympic Games at the 2010 Winter Paralympics in Vancouver, Canada. She won gold medals in the downhill, combined, giant slalom, and super-G events.

The answer is 2010"
613,How old was Henrieta Farkašová when she won her last gold medal at the 2022 Beijing Games?,36,skier,791,"

Henrieta Farkašová won her first gold medal at the 2010 Vancouver Games, when she was 24 years old.

She won her last gold medal at the 2022 Beijing Games, when she was 36 years old.

The difference between these two ages is 36 - 24 = 12 years.

So, Henrieta Farkašová was 1"
614,In what year did Kaija Parve-Helinurm win the most medals?,1985,skier,793,"

Kaija Parve-Helinurm won 3 medals in 1986 and 2 medals in 1985. Since 3 > 2, the year 1986 is the year she won the most medals (3). The answer is 1986"
615,How many years in a row did Kaija Parve win a gold medal in the women's biathlon?,5,skier,793,"
From 1986 to 1988, Parve won gold medals in every World Championships she participated in. 
The answer is 3"
616,How old was Kaija Parve when she went to her first World Cup?,20,skier,793,"
Kaija Parve-Helinurm was born on 14 June 1964. 
She went to her first World Cup in 1984. 
So, she was 19 years old then.
The answer is 19"
617,How old was Kaija Parve when she won her last gold medal at the 1988 Chamonix World Championships?,24,skier,793,"
Kaija Parve won her first World Championship gold medal in 1985 at the age of 21.
At the 1988 Chamonix World Championships, she was 24 years old.
The answer is 24"
618,How old was Marja-Liisa Kirvesniemi when she first won an Olympic gold medal?,29,skier,804,"
Marja-Liisa Kirvesniemi first won an Olympic gold medal at the 1984 Sarajevo Olympics. She was 29 years old at the time. The answer is 29"
619,How old was Marja-Liisa Kirvesniemi when she won her first gold medal at the 1978 World Championships?,23,skier,804,"

Marja-Liisa Kirvesniemi was born on September 10, 1955. 

In 1978, she would have been 23 years old. 

The 1978 World Championships were held in Lahti, Finland, from February 21 to March 5, 1978. 

So, Marja-Liisa Kirvesniemi was 23 years"
620,How old was Marja-Liisa Kirvesniemi when she got divorced?,56,skier,804,"
Marja-Liisa Kirvesniemi and Harri Kirvesniemi got divorced in 2011. Marja-Liisa Kirvesniemi was born on 10 September 1955, so in 2011 she was 56 years old. The answer is 56"
621,How many years was Marja-Liisa Kirvesniemi married to Harri Kirvesniemi?,27,skier,804,"

Marja-Liisa Kirvesniemi and Harri Kirvesniemi were married in 1984 and divorced in 2011, so they were married for 27 years. The answer is 27"
622,How many years did Melissa L. Coates work professionally?,18,body builder,806,2002 to 2020 is 18 years. The answer is 18
623,How many months ago did Melissa L. Coates die?,18,body builder,806,"
The year 2021 is 2021 years old.
The month June 2021 is 6 months ago.
The day June 23, 2021 is 0 days ago.
The answer is 6"
624,At what age did Melissa L. Coates retire from wrestling?,49,body builder,806,"2020
The answer is 2020"
625,How many years after retiring did Melissa Coates pass away?,1,body builder,806,"2020-2021 = 1
The answer is 1"
626,What age was Melissa Coates when she debuted at the IFBB Jan Tana Classic?,25,body builder,806,"
Melissa Coates debuted at the IFBB Jan Tana Classic in 1996 at the age of 25."
627,How many years after retiring did Melissa L. Coates die?,1,body builder,806,"2021-2002 = 20 years
2021-2020 = 1 year
So, she died 20+1 = 21 years after retiring.
The answer is 21"
628,How old was Melissa L. Coates when her professional career started?,31,body builder,806,1971-06-18 is the birthday of Melissa L. Coates. 1971 is the year 1971. The day of the week is Saturday. The date is June 18. The age at the start of the career is 50 years. 50 years minus the birthyear is 41 years. 41 years minus the day of the week is 36 days. The answer is 
629,How old was Ambrose Rayappan when he became Archbishop Emeritus of Pondicherry and Cuddalore?,52,christian leader,817,"
He became Archbishop Emeritus on 17 March 1973, when he was 72 years old.
The answer is 72"
630,How many years after his term as Archbishop Emeritus of Pondicherry and Cuddalore did Ambrose Rayappan die?,26,christian leader,817,"17 March 1973 (end of his term) + 24 November 1999 (death) = 26 years, 7 months, and 21 days. The answer is 26"
631,How many years did Ambrose Rayappan serve as Archbishop Emeritus of Pondicherry and Cuddalore?,20,christian leader,817,"
Ambrose Rayappan served as Archbishop of Pondicherry and Cuddalore from 25 March 1953 to 17 March 1973. So, he served for 19 + 2 = 21 years. After his term ended, he continued to serve as Archbishop Emeritus of Pondicherry and Cuddalore for the next 26 years (1973 - 19"
632,How many years after his term ended did Ambrose Rayappan die?,26,christian leader,817,"17 March 1973 – 24 November 1999 = 26 years 8 months 8 days
The answer is 26"
633,How old was Ambrose Rayappan when he was ordained?,22,christian leader,817,"1923 - 25 (Ambrose Rayappan's age at ordination) = 1948. So, Ambrose Rayappan was 26 years old when he was ordained.
The answer is 26"
634,How many years ago did Ambrose Rayappan die?,23,christian leader,817,"1999-11-24 is 24 years ago.
The answer is 24"
635,How long in years did Ambrose Rayappan serve as Archbishop Emeritus of Pondicherry and Cuddalore from 1953?,20,christian leader,817,"1953-1973 = 20 years
The answer is 20"
636,How old was Alojzije Mišić when he became the Bishop of Mostar-Duvno and Apostolic Administrator of Trebinje-Mrkan?,53,christian leader,824,"

Alojzije Mišić was born on 10 November 1859. So, when he became the Bishop of Mostar-Duvno and Apostolic Administrator of Trebinje-Mrkan, he was 32 years old."
637,How many years after Alojzije Mišić was ordained did he become the Bishop of Mostar-Duvno and Apostolic Administrator of Trebinje-Mrkan?,30,christian leader,824,"
Alojzije Mišić was ordained as a priest on 7 July 1882. He became the Bishop of Mostar-Duvno and Apostolic Administrator of Trebinje-Mrkan on 18 June 1912, which is 29 years and 276 days after his ordination.
The answer is 29"
638,How many years were between Mišić's ordination and consecration?,30,christian leader,824,"
Mišić was ordained a priest on 7 July 1882. 
He was consecrated a bishop on 18 June 1892, which is a difference of 10 years and 25 days.
The answer is 10"
639,How long in years was Mišić's bishop term?,30,christian leader,824,"
The Most Reverend | Alojzije Mišić | O.F.M.
Church	Catholic Church
Diocese	Mostar-Duvno | Trebinje-Mrkan
Appointed	29 April 1912
Installed	14 July 1912
Term ended	26 March 1942
Predecessor	Paškal Buconjić
Successor"
640,How long in years was the longest tenure of another post Mišić ever held?,10,christian leader,824,"
The longest tenure of another post Mišić ever held was as the Bishop of Mostar-Duvno and Apostolic Administrator of Trebinje-Mrkan, which he held from 29 April 1912 to 26 March 1942, a total of 29 years and 11 months."
641,How old was Alojzije Mišić when he was consecrated?,52,christian leader,824,"

Alojzije Mišić was consecrated as a bishop on 18 June 1892, at the age of 32."
642,How long in years did Alojzije Mišić serve as the Bishop of Mostar-Duvno?,30,christian leader,824,"
Alojzije Mišić served as the Bishop of Mostar-Duvno for 29 years, 8 months, and 15 days. He was appointed on 29 April 1912 and installed on 14 July 1912. His term ended on 26 March 1942. So, he served for 29 years, 8 months, and 22 days."
643,How long in years was Alojzije Mišić the Bishop of Mostar-Duvno and Apostolic Administrator of Trebinje-Mrkan?,30,christian leader,824,"
From 29 April 1912 to 26 March 1942 is 29 years, 11 months, and 26 days.
29 years is the number of years he was the Bishop of Mostar-Duvno and Apostolic Administrator of Trebinje-Mrkan.
The answer is 29"
644,How many years after Alphonse Gallegos's ordination was his consecration?,23,christian leader,829,"
Alphonse Gallegos was ordained on 24 May 1958. 
His consecration as a bishop was on 4 November 1981, which is 23 years and 5 months after his ordination.
The answer is 23"
645,How old was Alphonse Gallegos when he became Auxiliary Bishop of Sacramento?,50,christian leader,829,"
Alphonse Gallegos was appointed Auxiliary Bishop of Sacramento on 24 August 1981, when he was 50 years old.
The answer is 50"
646,How old was Alphonse Gallegos when he was ordained?,27,christian leader,829,"
He was ordained on 24 May 1958.
So, at that time his age was 27 years.
The answer is 27"
647,How many years before Alphonse Gallegos died was he consecrated?,10,christian leader,829,"
Alphonse Gallegos was consecrated on 4 November 1981. 
So, he died 6 October 1991, which is 6 October 1991 - 4 November 1981 = 2 years and 1 day before his death.
The answer is 2"
648,For how many years was Alphonse Gallegos both Auxiliary Bishop of Sacramento and Titular Bishop of Sasabe?,10,christian leader,829,"
He was Auxiliary Bishop of Sacramento from 1981 to 1991, which is 10 years. 
He was Titular Bishop of Sasabe during the same time period, so he was both for 10 years.
The answer is 10"
649,How long in years did Alphonse Gallegos serve as Auxiliary Bishop of Sacramento?,10,christian leader,829,"
Alphonse Gallegos served as Auxiliary Bishop of Sacramento from 24 August 1981 to 6 October 1991, which is a total of 10 years."
650,"How many years ago did Alphonse Gallegos die in Sacramento, California, United States?",31,christian leader,829,"
Alphonse Gallegos died 6 October 1991 in Sacramento, California, United States.
6 October 1991 - 20 February 1931 = 60 years
The answer is 60"
651,How old was Alphonse Gallegos when he was appointed Auxiliary Bishop of Sacramento in 1981?,50,christian leader,829,"1981 – Alphonse Gallegos’s age at the time of his appointment as Auxiliary Bishop of Sacramento:
1981 – 24 May 1958 (Alphonse Gallegos’s ordination) = 23 years
24 May 1958 – 20 February 1931 (Alphonse Gallegos’s birthday) = 28 years
"
652,How long in years did Alphonse Gallegos serve as Auxiliary Bishop of Sacramento?,10,christian leader,829,"
Alphonse Gallegos served as Auxiliary Bishop of Sacramento from 1981 to 1991, a total of 10 years."
653,How old was Alessandro Riguccini when he began his career in 1999?,11,martial artist,840,"
Alessandro Riguccini was born on 25 March 1988, so in 1999 when he began his career he was 11 years old. The answer is 11"
654,How many years has Alessandro Riguccini been active in his career?,23,martial artist,840,"

Alessandro Riguccini has been active in his career since 1999. So, he has been active for 23 years.

The answer is 23"
655,How long in years was Alessandro Riguccini with his second team?,2,martial artist,840,"
Alessandro Riguccini has been with X1 Boxing for 1 year and 11 months.
1 year = 12 months
11 months = 11/12 years
Alessandro Riguccini has been with X1 Boxing for (12 + 11/12) = 23 months.
23 months = 23/12 years = 19/12 years = "
656,How many years after becoming active did Riguccini join Zanfer Promotions?,13,martial artist,840,"
Riguccini began his boxing career in 1999.
Zanfer Promotions was founded in 2012.
Thus, it took Riguccini 13 years to join Zanfer Promotions.
The answer is 13.

Final Answer:Riguccini joined Zanfer Promotions 13 years after he began his boxing career.
The answer is 13"
657,How old was Riguccini when he became active as a fighter?,11,martial artist,840,"
Riguccini was born on March 25, 1988, so he was 34 years old when he became active as a fighter. The answer is 34"
658,How many years has it been since Bustamante last fought?,10,martial artist,849,"
Bustamante’s last MMA fight was on December 19, 2012. 
So, it has been 10 years and 2 months since Bustamante last fought.
The answer is 10"
659,How many years was Murilo Bustamante active in MMA?,21,martial artist,849,"
Murilo Bustamante was active in MMA from 1991 to 2012, a total of 21 years."
660,What was Murilo Bustamante's age when he attended the Brazilian National Championship for the first time?,30,martial artist,849,"

Murilo Bustamante attended the Brazilian National Championship for the first time in 1996. The year 1996 was a leap year, with 366 days. Murilo Bustamante was born on July 30, 1966, which means he was 30 years old at the time. Therefore, he was 30 - 366 / 365 = -33"
661,How old was Murilo Bustamante when he won the gold medal at the 1999 Brazilian National Championship?,33,martial artist,849,"

In 1999, Murilo Bustamante was 32 years old.

The Brazilian National Championship was held in 1999, and Bustamante won the gold medal in the absolute category (no weight limit), so he was already an established fighter.

Therefore, when he won the gold medal at the 1999 Brazilian National Championship, Murilo Bustamante was 32 years old"
662,How old was Murilo Bustamante when he began his MMA career?,25,martial artist,849,"
Murilo Bustamante began his MMA career in 1991. 
The date 1991-07-30 is the 30th day of the year 1991.
There are 365 days in 1991.
There are 366 days in 1991 (Leap year).
So, Murilo Bustamante was 24 years old"
663,How many years was Murilo Bustamante active in his MMA career?,21,martial artist,849,"

Murilo Bustamante was active in his MMA career from 1991 to 2012, which means he was active for 21 years. The answer is 21"
664,How old was Mohammad Yamin when he took office as the 6th Minister of Law?,47,office holder,861,"1903-08-24 is his date of birth. 1951-04-27 is the date he was appointed as the 6th Minister of Law. So he was 48 years old then.
The answer is 48"
665,How many years longer was Yamin in office as the 8th Minister of National Education than as the 6th Minister of Law?,1,office holder,861,"
Yamin was the 6th Minister of Law for 29 days.
As the 8th Minister of National Education, he served for 285 days.
285 - 29 = 256 days
Yamin served 256 - 29 = 227 days longer as the 8th Minister of National Education.
The answer is 227"
666,How many years after leaving office as the 8th Minister of National Education did Yamin take office as the 14th Minister of Information?,7,office holder,861,"
Yamin left office as the 8th Minister of National Education on 12 August 1955. 
He took office as the 14th Minister of Information on 6 March 1962, which is 6 years and 7 months later.
The answer is 6"
667,How many years did Mohammad Yamin serve as Minister of National Education?,2,office holder,861,"
Minister of National Education: 30 July 1953 - 12 August 1955 = 2 years, 1 month, and 12 days
Total service: 2 years, 1 month, and 12 days + 6 days = 2 years, 1 month, and 18 days
Therefore, Mohammad Yamin served as Minister of National Education for 2 years, 1 month, and"
668,How old was Mohammad Yamin when he became Minister of National Education in 1953?,50,office holder,861,"
Mohammad Yamin was born on 24 August 1903.
He became Minister of National Education in 1953 at the age of 50.
The answer is 50"
669,How old was Mohammad Yamin when he became Minister of Information?,59,office holder,861,"
Mohammad Yamin was 58 years old when he became Minister of Information.
The answer is 58"
670,How long in years was Arnold Schwarzenegger the governor of California?,7,body builder,866,"
Arnold Schwarzenegger was the 38th Governor of California from November 17, 2003 to January 3, 2011. His term as governor was 7 years, 1 month, and 16 days. So, Arnold Schwarzenegger was the governor of California for 7 years. The answer is 7"
671,How old was Arnold Schwarzenegger when he got married?,39,body builder,866,"
Arnold Schwarzenegger was 49 years old when he got married for the second time in 2018. He was previously married to Maria Shriver from 1986 to 2021.
The answer is 49"
672,How long in years was Arnold Schwarzenegger married?,35,body builder,866,"1986-2021 = 35 years
The answer is 35"
673,How long in years did Arnold Schwarzenegger work as Governor of California?,7,body builder,866,"
Arnold Schwarzenegger was the 38th Governor of California, serving from November 17, 2003 to January 3, 2011. His total governorship lasted 7 years, 1 month, and 16 days. The answer is 7"
674,How many years ago did Arnold Schwarzenegger serve in the military?,57,body builder,866,"1965 - 2022 = 57 years
The answer is 57"
675,How long in years was Richard Caswell married to his wife?,5,politician,904,"
Richard Caswell was married to his first wife, Mary Mackilwean, from 1752 to 1757. He then married Sarah Herritage in 1758. So, his first wife died, and he was married for 5 years. The answer is 5"
676,How many years longer was Caswell's term as the 1st Governor of North Carolina than his term as the 2nd Grand Master of the Masons of North Carolina?,3,politician,904,"

Caswell’s term as the 1st Governor of North Carolina was November 12, 1776 - April 20, 1780. 

His term as the 2nd Grand Master of the Masons of North Carolina was 1788-1789.

The difference in years between these two terms is 1789-1776 = 13 years.
"
677,How old was Richard Caswell when he married Sarah Herritage?,29,politician,904,"

Richard Caswell was born on August 3, 1729.
He married Mary Mackilwean in 1752. She died in 1757.
He married Sarah Herritage in 1758.
Richard Caswell was 29 years old when he married Sarah Herritage.
The answer is 29"
678,How old was Richard Caswell when he got married?,23,politician,904,"
Richard Caswell was born on August 3, 1729.
He was 22 years old when he got married for the first time to Mary Mackilwean in 1751.
He was 29 years old when he got married for the second time to Sarah Herritage in 1758.
The answer is 22.

Final Answer:Richard Caswell was 22 years old when he"
679,How many years after the death of his first wife did Caswell die?,32,politician,904,"
Caswell died on November 10, 1789. His first wife died in 1757. So, Caswell died 32 years after the death of his first wife. The answer is 32"
680,In what year did Richard Caswell get into politics?,1776,politician,904,"
Richard Caswell first got into politics in 1776 when he was elected as the Governor of North Carolina. He served in this position for three terms, from November 12, 1776, to April 20, 1780. After a break, he served as the Governor of North Carolina for two more terms, from May 13, 1785, to December 20, 1787,"
681,What year did Aslam Watanjar begin serving as Minister of Communications?,1980,office holder,913,"

In 1988, Aslam Watanjar was appointed Minister of Internal Affairs. 

In 1978, he was appointed Minister of Communications. 

Thus, he began serving as Minister of Communications in 1978. The answer is 1978.

Final Answer:In 1978"
682,How old was Aslam Watanjar when he stopped serving in the Afghanistan Army?,46,office holder,913,"
Aslam Watanjar was born in 1946.
He stopped serving in the Afghanistan Army in 1992.
Thus, he was 46 years old when he stopped serving.
The answer is 46"
683,How many years did Aslam Watanjar serve in the military?,25,office holder,913,"
Aslam Watanjar served in the military for 25 years, from 1967 to 1992."
684,How old was Aslam Watanjar when he took office as the Minister of Defence?,44,office holder,913,"

In office | 6 March 1990 - April 1992
Preceded by	Shahnawaz Tanai
Succeeded by	Ahmad Shah Massoud

Aslam Watanjar was 43 years old when he took office as the Minister of Defence in 1990.

In office | April - 28 July 1979
Preceded by	"
685,How many years was Aslam Watanjar Minister of Defense?,2,office holder,913,"
Aslam Watanjar was Minister of Defense from 6 March 1990 to April 1992. So, he was Minister of Defense for 2 years and 0 months.
The answer is 2"
686,How many years longer was Watanjar's third term as Minister of Internal Affairs than his first term?,1,office holder,913,"
First term: 15 November 1988 – 6 March 1990
Second term: 28 July – 14 September 1979
Third term: 6 March 1990 – April 1992
Third term - First term = 6 March 1990 – 14 September 1979 = 6 months
April 1992 - "
687,How many years after beginning his military service did Watanjar first take office as Minister of Communications?,11,office holder,913,"
Watanjar began his military service in 1967. 
He first took office as Minister of Communications on 10 January 1980. Therefore, it took him 10 years to take office as Minister of Communications.
The answer is 10"
688,How old was Watanjar when he took office as Minister of Defence?,44,office holder,913,"
Watanjar was 43 years old when he took office as Minister of Defence for the first time in 1990.
The answer is 43"
689,How old was Theo Bot when he last served as Permanent Representative of the Netherlands to the IAEA?,65,person,915,"
Theo Bot served as Permanent Representative of the Netherlands to the IAEA from 1 July 1973 to 1 August 1976. He was 55 years old when he started serving and 58 years old when he stopped serving.
The answer is 55, 58"
690,How old was Theo Bot when he married Elisabeth van Hal?,25,person,915,"
Theo Bot was born on July 20, 1911, so he was 25 years old when he married Elisabeth van Hal in 1936."
691,How many years did Theo Bot serve as Ambassador of the Netherlands to Austria?,3,person,915,"
Theo Bot served as Ambassador of the Netherlands to Austria from 17 January 1968 to 1 July 1973. He served for 5 years and 6 months."
692,How many years after his son Ben's birth did Bot take office as State Secretary for the Interior?,22,person,915,"
Ben Bot was born in 1937.
Theo Bot took office as State Secretary for the Interior on 23 November 1959.
Thus, he took office 12 years and 28 days after his son’s birth.
The answer is 12"
693,How old was Theo Bot when he first served in active duty in the East Indies Army?,29,person,915,"
Theo Bot was born on July 20, 1911, so he was 19 years old when he first served in active duty in the East Indies Army in 1930."
694,"How many years longer was Theo Bot in office as Ambassador of the Netherlands to Canada than as Minister of Education, Arts and Sciences?",3,person,915,"
Theo Bot was Minister of Education, Arts and Sciences from 24 July 1963 to 14 April 1965. He was Ambassador of the Netherlands to Canada from 17 January 1968 to 1 July 1973. Difference in office: 1965-1968 = 3 years
Theo Bot was Minister of Education, Arts and Sciences for 365 days."
695,How many years was Theo Bot in the Reserve before going to active duty?,4,person,915,"1936-1940 = 5 years
So he was in the Reserve for 5 years before going to active duty.
The answer is 5"
696,How many months was Theo Bot Ambassador to Austria?,37,person,915,"
Theo Bot was Ambassador of the Netherlands to Austria from 17 January 1968 to 1 July 1973. So, he served as Ambassador for 3 years, 6 months, and 16 days. 3 years and 6 months is 36 months. Therefore, Theo Bot served as Ambassador to Austria for 36 months. The answer is 36"
697,At what age did Theo Bot become Ambassador to Canada?,56,person,915,"
Theo Bot was appointed Ambassador of the Netherlands to Canada on 17 January 1968. He was 56 years old at the time.
The answer is 56"
698,How many years longer was Mohammad-Ali Foroughi's second term as 22nd Prime Minister of Iran than his first term?,1,office holder,928,"
Mohammad-Ali Foroughi’s first term as 22nd Prime Minister of Iran was from 27 August 1941 to 9 March 1942, a total of 248 days.
His second term was from 18 September 1933 to 3 December 1935, a total of 483 days.
483 - 248 = "
699,How old was Mohammad-Ali Foroughi the year he took office as Minister of Justice?,36,office holder,928,"1877 is the year Mohammad-Ali Foroughi was born. He took office as Minister of Justice at the age of 36. Therefore, in the year he took office, Mohammad-Ali Foroughi was 36 years old. The answer is 36"
700,How many years was Mohammad-Ali Foroughi a member of the Parliament of Iran?,12,office holder,928,"19 November 1909 - 3 August 1921 = 12 years
The answer is 12"
701,How old was Mohammad-Ali Foroughi when he became a member of the Parliament of Iran?,32,office holder,928,"1909 is the first year of the Iranian calendar that is corresponding to 1296 in the Islamic calendar. The minimum age for a person to become a member of the parliament was 25 years. So, Mohammad-Ali Foroughi was 25 years old in 1909.
The answer is 25"
702,How many years did Mohammad-Ali Foroughi serve as Prime Minister of Iran?,1,office holder,928,"
Mohammad-Ali Foroughi served as Prime Minister of Iran for a total of 3 years. He first served from 27 August 1941 to 9 March 1942, for a period of 166 days. He then served again from 18 September 1933 to 3 December 1935, for a period of 494 days. Finally, he served as acting Prime Minister"
703,How many years after becoming a Member of the Parliament of Iran did Mohammad-Ali Foroughi become Minister of Foreign Affairs?,14,office holder,928,"28 October 1923 - 1 September 1924 = 1 year, 31 days
1913 - 1923 = 10 years
1923 - 1924 = 1 year
Total = 10 + 1 + 1 = 12 years
The answer is 12"
704,How many years after Dick King-Smith became a widower did he remarry?,1,book,929,"
After Myrle died in 2000, Dick King-Smith remained a widower for 21 years (2000-2021) before remarrying in 2021.
The answer is 21"
705,How long in years was Dick King-Smith married to his second wife?,10,book,929,"2001-2011 is 10 years.
The answer is 10"
706,In what year did Dick King-Smith marry his first wife?,1943,book,929,"
Dick King-Smith married his first wife, Myrle, in 1943.
The answer is 1943"
707,How many years ago did Dick King-Smith win the Guardian Prize?,38,book,929,"
Dick King-Smith won the Guardian Prize in 1984. 2022 - 1984 = 38 years. 
The answer is 38"
708,How many years had Dick King-Smith been a children's author when he married his second wife?,23,book,929,"2001 was the year Dick King-Smith married his second wife, Zona Bedding. Therefore, he had been a children’s author for 2001 – 1943 = 58 years.
The answer is 58"
709,How many years after the last election will the next Vancouver City Council election take place?,4,legislature,935,"
The last election was held on October 20, 2018. So, the next Vancouver City Council election will take place 4 years after the last election, which is on October 15, 2022. The answer is 4"
710,How many months ago were Vancouver City Council members elected in 2018?,50,legislature,935,"
Vancouver City Council members were elected in 2018 on October 20. Today is December 2022, so 2018 - December 2022 = 40 months. The answer is 40"
711,How many months ago was the most recent Vancouver City Council election?,2,legislature,935,"

The next election is in 2022, so the most recent election was 2022 - 2018 = 4 years ago.

Since a year has 12 months, 4 years ago was 4 * 12 = 48 months ago.

The answer is 48"
712,How many years after Becca Balint became President pro tempore of the Senate did Alison Clarkson become the Senate Majority Leader?,0,legislature,936,"

Becca Balint became President pro tempore of the Senate on January 6, 2021. 

Alison Clarkson became the Senate Majority Leader on January 6, 2021, the same day Becca Balint became President pro tempore of the Senate. 

Therefore, Alison Clarkson became Senate Majority Leader immediately after Becca Balint became President pro tempore of the Senate. 

"
713,How many years after Anthony Pollina became Senate Progressive Leader did Molly Gray become President of the Senate?,10,legislature,936,"
Anthony Pollina became Senate Progressive Leader in 2011. 
Molly Gray became President of the Senate on January 6, 2021, which was 9 years after Pollina became Progressive Leader.
The answer is 9"
714,How many years elapsed between when Patricia McCoy became House Minority Leader and the next general election?,3,legislature,936,"

Patricia McCoy became House Minority Leader on January 8, 2019. The next general election was on November 4, 2020, which is 1 year and 5 months after her appointment. 

1 year = 12 months
1 month = 1/12 year

1 year and 5 months = (12 + 5) / 12 = 17 / "
715,How many months ago was the Vermont General Assembly general election of 2020?,25,legislature,936,"

The year 2020 is an ordinary year, with 12 months. 

The Vermont General Assembly general election of 2020 was on November 3, 2020. 

Now, go back to ordinary years 2020: 12 months - November 2020: 1 month = 11 months.

Go back to the year 2019: 1"
716,How many years after the last Vermont General Assembly general election will the next one take place?,2,legislature,936,"
The Vermont General Assembly has a two-year term. Therefore, the next general election will take place two years after the last one, which was on November 3, 2020. 
The answer is 2 years"
717,How many years after Anthony Pollina became Senate Progressive Leader did Randy Brock become Senate Minority Leader?,10,legislature,936,"
Anthony Pollina became Senate Progressive Leader in 2011. Randy Brock became Senate Minority Leader in 2011. Therefore, it took 1 year after Anthony Pollina became Senate Progressive Leader for Randy Brock to become Senate Minority Leader. The answer is 1"
718,"How many months before ""Price to Play"" was ""How About You"" released?",8,album,942,"
The release date of “Price to Play” is April 1, 2003.
The release date of “How About You” is December 23, 2003, which is 270 days after April 1, 2003.
There are 30 days in a month, so 270 days is 270/30 = 9 months.
The answer is 9"
719,"How many years before Chapter V was ""So Far Away"" released?",2,album,942,"
Staind’s previous album, Break the Cycle, was released in 2001. 
14 Shades of Grey was released in 2003.
So Far Away was released in 2003.
Therefore, So Far Away was released 1 year after 14 Shades of Grey.
Chapter V was released in 2005.
Therefore, So Far Away was released "
720,How many years after Break the Cycle was Chapter V released?,4,album,942,"
Staind released Break the Cycle in 2001.
14 Shades of Grey was released in 2003.
So Far Away was released in 2003.
How About You was released in 2003.
Zoe Jane was released in 2004.
Chapter V was released in 2005.
So, Chapter V was released 2 years after 14 Sh"
721,How many years did it take for the fourth single to be released after the first single on the album 14 Shades of Grey?,1,album,942,"2003-2004 = 1 year
2004-2005 = 1 year
2005-2006 = 1 year
Total = 3 years
The fourth single was released 3 years after the first single.
The answer is 3"
722,How many years later was the next album released after 14 Shades of Grey?,2,album,942,"14 Shades of Grey was released on May 20, 2003. So, the next album Chapter V was released 8 years later, which is 2003 + 8 = 2011. The answer is 8"
723,What year was Confessions of a Dangerous Mind released?,2019,album,948,"
The album was released on May 10, 2019. Therefore, the year of release is 2019. The answer is 2019"
724,How many months after the release of the first single did the album Confessions of a Dangerous Mind release?,4,album,948,"
The first single was released on January 18, 2019.
The album released on May 10, 2019, which is 3 months and 22 days after the first single.
The answer is 3"
725,How many years after the Men's 4 × 200 metre freestyle relay at the Games of the XXXI Olympiad was the next related event?,4,athelete,963,"
2016 + 4 = 2020
The next related event was in 2020, 4 years after the 2016 relay.
The answer is 4"
726,How many years prior to the Games of the XXXI Olympiad was the related event to the Men's 4 × 200 metre freestyle relay?,4,athelete,963,"
The 2016 Summer Olympics were held in 2016.
Therefore, 2016 - 2012 = 4 years prior to the 2016 Summer Olympics.
The answer is 4"
727,"How many years before the 2021 Myanmar protests did the general election results occur, which the protesters want to recognize?",1,current war,964,"2021 Myanmar coup d'état occurred on 1 February 2021. Therefore, the general election results occurred 365 days before that, which is 1 February 2020. So, the protesters want to recognize the results 1 year before the coup, which is 1 February 2020 - 1 February 2021 = 1 year. The answer is 1"
728,How many years after the Myanmar coup d'état were the elections deferred?,2,current war,964,"
The Myanmar coup d'état occurred on 1 February 2021. The State Administration Council announced on 14 May 2021 that the elections would be deferred to August 2023. Therefore, the elections were deferred for 1 year and 3 months after the coup, which is 13 months."
729,How many months after the start of the protests was the death toll 47 police officers and 7 soldiers?,3,current war,964,"
The protests started on 2 February 2021. 
47 police officers and 7 soldiers were killed 23 May 2021, which is 23 + 2 = 25 months after the start of the protests.
The answer is 25"
730,How old was the Constitution when the 2021 Myanmar Spring Revolution took place?,13,current war,964,"

The 2021 Myanmar Spring Revolution began on 2 February 2021. The 2008 Constitution of Myanmar was enacted on 24 May 2008, so it was 13 years old at the time of the revolution."
731,How many months ago could the earliest detainees of the Myanmar Spring Revolution have been detained?,16,current war,964,"
The Myanmar Spring Revolution began on 2 February 2021. To calculate the number of months that have passed since then, we use the formula Months = (Date – Start Date) / Number of days per month.

For the first detainee, we use the date of their arrest as the start date. We use 1 January 1970 as the standard date for calculations (the epoch). To find the number of days since"
732,How many years before the protests was the constitution they sought to abolish drafted?,13,current war,964,"
The 2008 Constitution of Myanmar was drafted in 2008, so it has been in force for 14 years as of December 2022. 
The protesters sought to abolish this constitution, so it will take at least 14 years to pass before the constitution they sought to abolish is no longer in force. Therefore, the answer is 14.

Final Answer:It will take at least "
733,"How many months after the start of the 2021 Myanmar protests did the death toll reach 2,091?",3,current war,964,"
The protests started on 2 February 2021. As of 23 May 2021, the death toll was 2,091. Therefore, it took 23 + 1 (the day it was announced) = 24 months for the death toll to reach 2,091. The answer is 24"
734,How many years old was the constitution when the 2021 Myanmar protests aimed to abolish it?,13,current war,964,"2021 – Constitution = 6 years (2015 – 2021)
The answer is 6"
735,How many months after the war started was the Croatian Army formed?,2,military conflict,966,"

The Croatian War of Independence began on 8 October 1991. The Croatian Army was formed in November 1991, so it was formed 1 month after the war started. The answer is 1.

Final Answer:The Croatian War of Independence began on 8 October 1991. The Croatian Army was formed in November 1991, so it was formed 1 month"
736,For how many years did Libya support the Ethiopian Civil War?,8,civil war,979,"
Ethiopian Civil War: 12 September 1974 - 28 May 1991 = (16 years, 8 months, 3 weeks and 2 days).
Libya supported the Ethiopian Civil War from 1977-1991 (14 years).
Therefore, Libya supported the Ethiopian Civil War for 14 years.
The answer is 14.
The"
737,During what year did Russia's support end and Israel's support begin?,1990,civil war,979,"

Russia supported the Derg from 1977 to 1990. Israel supported the EPLF from 1990 onwards. 

So, Russia’s support ended in 1990, and Israel’s support began in 1990. The year 1990 is the answer.

The answer is 1990"
738,How many years after the beginning of the war did PDR Ethiopia become a belligerent?,13,civil war,979,"
The Ethiopian Civil War began on 12 September 1974 and lasted for 16 years. PDR Ethiopia did not become a belligerent until 1987, which was 13 years after the start of the war. The answer is 13.

Final Answer:Thirteen years after the beginning of the war, in 1987, the Derg-led government of the People's"
739,How many years were between the establishment of the first ceasefire and the eruption of a wider conflict?,5,current war,990,"

First cease fire established in September 2011, as Iran's government claimed victory, while PJAK allegedly withdrew from Iranian territory.

Sporadic clashes take place in 2013-2015.

A wider conflict erupts in 2016.

So, there were 4 years between the establishment of the first ceasefire and the eruption of a wider"
740,How many more years was Mostafa Pourmohammadi a leader than Ali Shamkhani?,2,current war,990,"
Mostafa Pourmohammadi was a leader from 15 May 2008 to 24 December 2008, a total of 277 days. 
Ali Shamkhani was a leader from 2004 to 2005, a total of 365 days in that year. 
The difference between these two numbers is 277 - 365 = -8"
741,How many years after the start of the Iran–PJAK conflict was the United States allegedly a supporter of Iran?,5,current war,990,"

The Iran–PJAK conflict began on 1 April 2004. The United States allegedly became a supporter of Iran in 2009. Therefore, the number of years after the start of the conflict during which the United States was a supporter of Iran is 2009-2004 = 5 years."
742,How many years did Mohd. Ibrahim Moustafa serve as the leader of the Egyptian Army?,2,current war,1006,"
Mohd. Ibrahim Moustafa served as the leader of the Egyptian Army from 2013 to 2015.
The period of 2013 to 2015 has 2 years.
Hence, Mohd. Ibrahim Moustafa served as the leader of the Egyptian Army for 2 years.
The answer is 2"
743,How many years ago did terrorism begin in Egypt?,9,current war,1006,"

The conflict began on 3 July 2013. Therefore, it has been going on for 8 years, 11 months, and 3 weeks.

The answer is 8"
744,How many years longer did Sedki serve as a leader or commander than Mohd. Ibrahim Moustafa?,2,current war,1006,"
Sedki Sobhy served as a leader or commander from 2014 to 2018, for 5 years.
Mohd. Ibrahim Moustafa served as a leader or commander from 2013 to 2015, for 2 years.
Sedki served 5 years - 2 years = 3 years longer.
The answer is 3"
745,How many years after terrorism began in Egypt did Wilayat Sinai become a belligerent?,1,current war,1006,"

8 years after terrorism began in Egypt, 2021, Wilayat Sinai became a belligerent. 

So, the number of years Wilayat Sinai was a belligerent is 1 - 8 = 7.

The answer is 7"
746,How many years longer were Italy and the Axis belligerents than Hungary?,2,military conflict,1012,"1943-1945 = 2 years
1944-1945 = 1 year
1945-1947 = 2 years
Total = 5 years
Hungary = 1 year
Italy and the Axis belligerents = 5 years - 1 year = 4 years
Italy and the Axis belligerents were 4 years longer than Hungary.
The answer is"
747,How many years after Walter von Brauchitsch became a leader was Franklin D. Roosevelt also a leader?,5,military conflict,1012,"
Walter von Brauchitsch was a leader from 1939 to 1941.
Franklin D. Roosevelt was a leader from 1933 to 1945, which is 12 years.
1941 - 12 = 1929
So, Franklin D. Roosevelt was a leader 12 years after Walter von Brauchitsch became a leader.
The"
748,How many years ago did the Western Sahara War end?,31,military conflict,1014,"

The Western Sahara War began on October 30, 1975, and ended on September 6, 1991, a total of 15 years and 10 months. So, the war ended 15 years and 10 months ago. The answer is 15 years and 10 months."
749,For how many years did Mauritania participate in the Western Sahara War starting from 1975?,4,military conflict,1014,"
Mauritania withdrew from the war in 1979, so they participated for 4 years.
The answer is 4"
750,How many years after the beginning of the war did Mauritania retreat and withdraw?,4,military conflict,1014,"
Western Sahara War began on 30 October 1975 and Mauritania retreated on 6 September 1979, which is 15 years and 10 months after the beginning of the war. The answer is 15"
751,How many years longer was Mauritania a belligerent than France?,3,military conflict,1014,"
The war started in 1975 and ended in 1991. France was a belligerent from 1977 to 1978 (1 year). Mauritania was a belligerent from 1975 to 1979 (4 years - 1975-1976 and 1977-1979). Thus, Mauritania was a belligerent for 4"
752,How long in years after the start of the Gaza–Israel conflict did Sudan cease to be a belligerent?,9,current war,1018,"

The Gaza–Israel conflict began on 28 June 2006. Sudan ceased to be a belligerent in 2015. Thus, it lasted for 9 years + 2022 - 2006 = 13 years."
753,How many years did Argentina support the Salvadoran Civil War?,4,civil war,1022,"
Argentina supported the Salvadoran Civil War from 1983 to 1990, which is 7 years. The answer is 7.

The answer is 7"
754,How many years ago did the Salvadoran Civil War end?,30,civil war,1022,"

The Salvadoran Civil War began on October 15, 1979, and ended on January 16, 1992. It lasted 12 years. The answer is 12"
755,How many years into the war was the picture of Ronald Reagan and José Napoleón Duarte taken?,6,civil war,1022,"1985 - the year the picture was taken - was 12 years into the war. The war started in 1979, so 12 years into the war is 1979 + 12 = 1991. The war ended in 1992, so 12 years into the war was 1991 - 1 = 1990. The answer is 1990"
756,How long in years had the Salvadoran Civil War been going on when North Korea withdrew?,11,civil war,1022,"
The North Korean government withdrew its support for the Salvadoran government on November 15, 1990. 
The Salvadoran Civil War started on October 15, 1979 and lasted until January 16, 1992, a total of 12 years and 3 months. 
When North Korea withdrew its support, the war had been going on for 12 years and 3 months,"
757,How many years passed between China's first appearance in the Summer Olympics and its first in the Winter Olympics?,28,athelete,1024,"

First Summer Olympics: 1952
First Winter Olympics: 1980
Years between: 1980-1952 = 28
The answer is 28"
758,In what year did China first participate in the Winter Olympics but not the Summer Olympics?,1994,athelete,1024,"

China first participated in the Summer Olympics in 1952. The first Winter Olympics China participated in was 1980. However, China did not participate in the 1980 Summer Olympics due to the Chinese boycott. The next time China participated in both Summer and Winter Olympics was in 1984. 

Therefore, the first year China participated in the Winter Olympics but not the Summer Olympics was 1980"
759,How many years has Hungary participated in the Summer Olympics?,29,athelete,1026,"1896 was the first Olympics, so 1996-1896=100 years of participation. 2000 was the 28th Summer Olympics, so Hungary has participated in 28-1=27 Summer Olympics. Therefore, Hungary has participated in the Summer Olympics 27 times. Since 2000, Hungary has participated in 21 more Summer Olympics, so 27+21"
760,How many years after its first Summer Olympics appearance did Hungary make its first Winter Olympics appearance?,28,athelete,1026,"1924 was Hungary’s first Summer Olympics appearance, and 1924 is also the first Winter Olympics appearance. Therefore, Hungary made its first Winter Olympics appearance 0 years after its first Summer Olympics appearance. The answer is 0"
761,How many years after its summer appearance did Hungary make its Intercalated Games appearance?,2,athelete,1026,"1906 Intercalated Games: 1906 - 1900 = 6 years
So, 1906 Intercalated Games appearance was 6 years after the 1900 summer appearance.
The answer is 6"
762,How many years ago did the 12th Annual Honda Civic Tour start?,9,concert,1034,"

The tour started on August 1, 2013. It is now December, 2022, so it has been running for 67 months. 67 months ago is September, 2015, which was 2 years and 1 month before August, 2013. 

Therefore, the tour started 2 years and 1 month ago, which is 2 years - 1 month = 1"
763,How many years after the 12th Annual Honda Civic Tour did Kelly Clarkson perform for the Piece by Piece Tour?,2,concert,1034,"
12th Annual Honda Civic Tour: 2013
Piece by Piece Tour: 2015
2015 - 2013 = 2 years
The answer is 2"
764,How many years was Rolling Stone on tour between 2012 and 2016?,4,concert,1035,"

The tour started on 21 February 2014 and ended on 22 November 2014. So it was in 2014.
The tour started again on 2 April 2015 and ended on 15 August 2015. So it was in 2015.
The tour started again on 19 September 2015 and ended on 12 December 20"
765,How many months did 14 On Fire last?,9,concert,1035,"14 On Fire started on 21 February 2014 and ended on 22 November 2014. It lasted for 288 days. There are 12 months in a year, so 288/12 = 24 months. The answer is 24"
766,How many years after 14 On Fire did the next tour occur?,1,concert,1035,"14 On Fire was in 2014, so the next tour occurred 50 + 1 + 1 = 52 years after their first tour. The answer is 52"
767,How many years before the 14 On Fire concert tour began did the 50 & Counting concert tour end?,1,concert,1035,"

50 & Counting ended in 2013. 

14 On Fire began in 2014. 

So, 14 On Fire began 1 year after 50 & Counting ended. 

Therefore, The answer is 1.

Final Answer:There were 1 years between the end of the 50 & Counting concert tour and the beginning of the 14 On Fire concert tour"
768,How many days before the 1960 Agadir earthquake were the first foreshocks?,6,earthquake,1036,"

The first foreshocks occurred on February 23, 1960. The 1960 Agadir earthquake occurred on February 29, 1960. Therefore, the number of days before the earthquake can be calculated as follows:

Days = (Date of first foreshock) - (Date of earthquake)
Days = 23-29
Days = -6 days
"
769,How many months did people experience the effects of the 1960 Agadir earthquake?,3,earthquake,1036,"
The earthquake occurred on February 29, 1960. There are 12 months in a year. So, people experienced the effects of the earthquake for 12 - 1 = 11 months.
The answer is 11"
770,How many months after the first foreshock was the last aftershock?,2,earthquake,1036,"22 March 1960 was 29 days after 23 February 1960. 17 April 1960 was 31 days after 22 March 1960. So, the last aftershock was 2 months after the first foreshock. The answer is 2"
771,How many days after the 2014 Ludian earthquake were 112 people reported missing?,5,earthquake,1042,"
112 people were reported missing after the 2014 Ludian earthquake. We are asked how many days passed between the earthquake and the time when 112 people were still reported missing. 

Since the earthquake occurred on 3 August 2014, we are looking for the number of days between 3 August and the time when all 112 people were accounted for. 

We don’t"
772,How many days after the 2014 Ludian earthquake were 112 people reported missing?,5,earthquake,1042,"8 August 2014 was 8 days after the earthquake. So, 112 people were reported missing for 8 - 0 = 8 days.

The answer is 8"
773,How many days after the 2014 Ludian earthquake were 617 people reported dead?,5,earthquake,1042,"

617 people were reported dead on August 8, 2014, which was 7 days after the earthquake.

The answer is 7"
774,How many years after the Better Day World Tour was the next tour?,3,concert,1054,"2011 + 4 years = 2015
The answer is 2015"
775,How long in years after the Backwoods Barbie Tour did the Blue Smoke World Tour begin?,6,concert,1054,"

The Backwoods Barbie Tour was in 2008, so Dolly Parton had 2011 – 2008 = 3 years between tours.
The Blue Smoke World Tour began in 2014, so Dolly Parton had 2011 – 2014 = 3 years between tours.
Thus, the Blue Smoke World Tour began 3 years after the Better Day"
776,How many years longer was Gagauzia an unrecognized breakaway state compared to Tatarstan?,2,event,1056,"

Gagauzia declared independence on 19 October 1990 and reintegrated with Moldova on 19 October 1994. Tatarstan declared independence on 21 October 1990 and reintegrated with Russia on 31 October 1994. Therefore, Gagauzia was an unrecognized breakaway state for 4 years and 31 days, while Tatarstan was an unrecogn"
777,How many years after the beginning of the dissolution of the Soviet Union did Chechnya become an unrecognized breakaway state?,3,event,1056,"

The dissolution of the Soviet Union began on 16 November 1988, and Chechnya became an unrecognized breakaway state on 27 November 1991, which is 3 years and 11 days after the beginning of the dissolution. So, Chechnya became an unrecognized breakaway state 3 years and 11 days after the beginning of the dissolution of the Soviet Union. The answer is"
778,What is the total number of years that the Space Shuttle program lasted?,39,space program,1062,"

The program was started in 1972 and ended in 2011, so it lasted for 2011-1972 = 39 years.

The answer is 39"
779,How long in years did the Space Shuttle program run?,39,space program,1062,"
The program started in 1972 and ended in 2011, so it ran for 2011-1972 = 39 years.
The answer is 39"
780,How many years after the Space Shuttle program began did its first flight occur?,5,space program,1062,"

The Space Shuttle program began in 1972. The first flight occurred on August 12, 1977, which is 1977 - 1972 = 5 years after the program began. The answer is 5"
781,How many months after the first crewed flight was the last flight?,363,space program,1062,"
The first crewed flight was STS-1 on April 12, 1981. The last flight was STS-135 on July 21, 2011. 
Difference in days: 2011 - 1981 = 30
Difference in months: 30 / 30 = 1
The answer is 1"
782,The Space Shuttle's first crewed flight occurred how many years after its first flight?,4,space program,1062,"
First crewed flight - STS-1 = April 12, 1981.
First flight - ALT-12 = August 12, 1977.
Years between these two dates:
1977 - 1981 = 4 years.
The answer is 4"
783,"What year was the single ""2 of Amerikaz Most Wanted"" released?",1996,music,1066,"

The song was released on May 7, 1996. The year 1996 is the answer.

Final Answer:1996"
784,"How many days did it take to record ""2 of Amerikaz Most Wanted""?",1,music,1066,"

""2 of Amerikaz Most Wanted"" was recorded at Can-Am Studios in Los Angeles, California in October 1995. So, it took 1 month to record the song."
785,"How many months after being recorded was ""2 of Amerikaz Most Wanted"" released?",7,music,1066,"
The song was recorded in October 1995. It was released on May 7, 1996, which is 7 months later. The answer is 7"
786,How long in years did the recording of 21st Century Breakdown take?,1,music,1070,"
The recording of 21st Century Breakdown took place in 2008 and 2009. One year is 12 months, so 2008 was 12 months long. 2009 was also 12 months long. Therefore, the total number of months for the recording process is 24 (24 months). One month has 4 weeks, so 24 months is equal to 24 months *"
787,"How many years after recording began was ""21st Century Breakdown"" released?",1,music,1070,"

The song was released on December 21, 2009. Therefore, it was released 2009 - 2008 = 1 year after recording began. The answer is 1"
788,"How many years after recording of ""21st Century Breakdown"" began was ""Last of the American Girls"" released?",2,music,1070,"

Recording of ""21st Century Breakdown"" began in 2008. 

""Last of the American Girls"" was released in 2010, which is 1 year after the release of ""21st Century Breakdown"". 

Therefore, ""Last of the American Girls"" was released 1 year after the recording of ""21st Century Breakdown"" began. 

The answer is 1"
789,"In what year was ""21st Century Breakdown"" first recorded?",2008,music,1070,"
The album ""21st Century Breakdown"" was released on December 21, 2009. Therefore, the song ""21st Century Breakdown"" was first recorded in 2009. The answer is 2009"
790,"What year was the single ""21st Century Breakdown"" released?",2009,music,1070,"
The single ""21st Century Breakdown"" was released on December 21, 2009. Therefore, the year of release is 2009. The answer is 2009"
791,"How many years after ""21st Century Breakdown"" was its next single released?",1,music,1070,"
The next single, ""Last of the American Girls"", was released 1 year and 1 month after ""21st Century Breakdown"". 
1 year = 12 months
1 month = 1 month
1 year = 12 months
1 month = 1 month
12 + 1 = 13 months
13 months = 11 months
1 month = 1 month
11 months = 11 months
1 month"
792,"How many years did it take to record ""21st Century Breakdown""?",2,song,1070,"

The album was recorded in 2008 and 2009. So it took 2 years to record.

The answer is 2"
793,"What year was ""21st Century Breakdown"" released?",2009,song,1070,"
The song ""21st Century Breakdown"" was released as a single by Green Day on December 21, 2009. Therefore, the song was released in 2009. The answer is 2009"
794,"How many years did the recording of ""21st Century Breakdown"" take?",1,song,1070,"
The recording took place in 2008-2009. So, it took 1 year."
795,"What year was ""3 a.m. Eternal"" originally released?",1989,music,1071,"
The KLF released ""3 a.m. Eternal"" as a single in May 1989. The question asks for the original release year, which would be the year the single was first released. The answer is 1989."
796,"How many years passed between the first and last release of ""3 a.m. Eternal""?",3,music,1071,"

First release: 1989
Last release: 1992 - 1989 = 3 years
The answer is 3"
797,"What year was the live version of ""3 a.m. Eternal"" released?",1991,music,1071,"
The original version of the song was released in May 1989. The live version was included on the album Live at the S.S.L., which was released on 7 January 1991. The answer is 1991.

Final Answer:The live version of ""3 a.m. Eternal"" was released in 1991."
798,"How many years after its release on Pure Trance 2 was ""3 a.m. Eternal"" released in the KLF vs ENT version?",3,music,1071,"

From the table, we can see that ""3 a.m. Eternal"" was first released on Pure Trance 2 in January 1992. The KLF vs ENT version was released in January 1992, which is 1 year after the first release.

The answer is 1.

Final Answer:One year after its release on Pure Trance 2, ""3 a.m. Eternal"""
799,"How many years before ""Money Don't Matter 2 Night"" was ""Diamonds and Pearls"" released?",1,song,1075,"

“Money Don’t Matter 2 Night” was released on March 3, 1992.
“Diamonds and Pearls” was released on September 11, 1991.
Thus, “Money Don’t Matter 2 Night” was released 9 months and 8 days after “Diamonds and Pearls”.
Therefore, 9 months and 8 days / 365"
800,"What year was the movie ""8 Mile"" released?",2002,movie,1077,"
The movie ""8 Mile"" was released on November 8, 2002. The question is asking for the year of release, and the answer is 2002."
801,How many years ago was this movie released?,20,movie,1077,"
The date the movie was released is given as 2002-11-08. 
Today’s date is December 2022. 
So, 2002-11-08 - 2022-12-01 = 2002 - 11 - 8 - 2022 - 12 - 1 = 14 years.
The answer"
802,"What year was ""8 Mile"" released?",2002,movie,1077,"

The movie ""8 Mile"" was released on November 8, 2002. The year 2002 is the answer.

The answer is 2002"
803,"How many days after the London premiere on October 8, 1941, did the movie ""49th Parallel"" premiere in the USA (New York)?",148,movie,1078,"
The movie premiered in the USA (New York) on March 5, 1942, which was 133 days after the London premiere on October 8, 1941. The answer is 133.

Final Answer:The movie premiered in the USA (New York) on March 5, 1942, which was 133 days after the London premiere on October 8, 1"
804,How many months after the UK nationwide release was the US nationwide release?,5,movie,1078,"
The UK nationwide release was on 24 November 1941.
The US nationwide release was on 5 March 1942, which is 124 days after the UK nationwide release.
There are 31 days in each month, so 124 days is 124 / 31 = 4 months.
The answer is 4"
805,How many months after the New York City premiere was 49th Parallel released to the rest of the country?,1,movie,1078,"
The New York City premiere was on 5 March 1942. To determine the number of months that passed before the U.S. release, we must subtract the number of days in March from the number of days in November (the U.K. release month). March has 31 days, and November has 30 days, so there are 31 - 30 = 1 day that separates the U.S. and U.K"
806,For how many years was Access Hollywood known as Access?,2,show,1085,"

2017-2019 = 2 years
Total years = 2 + 1 = 3 years
The answer is 3"
807,For how many years was Robert K. Silverstein the producer for Access Hollywood?,20,show,1085,"
Silverstein was the executive producer of the show from 1999 to 2019, which is 20 years. The answer is 20.

Final Answer:For how many years was Robert K. Silverstein the producer for Access Hollywood?

A: 20 years.

The answer is 20"
808,"For how many years was Access Hollywood known simply as ""Access""?",2,show,1085,"

From 1996 to 2017, the show was known simply as ""Access"". 

During that time period, there are a total of 2017-2019 = 26 years.

The answer is 26"
809,How long in years was Robert K. Silverstein a producer for Access Hollywood?,20,show,1085,"

Silverstein was an executive producer for 20 years, from 1999 to 2019.
The answer is 20"
810,What year was Wil Calhoun an executive producer of Friends?,2001,show,1088,"
The final season of Friends aired in 2004. 
Wil Calhoun was an executive producer for the show’s final 3 seasons (seasons 8-10). 
The answer is 2004.

Final Answer:The final season of Friends aired in 2004. Wil Calhoun was an executive producer for the show’s final 3 seasons (seasons 8-10"
811,What year was the Delaware Extension opened for Penn Central?,1968,rail line,1094,"

The Delaware Extension was opened for the Pennsylvania Railroad in 1862. It was closed by the Pennsylvania Railroad in 1968, but reopened by Penn Central in 1976. 

Since the question asks for the year the Delaware Extension was opened for Penn Central, we need to look at the year it was reopened by Penn Central. 

The Conrail era began in"
812,What year was the Delaware Extension closed for Penn Central?,1976,rail line,1094,"

The Delaware Extension of the Pennsylvania Railroad was closed in 1968, when Penn Central Transportation Company was formed. Penn Central filed for bankruptcy in 1970 and the Conrail consortium was formed to take over its assets and operations. The Delaware Extension became part of the Harrisburg Line of Conrail. The exact date when the Delaware Extension became part of the Harrisburg Line is not provided"
813,How many years passed between the end of the Billie Mae Richards TV specials and the film in which Blitzen was Rudolph's father?,12,character,1095,"
In the 1998 film, Blitzen is Rudolph's father. In the 1964 TV special, Donner is Rudolph's father, and Blitzen is one of the reindeer. This means that 14 years passed between the end of the Billie Mae Richards TV specials and the film in which Blitzen was Rudolph's father.
The first Billie Mae Richards TV special aired in"
814,What year was Arrow identified as part of Rudolph the Red-Nosed Reindeer's family?,1998,character,1095,"
In the 1998 film Rudolph the Red-Nosed Reindeer and the Island of Misfit Toys, it is revealed that Arrow is Rudolph's cousin. 
However, in the 1964 TV special Rudolph the Red-Nosed Reindeer, Rudolph is the only reindeer mentioned as part of his father's herd. 
Thus, Arrow was not identified as part of Rudolph"
815,"How many years did ""Rudolph the Red-Nosed Reindeer,"" voiced by Billie Mae Richards, run as a television special?",46,character,1095,"

""Rudolph the Red-Nosed Reindeer"" ran as a television special for 19 years, from 1964 to 1982. The special was later re-released in 1991 and 1996. The answer is 19."
816,What year was the last television special featuring Rudolph the Red-Nosed Reindeer?,2010,character,1095,"

Rudolph the Red-Nosed Reindeer is a fictional character created by Robert L. May in a 1939 booklet. The character has since appeared in a variety of media, including television specials, movies, and other holiday-themed media.

The first television special featuring Rudolph the Red-Nosed Reindeer was aired in 1964. Since then, the character has appeared in several more"
817,How many years after Rudolph the Red-Nosed Reindeer's first appearance was Rusty introduced as his cousin?,59,character,1095,"
Rudolph the Red-Nosed Reindeer was first published in 1939. Rusty was introduced in 1998, 59 years later. The answer is 59."
818,How many years were between Charlton Heston portraying and voicing the character?,44,character,1101,"
Ben-Hur was first published in 1880. Charlton Heston first portrayed Judah Ben-Hur in the 1959 film adaptation. It has been 63 years since the film’s release. Charlton Heston also voiced the character in a 2003 video game, 54 years after his first portrayal. The total number of years between his portrayal and voicing is 6"
819,What year was Judah Ben-Hur last portrayed?,2016,character,1101,"

Judah Ben-Hur was last portrayed in the 2016 film Ben-Hur. The answer is 2016"
820,"How many years after the publication of ""A Tale of the Christ"" did Ramon Novarro portray Ben-Hur?",45,character,1101,"

Ramon Novarro portrayed Ben-Hur in the 1925 film adaptation of ""A Tale of the Christ"". To find the number of years that passed between the publication of the novel and Novarro's portrayal, we can use the year 1925 minus the year the novel was published, which is 1880. 

1925 - 1880 = 45 years"
821,How many years were between Carl Stockdale and Julian Rhind-Tutt playing Monks?,85,character,1104,"

Carl Stockdale portrayed Monks in the 1922 film.
Julian Rhind-Tutt portrayed Monks in the 2007 miniseries.
The year 2007 - 1922 = 85 years.
So, 85 years passed between Stockdale and Rhind-Tutt playing Monks.
The answer is 85"
822,What year was Monks last portrayed in a television miniseries?,2007,character,1104,"
The first portrayal of Monks in a television miniseries was in 1999. Since then, he has been portrayed in 2007, 1982, 1985, and 1999 again. Therefore, the latest portrayal of Monks in a television miniseries was in 2019."
823,What year was Monks portrayed by Carl Stockdale?,1922,character,1104,"

Monks was portrayed by Carl Stockdale in the 1922 film. The year 1922 is the answer.

Final Answer:1922"
824,What year was Monks first released?,1922,character,1104,"

Monks was first released in 1922."
825,What year was Monks last released in film form?,1982,character,1104,"
The 1985 TV serial was the most recent adaptation of Oliver Twist at the time of writing (December, 2022). All adaptations of Monks are considered part of the Oliver Twist franchise. Therefore, the latest year of release for Monks is the same as for Oliver Twist. The 1985 TV serial was released in 1985, so the year of release for Monks is 1985"
826,How many years after its launching in the Soviet Union was the INS Vikramaditya commissioned?,5,navy vessel,1109,"
The INS Vikramaditya was commissioned on 16 November 2013, which is 25 years after its launching in the Soviet Union on 4 December 2008. 
So, the INS Vikramaditya was commissioned 25 years after its launching in the Soviet Union.
The answer is 25"
827,How many years ago was the INS Vikramaditya decommissioned in Soviet Union Russia?,26,navy vessel,1109,"

INS Vikramaditya was decommissioned in Russia in 1996. It was sold to the Indian Navy on 20 January 2004. Therefore, it has been in active service with the Indian Navy for 20 years and 14 days (as of 20 January 2024). 

So, it was decommissioned in Soviet Union Russia 20 years and 14 days"
828,How many years passed from the time INS Trishul was ordered until its launch?,3,navy vessel,1113,"

The date INS Trishul was ordered is 17 November 1997. The date it was launched is 24 November 2000. Difference between these two dates is 17 November 1997 - 24 November 2000 = 23 years, 2 days. The answer is 23 years and 2 days.

Final Answer:It took 23 years and 2"
829,How many months after its launch was INS Trishul officially commissioned?,19,navy vessel,1113,"

Laid down: 24 September 1999
Launched: 24 November 2000
Commissioned: 25 June 2003
So, INS Trishul was officially commissioned 25 June 2003 - 24 November 2000 = 27 months after it was launched.
The answer is 27"
830,How many months after INS Trishul was ordered was it officially commissioned?,67,navy vessel,1113,17 November 1997 is the date when INS Trishul was ordered. The number of months from that date to 25 June 2003 (the date when INS Trishul was commissioned) is 25 June 2003 - 17 November 1997 = 25 months. The answer is 25
831,How many years passed between the time INS Trishul was ordered and it was laid down?,2,navy vessel,1113,"

The date INS Trishul was ordered is given as 17 November 1997. The date it was laid down is given as 24 September 1999. It has been 2 years and 11 months (24 months + 29 days) between these two dates.

So, the answer is 2 years and 11 months.

Final Answer:It has been 2 years and 11"
832,How many years after the launch of INS Trishul was it commissioned?,3,navy vessel,1113,"

INS Trishul was launched on 24 November 2000. It was commissioned on 25 June 2003, which is 249 days or 8 months and 25 days after its launch.

The answer is 8 months and 25 days.

Final Answer:It was commissioned 8 months and 25 days after its launch."
833,How many days after being laid down was INS Trishul launched?,427,navy vessel,1113,"

The table says that INS Trishul was laid down on 24 September 1999. She was launched on 24 November 2000, which is 355 days after being laid down.

The answer is 355"
834,How many years after INS Trishul was ordered was its launch?,3,navy vessel,1113,"17 November 1997 is the date when INS Trishul was ordered. So, INS Trishul was launched 24 November 2000, which is 24 months or 2 years after it was ordered. The answer is 2"
835,How many years after production stopped was the Firefly officially retired?,1,aircraft,1128,"
The Firefly was first produced in 1941 and was officially retired in 1956, which is 1956 - 1941 = 15 years.
However, the Firefly continued to be used by some countries beyond 1956. For example, the Royal Australian Navy used the Firefly until 1963. 
So, the Firefly was in active service for 15 + 7 ="
836,For how many years was the FAA Fairey Firefly produced?,14,aircraft,1128,"1941-1955 is a 14-year period. The answer is 14.

Final Answer:The Fairey Firefly was produced by the Fairey Aviation Company, Ltd. (FAA) for 14 years, from 1941 to 1955."
837,How many years ago was the FAA Fairey Firefly retired from the Royal Navy?,66,aircraft,1128,"1956 - today’s year = x years.
The answer is x - 1956"
838,How many years after its introduction was the Firefly in service?,13,aircraft,1128,"
The Firefly was first introduced in March 1943. 
It was retired in 1956. 
So, it was in service for 1943 - 1956 = 13 years.
The answer is 13"
839,How many years has it been since the Firefly was retired?,66,aircraft,1128,1956 - Present = 66 years. The answer is 66
840,How many years after the first flight was the Firefly retired?,15,aircraft,1128,"
First flight was in 1941 and it was retired in 1956. Therefore, the Firefly was in service for 1956 - 1941 = 15 years.
After the first aircraft was retired, there were still some Fireflies in service, so we need to subtract the years those planes were in service from the total years the model was in service. 15 years - 1956 - "
841,How many years after the Firefly was introduced did production stop?,12,aircraft,1128,"
The Firefly was introduced in March 1943. 
Production stopped in 1955, which is 22 - 43 = -21 years after it was introduced.
The answer is -21"
842,How many years after PBY Catalina's first flight was its retirement by the United States Navy Reserve?,22,aircraft,1130,"
The first flight of PBY Catalina was on 21 March 1935. The United States Navy Reserve retired it in January 1957, which is 22 years later. The answer is 22.

Final Answer:The United States Navy Reserve retired the PBY Catalina 22 years after its first flight."
843,For how many years was the PBY Catalina in production?,9,aircraft,1130,"

The PBY Catalina first flew on 21 March 1935 and was introduced in October 1936. Production continued until 1945, so it was in production for 9 years. The answer is 9."
844,For how many years was the PBY Catalina manufactured?,9,aircraft,1130,"
The PBY Catalina was manufactured from 1936 to 1945, which is 9 years."
845,How long in years was the PBY Catalina in commission by the US Navy?,21,aircraft,1130,"

The PBY Catalina was first introduced in October 1936 by the United States Navy. It remained in commission with the U.S. Navy until January 1957. Therefore, the PBY Catalina was in commission with the U.S. Navy for 20 years."
846,For how many years was the X-15 used by NASA and the US Air Force?,9,space program,1132,"
The X-15 was used by NASA and the US Air Force from 17 September 1959 to December 1968, which is 9 years. The answer is 9.

Final Answer:For how many years was the X-15 used by NASA and the US Air Force?

The answer is 9 years.

Final Answer:For how many years was the X-15 used by NASA and the US Air"
847,How many years was the X-15 in service before it was retired?,54,space program,1132,"

The X-15 was first flown on June 8, 1959.
It was retired in December 1968, which is 1968 - 1959 = 8 years.
The answer is 8"
848,"How many days after its first flight on June 8, 1959, was the X-15 introduced?",101,space program,1132,"

The X-15 was first flown on June 8, 1959. It was introduced on September 17, 1959, which is 129 days later. The answer is 129.

Final Answer:The X-15 was first flown on June 8, 1959. It was introduced on September 17, 1959, which is 129"
849,How many years separated the X-15's first flight from its retirement?,9,space program,1132,"1959–1968 = 9 years
The answer is 9"
850,How many months separated the introduction of the X-15 from its first flight?,3,space program,1132,"

First flight: 8 June 1959
Introduction: 17 September 1959
Number of months from first flight to introduction: 1959-17 = 1942 months
Number of months in 1959: 12 months
Number of months separation: 1942 - 12 = 1930 months
The X-15 was introduced 1930"
851,How many months after the first flight was the X-15 introduced?,3,space program,1132,"

First flight: 8 June 1959
Introduction: 17 September 1959
Number of months between first flight and introduction: 17 September - 8 June = 9 months
The answer is 9"
852,How many years were there between the first flight of the X-15 and when it was retired?,9,space program,1132,"1959-2022 = 63 years
The X-15 was retired in 1968, so there were 63 - 1968 = 44 years between the first flight and when it was retired.
The answer is 44"
853,What year did the X-15 take its first flight?,1959,space program,1132,"

The X-15 first flew on June 8, 1959.

The answer is 1959"
854,How many years was the Coordination Center for Ethnic Germans operational from 1937?,8,agency,1139,"
The Coordination Center for Ethnic Germans (also known as the “Coordination Center for Germans Abroad” or “Central Office for Germans Abroad”) was formed in 1937 and dissolved on May 8, 1945, at the end of World War II. Therefore, it was operational for 7 years. The answer is 7"
855,How long in years was Reichsführer-SS Heinrich Himmler the responsible minister for the Coordination Center for Ethnic Germans?,6,agency,1139,"
The Center was formed c.1937 and dissolved May 8, 1945. 
Himmler was the responsible minister from 1939 to 1945, which is 6 years. The answer is 6.

Final Answer:From 1937 to 1945, Heinrich Himmler was the responsible minister for the Coordination Center for Ethnic Germans for 6 years"
856,How many years did the Coordination Center for Ethnic Germans remain operational?,8,agency,1139,"
The Coordination Center for Ethnic Germans, also known as the Reichsvereinigung der deutschen Staatsburger des auswärtigen Reiches (RV) or the Volksdeutsche Mittelstelle (VoMi), was formed in 1937 and dissolved on May 8, 1945. Therefore, it remained operational for 7 years. The answer is 7"
857,How many years ago was the Coordination Center for Ethnic Germans founded?,85,agency,1139,"
The center was formed c.1937. 
The years 1937 and 2022 are 1937 - 2022 = 85 years apart.
The answer is 85"
858,How many years separated the formation of V/Line Corporation as a State Transport Authority from it becoming a statutory authority?,20,agency,1141,"

V/Line Corporation was formed as a State Transport Authority on 1 July 1983. It became a statutory authority on 1 October 2003, which is a difference of 20 years and 1 month. The answer is 20"
859,What year was the V/Line Corporation formed as the State Transport Authority?,1983,agency,1141,"

The V/Line Corporation was formed as the State Transport Authority on 1 July 1983. The answer is 1983"
860,How many years ago was the V/Line Corporation formed?,39,agency,1141,"
The V/Line Corporation was formed on 1 July 1983. Therefore, it has been formed for 1983 years + the number of days in 1983 (which is less than a year because there are 365 days in a normal year), which is 1983 years + 365 days ≈ 1918 years.
The number of years ago is 1918 years.
"
861,How many years has it been since the V/Line Corporation was formed as a statutory corporation?,19,agency,1141,"
The V/Line Corporation was formed as a statutory corporation on 1 October 2003. Therefore, it has been a statutory corporation for 19 years (as of 2022). The answer is 19"
862,How long in years has V/Line been a corporation?,19,agency,1141,"
V/Line was formed as the State Transport Authority brand on 1 July 1983. It was established as a statutory corporation on 1 October 2003. Therefore, V/Line has been a corporation for 19 years + 13 years = 32 years. The answer is 32"
863,How long in years was V/Line branded as an Authority?,20,agency,1141,"
As a statutory corporation, V/Line has been operating since 1 October 2003. 
Prior to this, V/Line operated as the State Transport Authority brand from 1 July 1983 to 1 October 2003. 
So, V/Line was branded as an Authority for 30 years + 13 years = 43 years."
864,How many years old was the Victorian Regional Channels Authority when the Transport Integration Act 2010 was implemented?,6,agency,1143,"
The Victorian Regional Channels Authority was formed on April 1, 2004. 
The Transport Integration Act 2010 was implemented on July 1, 2010. 
The Victorian Regional Channels Authority was 6 years old when the Transport Integration Act 2010 was implemented.
The answer is 6"
865,What year was the most recent edition of Catan published?,2015,board game,1147,"

The fifth edition of Catan was published in June 2015. Therefore, the most recent edition of Catan was published 7 years ago. The answer is 2015"
866,How many years ago was the CATAN 3rd edition released?,25,board game,1147,"
The CATAN 3rd edition was released in 1996. So, it has been 26 years since then.
The answer is 26"
867,How many years after the first edition was the 5th edition of CATAN released in 1995?,20,board game,1147,"

The 5th edition of CATAN was released in June 2015, which is 7 years after the first edition was released in 1995. 

So, 7 years after the first edition was released is 2015, which means 7 years - 1995 = 1998. 

However, we need to subtract the number of years that have passed since the first edition was released"
868,How many years longer was the time between the fourth and fifth editions than between the first and second editions?,7,board game,1147,"
The time between the first and second editions was 27 years, and the time between the fourth and fifth editions was 15 years. 
So, the time between the fourth and fifth editions was 27 - 15 = 12 years.
Thus, the number of years between the fourth and fifth editions is 12 years less than the number of years between the first and second editions. 
Therefore, the number"
869,How long in years was the time between the first and fourth editions of Catan?,12,board game,1147,"

First edition: 1995
Second edition: 1996
Third edition: 1997
Fourth edition: 2007

Difference between first and fourth editions: 2007-1995 = 12 years

Difference between second and fourth editions: 1996-2007 = 11 years

There were 12 +"
870,What year was the first edition of Catan published?,1995,board game,1147,"

The first edition of Catan was published in 1995. 

The answer is 1995"
871,How many years passed between the first and revised issues of Heroes Unlimited?,3,game,1151,"

First edition: April 1987
Revised edition: January 1993

The revised edition was published 15 years after the first edition.

The number of years between the first and revised issues is 15.

The answer is 15"
872,How many years ago was the first edition of Heroes Unlimited published?,38,game,1151,"

The first edition of Heroes Unlimited was published in April 1987. Therefore, it has been 35 years since then. 

The answer is 35"
873,How many years after the original release was the 2nd edition released?,14,game,1151,"

The original release was in August 1984, and the 2nd edition was released in March 1998, which is 14 years and 7 months later."
874,How many years after Heroes Unlimited began was the last edition printed?,14,game,1151,"
The first edition was published in 1984. The second edition was published in 1998, which is 14 years later. 
The answer is 14.
The answer is 14"
875,In what year was the most recent edition of Heroes Unlimited published?,1998,game,1151,"
The most recent edition of Heroes Unlimited was published in March 1998. The question asks for the year, so we can stop here. The answer is 1998."
876,What year did Argentina become World Cup champions for the first time?,1978,national football team,1160,1978. The answer is 1978
877,What year did Argentina make its first World Cup appearance?,1930,national football team,1160,"1930

The answer is 1930"
878,How many years after Argentina's biggest win did it make its first appearance at the Panamerican Championship?,14,national football team,1160,"12-0 Ecuador was on 22 January 1942. So, Argentina made its first appearance at the Panamerican Championship 20 years after that, i.e., in 1962. The answer is 20"
879,How many years are between Argentina's first international match and their biggest defeat by Czechoslovakia?,56,national football team,1160,20 July 1902 (first international) to 15 June 1958 (biggest defeat) is 55 years. The biggest defeat happened 55 years after the first international. The answer is 55
880,How many years after their first World Cup appearance did Argentina win a championship?,48,national football team,1160,"1930 was the first World Cup appearance. So, 1978 was 48 years later. The answer is 48"
881,What year was the first edition of Arkham Horror: The Card Game released?,2016,game,1161,"

Arkham Horror: The Card Game was first released in Q4 2016. The answer is 2016."
882,What year was the first time that you could play Arkham Horror: The Card Game?,2016,game,1161,"

Arkham Horror: The Card Game was first released in Q4 2016. So, the first time you could play Arkham Horror: The Card Game was in 2016."
883,How many years ago was the first edition of Arkham Horror: The Card Game released?,6,game,1161,"

Arkham Horror: The Card Game was first released in Q4 2016. The years 2016 and 2017 are behind us, so the game has been around for 2 years. 2 years ago was 2019, which was 3 years before 2016, so 2016 - 2019 = 3 years. Therefore, the first edition of Arkham Hor"
884,How many years ago was Arkham Horror: The Card Game published?,6,game,1161,"

Arkham Horror: The Card Game was published in Q4 2016. The year 2016 is 4 years ago.

The answer is 4"
885,For how many years was Atlantis in publication?,35,board game,1163,"
1984 (1st edition) + 1985 (2nd edition) + 1996 (3rd edition) + 2014 (Second Age) + 2019 (30th Anniversary Edition) = 51 years
51 years / 5 = 10.2 years
10.2 years is close to 10 years, so we can round it to 10 years"
886,What year was Atlantis first published?,1984,board game,1163,"

Atlantis was first published in 1984. The answer is 1984.

Final Answer:The first edition of Atlantis was published in 1984. The answer is 1984."
887,What year was the most recent edition of Atlantis released?,2019,board game,1163,"

The first edition of Atlantis was published in 1984. The second edition was published in 1985, the third edition in 1996, and the Second Age edition in 2014. The 30th Anniversary Edition was published in 2019, which means it is the most recent edition. The answer is 2019.

Final Answer:In 2019,"
888,How many years passed between the first and second editions of Atlantis?,1,board game,1163,"

The first edition of Atlantis was published in 1984. The second edition was published in 1985. Therefore, there were 1 year between the first and second editions of Atlantis."
889,How many years were between the first edition of Atlantis and the 30th anniversary edition?,35,board game,1163,"

1984 (1st edition) - 2019 (30th Anniversary Edition) = 30 years

The answer is 30"
890,How many years longer was the time between the Second Age and the 30th Anniversary Edition than between the first and second editions?,4,board game,1163,"

The first and second editions were published in 1984 and 1985, a difference of 1 year.
The second and third editions were published in 1996, a difference of 12 years.
The third and 30th Anniversary Editions were published in 2019, a difference of 23 years.
Thus, the time between the Second Age and the 30th"
891,What year was the first edition of Atlantis released?,1984,board game,1163,"

The first edition of Atlantis was released in 1984."
892,How many years are between Australia's first ODI and its last T20I?,51,cricket team,1164,"
First ODI: 5 January 1971
Last T20I: 11 June 2022
Difference in years:
1971 - 2022 = 51 years
The answer is 51"
893,How many years after achieving its best test ranking did Australia achieve its best ODI ranking?,38,cricket team,1164,"

Test best rank: 1st (1 January 1952)
ODI best rank: 1st (1 January 1990)
Difference in years: 1990 - 1952 = 38 years
Test worst rank: 5th (1 January 1952)
ODI worst rank: never been worst
Difference in years: never been worst
So, it took 3"
894,How many years ago was Australia's first test in Cricket?,145,cricket team,1164,15 March 1877 is 150 years ago. The answer is 150
895,How many months ago did Australia play their last ODI?,6,cricket team,1164,"
The last ODI was played on 24 June 2022, so it has been 5 months since then.
The answer is 5"
896,How many years ago did Australia win the T20I World Cup?,1,cricket team,1164,"
The T20I World Cup was first held in 2007. Therefore, Australia won the T20I World Cup 15 years ago, in 2007. The answer is 15"
897,How many years after acquiring its test status did Australia become a full member of the ICC?,32,cricket team,1164,"
Test status acquired: 1877
Full Member of ICC: 1909 (22 years later)
The answer is 22.

Final Answer:Twenty-two years after acquiring its test status, Australia became a full member of the ICC in 1909. The answer is 22"
898,How many years are between Australia's first international and their first AFC U-23 Asian Cup appearance?,46,national football team,1166,"
First international: 6 November 1967
First AFC U-23 Asian Cup appearance: 2013
2013 - 1967 = 46 years
The answer is 46"
899,How many years after first appearing at the AFC U-23 Asian Cup did Australia achieve their best result?,7,national football team,1166,"
First appearance: 2013
Best result: 2020 (8 years later)
The answer is 8"
900,How many years apart were Australia's two biggest defeats?,20,national football team,1166,"

First biggest defeat: Australia 1-6 Poland (8/5/1992)
Second biggest defeat: Australia 0-5 Japan (7/15/2012)

8 years apart (1992 - 2000)

Final Answer: 8"
901,How many years after their first T20I in 2005 did England win the T20 World Cup?,5,cricket team,1172,"12 years after their first T20I in 2005, England won the T20 World Cup in 2015. The answer is 12"
902,How many years ago did England acquire Test status?,145,cricket team,1172,"1877-2022 = 145 years
The answer is 145"
903,How many years are there between England's first ODI and first T20I?,34,cricket team,1172,"
First ODI: 5 January 1971
First T20I: 13 June 2005
Difference: 34 years and 5 months
There are 34 years and 5 months between England's first ODI and first T20I.
The answer is 34"
904,How many years after their first World Cup appearance did England win a Championship?,44,cricket team,1172,"1975 + 47 = 2022
The answer is 47"
905,How many years after acquiring its Test status did England achieve full ICC status?,32,cricket team,1172,1877 (the year England gained Test status) + 1909 (the year they achieved full ICC status) = 33 years. The answer is 33
906,What year was FATE most recently published?,2013,game,1175,"

The first edition of FATE was published in 2003. The second edition was published in 2006. The third edition, Spirit of the Century, was published in 2006 as part of the Fate Core system. The fourth edition was published in 2013. The most recently published edition of FATE is the fourth edition, which was published in 2013. The answer is 2013"
907,How many years after its first publication was the second publication of FATE?,0,game,1175,"

The first publication of FATE was in 2003. The second publication was in 2006, which is 3 years later. 

The answer is 3.

Final Answer:There were 3 years between the first and second publications of FATE."
908,In what year was FATE first published?,2003,game,1175,"

The first edition of FATE was published in 2003. The question is asking for the first publication year, so the answer is 2003."
909,How many years was the Probe game active?,18,board game,1188,"
The Probe game was first published in 1964. It was active for 1964 to 1982, which is 18 years. The answer is 18.

The answer is 18 (18 years)。

Final Answer:The Probe game was first published in 1964. It was active for 1964 to 1982, which is 18 years"
910,How many years after its last publication was Probe no longer active?,6,board game,1188,"
The last publication year was 1976. 
The game was active for 1976-1982 = 7 years. 
So, Probe was no longer active 7 years after the last publication.
The answer is 7.
Final Answer:In 1976, Probe was active for 7 years after its last publication. Therefore, Probe was no longer active 7 years after the last publication, which"
911,How many years after the publication of #112 was #202 published?,12,board game,1188,"
#112 was published in 1964.
#202 was published in 1976.
#201 was published in 1974.
Thus, #202 was published 12 years after #112.
The answer is 12"
912,What year was Probe originally released?,1964,board game,1188,"
Probe was originally released in 1964. 
The answer is 1964"
913,How long in years was Probe in production?,18,board game,1188,"
Probe was first produced in 1964 and was discontinued in 1982, a total of 18 years. The answer is 18.

The answer is 18 (eighteen)"
914,How many years did it take Sri Lanka to become a full ICC member after becoming an Associate member?,16,national cricket team,1191,"
Sri Lanka became an Associate member in 1965. It took 16 years to become a full member, which is 1981 - 1965 = 16 years.
The answer is 16"
915,How many years did it take for Sri Lanka to become a full member after attaining its Associate Member ICC status?,16,national cricket team,1191,"

Sri Lanka attained its Associate Member ICC status in 1965. It took 16 years to become a full member, as they attained their full member status in 1981. The answer is 16."
916,What year did Sri Lanka gain its Associate Member ICC status?,1965,national cricket team,1191,"
Sri Lanka Cricket was formed in 1923 and became a member of the Imperial Cricket Conference in 1926. It was granted Test status in 1981. The Associate Member status was first awarded in 1965. Therefore, Sri Lanka gained its Associate Member ICC status in 1965. The answer is 1965."
917,How long in years was it between Sri Lanka's first ODI and first T20I?,31,national cricket team,1191,"
The first ODI was on 7 June 1975. The first T20I was on 15 June 2006, so it is 31 years and 8 days (31 years, 8 weeks and 1 day) later. 
31 years = 31 × 365 = 11573 days
8 days = 8 × 24 = 192 hours
So"
918,How many months ago was Ingenuity deployed to Mars?,15,space probe,1206,"

Ingenuity was deployed to Mars on 3 April 2021. As of this writing, it is currently 1 December 2022. Therefore, Ingenuity has been on Mars for 12 months. The number of months before 12 is 12 - 1 = 11 months. The number of days before 1 December is 31 October (31 days) + 30 November (30"
919,How many years did Ingenuity fly?,1,space probe,1206,"
Ingenuity was launched on 3 April 2021 and flew for the first time on 19 April 2021. It flew 29 times in total, for a total flight time of 55 minutes, 23 seconds. It traveled 7.17 km (4.46 mi) on Mars as of 11 June 2022 [update].
Thus, Ingenu"
920,How many months after deployment did it take for Ingenuity to travel 7.17 km?,14,space probe,1206,"
7.17 km = 4.46 miles
1 mile = 1.6 km
7.17 km = 4.46 miles
1 mile = 1.6 km
29 flights * 55 minutes per flight = 1575 minutes
1575 minutes / 1.6 km per flight = 99.5 flights
99.5 flights * 4.46 miles per"
