id,question,answer,category,table_id,output,answer_format
0,At what age did Adolf von Baeyer marry Adelheid Bendemann?,33,nobel,369,"To find the age at which Adolf von Baeyer married Adelheid Bendemann, we need to subtract his birth year from his marriage year. Baeyer was born in 1835 and married in 1868. 
1868 - 1835 = 33
Final Answer: 33",<num_years>
1,At what age did Adolf von Baeyer receive the Nobel Prize?,70,nobel,369,"To determine the age at which Adolf von Baeyer received the Nobel Prize, we need to know the year he received the prize and his birth year. Baeyer received the Nobel Prize in 1905 and was born in 1835. To find his age, subtract his birth year from the year he received the prize: 1905 - 1835 = 70.
Final Answer: 70",<num_years>
2,At what age did Albert A. Michelson die?,78,nobel,370,"Albert A. Michelson was born on December 19, 1852, and died on May 9, 1931. To find the age at which he died, subtract his birth year from his death year and then account for the months. 1931 - 1852 = 79 years. Since his birthday (December 19) is after his death date (May 9) in the same year, he was 78 years old when he died.
Final Answer: 78",<num_years>
3,At what age did Albert A. Michelson marry his first wife Margaret Hemingway?,25,nobel,370,"Albert A. Michelson was born on December 19, 1852, and married Margaret Hemingway in 1877. To find his age at the time of marriage, subtract the birth year from the marriage year: 1877 - 1852 = 25.
Final Answer: 25",<num_years>
4,At what age did Albert A. Michelson marry his second wife Edna Stanton?,47,nobel,370,"Albert A. Michelson married Edna Stanton in 1899. He was born on December 19, 1852. To find his age in 1899, subtract his birth year from the year he married Edna: 1899 - 1852 = 47.
Final Answer: 47",<num_years>
5,Approximately how many months after being apprehended did Jeffrey Epstein die by suicide?,1,person,340,"Jeffrey Epstein was apprehended on July 6, 2019. He died by suicide on August 10, 2019. To find the number of months between these two dates, first find the number of days: July has 31 days, so from July 6 to July 31 is 25 days. August 10 is 10 days. 25 + 10 = 35 days. Since a month has approximately 30 days, 35 days is approximately 1 month (30 days < 35 days < 60 days, which is 2 months).
Final Answer: 1 month",<num_months>
6,At what age did Bev Francis retire from her career?,36,body builder,778,"Bev Francis was born on February 15, 1955, and she retired in 1991. To find her age at retirement, subtract her birth year from the year she retired: 1991 - 1955 = 36.
Final Answer: 36",<num_years>
7,At what age did Brandon Miller earn a spot on the 2nd Team All-Pro?,34,lacrosse,644,"To determine the age at which Brandon Miller earned a spot on the 2nd Team All-Pro, we need to know the year he achieved this and his birth year. Brandon Miller was born in 1979 and earned a spot on the 2nd Team All-Pro in 2013. To find his age, subtract his birth year from the year he earned the spot: 2013 - 1979 = 34.
Final Answer: 34",<num_years>
8,At what age did Gorshkova begin skating?,4,figure skating,743,"Gorshkova was born on 18 February 1989, and she began skating in 1993. To find her age when she started skating, subtract her birth year from the year she started skating: 1993 - 1989 = 4.
Final Answer: 4",<num_years>
9,At what age did Hebar Pazardzhik originally retire from his career?,39,wrestling,13,"There is no information about Hebar Pazardzhik in the table. The table appears to be about Steve Austin, a professional wrestler. According to the table, Steve Austin originally retired from his wrestling career on March 30, 2003. To find his age at retirement, we need to subtract his birth year from his retirement year: 2003 - 1964 = 39. 
Final Answer: 39",<num_years>
10,At what age did Jeffrey Epstein get work release?,55,person,340,"Jeffrey Epstein was given a penalty of 13 months with work release in 2008. He was born on January 20, 1953. To find his age in 2008, subtract his birth year from 2008: 2008-1953=55.
Final Answer: 55",<num_years>
11,"Between 2018 and 2021, which year was Belarus's GDP growth the highest?",2021,economy,235,"To determine the year with the highest GDP growth between 2018 and 2021, we need to examine the GDP growth rates for each year. The table provides the following GDP growth rates: 
- 3.1% (2018)
- 1.2% (2019)
- −0.9% (2020)
- 3.3% (2021)

Comparing these rates, 3.3% in 2021 is the highest.
Final Answer: 2021",yyyy
12,Around what year would Chandrayaan-2's orbiter's planned mission duration end according to the launch date?,2027,space probe,457,"The launch date of Chandrayaan-2 is 22 July 2019. The planned mission duration for the orbiter is ~7.5 years. To find the year when the planned mission duration would end, add 7.5 years to the launch year: 2019 + 7.5 = 2026.5. Since the year must be a whole number, round up to the nearest whole year because the mission would not end until after 7.5 years have passed.
Final Answer: 2026",yyyy
13,At what age did Johann Friedrich Wilhelm Adolf Baeyer win the Davy Medal?,46,nobel,369,"To find the age at which Adolf von Baeyer won the Davy Medal, we need to know the year he won the medal and his birth year. Baeyer was born in 1835 and won the Davy Medal in 1881. To find his age, subtract his birth year from the year he won the medal: 1881 - 1835 = 46.
Final Answer: 46",<num_years>
14,At what age did Max Aaron begin skating?,4,figure skating,747,"Max Aaron was born on February 25, 1992, and he began skating in 1996. To find the age at which he began skating, subtract his birth year from the year he started skating: 1996 - 1992 = 4.
Final Answer: 4",<num_years>
15,At what age did Melissa L. Coates retire from wrestling?,49,body builder,806,"Melissa L. Coates was born on June 18, 1971, and retired from wrestling in 2020. To find her age at retirement, subtract her birth year from her retirement year: 2020 - 1971 = 49. However, since she was born in June and likely retired after June, her age at retirement would be 49 years old, turning 50 later that year, but more accurately, she retired at the age of 49.
Final Answer: 49",<num_years>
16,At what age did Paul Gauguin marry Mette-Sophie Gad?,25,painter,349,"To determine the age at which Paul Gauguin married Mette-Sophie Gad, we need to know Gauguin's birth year and the year he married. Gauguin was born in 1848 and married Mette-Sophie Gad in 1873. To find Gauguin's age at the time of marriage, subtract his birth year from the year he married: 1873 - 1848 = 25.
Final Answer: 25",<num_years>
17,At what age did Paul Gauguin separate from Mette-Sophie Gad?,46,painter,349,"Paul Gauguin was born on June 7, 1848, and separated from Mette-Sophie Gad in 1894. To find the age at separation, subtract the birth year from the separation year: 1894 - 1848 = 46.
Final Answer: 46",<num_years>
18,At what age did Paul Gauguin separate from Teha'amana?,45,painter,349,"To find the age at which Paul Gauguin separated from Teha'amana, we first need to know the year they separated, which is 1893, and Gauguin's birth year, which is 1848. We can calculate his age in 1893 by subtracting his birth year from 1893: 1893 - 1848 = 45.
Final Answer: 45",<num_years>
19,At what age did Pierre Auguste Cot die?,46,painter,350,"Pierre Auguste Cot was born on 17 February 1837 and died on 2 August 1883. To find the age at which he died, subtract the birth year from the death year: 1883 - 1837 = 46.
Final Answer: 46",<num_years>
20,At what age did Pierre Auguste Cot finish The Storm?,43,painter,350,"Pierre Auguste Cot finished The Storm in 1880. He was born on 17 February 1837. To find his age in 1880, subtract his birth year from 1880: 1880 - 1837 = 43. Since his birthday is in February and the year 1880 has just started (the exact date of completion is not provided), he would have been 42 for most of 1880, turning 43 in February. However, considering the year of completion is 1880, and without the exact date of completion, we can approximate his age to be around 43 years old when he finished The Storm, as his birthday would have already passed in February of that year.
Final Answer: 43",<num_years>
21,At what age did Roger Federer get his highest ranking?,23,tennis,512,"Roger Federer's highest ranking was No. 1, which he achieved on 2 February 2004. He was born on 8 August 1981. To find his age at the time of achieving the highest ranking, calculate the difference between the year of the ranking (2004) and his birth year (1981), which is 2004 - 1981 = 23 years, but also consider the months. Since Federer's birthday is in August and the ranking was in February, he was still 22 years old when he achieved the ranking.
Final Answer: 22",<num_years>
22,At what age did Stephen Hawking divorce his first wife?,53,nobel,352,"Stephen Hawking was born on 8 January 1942 and divorced his first wife, Jane Wilde, in 1995. To find the age at which he divorced his first wife, subtract the birth year from the year of divorce: 1995 - 1942 = 53.
Final Answer: 53",<num_years>
23,At what age did Stephen Hawking divorce Jane Wilde?,53,nobel,352,"Stephen Hawking was born on January 8, 1942, and he divorced Jane Wilde in 1995. To find the age at which he divorced Jane Wilde, subtract his birth year from the year of divorce: 1995 - 1942 = 53. 
Final Answer: 53",<num_years>
24,At what age did Stephen Hawking marry Elaine Mason?,53,nobel,352,"Stephen Hawking was born on January 8, 1942. He married Elaine Mason in 1995. To find his age at the time of marriage, subtract his birth year from the year of marriage: 1995-1942=53.
Final Answer: 53",<num_years>
25,"Between 2018 and 2021, which year was Belarus's GDP growth the lowest?",2020,economy,235,"To determine the year with the lowest GDP growth between 2018 and 2021, we need to compare the GDP growth rates for each year. 

The GDP growth rates are as follows:
- 2018: 3.1%
- 2019: 1.2%
- 2020: −0.9%
- 2021: 3.3%

The lowest GDP growth rate is −0.9% in 2020.
Final Answer: 2020",yyyy
26,At what age did Stephen Hawking marry Jane Wilde?,23,nobel,352,"To find the age at which Stephen Hawking married Jane Wilde, we need to know the year he married her and his birth year. Hawking was born in 1942 and married Jane Wilde in 1965. To calculate his age at the time of marriage, subtract the birth year from the marriage year: 1965 - 1942 = 23.
Final Answer: 23",<num_years>
27,At what age did Stephen Hawking win the Hughes Medal?,34,nobel,352,"Stephen Hawking won the Hughes Medal in 1976. He was born on 8 January 1942. To find his age in 1976, subtract his birth year from the year he won the medal: 1976 - 1942 = 34.
Final Answer: 34",<num_years>
28,At what age did Steve Jobs become active in his career?,21,person,353,"To determine the age at which Steve Jobs became active in his career, we need to know his birth year and the year he became active. Steve Jobs was born in 1955 and became active in 1976. To find the age, subtract the birth year from the year he became active: 1976 - 1955 = 21.
Final Answer: 21",<num_years>
29,At what age did Steve Jobs end his partnership with Chrisann Brennan?,22,person,353,"To determine the age at which Steve Jobs ended his partnership with Chrisann Brennan, we need to know the year the partnership ended and Steve Jobs' birth year. The partnership with Chrisann Brennan was from 1972 to 1977. Steve Jobs was born in 1955. 

The partnership ended in 1977. To find Steve Jobs' age in 1977, subtract his birth year from the year the partnership ended: 1977 - 1955 = 22.

Final Answer: 22",<num_years>
30,At what age did Steve Jobs first have a partner?,17,person,353,"Steve Jobs was born in 1955 and had a partner, Chrisann Brennan, from 1972 to 1977. To find the age at which Steve Jobs first had a partner, subtract his birth year from the year he got his partner: 1972-1955=17.
Final Answer: 17",<num_years>
31,At what age did Steve Jobs marry his spouse?,36,person,353,"To find the age at which Steve Jobs married his spouse, we need to know his birth year and the year he got married. Steve Jobs was born in 1955 and married Laurene Powell in 1991. To find his age at the time of marriage, subtract his birth year from the year he got married: 1991 - 1955 = 36.
Final Answer: 36",<num_years>
32,At what age did Steve Jobs marry Laurene Powell?,36,person,353,"To determine the age at which Steve Jobs married Laurene Powell, we need to know the year they married and Steve Jobs' birth year. Steve Jobs married Laurene Powell in 1991 and was born in 1955. The difference between these years is 1991 - 1955 = 36.
Final Answer: 36",<num_years>
33,For approximately how many more years has Esther Hayut been with the Supreme Court of Israel compared to Uzi Vogelman?,5,court,257,"Esther Hayut has been the President of the Supreme Court of Israel since 26 October 2017. Uzi Vogelman has been the Deputy President since 9 May 2022. To find the difference in the number of years they have been with the court, first find the number of years Esther Hayut has been with the court and the number of years Uzi Vogelman has been with the court, then subtract the number of years Uzi Vogelman has been with the court from the number of years Esther Hayut has been with the court.

The current year is 2022. Esther Hayut started in 2017, so she has been with the court for 2022-2017=5 years. Uzi Vogelman started in 2022, so he has been with the court for 2022-2022=0 years.

Now subtract the years Uzi Vogelman has been with the court from the years Esther Hayut has been with the court: 5-0=5 years.
Final Answer: 5 years",<num_years>
34,At what age did the artist complete his work The Gross Clinic?,31,painter,356,"Thomas Eakins completed The Gross Clinic in 1875. He was born on July 25, 1844. To find his age in 1875, subtract his birth year from the year he completed the work: 1875 - 1844 = 31.
Final Answer: 31",<num_years>
35,At what age did Theo Bot become Ambassador to Canada?,56,person,915,"Theo Bot was born on 20 July 1911, and he became Ambassador to Canada on 17 January 1968. To find the age, subtract the birth year from the year he became Ambassador: 1968 - 1911 = 57. Since his birthday is in July and he became Ambassador in January, he was still 56 years old when he became Ambassador.
Final Answer: 56",<num_years>
36,"At what age did Thomas Eakins create ""The Agnew Clinic""?",45,painter,356,"To determine Thomas Eakins' age when he created ""The Agnew Clinic"", we need to know the year it was created and his birth year. ""The Agnew Clinic"" was created in 1889, and Thomas Eakins was born in 1844. To find his age, subtract his birth year from the year the painting was created: 1889 - 1844 = 45.
Final Answer: 45",<num_years>
37,At what age did Thomas Eakins die?,71,painter,356,"To find Thomas Eakins' age at the time of death, we need to subtract his birth year from his death year. However, since we are given the exact dates of birth and death, we can calculate the age more precisely. Thomas Eakins was born on July 25, 1844, and died on June 25, 1916. 
Since his death month and day (June 25) come before his birth month and day (July 25), we need to consider that he had not yet had his birthday in the year he died. Thus, when he died, he was 71 years old.
Final Answer: 71",<num_years>
38,At what age was Jeffrey Epstein apprehended?,66,person,340,"Jeffrey Epstein was born on January 20, 1953, and was apprehended on July 6, 2019. To find the age at which Epstein was apprehended, calculate the difference between the year of apprehension (2019) and the year of birth (1953), which is 2019 - 1953 = 66. Since Epstein's birthday (January 20) is before the apprehension date (July 6), he was already 66 years old when apprehended.
Final Answer: 66",<num_years>
39,During what year did Manning receive the most awards or highlights?,2003,rugby,75,"To find the year when Manning received the most awards or highlights, we need to look at the ""Career highlights and awards"" section. The years mentioned are: 
- 2003 (Maxwell Award, Johnny Unitas Golden Arm Award, SEC Offensive Player of the Year, Second-team All-American, First-team All-SEC)
- 2008 (Pro Bowl)
- 2011 (Pro Bowl, Most passing yards in a single postseason)
- 2012 (Pro Bowl)
- 2015 (Pro Bowl)
- 2016 (Walter Payton NFL Man of the Year)
- 2020 (Bart Starr Award)

In 2003, Manning received 5 awards. In other years, he received 1 or 2 awards. Therefore, Manning received the most awards in 2003.
Final Answer: 2003",yyyy
40,At what age was Stewart inducted into the NASCAR Hall of Fame?,49,racing,272,"Tony Stewart was inducted into the NASCAR Hall of Fame in 2020. He was born on May 20, 1971. To find his age in 2020, subtract his birth year from 2020: 2020 - 1971 = 49.
Final Answer: 49",<num_years>
41,For how many years did Abdul Jeelani play professional basketball?,13,ice hockey,561,"Abdul Jeelani's playing career is listed as 1976-1989. To find the number of years, subtract the start year from the end year and then add 1: 1989 - 1976 + 1 = 13 + 1, but since the years are inclusive, 1989 - 1976 = 13.
Final Answer: 13",<num_years>
42,For how many years did Benny McCoy play professional baseball?,3,baseball,405,"Benny McCoy played professional baseball from 1938 to 1941. To find the number of years he played, subtract the start year from the end year and then add 1 (since he played in both the start and end years): 1941 - 1938 + 1 = 4.
Final Answer: 4 years",<num_years>
43,For how many years did Black Dog Siding operate under its original name?,90,railway,464,"Black Dog Siding was opened on 3 November 1863, and it was renamed Black Dog Halt on 8 June 1953. To find out how many years it operated under its original name, subtract the year it was opened from the year it was renamed: 1953 - 1863 = 90.
Final Answer: 90 years",<num_years>
44,During what year did Russia's support end and Israel's support begin?,1990,civil war,979,"The Soviet Union (which is often referred to as Russia) supported the Derg from 1977-1990. Israel supported the Derg from 1990. Therefore, the year when Russia's support ended and Israel's support began is 1990.
Final Answer: 1990",yyyy
45,For how many years did Draško Nenadić play with his first team?,3,handball,492,"Draško Nenadić's first team was RK Crvena zvezda, which he played for from 2007 to 2010. To find the number of years, subtract the start year from the end year: 2010-2007=3.
Final Answer: 3 years",<num_years>
46,"For how many years did Emilie Hegh Arntzen play for Byåsen HE, starting in 2014?",3,handball,493,"Emilie Hegh Arntzen played for Byåsen HE from 2014 to 2017. To find out how many years she played, subtract the start year from the end year: 2017 - 2014 = 3.
Final Answer: 3 years",<num_years>
47,In what year did Alexandra Boltasseva's longest streak of receiving an annual award begin?,2017,scientist,315,"Alexandra Boltasseva received awards in the following years: 2008, 2009, 2011, 2013, 2015, 2017, 2018, 2019, 2020, and 2021. To determine the longest streak, we need to look for consecutive years. From 2013 to 2015, there is a gap (2014 is missing), and from 2015 to 2017 and 2017 to 2018, and 2018 to 2019, there are gaps of 2 and 1 year respectively, but from 2019 to 2020 to 2021 there is no gap, so the longest streak of receiving an annual award began in 2019 and continued through 2020 and 2021, but also from 2018 to 2019 to 2020 to 2021 there is almost no gap, only the year 2019 to 2018 has a gap of 1 year, so the longest streak began in 2018.
Final Answer: 2018",yyyy
48,For how many years did James Worthy play in the NBA?,12,nba,81,"To find out how many years James Worthy played in the NBA, we need to look at the ""Playing career"" information in the table. It states that Worthy played from 1982 to 1994. To find the number of years, subtract the start year from the end year and then add 1 (since both the start and end years are inclusive): 1994 - 1982 + 1 = 12 + 1 = 13 - 1 = 12 + 1 = 13, but 1994 - 1982 = 12, so 12 + 1 = 13, but since 1982 to 1994 is 12 years, and you include the last year, it is 12 years. 
Final Answer: 12 years",<num_years>
49,For how many years did Libya support the Ethiopian Civil War?,8,civil war,979,"Libya supported the Eritrean separatists from 1977 to 1985, and then supported the Derg from 1985 to 1991. To find the total number of years Libya supported the war, add the years they supported each side: 1985-1977=8 years, and 1991-1985=6 years. Then, add the years together: 8+6=14 years, but there is overlap between the two time periods (1985), so subtract 1: 14-1=13,  but then also, consider that the war only lasted from 1974-1991, so Libya could not have supported the war from 1974-1977 (3 years), so subtract 3 from 13, but then add the year 1985, so 13-3+1=11, but then consider the war started in 1974 and ended in 1991, and Libya supported from 1977 to 1991 (1991-1977=14), but then subtract the years that Libya did not support either side (there are none), so the answer is simply 14-3=11 years that Libya supported the war, but since the war",<num_years>
50,In what year did Atkinson win the most gold medals?,2015,swimming,669,"To determine the year Atkinson won the most gold medals, examine each year she competed in the Island Games and count the gold medals for each year. 

In 2011, Atkinson won 2 gold medals. 
In 2013, Atkinson won 2 gold medals. 
In 2015, Atkinson won 7 gold medals.

Atkinson won the most gold medals in 2015.
Final Answer: 2015",yyyy
51,For how many years did Mauritania participate in the Western Sahara War starting from 1975?,4,military conflict,1014,"Mauritania participated in the Western Sahara War from 1975 to 1979. To find out how many years Mauritania was involved, subtract the starting year from the ending year: 1979 - 1975 = 4.
Final Answer: 4 years",<num_years>
52,For how many more years did Young play for the New York Giants during his second stint compared to his time with the Cincinnati Reds?,2,baseball,401,"Babe Young played for the New York Giants from 1939 to 1942 (4 years, since 1942-1939=3, but this includes both the start and end year) and from 1946 to 1947 (2 years). His second stint with the Giants refers to the period from 1939 to 1942, since the period from 1936 is his first stint. Young played for the Cincinnati Reds from 1947 to 1948 (2 years, since 1948-1947=1, but this includes both the start and end year). 
The difference between the years he played in his second stint with the Giants and the years he played for the Reds is 4-2=2.
Final Answer: 2 years",<num_years>
53,For how many years did Roger Federer play professionally before achieving his highest ranking?,6,tennis,512,"Roger Federer turned pro in 1998. He achieved his highest ranking of No. 1 on 2 February 2004. To find the number of years between these two dates, subtract the start year from the year he achieved his highest ranking: 2004-1998=6.
Final Answer: 6 years",<num_years>
54,In what year did Bayinnaung first reign?,1550,emperor,119,"Bayinnaung's reign started on 30 April 1550.
Final Answer: 1550",yyyy
55,For how many years did Žarko Marković play for Montenegro?,7,handball,504,"Žarko Marković played for Montenegro from 2006 to 2012. To find the number of years, subtract the start year from the end year and then add 1 (since both the start and end years are inclusive): 2012 - 2006 + 1 = 7 (or alternatively, count the years: 2006, 2007, 2008, 2009, 2010, 2011, 2012).
Final Answer: 6 years",<num_years>
56,For how many years had Benedict Cumberbatch been acting when he got married?,17,actor,3,"Benedict Cumberbatch started acting in 1998 and got married in 2015. To find the number of years he had been acting when he got married, subtract the start year from the marriage year: 2015-1998=17.
Final Answer: 17 years",<num_years>
57,For how many years has Benedict Cumberbatch been married?,7,actor,3,"Benedict Cumberbatch was married in 2015. To find out how many years he has been married, subtract the year he was married from the current year. Since the current year is 2022 (as of December 2022), subtract 2015 from 2022: 2022-2015=7.
Final Answer: 7 years",<num_years>
58,For how many years has the JF-17 Thunder been produced in Pakistan?,14,fighter,229,"The JF-17 Thunder has been produced in Pakistan since January 2008. To find out the number of years it has been produced in Pakistan, subtract the start year from the current year (2022): 2022-2008=14.
Final Answer: 14 years",<num_years>
59,In what year did Blaze Riorden last win a medal at the World Indoor Lacrosse Championship?,2019,lacrosse,642,"According to the table, Blaze Riorden won a medal at the World Indoor Lacrosse Championship in 2015 and 2019. The most recent year is 2019.
Final Answer: 2019",yyyy
60,For how many years was Access Hollywood known as Access?,2,show,1085,"Access Hollywood was also known as Access from 2017 to 2019. To find the number of years, subtract the start year from the end year: 2019 - 2017 = 2.
Final Answer: 2 years",<num_years>
61,"For how many years was Access Hollywood known simply as ""Access""?",2,show,1085,"Access Hollywood was also known as ""Access"" from 2017 to 2019. To find out how many years this is, subtract the start year from the end year: 2019-2017=2.
Final Answer: 2 years",<num_years>
62,For how many years was Alphonse Gallegos both Auxiliary Bishop of Sacramento and Titular Bishop of Sasabe?,10,christian leader,829,"Alphonse Gallegos was appointed as Auxiliary Bishop of Sacramento and Titular Bishop of Sasabe on 24 August 1981, and his term ended on 6 October 1991. To find out how many years he held these positions, subtract the start year from the end year: 1991-1981=10.
Final Answer: 10 years",<num_years>
63,In what year did Boltasseva win the most awards?,2013,scientist,315,"To determine the year Alexandra Boltasseva won the most awards, examine the list of awards and their corresponding years. The awards are as follows:
- 2021: 1 award
- 2020: 1 award
- 2019: 1 award
- 2018: 1 award
- 2017: 1 award
- 2015: 1 award
- 2013: 2 awards
- 2011: 1 award
- 2009: 1 award
- 2008: 1 award
In 2013, Boltasseva won 2 awards, which is more than any other year.
Final Answer: 2013",yyyy
64,For how many years was AT&T known as Southwestern Bell Corporation?,12,company,597,"AT&T was known as Southwestern Bell Corporation from 1983 to 1995. To find the number of years, subtract the start year from the end year: 1995 - 1983 = 12.
Final Answer: 12 years",<num_years>
65,For how many years was Atlantis in publication?,35,board game,1163,"The first edition of Atlantis was published in 1984, and the most recent edition mentioned, the 30th Anniversary Edition, was published in 2019. To find the number of years between these two dates, subtract the earlier year from the later year: 2019 - 1984 = 35.
Final Answer: 35 years",<num_years>
66,For how many years was Robert K. Silverstein the producer for Access Hollywood?,20,show,1085,"Robert K. Silverstein was an executive producer for Access Hollywood from 1999 to 2019. To find the number of years he was the producer, subtract the start year from the end year: 2019-1999=20.
Final Answer: 20 years",<num_years>
67,For how many years was the FAA Fairey Firefly produced?,14,aircraft,1128,"To find the number of years the FAA Fairey Firefly was produced, subtract the start year of production from the end year of production: 1955-1941=14.
Final Answer: 14 years",<num_years>
68,In what year did Chen Yufei win the most medals?,2016,badminton,129,"To determine the year Chen Yufei won the most medals, we need to look at each year and count the medals she won. 

In 2013, Chen Yufei won 2 medals (1 bronze at the Asian Youth Games and 1 gold at the Asian Junior Championships, and 1 bronze at the World Junior Championships). 

In 2014, Chen Yufei won 3 medals (1 gold at the World Junior Championships, 1 gold at the Asian Junior Championships, and 1 silver at the Asian Junior Championships). 

In 2015, Chen Yufei won 2 medals (1 gold at the World Junior Championships and 1 gold at the Asian Junior Championships). 

In 2016, Chen Yufei won 4 medals (1 gold at the World Junior Championships, 1 gold at the Asian Team Championships, 1 gold at the Asian Junior Championships, and 1 gold at the Asian Junior Championships). 

In 2017, Chen Yufei won 2 medals (1 bronze at the World Championships and 1 silver at the Sudirman Cup, and 1 bronze at the Asia Mixed Team Championships). 

In 2018, Chen Yufei won 3 medals (1 bronze at the",yyyy
69,For how many years was the PBY Catalina in production?,9,aircraft,1130,"The PBY Catalina was produced from 1936 to 1945. To find the number of years it was in production, subtract the start year from the end year: 1945 - 1936 = 9.
Final Answer: 9 years",<num_years>
70,For how many years was the PBY Catalina manufactured?,9,aircraft,1130,"The PBY Catalina was produced from 1936 to 1945. To find the number of years it was manufactured, subtract the start year from the end year: 1945 - 1936 = 9.
Final Answer: 9 years",<num_years>
71,For how many years was the X-15 used by NASA and the US Air Force?,9,space program,1132,"To determine the number of years the X-15 was used, we need to subtract the introduction year from the retirement year. The X-15 was introduced on 17 September 1959 and retired in December 1968. 
1959 to 1968 is 9 years.
Final Answer: 9 years",<num_years>
72,In what year did China first participate in the Winter Olympics but not the Summer Olympics?,1994,athelete,1024,"China's participation in the Summer and Winter Olympics is listed in the table. China first participated in the Winter Olympics in 1980. In 1980, China also participated in the Summer Olympics, as it is listed in the Summer appearances section. However, there is no year in which China participated in the Winter Olympics but not the Summer Olympics, as China's first Winter Olympics appearance in 1980 occurred after its first Summer Olympics appearance in 1952, and China has participated in both the Summer and Winter Olympics in the same year multiple times since then.
Final Answer: There is no such year.",yyyy
73,For how many years was Yale University named Collegiate School?,17,university,611,"Yale University was named Collegiate School from 1701 to 1718. To find the number of years, subtract the start year from the end year: 1718 - 1701 = 17.
Final Answer: 17 years",<num_years>
74,How long in years after the Backwoods Barbie Tour did the Blue Smoke World Tour begin?,6,concert,1054,"The Backwoods Barbie Tour took place in 2008 and the Blue Smoke World Tour took place in 2014. To find the number of years between these two tours, subtract the year of the Backwoods Barbie Tour from the year of the Blue Smoke World Tour: 2014 - 2008 = 6.
Final Answer: 6 years",<num_years>
75,How long in years after the start of the Gaza–Israel conflict did Sudan cease to be a belligerent?,9,current war,1018,"The Gaza-Israel conflict started on June 28, 2006. Sudan ceased to be a belligerent in 2015. To find the number of years between these two dates, subtract the start year from the year Sudan ceased to be a belligerent: 2015 - 2006 = 9 years.
Final Answer: 9 years",<num_years>
76,How long in years did Abdul Jeelani's playing career last?,13,ice hockey,561,"Abdul Jeelani's playing career started in 1976 and ended in 1989. To find the duration of his career, subtract the start year from the end year: 1989 - 1976 = 13.
Final Answer: 13 years",<num_years>
77,In what year did Dennis Erickson receive his second national championship award?,1991,nfl,540,"Dennis Erickson received two national championships, in 1989 and 1991. His second national championship was in 1991.
Final Answer: 1991",yyyy
78,How long in years did Alojzije Mišić serve as the Bishop of Mostar-Duvno?,30,christian leader,824,"Alojzije Mišić was appointed as the Bishop of Mostar-Duvno on 29 April 1912, and his term ended on 26 March 1942. To calculate the number of years he served, we subtract the start year from the end year: 1942 - 1912 = 30.
Final Answer: 30 years",<num_years>
79,How long in years did Alphonse Gallegos serve as Auxiliary Bishop of Sacramento?,10,christian leader,829,"Alphonse Gallegos was appointed as Auxiliary Bishop of Sacramento on August 24, 1981, and his term ended on October 6, 1991. To find the number of years he served, subtract the start year from the end year: 1991 - 1981 = 10.
Final Answer: 10 years",<num_years>
80,In what year did Dick King-Smith marry his first wife?,1943,book,929,"To determine the year Dick King-Smith married his first wife, we need to look at the information provided in the table under the ""Spouse"" section. It is stated that Dick King-Smith was married to Myrle from 1943 until her death in 2000. 
Final Answer: 1943",yyyy
81,In what year did Dylon Molloy start his career?,2017,lacrosse,655,"According to the table, Dylan Molloy's pro career started in 2017.
Final Answer: 2017",yyyy
82,How long in years did Ambrose Rayappan serve as Archbishop Emeritus of Pondicherry and Cuddalore from 1953?,20,christian leader,817,"To calculate how long Ambrose Rayappan served as Archbishop, we need to know when he started and when he ended his term. He was installed as Archbishop on 25 March 1953 and his term ended on 17 March 1973. 

First, calculate the difference in years: 1973 - 1953 = 20 years.

Then, account for the months: March 1973 - March 1953 = 0 months difference (they are the same), but since 17 March 1973 is before 25 March 1953 in a month, Ambrose Rayappan served for almost the full 20 years.

However, the title Archbishop Emeritus implies that he held the title after his term as Archbishop ended. Since his term as Archbishop ended in 1973 and he died in 1999, the duration as Archbishop Emeritus would be from 1973 until his death in 1999.

1973 to 1999 is 26 years.
Final Answer: 26 years",<num_years>
83,How long in years did Arnold Schwarzenegger work as Governor of California?,7,body builder,866,"To find the number of years Arnold Schwarzenegger worked as Governor of California, we need to subtract the start year from the end year. Schwarzenegger was in office from November 17, 2003, to January 3, 2011. 

The start year is 2003 and the end year is 2011. Subtracting the start year from the end year: 2011 - 2003 = 8.

However, since he was in office for almost the entire year of 2003 and only a few days of 2011, we can still consider this as approximately 8 years, but more precisely, it is about 7 years and a few months, given the specific dates.

Final Answer: 8 years (approximately), or more precisely, about 7 years and a few months.",<num_years>
84,In what year did Emilie Hegh Arntzen receive her last medal?,2021,handball,493,"To find the year Emilie Hegh Arntzen received her last medal, we need to examine the years of the medals listed. 

The Olympic Games medal was received in 2016. 
The World Championship medals were received in 2017 and 2021. 
The European Championship medals were received in 2014, 2016, and 2020. 
The Youth World Championship and Youth European Championship medals were received in 2012 and 2011, respectively.

Among these years, the most recent year is 2021.
Final Answer: 2021",yyyy
85,How long in years did Art Wilson play in the MLB?,13,baseball,400,"Art Wilson's MLB debut was on September 29, 1908, and his last MLB appearance was on June 12, 1921. To find the number of years he played, subtract the debut year from the last appearance year: 1921 - 1908 = 13.
Final Answer: 13 years",<num_years>
86,How long in years did Belus Smawley's coaching career last?,5,basketball,566,"Belus Smawley's coaching career started in 1951 and ended in 1956. To find the number of years his coaching career lasted, subtract the start year from the end year: 1956 - 1951 = 5.
Final Answer: 5 years",<num_years>
87,How long in years did Bill Hewitt play for the Lakers?,1,basketball,568,"Bill Hewitt played for the Los Angeles Lakers from 1968-1969. To find out how long he played for the Lakers, we need to calculate the difference between the end year (1969) and the start year (1968), which is 1969 - 1968 = 1.
Final Answer: 1 year",<num_years>
88,How long in years did Black Dog Siding remain open?,102,railway,464,"Black Dog Siding was opened on 3 November 1863, and it was closed on 20 September 1965. To find the number of years it remained open, subtract the opening year from the closing year: 1965 - 1863 = 102.
Final Answer: 102 years",<num_years>
89,In what year did Jager win the most Olympic medals?,1988,swimming,118,"To find the year Tom Jager won the most Olympic medals, we need to examine the Olympic Games section of the table. 

In 1984, Jager won 2 gold medals. 
In 1988, Jager won 2 gold medals and 1 silver medal, for a total of 3 medals. 
In 1992, Jager won 1 gold medal and 1 bronze medal, for a total of 2 medals.

The year Jager won the most Olympic medals was 1988, with 3 medals.
Final Answer: 1988",yyyy
90,In what year did Kaija Parve-Helinurm win the most medals?,1985,skier,793,"Kaija Parve-Helinurm has won medals in the years 1984, 1985, 1986, 1987, and 1988. In 1985, she won 3 medals (2 gold, 1 silver) and in 1986, she also won 2 medals (2 gold). However, in 1985 and 1987 she also won 3 medals (3 gold in 1984 is not exceeded)  but 1985 has 3 medals (2 gold and 1 silver) and 1987 has 2 medals (1 gold, 1 silver) and also 1984 and 1986 have fewer than 3 medals in those years for her, but 1985 has the most. 
Final Answer: 1985",yyyy
91,How long in years did Casey Mears' career last in the Champ Car series?,2,martial artist,264,"Casey Mears' first race in the Champ Car series was in 2000, and his last race was in 2001. To find the number of years his career lasted in the Champ Car series, subtract the start year from the end year: 2001 - 2000 = 1.
Final Answer: 1 year",<num_years>
92,How long in years did each of Joan Crawford's marriages last?,4,actor,8,"To find the length of each marriage, we need to calculate the difference between the year of divorce/death and the year of marriage for each spouse.

1. Douglas Fairbanks Jr.: Married in 1929, divorced in 1933. The difference is 1933 - 1929 = 4 years.
2. Franchot Tone: Married in 1935, divorced in 1939. The difference is 1939 - 1935 = 4 years.
3. Phillip Terry: Married in 1942, divorced in 1946. The difference is 1946 - 1942 = 4 years.
4. Alfred Steele: Married in 1955, died in 1959. The difference is 1959 - 1955 = 4 years.

Each of Joan Crawford's marriages lasted 4 years.
Final Answer: 4 years",<num_years>
93,How long in years did it take Roy Emereson to go from amateur to pro?,15,tennis,50,"Roy Emerson turned pro in 1968 and was on the amateur tour from 1953. To find out how long it took him to go from amateur to pro, subtract the amateur start year from the pro start year: 1968 - 1953 = 15.
Final Answer: 15 years",<num_years>
94,How long in years did Michael Owen's senior career last?,17,footballer,479,"To determine the length of Michael Owen's senior career, we need to look at the years listed in the ""Senior career"" section. The earliest year listed is 1996, and the latest year is 2013. To find the length of his senior career, subtract the start year from the end year: 2013 - 1996 = 17.
Final Answer: 17 years",<num_years>
95,How long in years did Miloš Obrenović I's reign last in which Karađorđe was his successor?,2,emperor,765,"The information provided does not indicate that Karađorđe was Miloš Obrenović I's successor. Instead, it shows that Karađorđe was Miloš Obrenović I's predecessor as the Grand Vožd of Serbia. Miloš Obrenović I reigned as Grand Vožd from 23 April 1815 to 6 November 1817. 

To find the length of his reign as Grand Vožd, subtract the start year from the end year: 1817 - 1815 = 2.
Final Answer: 2",<num_years>
96,How long in years did Roy Emerson play in the amateur league before going professional?,15,tennis,50,"Roy Emerson turned pro in 1968 and was on the amateur tour from 1953. To find the number of years he played in the amateur league before going professional, subtract the start year from the year he turned pro: 1968-1953=15.
Final Answer: 15 years",<num_years>
97,In what year did Richard Caswell get into politics?,1776,politician,904,"The table does not explicitly state the year Richard Caswell got into politics. However, it does mention that he was the 1st Governor of North Carolina, serving from November 12, 1776. This suggests that he was already involved in politics by 1776. Additionally, the table mentions that he was part of the North Carolina Militia and fought in the Battle of Moore's Creek Bridge, which took place on February 27, 1776. This implies that he was involved in politics or at least military service related to politics prior to his governorship.

However, if we consider his earliest recorded political or military position, it would be his involvement in the Regulator Movement or his service in the North Carolina Militia, but the exact year is not specified. The earliest specific year mentioned related to his political career is 1776.

Final Answer: 1776",yyyy
98,How long in years did Roy Emerson play professionally?,15,tennis,50,"Roy Emerson turned pro in 1968 and retired in 1983. To find the number of years he played professionally, subtract the start year from the end year: 1983-1968=15.
Final Answer: 15 years",<num_years>
99,How long in years did the Kalmar Union last?,140,empire,430,"The Kalmar Union was established on 17 June 1397 and ended in 1537. To find out how long it lasted, subtract the start year from the end year: 1537 - 1397 = 140.
Final Answer: 140 years",<num_years>
100,How long in years did the Mexican Empire last?,2,empire,433,"To find out how long the Mexican Empire lasted, we need to determine the start and end years. The Mexican Empire started in 1821 and ended in 1823. To get the number of years between these two years, subtract the start year from the end year: 1823-1821=2.
Final Answer: 2 years",<num_years>
101,How long in years did the recording of 21st Century Breakdown take?,1,music,1070,"The recording of 21st Century Breakdown took place from 2008 to 2009. To find the number of years, subtract the start year from the end year: 2009 - 2008 = 1.
Final Answer: 1 year",<num_years>
102,How long in years did the second renovation of the Birmingham–Jefferson Convention Complex last?,2,monument,751,"The second renovation of the Birmingham-Jefferson Convention Complex occurred from 2019 to 2021. To find the duration of the renovation in years, subtract the start year from the end year: 2021 - 2019 = 2.
Final Answer: 2 years",<num_years>
103,How long in years did the Space Shuttle program run?,39,space program,1062,"To find the duration of the Space Shuttle program in years, subtract the start year from the end year. The program started in 1972 and ended in 2011. 
2011 - 1972 = 39 years.
Final Answer: 39 years",<num_years>
104,How long in years had AT&T been known by a different name?,22,company,597,"AT&T Inc. was formerly known as Southwestern Bell Corporation from 1983 to 1995 and as SBC Communications Inc. from 1995 to 2005. 

To find the total number of years it was known by a different name, add the years for each former name: 
1995 - 1983 = 12 years as Southwestern Bell Corporation
2005 - 1995 = 10 years as SBC Communications Inc.
12 years + 10 years = 22 years

Final Answer: 22 years",<num_years>
105,In what year did Roy Emerson first win a Grand Slam Singles Tournament?,1961,tennis,50,"To determine the year Roy Emerson first won a Grand Slam Singles Tournament, we need to look at the years listed for each Grand Slam singles result. The earliest year listed for a win is 1961 for the Australian Open and the US Open.
Final Answer: 1961",yyyy
106,How long in years had the Salvadoran Civil War been going on when North Korea withdrew?,11,civil war,1022,"The Salvadoran Civil War started on 15 October 1979 and North Korea withdrew its diplomatic support in 1990. To find the number of years the war had been going on when North Korea withdrew, subtract the start year from the withdrawal year: 1990-1979=11.
Final Answer: 11 years",<num_years>
107,How long in years has AC/DC been active in the music scene?,49,musician,468,"AC/DC has been active from 1973 to the present. To calculate the number of years they have been active, we need to know the current year. Since the current year is not specified, we will use the ""Cutting Knowledge Date"" which is December 2022, and the current year is 2022. The years AC/DC has been active is 2022 - 1973 = 49.
Final Answer: 49",<num_years>
108,In what year did Shi Yuqi win the most gold medals?,2014,badminton,166,"To find out the year Shi Yuqi won the most gold medals, we need to examine each year and the gold medals he won.

In 2013, Shi Yuqi won 1 gold medal.
In 2014, Shi Yuqi won 3 gold medals.
In 2017, Shi Yuqi did not win any gold medals.
In 2018, Shi Yuqi won 2 gold medals.
In 2019, Shi Yuqi won 1 gold medal.
In 2021, Shi Yuqi won 1 gold medal.

Shi Yuqi won the most gold medals in 2014, with a total of 3 gold medals.
Final Answer: 2014",yyyy
109,For how many more years was Steve Austin married to Jeanie Clarke than Kathryn Burrhus?,5,wrestling,13,"Steve Austin was married to Kathryn Burrhus from 1990 to 1992, which is 2 years. He was married to Jeanie Clarke from 1992 to 1999, which is 7 years. To find out how many more years he was married to Jeanie Clarke, subtract the number of years he was married to Kathryn Burrhus from the number of years he was married to Jeanie Clarke: 7 - 2 = 5.
Final Answer: 5 years",<num_years>
110,How long in years has Belarus been under its current Constitution?,28,country,438,"The current constitution of Belarus was adopted on 15 March 1994. To find out how long Belarus has been under this constitution, we need to calculate the time difference between the current year and 1994. However, since the table does not specify the current year, we will use the latest year mentioned in the table, which is 2021 for the population estimate, and 2020 for the GDP estimate, but the most recent event mentioned is the 2019 census and the last amendments to the constitution were in 2004. Since none of these are the current year, we'll assume the current year based on the given instruction that if necessary, we should assume the current date is December 2022.

Given that, the current year would be 2022. Now, subtract the year the constitution was adopted from the current year: 2022 - 1994 = 28.

Final Answer: 28 years",<num_years>
111,How long in years has Dylan Molloy been playing professionally?,5,lacrosse,655,"Dylan Molloy's professional career started in 2017 and the current year is 2022 (given the cutting knowledge date of December 2022). To find out how long he has been playing professionally, subtract the start year from the current year: 2022 - 2017 = 5.
Final Answer: 5 years",<num_years>
112,How long in years has Rudolf Thienel been President of the Supreme Administrative Court?,8,court,254,"Rudolf Thienel has been the President of the Supreme Administrative Court since 1 January 2014. To find the number of years he has been President, we need to calculate the difference between the current year and 2014. Assuming the current year is 2022 (given the cutting knowledge date of December 2022), we subtract 2014 from 2022: 2022 - 2014 = 8.
Final Answer: 8 years",<num_years>
113,How long in years has the church been open in total?,239,church,715,"The church was completed in 1707 and was closed from 1873 to 1949. To find the total time it was open, first find the time it was open before it was closed: 1873-1707=166 years. Then, find the time it has been open since it was reopened: 2022-1949=73 years. Add these two times together to get the total time the church has been open: 166+73=239 years.
Final Answer: 239 years",<num_years>
114,In what year did the first launch occur at the Satish Dhawan Space Centre?,1979,launchpad,628,"The first launch at the Satish Dhawan Space Centre occurred on 9 August 1979. 
Final Answer: 1979",yyyy
115,How long in years has the current AT&T logo been in use?,6,company,597,"The table does not provide information about when the current AT&T logo was introduced. It does, however, mention that the company was formerly known as Southwestern Bell Corporation (1983-1995) and SBC Communications Inc. (1995-2005) before becoming AT&T Inc. in 2005. 
Final Answer: The information is not provided in the table.",<num_years>
116,In what year did Wang Xiaoli win the most bronze medals?,2006,badminton,174,"Wang Xiaoli won bronze medals in the following years: 
2009 (1 bronze medal at the World Championships), 
2006 (1 bronze medal at the World Junior Championships and 1 bronze medal at the Asian Junior Championships).

Wang Xiaoli won the most bronze medals in 2006, with a total of 2 bronze medals.
Final Answer: 2006",yyyy
117,In what year did Zinedine Zidane start his senior career?,1989,footballer,40,"Zinedine Zidane's senior career started with the team Cannes, from 1989-1992. 
Final Answer: 1989",yyyy
118,"In what year was ""21st Century Breakdown"" first recorded?",2008,music,1070,"The song ""21st Century Breakdown"" was recorded from 2008 to 2009. The first year it was recorded is 2008.
Final Answer: 2008",yyyy
119,"In what year was ""The Gross Clinic"" created?",1875,painter,356,"The table lists ""The Gross Clinic"" as one of Thomas Eakins' notable works, and it specifies that it was created in 1875.
Final Answer: 1875",yyyy
120,How long in years has V/Line been a corporation?,19,agency,1141,"To find the number of years V/Line has been a corporation, we need to find the difference between the current year and the year it was formed as a statutory corporation. V/Line was formed as a statutory corporation on 1 October 2003. Assuming the current year is 2022 (since the knowledge cutoff is December 2022), we subtract the year it was formed from the current year: 2022 - 2003 = 19.
Final Answer: 19",<num_years>
121,How long in years has Yale University been in existence?,321,university,611,"Yale University was established on October 9, 1701. The current year is 2022. To find out how long Yale University has been in existence, subtract the founding year from the current year: 2022 - 1701 = 321 years.
Final Answer: 321 years",<num_years>
122,How long in years was Alessandro Riguccini with his second team?,2,martial artist,840,"Alessandro Riguccini's teams are listed as: Balistic (1999-2010), X1 Boxing (2011-2012), and Zanfer Promotions (2012−present). X1 Boxing is his second team. The years he was with X1 Boxing are 2011 to 2012, so the duration is 2012-2011=1 year.
Final Answer: 1 year",<num_years>
123,How many months after the beginning of his reign as King of Burma was Bayinnaung's coronation in Toungoo?,9,emperor,119,"Bayinnaung's reign as King of Burma began on 30 April 1550. His coronation in Toungoo occurred on 11 January 1551. To find the number of months between these two dates, first calculate the number of months from April 1550 to December 1550, which is 8 months. Then, add the months from January 1551 to the coronation date, which is 1 month (January). 8 + 1 = 9 months, but since the coronation occurred on the 11th, it is more than 9 months after the start of his reign (the start of his reign occurred on the 30th), but less than 9 months and 1 month. However, for this problem, the number of whole months is being asked, which is 8 months (April to December) and then the month of January, for a total of 9 months (the days are not being considered for this problem).
Final Answer: 8 months",<num_months>
124,How long in days after Ingenuity was deployed was the picture taken?,4,space probe,1206,"Ingenuity was deployed on April 3, 2021, and the picture was taken on April 7, 2021. To find the number of days between these dates, subtract the deployment date from the picture date: April 7 - April 3 = 4 days.
Final Answer: 4 days",<num_days>
125,In what year was Ambassadors Group founded?,1967,website,600,"The table states that Ambassadors Group, Inc. was founded in 1967 in Spokane, Washington.
Final Answer: 1967",yyyy
126,How long in years was Alojzije Mišić the Bishop of Mostar-Duvno and Apostolic Administrator of Trebinje-Mrkan?,30,christian leader,824,"Alojzije Mišić was appointed as the Bishop of Mostar-Duvno on 29 April 1912, and his term ended on 26 March 1942. To find out how long he was the Bishop, subtract the start year from the end year: 1942 - 1912 = 30.
Final Answer: 30 years",<num_years>
127,How long in years was Arnold Schwarzenegger married?,35,body builder,866,"Arnold Schwarzenegger was married to Maria Shriver from 1986 until they divorced in 2021. To find the number of years they were married, subtract the year they were married from the year they were divorced: 2021 - 1986 = 35.
Final Answer: 35 years",<num_years>
128,How long after 20th Century Studios was founded was it owned by Walt Disney?,84,company,592,"20th Century Studios was founded on May 31, 1935. It was owned by Walt Disney starting in 2019. To find the number of years between these two dates, subtract the founding year from the year it was owned by Walt Disney: 2019 - 1935 = 84.
Final Answer: 84 years",<num_years>
129,On what date did Peter III assume his first role?,"July 27, 1276",emperor,122,"Peter III's first role was as the King of Aragon and Valencia, and Count of Barcelona. He assumed this role on 27 July 1276.
Final Answer: 27 July 1276","%B %d, %Y"
130,How long in years was Arnold Schwarzenegger the governor of California?,7,body builder,866,"To determine how long Arnold Schwarzenegger was the governor of California, we need to find the difference between the end and start dates of his term. 
He was in office from November 17, 2003, to January 3, 2011. 
The start year is 2003, and the end year is 2011. 
2011 - 2003 = 8.
However, since he started in November and ended in January, this is not a full 8 years. 
But since the difference is almost 8 years (7 years and approximately 1.5 months, or roughly 7.5-8 years when considering just years for the calculation of the term length in a general sense), for the purpose of this question, we consider the term length to be approximately 8 years when counting in years, but more precisely, it is about 7 years when considering the start and end months.
However, in general terms and when not considering the months, it can be said he served for 8 years.
Final Answer: 8 years",<num_years>
131,How long in years was Belus Smawley's playing career?,6,basketball,566,"Belus Smawley's playing career was from 1946 to 1952. To find the length of his playing career, subtract the start year from the end year: 1952 - 1946 = 6.
Final Answer: 6 years",<num_years>
132,How long in years was Bev Francis's professional career?,8,body builder,778,"Bev Francis's professional career started with her pro-debut in 1983 and ended when she retired in 1991. To find the length of her career, subtract the start year from the end year: 1991-1983=8.
Final Answer: 8 years",<num_years>
133,How long in years was Bill Hewitt's playing career?,6,basketball,568,"Bill Hewitt's playing career started in 1968 and ended in 1974. To find the length of his career, subtract the start year from the end year: 1974-1968=6.
Final Answer: 6 years",<num_years>
134,How long after Cumberbatch started his career did he marry Sophie Hunter​?,17,actor,3,"Benedict Cumberbatch started his career in 1998 and married Sophie Hunter in 2015. To find out how long after he started his career he married Sophie Hunter, subtract the start year from the marriage year: 2015-1998=17.
Final Answer: 17 years",<num_years>
135,In what year was Blaze Riorden last named an All-Star in the PLL?,2021,lacrosse,642,"Blaze Riorden was named an All-Star in the PLL in 2019 and 2021. To find the last year he was named an All-Star, look at the more recent year between the two options, which is 2021.
Final Answer: 2021",yyyy
136,How long in years was Dick King-Smith married to his second wife?,10,book,929,"Dick King-Smith was married to his second wife, Zona Bedding, from 2001 until his death in 2011. To find the number of years they were married, subtract the year they were married from the year he died: 2011 - 2001 = 10.
Final Answer: 10 years",<num_years>
137,How long in years was it between Aruna Quadri achieving his highest rank and his silver medal at the Commonwealth Games?,4,tabletennis,710,"Aruna Quadri achieved his highest ranking of 10 in May 2022. He won the silver medal at the Commonwealth Games in 2018. To find the difference in years between these two events, subtract the year of the silver medal from the year of the highest ranking: 2022 - 2018 = 4.
Final Answer: 4",<num_years>
138,In what year was FATE first published?,2003,game,1175,"The publication history of FATE is listed as 2003 (1.0), 2003 (2.0), 2006 (3.0/Spirit of the Century), and 2013 (4.0). The earliest year listed is 2003, which corresponds to the publication of FATE 1.0.
Final Answer: 2003",yyyy
139,How long in years was it between Sri Lanka's first ODI and first T20I?,31,national cricket team,1191,"Sri Lanka's first ODI was on 7 June 1975, and their first T20I was on 15 June 2006. To find the number of years between these two dates, subtract the year of the first ODI from the year of the first T20I: 2006 - 1975 = 31.
Final Answer: 31 years",<num_years>
140,In what year was Jacobs University founded?,2001,university,624,"According to the table, Jacobs University Bremen was established in 2001.
Final Answer: 2001",yyyy
141,How long after Dick King-Smith's first wife died did he marry his second wife?,1,book,929,"Dick King-Smith's first wife, Myrle, died in 2000. He married his second wife, Zona Bedding, in 2001. To find out how long after his first wife's death he married his second wife, subtract the year of his first wife's death from the year he married his second wife: 2001 - 2000 = 1.
Final Answer: 1 year",<num_years>
142,In what year was Pierre Auguste Cot born?,1837,painter,350,"Pierre Auguste Cot was born on 17 February 1837. 
Final Answer: 1837",yyyy
143,How long in years was it between the first and the last time Brandon Miller won the Harry Lumley Trophy?,12,lacrosse,644,"The years Brandon Miller won the Harry Lumley Trophy are 2002, 2007, 2008, and 2014. The first year he won was 2002, and the last year he won was 2014. To find the number of years between these two years, subtract the first year from the last year: 2014-2002=12.
Final Answer: 12 years",<num_years>
144,How long after Minaj's career began did she marry Kenneth Petty?,15,musician,347,"Minaj's career began in 2004. She married Kenneth Petty in 2019. To find the number of years between these two dates, subtract the start year from the marriage year: 2019-2004=15.
Final Answer: 15 years",<num_years>
145,In what year was the most recent edition of Heroes Unlimited published?,1998,game,1151,"The table lists several publication dates for Heroes Unlimited: 
- August 1984 (1st edition)
- April 1987 (Revised edition)
- January 1993 (rev. 9th print)
- March 1998 (2nd edition)

The most recent edition listed is the 2nd edition, which was published in March 1998.
Final Answer: 1998",yyyy
146,How long in years was José Manuel de Herrera Prime Minister of the Mexican Empire?,1,empire,433,"According to the table, José Manuel de Herrera was the Emperor of the Mexican Empire from 1822-1823, not the Prime Minister. The table does not specify who the Prime Minister was. However, it does provide the duration of José Manuel de Herrera's term as Emperor, which was from 1822 to 1823, a total of 1 year.
Final Answer: 1 year",<num_years>
147,How long in years was Leo Diegel married?,17,golf,68,"Leo Diegel was married to Violet Bird Diegel from 1934 until his death in 1951. To find the length of their marriage, subtract the year they were married from the year he died: 1951 - 1934 = 17.
Final Answer: 17 years",<num_years>
148,How long in years was Mišić's bishop term?,30,christian leader,824,"To find the length of Mišić's bishop term, we need to subtract the start year from the end year. Mišić's term as bishop started on 14 July 1912, and it ended on 26 March 1942. 

First, find the difference between the years: 1942 - 1912 = 30 years.

Since the term started in July and ended in March, it is not a full 30 years. However, because the difference is more than 29 years, we can say the term was approximately 30 years, but more precisely, it was 29 years and about 9 months (from July 1912 to March 1942, considering the months).

However, considering the question likely wants the answer in years, we can approximate the term to be around 29-30 years. For simplicity and clarity, the term can be said to be approximately 30 years, but the exact calculation yields 29 years and about 9 months.

Final Answer: 30 years",<num_years>
149,In what year was the NYSE founded?,1792,monument,626,"The NYSE was founded on May 17, 1792.
Final Answer: 1792",yyyy
150,How long in years was Nate Archibald's career since 1970?,14,nba,83,"Nate Archibald's playing career was from 1970 to 1984. To find the length of his career, subtract the start year from the end year: 1984 - 1970 = 14.
Final Answer: 14 years",<num_years>
151,How long in years was Nicki Minaj with her second partner?,3,musician,347,"To find the length of time Nicki Minaj was with her second partner, we need to identify her partners in order and the duration of each relationship. The partners listed are Safaree Samuels and Meek Mill. Since Safaree Samuels is listed first (2000-2014), Meek Mill is the second partner (2015-2017). 

The duration of the relationship with Meek Mill can be calculated as follows: 
End year (2017) - Start year (2015) = 2 years.

Final Answer: 2 years",<num_years>
152,How long in years was Paul Gauguin married to Teha'amana?,2,painter,349,"Paul Gauguin was married to Teha'amana from 1891 to 1893. To find the number of years, subtract the start year from the end year: 1893 - 1891 = 2.
Final Answer: 2 years",<num_years>
153,How long in years was Probe in production?,18,board game,1188,"To find out how long Probe was in production, we need to subtract the start year from the end year. The start year is 1964, and the end year is 1982. 
1982 - 1964 = 18
Final Answer: 18 years",<num_years>
154,How long after the first flight of the B-24 Skua was it withdrawn from other duties?,8,aircraft,226,"The B-24 Skua had its first flight on 9 February 1937. It was withdrawn from other duties in March 1945. To find out how long after the first flight it was withdrawn, calculate the difference between these two dates: 1945-1937=8 years.
Final Answer: 8 years",<num_years>
155,How long in years was Reichsführer-SS Heinrich Himmler the responsible minister for the Coordination Center for Ethnic Germans?,6,agency,1139,"Heinrich Himmler was the responsible minister from 1939 to 1945. To find the number of years he was the minister, subtract the start year from the end year: 1945 - 1939 = 6.
Final Answer: 6 years",<num_years>
156,How long in years was Richard Caswell married to his wife?,5,politician,904,"Richard Caswell was married twice: to Mary Mackilwean from 1752 until her death in 1757, and to Sarah Herritage from 1758. The question asks how long he was married to his wife, but does not specify which wife. Since there are two wives, the question is ambiguous. However, if we consider each marriage separately, we can calculate the duration of each marriage.

For Mary Mackilwean: 1757 - 1752 = 5 years
For Sarah Herritage: The table does not provide the year of her death or their divorce, so we cannot calculate the exact duration of this marriage.

If we assume the question is asking about his first wife, Mary Mackilwean, then the answer would be 5 years.
Final Answer: 5 years",<num_years>
157,How long in years was Robert K. Silverstein a producer for Access Hollywood?,20,show,1085,"To find the number of years Robert K. Silverstein was a producer for Access Hollywood, we need to subtract the year he started from the year he stopped. Robert K. Silverstein was an executive producer from 1999 to 2019. 

2019 - 1999 = 20 years

Final Answer: 20 years",<num_years>
158,How long did Peter III rule as King of Aragon and Valencia?,9,emperor,122,"To determine how long Peter III ruled as King of Aragon and Valencia, we need to calculate the time between the start and end of his reign. His reign started on 27 July 1276 and ended in November 1285. 

The start year is 1276 and the end year is 1285. To get the number of years between these two years, subtract the start year from the end year: 1285 - 1276 = 9 years.

However, we also need to consider the months. The reign started in July and ended in November, so it is approximately 9 years and 4 months, but since the question likely seeks the answer in years, we can approximate it to 9 years.
Final Answer: 9 years",<num_years>
159,How long in years was the Birmingham–Jefferson Convention Complex open before it was renovated in 2009?,37,monument,751,"The Birmingham-Jefferson Convention Complex was opened in January 1972. The complex was renovated in 2009. To find the number of years between these two dates, subtract the opening year from the renovation year: 2009-1972=37.
Final Answer: 37 years",<num_years>
160,How long in years was the career of Bev Francis?,8,body builder,778,"Bev Francis's professional career started with her pro-debut in 1983 and she retired in 1991. To find the length of her career, subtract the start year from the end year: 1991 - 1983 = 8.
Final Answer: 8 years",<num_years>
161,How long had Adolf von Baeyer been married when he won the Davy Medal?,13,nobel,369,"Adolf von Baeyer was married in 1868 and won the Davy Medal in 1881. To find out how long he had been married, subtract the year he was married from the year he won the Davy Medal: 1881 - 1868 = 13.
Final Answer: 13 years",<num_years>
162,How long has the JF-17 Thunder been used in Pakistan?,15,fighter,229,"The JF-17 Thunder was introduced on 12 March 2007. As of the current year (2022), it has been 15 years since its introduction.
Final Answer: 15 years",<num_years>
163,In what year was Valderøy Church founded?,1961,church,714,"The table states that Valderøy Church was founded in 1961.
Final Answer: 1961",yyyy
164,How long in years was the longest tenure of another post Mišić ever held?,10,christian leader,824,"To find the longest tenure of another post Mišić ever held, we need to examine the duration of each post he held. 

1. Provincial of the Franciscan Province of Bosnia: 1909-12 (3 years)
2. President of the Franciscan residence in Visoko: 1907-09 (2 years)
3. Parish priest in Bihać: 1894-1904 (10 years)
4. Guardian of the Franciscan friary in Petrićevac: 1891-94 (3 years) and 1904-07 (3 years), for a total of 6 years
5. General Vicar of Banja Luka: 1884-91 (7 years)
6. Secretary of the Bishop of Banja Luka: 1884-91 (7 years)

The longest tenure of another post Mišić ever held was as the parish priest in Bihać, which lasted for 10 years.
Final Answer: 10 years",<num_years>
165,How long in years was the PBY Catalina in commission by the US Navy?,21,aircraft,1130,"The PBY Catalina was introduced to the United States Navy in October 1936 and was retired from the United States Navy Reserve in January 1957. To find the number of years the PBY Catalina was in commission, subtract the introduction year from the retirement year: 1957 - 1936 = 21.
Final Answer: 21 years",<num_years>
166,"How long is ""8 Mile"" in minutes?",110,movie,1077,"The running time of the movie ""8 Mile"" is given as 110 minutes.
Final Answer: 110 minutes",<num_minutes>
167,How long in years was the time between the first and fourth editions of Catan?,12,board game,1147,"The first edition of Catan was published in 1995 and the fourth edition was published in 2007. To find the number of years between these two dates, subtract the earlier year from the later year: 2007 - 1995 = 12.
Final Answer: 12",<num_years>
168,How long is the album single?,5:09,song,1070,"The length of the album single ""21st Century Breakdown"" is given as 5:09.
Final Answer: 5:09",MM:SS
169,How long was Melissa L. Coates's wrestling career in years?,18,body builder,806,"Melissa L. Coates's wrestling career started in 2002 and ended in 2020. To find the length of her wrestling career, subtract the start year from the end year: 2020 - 2002 = 18.
Final Answer: 18 years",<num_years>
170,How long in years was V/Line branded as an Authority?,20,agency,1141,"V/Line was branded as a State Transport Authority from 1 July 1983, to 1 October 2003, when it became a statutory corporation. To find the number of years between these two dates, subtract the start year from the end year: 2003-1983=20.
Final Answer: 20 years",<num_years>
171,How many months has it been since Horacio Rosatti became President of the Supreme Court of Argentina?,8,court,253,"Horacio Rosatti became President of the Supreme Court of Argentina on October 1, 2021. Given the current date is December 2022, we can calculate the number of months that have passed since then. From October 2021 to December 2022 is 14 months (October to December is 3 months in 2021, and then 12 months for the year 2022, minus 1 month for the month of October that was already counted in the 3 months, for a total of 3 + 12 - 1 = 14).
However, according to the table, the time elapsed since Horacio Rosatti became President is given as 8 months ago from an unspecified date in the past that is being referred to as ""now"" in the table, not from the current date of December 2022. 
Since the table does not specify the current date, we should use the information given in the table. 
The table says it has been 8 months since Horacio Rosatti became President of the Supreme Court of Argentina.
Final Answer: 8 months",<num_months>
172,How long in years was Valen Chapel in operation after its completion?,166,church,715,"Valen Chapel was completed in 1707. It was closed from 1873 to 1949, which means it was not in operation for 76 years. To find the number of years it was in operation after its completion, subtract the year it was closed from the year it was completed: 1873-1707 = 166 years. Then, add the number of years it has been in operation since it was reopened in 1949. The current year is 2022 (given in the problem statement that the current date is December 2022) and the chapel was reopened in 1949. So, it has been in operation for 2022-1949 = 73 years since its reopening. 
Now, add the years of operation before it was closed and after it was reopened: 166 years + 73 years = 239 years.
Final Answer: 239 years",<num_years>
173,How many months has Carlos Rosenkrantz been in the office of Vice President of the Supreme Court of Argentina?,8,court,253,"The current date is assumed to be December 2022, and Carlos Rosenkrantz has been in office since October 1, 2021. The time between these two dates can be calculated by first finding the difference in years: 2022 - 2021 = 1 year. Then, the difference in months from October to December is 2 months. Since there are 12 months in a year, the total number of months is 1 * 12 + 2 = 14 months.
Final Answer: 14 months",<num_months>
174,How long in years were Chrisann Brennan and Steven Paul Jobs partners?,5,person,353,"Chrisann Brennan and Steve Jobs were partners from 1972 to 1977. To find the number of years they were partners, subtract the start year from the end year: 1977-1972=5.
Final Answer: 5 years",<num_years>
175,How long was the 49th Parallel in minutes?,123,movie,1078,"The running time of the movie ""49th Parallel"" is given in the table as 123 minutes.
Final Answer: 123 minutes",<num_minutes>
176,How many complete months had passed in the year before the Men's 4 × 200 metre freestyle relay at the Games of the XXXI Olympiad occurred?,7,athelete,963,"The Men's 4 × 200 metre freestyle relay at the Games of the XXXI Olympiad occurred on 9 August 2016. To determine the number of complete months that had passed in the year before this event, count the months from January to July, since August is not a complete month that has passed. 
January is the first month, February is the second, March is the third, April is the fourth, May is the fifth, June is the sixth, and July is the seventh. 
Therefore, 7 complete months had passed.
Final Answer: 7",<num_months>
177,How long in years years did Dennis Erickson work as the head coach for Idaho starting in 1982?,3,nfl,540,"Dennis Erickson worked as the head coach for Idaho from 1982 to 1985. To find out how long he worked as the head coach, subtract the start year from the end year: 1985 - 1982 = 3.
Final Answer: 3 years",<num_years>
178,How many more years did Libya support the EPRDF than the other side in the Ethiopian Civil War?,2,civil war,979,"Libya supported the Eritrean separatists and the EPRDF from 1977 to 1985, which is 8 years. Libya then supported the Derg and the PDR Ethiopia from 1985 to 1991, which is 6 years. To find the difference, subtract the number of years Libya supported the Derg from the number of years Libya supported the EPRDF: 8-6=2.
Final Answer: 2 years",<num_years>
179,How many more years did Manning play for the New York Giants than for Ole Miss?,11,rugby,75,"Manning played for the New York Giants from 2004 to 2019, which is 15 years. He played for Ole Miss from 1999 to 2003, which is 4 years. To find out how many more years he played for the Giants, subtract the years played for Ole Miss from the years played for the Giants: 15 - 4 = 11.
Final Answer: 11",<num_years>
180,How many full months did the 14 On Fire concert tour span?,8,concert,1035,"The 14 On Fire concert tour started on February 21, 2014, and ended on November 22, 2014. To find the total number of full months, calculate the difference between the two dates. 

February to November is 9 months (November - February = 9, since November is the 11th month and February is the 2nd month, 11 - 2 = 9). However, since the tour started on the 21st of February and not the 1st, February is not a full month. Similarly, the tour ended on the 22nd of November, so November is also not a full month.

So, the full months are March, April, May, June, July, August, September, and October, which is 8 months (since February and November are not full months, 9 - 1 (for February) - 1 (for November) = 7, but we counted from March to October which is 8 months).

However, we should also consider that the tour started after the first day of February, but before the last day, and ended after the first day of November but before the last day, thus February is not counted and November is not counted.
 
",<num_months>
181,How many more years did Owen play for Liverpool than Newcastle United?,4,footballer,479,"To find the answer, we need to calculate how many years Owen played for Liverpool and Newcastle United. 

Owen played for Liverpool from 1996 to 2004, which is 2004 - 1996 = 8 years.

Owen played for Newcastle United from 2005 to 2009, which is 2009 - 2005 = 4 years.

Now, we subtract the years played for Newcastle United from the years played for Liverpool: 8 - 4 = 4 years.

Final Answer: 4 years",<num_years>
182,How many more years was Ashkenazi a leader in the conflict than Ehud Olmert?,2,current war,1018,"Gabi Ashkenazi was a leader from 2006 to 2011, which is 5 years. Ehud Olmert was a leader from 2006 to 2009, which is 3 years. To find the difference, subtract the number of years Ehud Olmert was a leader from the number of years Gabi Ashkenazi was a leader: 5-3=2.
Final Answer: 2 years",<num_years>
183,How many full years passed between Ambrose Rayappan's ordination and consecration?,29,christian leader,817,"Ambrose Rayappan's ordination occurred on 16 December 1923, and his consecration occurred on 25 March 1953. To find the number of full years between these two dates, subtract the year of the ordination from the year of the consecration: 1953-1923=30.
Final Answer: 30",<num_years>
184,How many more years was Mostafa Pourmohammadi a leader than Ali Shamkhani?,2,current war,990,"Mostafa Pourmohammadi was a leader from 2005 to 19 May 2008, which is approximately 3 years. Ali Shamkhani was a leader from 2004 to 2005, which is approximately 1 year. To find out how many more years Mostafa Pourmohammadi was a leader than Ali Shamkhani, subtract the number of years Ali Shamkhani was a leader from the number of years Mostafa Pourmohammadi was a leader: 3 - 1 = 2.
Final Answer: 2",<num_years>
185,How many more years was Riguccini on team Balistic than on X1 Boxing?,10,martial artist,840,"Riguccini was on team Balistic from 1999-2010, which is 11 years. He was on team X1 Boxing from 2011-2012, which is 1 year. To find the difference, subtract the time on X1 Boxing from the time on Balistic: 11-1=10.
Final Answer: 10 years",<num_years>
186,How many quarters has Arkham Horror been active?,21,game,1161,"Arkham Horror: The Card Game has been active from 2016 to the present. Since the current year is 2022 (given in the problem statement), the game has been active for 6 years. 
There are 4 quarters in a year. Multiply the number of years by the number of quarters per year: 6 years * 4 quarters/year = 24 quarters.
Final Answer: 24 quarters",<num_quarters>
187,How many total years did Benny McCoy for MLB?,3,baseball,405,"Benny McCoy played for the Detroit Tigers from 1938 to 1939, which is 2 years, and for the Philadelphia Athletics from 1940 to 1941, which is also 2 years. To get the total years, add the years played for each team: 2 + 2 = 4.
Final Answer: 4",<num_years>
188,How many total years did Derrell Palmer play in the NFL?,7,nfl,546,"Derrell Palmer played for the New York Yankees from 1946 to 1948, and for the Cleveland Browns from 1949 to 1953. The years he played for the Yankees are 1946, 1947, and 1948, which is 3 years. The years he played for the Browns are 1949, 1950, 1951, 1952, and 1953, which is 5 years. The total years played is the sum of years played for the Yankees and the Browns: 3 + 5 = 8.
Final Answer: 8",<num_years>
189,How many total years did Roy Emerson play as both an amateur and a professional?,30,tennis,50,"To find the number of years Roy Emerson played as both an amateur and a professional, we need to calculate the time from when he started his amateur tour to when he retired. 

He started his amateur tour in 1953 and retired in 1983. 

The number of years between these two years is 1983 - 1953 = 30 years.

Final Answer: 30",<num_years>
190,How many total years was Art Carney married to Jean Myers?,28,actor,2,"Art Carney was married to Jean Myers twice. He was first married to her from 1940 to 1965, which is 25 years. He then married her again in 1980, but the end year of this marriage is not specified in the table. However, since Art Carney died in 2003, we can assume that the second marriage lasted from 1980 to at least 2003, which is 23 years. The total number of years Art Carney was married to Jean Myers is 25 + 23 = 48.
Final Answer: 48",<num_years>
191,"How many years after ""21st Century Breakdown"" was its next single released?",1,music,1070,"The single ""21st Century Breakdown"" was released in 2009. The next single, ""Last of the American Girls"", was released in 2010. To find the number of years between these two releases, subtract the release year of ""21st Century Breakdown"" from the release year of ""Last of the American Girls"": 2010 - 2009 = 1.
Final Answer: 1",<num_years>
192,In what year would Davy Jones have turned 30?,1994,racing,517,"Davy Jones was born on June 1, 1964. To find the year he turned 30, add 30 to his birth year: 1964 + 30 = 1994.
Final Answer: 1994",yyyy
193,How many years after 14 On Fire did the next tour occur?,1,concert,1035,"The 14 On Fire tour occurred in 2014. The next tour, Zip Code, occurred in 2015. To find the number of years between these two tours, subtract the year of the 14 On Fire tour from the year of the Zip Code tour: 2015 - 2014 = 1.
Final Answer: 1",<num_years>
194,How many years after achieving a personal best score in the short program did Aaron retire?,3,figure skating,747,"Max Aaron achieved a personal best score in the short program at the 2015 Tallinn Trophy. He retired on April 19, 2018. To find the number of years between these two dates, subtract the year of the personal best score from the year of retirement: 2018-2015=3.
Final Answer: 3 years",<num_years>
195,How many years after achieving its best test ranking did Australia achieve its best ODI ranking?,38,cricket team,1164,"Australia achieved its best test ranking on 1 January 1952, and its best ODI ranking on 1 January 1990. To find the number of years between these two dates, subtract the earlier year from the later year: 1990 - 1952 = 38.
Final Answer: 38 years",<num_years>
196,How many years after acquiring its test status did Australia become a full member of the ICC?,32,cricket team,1164,"Australia acquired its test status in 1877 and became a full member of the ICC in 1909. To find the number of years between these two dates, subtract the earlier year from the later year: 1909 - 1877 = 32.
Final Answer: 32 years",<num_years>
197,How many years after acquiring its Test status did England achieve full ICC status?,32,cricket team,1172,"England acquired its Test status in 1877. England achieved full ICC status in 1909. To get the number of years between these two years, subtract the start year from the end year: 1909-1877=32.
Final Answer: 32 years",<num_years>
198,How many years after Alojzije Mišić was ordained did he become the Bishop of Mostar-Duvno and Apostolic Administrator of Trebinje-Mrkan?,30,christian leader,824,"Alojzije Mišić was ordained on 7 July 1882. He was appointed as the Bishop of Mostar-Duvno on 29 April 1912, and installed on 14 July 1912. To find the number of years between these two dates, subtract the ordination year from the appointment year: 1912 - 1882 = 30.
Final Answer: 30 years",<num_years>
199,In which year did Carolina Albuquerque win the most gold medals in international competition?,2008,volleyball,93,"To find the year Carolina Albuquerque won the most gold medals, we need to examine each year's medal count. 

In 1999, she won 1 gold medal and 1 silver medal. 
In 2005, she won 2 gold medals. 
In 2006, she won 1 gold medal and 1 silver medal. 
In 2007, she won 0 gold medals and 1 silver medal. 
In 2008, she won 3 gold medals and 0 silver medals.

Therefore, the year she won the most gold medals was 2008, with a total of 3 gold medals.
Final Answer: 2008",yyyy
200,How many years after Alphonse Gallegos's ordination was his consecration?,23,christian leader,829,"Alphonse Gallegos was ordained on 24 May 1958 and consecrated on 4 November 1981. To find the number of years between these dates, subtract the ordination year from the consecration year: 1981-1958=23.
Final Answer: 23 years",<num_years>
201,How many years after Anthony Pollina became Senate Progressive Leader did Molly Gray become President of the Senate?,10,legislature,936,"Anthony Pollina became Senate Progressive Leader since January 6, 2011. Molly Gray became President of the Senate since January 6, 2021. To find the number of years between these dates, subtract the year Pollina became leader from the year Gray became leader: 2021-2011=10.
Final Answer: 10 years",<num_years>
202,In which year did Hogan become an actor?,1982,wrestling,339,"According to the table, Hulk Hogan's years of activity include 1982-present as an actor. This means he started acting in 1982.
Final Answer: 1982",yyyy
203,How many years after Anthony Pollina became Senate Progressive Leader did Randy Brock become Senate Minority Leader?,10,legislature,936,"Anthony Pollina became Senate Progressive Leader since January 6, 2011, and Randy Brock became Senate Minority Leader since January 6, 2021. To find the number of years between these two dates, subtract the year Pollina became leader from the year Brock became leader: 2021 - 2011 = 10.
Final Answer: 10 years",<num_years>
204,In which year did Hungary first participate in the Winter Olympics?,1924,athelete,1026,"According to the table, Hungary's Winter appearances started in 1924. 
Final Answer: 1924",yyyy
205,How many years after Argentina's biggest win did it make its first appearance at the Panamerican Championship?,14,national football team,1160,"Argentina's biggest win was on 22 January 1942. Argentina made its first appearance at the Panamerican Championship in 1956. To get the number of years between these two years, subtract the year of the biggest win from the year of the first Panamerican Championship appearance: 1956-1942=14.
Final Answer: 14 years",<num_years>
206,How many years after attending Ole Miss did Eli Manning win the Bart Starr award?,21,rugby,75,"Eli Manning attended Ole Miss from 1999-2003. He won the Bart Starr Award in 2020. To find the number of years between these two events, subtract the end year of attending Ole Miss from the year of winning the award: 2020-2003=17.
Final Answer: 17 years",<num_years>
207,How much longer in years was Jeelani's NBA career than his college career?,9,ice hockey,561,"Abdul Jeelani's college career was from 1972-1976, which is 4 years. His NBA career was from 1976-1989, but he also played for other leagues, however his time in the NBA was from 1979-1981, which is 2 years. 
To get the difference, subtract the length of the college career from the length of the NBA career:  However since the NBA career is shorter, we must take the absolute value of the difference or simply subtract the NBA career length from the college career length: 4-2 = 2.
Final Answer: 2 years",<num_years>
208,How many years after Becca Balint became President pro tempore of the Senate did Alison Clarkson become the Senate Majority Leader?,0,legislature,936,"Becca Balint became President pro tempore of the Senate on January 6, 2021. Alison Clarkson became the Senate Majority Leader on January 6, 2021. Since they both took their positions on the same day, there is no gap between the years they became leaders of their respective roles.
Final Answer: 0 years",<num_years>
209,How many years after becoming a Member of the Parliament of Iran did Mohammad-Ali Foroughi become Minister of Foreign Affairs?,14,office holder,928,"Mohammad-Ali Foroughi became a Member of the Parliament of Iran on 19 November 1909. He became Minister of Foreign Affairs on 14 February 1923 and also on 28 October 1923. To find the number of years between these dates, subtract the start year from the end year: 1923-1909=14.
Final Answer: 14 years",<num_years>
210,In which year did Stéphane Antiga win gold at the World Championships?,2014,volleyball,588,"According to the table, Stéphane Antiga won a gold medal at the FIVB World Championship in 2014, which was held in Poland. 
Final Answer: 2014",yyyy
211,In which year was Valderøy Church founded?,1961,church,714,"The table states that Valderøy Church was founded in 1961.
Final Answer: 1961",yyyy
212,How many years after becoming active did Riguccini join Zanfer Promotions?,13,martial artist,840,"Alessandro Riguccini became active in 1999. He joined Zanfer Promotions in 2012. To find out how many years after becoming active he joined Zanfer Promotions, subtract the start year from the year he joined Zanfer Promotions: 2012 - 1999 = 13.
Final Answer: 13 years",<num_years>
213,What was the first year Emilie Hegh Arntzen won a medal in the European Championships?,2014,handball,493,"Emilie Hegh Arntzen won medals in the European Championships in the following years: 2014, 2016, and 2020. The first year she won a medal in the European Championships is 2014.
Final Answer: 2014",yyyy
214,How many years after becoming active did Steve Jobs get married?,15,person,353,"Steve Jobs became active in 1976. He got married in 1991. To find the number of years between these two dates, subtract the start year from the marriage year: 1991-1976=15.
Final Answer: 15 years",<num_years>
215,What was the first year Frank Urso became an NCAA D-I Champion?,1973,lacrosse,656,"According to the table, Frank Urso's career highlights include being a 1973 NCAA D-I Champion. This indicates that the first year he became an NCAA D-I Champion was 1973.
Final Answer: 1973",yyyy
216,How many years after beginning his military service did Watanjar first take office as Minister of Communications?,11,office holder,913,"Aslam Watanjar began his military service in 1967. He first took office as Minister of Communications on 30 April 1978. To find out how many years after beginning his military service he first took office as Minister of Communications, subtract the start year of his military service from the year he first took office as Minister of Communications: 1978 - 1967 = 11.
Final Answer: 11 years",<num_years>
217,How many years after Break the Cycle was Chapter V released?,4,album,942,"To find the number of years between Break the Cycle and Chapter V, first identify their release years. Break the Cycle was released in 2001, and Chapter V was released in 2005. Then subtract the release year of Break the Cycle from the release year of Chapter V: 2005 - 2001 = 4.
Final Answer: 4 years",<num_years>
218,How many years after breaking ground did OSC Metalist Stadium open?,1,stadium,627,"The stadium broke ground in 1925 and opened on September 12, 1926. To find the number of years between these two dates, subtract the year the stadium broke ground from the year it opened: 1926 - 1925 = 1.
Final Answer: 1 year",<num_years>
219,What was the first year Jack Nicklaus won a Masters Tournament?,1963,golf,66,"According to the table, Jack Nicklaus won the Masters Tournament in the following years: 1963, 1965, 1966, 1972, 1975, and 1986. The earliest year listed is 1963.
Final Answer: 1963",yyyy
220,What was the first year Roy Emerson won the Davis Cup?,1959,tennis,50,"According to the table, Roy Emerson won the Davis Cup in the following years: 1959, 1960, 1961, 1962, 1964, 1965, 1966, and 1967. The first year he won the Davis Cup is 1959.
Final Answer: 1959",yyyy
221,What was the first year that Brandon Miller was the Mann Cup Champion?,2002,lacrosse,644,"According to the table, Brandon Miller is a 4x Mann Cup Champion, with the years of his championships listed as 2002, 2008, 2013, and 2014. The earliest year among these is 2002.
Final Answer: 2002",yyyy
222,How many years after Dennis Erickson's first coaching job did he become head coach of the Salt Lake Stallions?,50,nfl,540,"Dennis Erickson's first coaching job was as a graduate assistant at Montana State in 1969. He became the head coach of the Salt Lake Stallions in 2019. To find out how many years after his first coaching job he became head coach of the Salt Lake Stallions, subtract the year of his first coaching job from the year he became head coach of the Salt Lake Stallions: 2019-1969=50.
Final Answer: 50 years",<num_years>
223,How many years after Dick King-Smith became a widower did he remarry?,1,book,929,"Dick King-Smith's first wife, Myrle, died in 2000. He then remarried to Zona Bedding in 2001. To find the number of years between these two events, subtract the year of Myrle's death from the year of his remarriage: 2001-2000=1.
Final Answer: 1 year",<num_years>
224,How many years after Dwayne Johnson's wrestling debut was his retirement?,23,wrestling,7,"Dwayne Johnson's wrestling debut was in 1996, and his retirement was in 2019. To find the number of years between these two dates, subtract the debut year from the retirement year: 2019-1996=23.
Final Answer: 23 years",<num_years>
225,What was the first year that Carolina Albuquerque competed on the national team?,1997,volleyball,93,"The table states that Carolina Albuquerque represented Brazil on the national team from 1997-2008. 
To find the first year she competed, look at the start of the range, which is 1997.
Final Answer: 1997",yyyy
226,What was the first year that Dawn McEwen got a gold medal at the Scotties Tournament of Hearts?,2008,curling,288,"The table does not mention Dawn McEwen getting a gold medal at the Scotties Tournament of Hearts. It does mention her getting a bronze medal at the 2020 Moose Jaw Scotties Tournament of Hearts.
Final Answer: She has not gotten a gold medal at the Scotties Tournament of Hearts.",yyyy
227,How many years after entering the NBA draft did Hosket play for the Buffalo Braves?,2,basketball,569,"Hosket was drafted into the NBA in 1968. He played for the Buffalo Braves from 1970 to 1972. To determine the number of years after entering the NBA draft that Hosket played for the Buffalo Braves, first find the earliest year he played for the Braves, which is 1970. Then, subtract the year he was drafted from the earliest year he played for the Braves: 1970 - 1968 = 2.
Final Answer: 2 years",<num_years>
228,How many years after entering the NBA draft was Pippen awarded NBA steals leader?,8,nba,89,"Pippen was selected in the 1987 NBA draft. He was awarded the NBA steals leader in 1995. To find the number of years between these two events, subtract the draft year from the year he was awarded: 1995 - 1987 = 8.
Final Answer: 8 years",<num_years>
229,How many years after Ethiopia was first established did Mekelle become its capital?,601,empire,22,"The Ethiopian Empire was established in 1270. Mekelle became the capital in 1871. To find the number of years between these two dates, subtract the establishment year from the year Mekelle became the capital: 1871 - 1270 = 601.
Final Answer: 601 years",<num_years>
230,How many years after first appearing at the AFC U-23 Asian Cup did Australia achieve their best result?,7,national football team,1166,"Australia first appeared at the AFC U-23 Asian Cup in 2013. Their best result was third place, which they achieved in 2020. To find the number of years between these two years, subtract the first year from the year of the best result: 2020-2013=7.
Final Answer: 7 years",<num_years>
231,How many years after first becoming active did Steve Jobs get married?,15,person,353,"Steve Jobs was active from 1976 to 2011 and got married in 1991. To find the number of years between these two dates, subtract the start year from the marriage year: 1991-1976=15.
Final Answer: 15 years",<num_years>
232,How many years after getting the 2001 Innovative Teaching Grant - Intel Corporation did Aude Gemma Billard get The Outstanding Young Person in Science and Innovation award?,2,scientist,321,"Aude Gemma Billard received the Innovative Teaching Grant - Intel Corporation in 2001 and The Outstanding Young Person in Science and Innovation award in 2003. To find the number of years between these two awards, subtract the year of the first award from the year of the second award: 2003 - 2001 = 2.
Final Answer: 2 years",<num_years>
233,How many years after Gorshkova began skating did she win her first medal?,14,figure skating,743,"Gorshkova began skating in 1993. Her first medal mentioned in the table is the bronze medal at the Junior Grand Prix Final in 2007-08. To find the number of years between these two dates, subtract the start year from the year she won the medal: 2007-1993=14.
Final Answer: 14 years",<num_years>
234,How many years after Hasanefendić stopped managing RK Metaloplastika did he begin managing his current team?,38,handball,503,"Hasanefendić managed RK Metaloplastika from 1979 to 1980. He stopped managing RK Metaloplastika in 1980. He is currently managing ThSV Eisenach, which he started managing in 2018. To find the number of years between these two years, subtract the stop year from the start year: 2018-1980=38.
Final Answer: 38 years",<num_years>
235,What was the first year that James worthy was chosen as an All-American player?,1978,nba,81,"According to the table, James Worthy was chosen as a Second-team Parade All-American in 1978 and a First-team Parade All-American in 1979. Since 1978 is the earlier year, it is the first year he was chosen as an All-American player.
Final Answer: 1978",yyyy
236,How many years after her best win did Bev Francis retire?,4,body builder,778,"Bev Francis's best win was in 1987, and she retired in 1991. To find the number of years between these two dates, subtract the year of her best win from the year she retired: 1991 - 1987 = 4.
Final Answer: 4 years",<num_years>
237,How many years after her first gold medal in any international competition did Carolina Albuquerque win a gold in the Olympics?,9,volleyball,93,"To determine how many years after her first gold medal in any international competition Carolina Albuquerque won a gold in the Olympics, first find the year she won her first gold medal. According to the table, her first gold medal was at the 1999 Pan American Games in Winnipeg. Then, find the year she won the gold medal in the Olympics, which was in 2008 at the Beijing Olympics. Subtract the year of the first gold medal from the year of the Olympic gold medal to get the difference in years: 2008-1999=9.
Final Answer: 9 years",<num_years>
238,What was the first year that Shi Yuqi won a medal at the Asian Junior Championships?,2012,badminton,166,"Shi Yuqi has won several medals at the Asian Junior Championships: 
- 2012: Silver medal - Mixed team
- 2013: Gold medal - Mixed team
- 2014: Gold medal - Boys' singles, Gold medal - Mixed team

The first year he won a medal was 2012, when he won a silver medal in the mixed team event.
Final Answer: 2012",yyyy
239,How many years after Heroes Unlimited began was the last edition printed?,14,game,1151,"The first edition of Heroes Unlimited was published in August 1984. The last edition mentioned in the table is the 2nd edition, which was printed in March 1998. To find the number of years between these two dates, subtract the start year from the end year: 1998 - 1984 = 14.
Final Answer: 14",<num_years>
240,How many years after his debut did he retire?,23,wrestling,7,"Dwayne Johnson debuted in 1996 and retired in 2019. To find the number of years between these two years, subtract the debut year from the retirement year: 2019-1996=23.
Final Answer: 23 years",<num_years>
241,How much longer in years will Esther Hayut's term as President be compared to Uzi Vogelman's term as Deputy President?,4,court,257,"To compare the terms, we first need to determine when each term ends. Esther Hayut's term ends on 16 October 2023, and Uzi Vogelman's term ends on 6 October 2024, but his term as Deputy President ends on 16 October 2023. Since the question asks about the term as Deputy President, we use 16 October 2023 for Uzi Vogelman.

Both terms end on the same day, 16 October 2023. Therefore, Esther Hayut's term as President will not be longer than Uzi Vogelman's term as Deputy President. Instead, they will end at the same time.
Final Answer: 0 years",<num_years>
242,How much longer was 20th Century Studios owned by News Corporation than by 21st Century Fox?,12,company,592,"20th Century Studios was owned by News Corporation from 1985 to 2013, which is 2013-1985=28 years. It was owned by 21st Century Fox from 2013 to 2019, which is 2019-2013=6 years. To find the difference, subtract the number of years it was owned by 21st Century Fox from the number of years it was owned by News Corporation: 28-6=22.
Final Answer: 22 years",<num_years>
243,How many months after being apprehended did Jeffrey Epstein commit suicide?,1,person,340,"Jeffrey Epstein was apprehended on July 6, 2019, and he committed suicide on August 10, 2019. To find out how many months after being apprehended he committed suicide, first calculate the number of days: July has 31 days, so from July 6 to July 31 is 25 days. August 10 is 10 days into August. 25 + 10 = 35 days. Since a month is approximately 30 days, 35 days is approximately 1 month and 5 days. 
Final Answer: 1 month",<num_months>
244,How many years after his debut in the Stadium Super Trucks did Gordon win a silver medal at the Summer X Games?,2,car driver,518,"Robby Gordon debuted in the Stadium Super Trucks in 2013. He won a silver medal at the Summer X Games in 2015. To find the number of years between these two events, subtract the debut year from the year he won the silver medal: 2015 - 2013 = 2.
Final Answer: 2 years",<num_years>
245,How many years after his divorce did Albert A. Michelson get remarried?,1,nobel,370,"Albert A. Michelson was divorced in 1898 and remarried in 1899. To find the number of years between these two events, subtract the year of divorce from the year of remarriage: 1899 - 1898 = 1.
Final Answer: 1 year",<num_years>
246,How long in days did Ingenuity fly on Mars?,418,space probe,1206,"To calculate the total time Ingenuity flew in days, first convert the total flight time from minutes and seconds into just seconds. There are 60 seconds in a minute, so multiply 55 minutes by 60 to get the number of seconds in 55 minutes: 55*60=3300. Add the 23 seconds to get the total number of seconds: 3300+23=3323 seconds. There are 60 seconds in a minute and 60 minutes in an hour and 24 hours in a day, so divide the total seconds by 60*60*24 to get the total days: 3323/(60*60*24)=0.057 days, but since the question asks for the answer in days, rounding is not strictly necessary.
However, since the question asks ""How long in days did Ingenuity fly on Mars?"", the answer should be given as a decimal, but it can also be rounded.
Final Answer: 0.057 days",<num_days>
247,How long in days did Mars Express travel in space to reach Mars?,206,space probe,452,"The launch date of Mars Express is June 2, 2003. The orbital insertion date is December 25, 2003. To find the number of days between these dates, first calculate the number of days in June after the launch: 30 - 2 = 28 days. Then, add the days for the remaining months: July (31 days), August (31 days), September (30 days), October (31 days), November (30 days), and December (25 days). The total number of days is: 28 + 31 + 31 + 30 + 31 + 30 + 25 = 206 days.
Final Answer: 206 days",<num_days>
248,What was the first year that someone could enter the Birmingham–Jefferson Convention Complex?,1972,monument,751,"The Birmingham-Jefferson Convention Complex was opened in January 1972. This is the first year that someone could enter the complex.
Final Answer: 1972",yyyy
249,How many months after his arrest did Epstein die?,1,person,340,"Jeffrey Epstein was arrested on July 6, 2019, and died on August 10, 2019. To calculate the number of months between these two dates, first calculate the number of days: July has 31 days, so from July 6 to July 31 is 25 days. August 10 is 10 days into August. 25 + 10 = 35 days. Since a month is approximately 30 days, 35 days is approximately 1 month and 5 days. However, the question asks for the number of months, not the number of months and days. 
Final Answer: 1",<num_months>
250,How many years after his final MLB appearance did Young die?,35,baseball,401,"Babe Young's last MLB appearance was on October 2, 1948. He died on December 25, 1983. To find the number of years between these two dates, subtract the year of the last MLB appearance from the year of death: 1983 - 1948 = 35.
Final Answer: 35 years",<num_years>
251,How many years after his first penalty was Jeffrey Epstein apprehended?,11,person,340,"Jeffrey Epstein's first penalty was in 2008, and he was apprehended on July 6, 2019. To find the number of years between these two dates, subtract the year of the penalty from the year of apprehension: 2019 - 2008 = 11.
Final Answer: 11 years",<num_years>
252,How long in days did Mohammad-Ali Foroughi serve as Speaker of the Parliament?,4,office holder,928,"Mohammad-Ali Foroughi served as Speaker of the Parliament from 6 July 1912 to 10 July 1912. This is a total of 4 days.
Final Answer: 4 days",<num_days>
253,How many years after his last MLB appearance did McCoy die?,70,baseball,405,"Benny McCoy made his last MLB appearance on September 28, 1941. He died on November 9, 2011. To find the number of years between these dates, subtract the year of the last appearance from the year of death: 2011-1941=70.
Final Answer: 70 years",<num_years>
254,How many days after Bayinnaung died was he buried?,5,emperor,119,"Bayinnaung died on October 10, 1581, and was buried on October 15, 1581. To find out how many days after he died he was buried, subtract the day of death from the day of burial: October 15 - October 10 = 5 days.
Final Answer: 5",<num_days>
255,How many years after his last MLB appearance did Wilson die?,39,baseball,400,"Art Wilson's last MLB appearance was on June 12, 1921, and he died on June 12, 1960. To find out how many years after his last MLB appearance he died, subtract the year of his last MLB appearance from the year he died: 1960 - 1921 = 39.
Final Answer: 39 years",<num_years>
256,What was the first year that Wang Xiaoli won a medal at the World Championships?,2010,badminton,174,"Wang Xiaoli's World Championships medals are listed as follows: 
- Gold medal in 2011 
- Gold medal in 2013 
- Silver medal in 2010 
- Silver medal in 2014 
- Bronze medal in 2009 

The earliest year listed is 2009.
Final Answer: 2009",yyyy
257,How many years after his MLB debut did Art Wilson play for the Pittsburgh Pirates?,8,baseball,400,"Art Wilson made his MLB debut on September 29, 1908. He played for the Pittsburgh Pirates in 1916. To find the number of years between these two dates, subtract the debut year from the year he played for the Pirates: 1916 - 1908 = 8.
Final Answer: 8 years",<num_years>
258,How many years after his MLB debut did McCoy play for the Philadelphia Athletics?,2,baseball,405,"Benny McCoy made his MLB debut on September 14, 1938, for the Detroit Tigers. He played for the Philadelphia Athletics from 1940 to 1941. To find out how many years after his MLB debut he started playing for the Athletics, subtract the debut year from the year he started with the Athletics: 1940 - 1938 = 2.
Final Answer: 2 years",<num_years>
259,How many years after his son Ben's birth did Bot take office as State Secretary for the Interior?,22,person,915,"Ben Bot was born in 1937. Theo Bot took office as State Secretary for the Interior on 23 November 1959. To find the number of years between these two dates, subtract the birth year from the year he took office: 1959 - 1937 = 22.
Final Answer: 22 years",<num_years>
260,How many years after his term as Archbishop Emeritus of Pondicherry and Cuddalore did Ambrose Rayappan die?,26,christian leader,817,"To determine the number of years after his term as Archbishop ended that Ambrose Rayappan died, we need to find the end year of his term and the year he died. The term ended on 17 March 1973, and he died on 24 November 1999. To find the number of years between these dates, subtract the end year of his term from the year he died: 1999 - 1973 = 26.
Final Answer: 26",<num_years>
261,How many years after his term ended did Ambrose Rayappan die?,26,christian leader,817,"Ambrose Rayappan's term ended on 17 March 1973. He died on 24 November 1999. To find the number of years between these two dates, subtract the year his term ended from the year he died: 1999 - 1973 = 26.
Final Answer: 26 years",<num_years>
262,How old did Jeffrey Epstein turn the year he was apprehended?,66,person,340,"Jeffrey Epstein was born on January 20, 1953, and was apprehended on July 6, 2019. To find his age at the time of apprehension, calculate his age as of July 6, 2019, or the year 2019. Since his birthday is January 20, by July 6, his birthday would have already passed for that year. Thus, in 2019, Jeffrey Epstein was 66 years old.
Final Answer: 66",<num_years>
263,How many years after INS Trishul was ordered was its launch?,3,navy vessel,1113,"INS Trishul was ordered on 17 November 1997 and launched on 24 November 2000. To find out how many years after the order the launch occurred, subtract the order year from the launch year: 2000 - 1997 = 3.
Final Answer: 3 years",<num_years>
264,How many years after it was built did the Palace of Westminster catch on fire?,818,monument,726,"The Palace of Westminster was built in 1016 and caught on fire in 1834. To find the number of years between these two dates, subtract the build year from the fire year: 1834 - 1016 = 818.
Final Answer: 818 years",<num_years>
265,How many years after its completion was Valen Chapel consecrated?,242,church,715,"Valen Chapel was completed in 1707. It was consecrated on 31 July 1949. To find the number of years between these two dates, subtract the completion year from the consecration year: 1949-1707=242.
Final Answer: 242 years",<num_years>
266,What was the first year Valen Kapell was closed?,1873,church,715,"Valen Kapell was closed from 1873 to 1949. The first year it was closed is 1873.
Final Answer: 1873",yyyy
267,How many years after its demolition did the rebuilding of the Palace of Westminster begin?,6,monument,726,"The Palace of Westminster was demolished in 1834 due to a fire. The rebuilding of the Palace began in 1840. To find out how many years after its demolition the rebuilding began, subtract the year of demolition from the year of rebuilding: 1840 - 1834 = 6.
Final Answer: 6 years",<num_years>
268,How many years after its establishment did the Supreme Administrative Court have Rudolf Thienel as its President?,138,court,254,"The Supreme Administrative Court was established in 1876. Rudolf Thienel became the President on 1 January 2014. To find out how many years after its establishment Thienel became President, subtract the establishment year from the year Thienel became President: 2014 - 1876 = 138.
Final Answer: 138 years",<num_years>
269,How old did the Supreme Administrative Court turn the year Anna Sporrer became Vice President?,138,court,254,"The Supreme Administrative Court was established in 1876. Anna Sporrer became Vice President in 2014. To find the age of the court in 2014, subtract the year the court was established from the year Anna Sporrer became Vice President: 2014 - 1876 = 138.
Final Answer: 138",<num_years>
270,How many years after its first flight in 2003 was the JF-17 Thunder introduced?,4,fighter,229,"The JF-17 Thunder had its first flight in 2003 and was introduced in 2007. To get the number of years between these two years, subtract the first flight year from the introduction year: 2007-2003=4.
Final Answer: 4 years",<num_years>
271,How many years after its first flight was the JF-17 produced in Pakistan?,4,fighter,229,"The first flight of the JF-17 was on 25 August 2003. The JF-17 was produced in Pakistan starting from January 2008. To find the number of years between these two dates, subtract the year of the first flight from the year production started in Pakistan: 2008 - 2003 = 5.
Final Answer: 5 years",<num_years>
272,How many years after its first publication was the second publication of FATE?,0,game,1175,"The first publication of FATE was in 2003 (version 1.0) and the second publication was also in 2003 (version 2.0). To find the number of years between these two publications, subtract the year of the first publication from the year of the second publication: 2003 - 2003 = 0.
Final Answer: 0",<num_years>
273,How many years after its first Summer Olympics appearance did Hungary make its first Winter Olympics appearance?,28,athelete,1026,"Hungary's first Summer Olympics appearance was in 1896, and its first Winter Olympics appearance was in 1924. To find the number of years between these two appearances, subtract the start year from the end year: 1924 - 1896 = 28.
Final Answer: 28",<num_years>
274,How many years after its introduction was the Firefly in service?,13,aircraft,1128,"The Firefly was introduced in March 1943 and was retired in 1956. To find the number of years it was in service, subtract the introduction year from the retirement year: 1956 - 1943 = 13.
Final Answer: 13 years",<num_years>
275,How many years after its last publication was Probe no longer active?,6,board game,1188,"The last publication of Probe was in 1976, and it was no longer active in 1982. To find the number of years between these two dates, subtract the last publication year from the year it was no longer active: 1982 - 1976 = 6.
Final Answer: 6 years",<num_years>
276,What was the last year China appeared at both the Summer and Winter Olympics in the same year?,1992,athelete,1024,"To find the last year China appeared at both the Summer and Winter Olympics in the same year, we need to look at the years listed for Summer appearances and Winter appearances.

The Summer appearances are listed as: 1952, 1956-1980, 1984, 1988, 1992, 1996, 2000, 2004, 2008, 2012, 2016, 2020.
The Winter appearances are listed as: 1980, 1984, 1988, 1992, 1994, 1998, 2002, 2006, 2010, 2014, 2018, 2022.

Comparing these lists, we can see that the years that appear in both lists are: 1984, 1988, 1992, 2004 does not overlap with 2002 or 2006 but 2008 and 2010 do not overlap and 2012 and 2014 do not overlap, but 2018 and 2020 do not overlap and 2022 does not have a summer olympics year listed after it. However 2020 is not the most recent year for winter olymp",yyyy
277,How many years after its launching in the Soviet Union was the INS Vikramaditya commissioned?,5,navy vessel,1109,"The INS Vikramaditya was launched in the Soviet Union on 1 April 1982 as the Admiral Gorshkov. It was later commissioned by the Indian Navy on 16 November 2013. To find the number of years between these two dates, subtract the launch year from the commission year: 2013-1982=31.
Final Answer: 31 years",<num_years>
278,What was the last year Emilie Hegh Arntzen received a medal in the World Championships?,2020,handball,493,"Emilie Hegh Arntzen received medals in the World Championships in the following years: 2017 and 2021. The last year she received a medal in the World Championships was 2021.
Final Answer: 2021",yyyy
279,"How many years after its release on Pure Trance 2 was ""3 a.m. Eternal"" released in the KLF vs ENT version?",3,music,1071,"""3 a.m. Eternal"" was released on Pure Trance 2 in May 1989 and in the KLF vs ENT version in January 1992. To find the number of years between these releases, subtract the year of the Pure Trance 2 release from the year of the KLF vs ENT version release: 1992-1989=3.
Final Answer: 3 years",<num_years>
280,What was the last year Emilie Hegh Arntzen won a medal in any competition?,2021,handball,493,"Emilie Hegh Arntzen won medals in the following years: 
2011 (Youth European Championship), 
2012 (Youth World Championship), 
2014 (European Championship), 
2016 (European Championship and Olympic Games), 
2017 (World Championship), 
2020 (European Championship), and 
2021 (World Championship). 
The most recent year she won a medal is 2021.
Final Answer: 2021",yyyy
281,How old did the Supreme Administrative Court turn the year Rudolf Thienel became President?,138,court,254,"The Supreme Administrative Court was established in 1876. Rudolf Thienel became President in 2014. To find the age of the court in 2014, subtract the year it was established from the year Thienel became President: 2014-1876=138.
Final Answer: 138 years old",<num_years>
282,On what date was Pierre Auguste Cot born?,"February 17, 1837",painter,350,"Pierre Auguste Cot was born on 17 February 1837.
Final Answer: 17 February 1837","%B %d, %Y"
283,How many years after its summer appearance did Hungary make its Intercalated Games appearance?,2,athelete,1026,"Hungary's first summer appearance was in 1896. The Intercalated Games appearance was in 1906. To find the number of years between these two years, subtract the start year from the Intercalated Games year: 1906 - 1896 = 10.
Final Answer: 10",<num_years>
284,How many years after Kristina Gorshkova began skating did she win her first medal at the Junior Grand Prix Final?,14,figure skating,743,"Kristina Gorshkova began skating in 1993. She won her first medal at the Junior Grand Prix Final in 2007-08, which can be approximated to 2008 for this calculation. To get the number of years between these two years, subtract the start year from the medal year: 2008-1993=15.
Final Answer: 15 years",<num_years>
285,How many years after last playing for Monterrey did Mohamed first manage the team?,15,footballer,36,"Mohamed played for Monterrey from 1998-2000. He first managed Monterrey in 2015. To find the number of years between these two time periods, subtract the end year of his playing time from the start year of his managing time: 2015-2000=15.
Final Answer: 15 years",<num_years>
286,How many years after last playing for Real Madrid did Zidane become its assistant manager?,7,footballer,40,"Zinedine Zidane played for Real Madrid from 2001-2006. He became the assistant manager of Real Madrid in 2013. To find the number of years between these two events, subtract the end year from the start year: 2013-2006=7.
Final Answer: 7",<num_years>
287,How many years after leaving office as the 8th Minister of National Education did Yamin take office as the 14th Minister of Information?,7,office holder,861,"Mohammad Yamin served as the 8th Minister of National Education from 30 July 1953 to 12 August 1955. He then served as the 14th Minister of Information from 6 March 1962 to 17 October 1962. 

To find out how many years after leaving office as the 8th Minister of National Education he took office as the 14th Minister of Information, we need to calculate the time difference between these two dates: 
12 August 1955 (end of term as Minister of National Education) and 
6 March 1962 (start of term as Minister of Information).

The years between 1955 and 1962 are 1956, 1957, 1958, 1959, 1960, 1961, and almost all of 1962 (6 March is close to the beginning of the year). Therefore, there are approximately 6-7 years between these dates.
However, to get the exact number of years, we can subtract the years and account for the months: 
1962 - 1955 = 7 years
But since Yamin left office in August 1955 and took office in March 1962, we need to subtract almost",<num_years>
288,How many years after marrying did Nicklaus turn professional?,1,golf,66,"Jack Nicklaus married in 1960 and turned professional in 1961. To find out how many years after marrying he turned professional, subtract the year he married from the year he turned professional: 1961 - 1960 = 1.
Final Answer: 1 year",<num_years>
289,What was the last year Frank Urso was named Midfielder of the Year?,1976,lacrosse,656,"To find the last year Frank Urso was named Midfielder of the Year, look at the Career highlights section of the table. The section states that Urso was named Division I Midfielder of the Year in 1974 and 1976. Since 1976 is more recent than 1974, the last year Urso was named Midfielder of the Year is 1976.
Final Answer: 1976",yyyy
290,How many years after marrying his spouse did Johann Friedrich Wilhelm Adolf Baeyer win the Liebig Medal?,35,nobel,369,"Johann Friedrich Wilhelm Adolf Baeyer married Adelheid Bendemann in 1868. He won the Liebig Medal in 1903. To find out how many years after marrying his spouse he won the Liebig Medal, subtract the year he married from the year he won the Liebig Medal: 1903 - 1868 = 35.
Final Answer: 35 years",<num_years>
291,How many years after Miloš Obrenović's reign as Grand Vožd of Serbia ended did his second reign as Prince of Serbia begin?,41,emperor,765,"Miloš Obrenović's reign as Grand Vožd of Serbia ended on 6 November 1817. His reign as Prince of Serbia began on 6 November 1817. Since they both occurred on the same day, there are 0 years between the end of his first reign and the start of his second reign.
Final Answer: 0 years",<num_years>
292,How many years after NYSE's founding did its market cap reach $26.2 trillion?,229,monument,626,"The NYSE was founded on May 17, 1792. The market cap reached $26.2 trillion in 2021. To find the number of years between these two dates, subtract the founding year from the year the market cap was $26.2 trillion: 2021 - 1792 = 229.
Final Answer: 229 years",<num_years>
293,How many years after NYSE's founding was its volume US$20.161 trillion?,219,monument,626,"The NYSE was founded on May 17, 1792. The volume of the NYSE was US$20.161 trillion in 2011. To find out how many years after the founding the volume was US$20.161 trillion, subtract the founding year from the year the volume was US$20.161 trillion: 2011 - 1792 = 219 years.
Final Answer: 219 years",<num_years>
294,How many years after opening was OSC Metalist renovated?,83,stadium,627,"The stadium was opened on September 12, 1926, and renovated on December 5, 2009. To find the number of years between these two dates, subtract the opening year from the renovation year: 2009 - 1926 = 83 years.
Final Answer: 83 years",<num_years>
295,How many years after opening was the stadium renovated?,83,stadium,627,"The stadium was opened on September 12, 1926, and it was renovated on December 5, 2009. To find the number of years between these two dates, subtract the opening year from the renovation year: 2009 - 1926 = 83.
Final Answer: 83 years",<num_years>
296,How many years after originally opening as Cheltenham Malvern Road was it renamed Cheltenham Spa Malvern Road?,17,railway,465,"The station originally opened as Cheltenham Malvern Road on 30 March 1908. It was renamed Cheltenham Spa Malvern Road on 1 February 1925. To find out how many years after the original opening the station was renamed, subtract the year of the original opening from the year of the renaming: 1925 - 1908 = 17.
Final Answer: 17 years",<num_years>
297,How many years after PBY Catalina's first flight was its retirement by the United States Navy Reserve?,22,aircraft,1130,"The PBY Catalina's first flight was on 21 March 1935. The United States Navy Reserve retired the PBY Catalina in January 1957. To find the number of years between these two dates, subtract the year of the first flight from the year of retirement: 1957 - 1935 = 22.
Final Answer: 22 years",<num_years>
298,How many years after production stopped was the Firefly officially retired?,1,aircraft,1128,"Production of the Firefly stopped in 1955. The Firefly was officially retired in 1956. To find out how many years after production stopped the Firefly was retired, subtract the year production stopped from the year the Firefly was retired: 1956 - 1955 = 1.
Final Answer: 1 year",<num_years>
299,"How many years after recording began was ""21st Century Breakdown"" released?",1,music,1070,"The recording of ""21st Century Breakdown"" began in 2008 and the song was released on December 21, 2009. To find the number of years between these two dates, subtract the start year from the release year: 2009 - 2008 = 1.
Final Answer: 1 year",<num_years>
300,"How many years after recording of ""21st Century Breakdown"" began was ""Last of the American Girls"" released?",2,music,1070,"The recording of ""21st Century Breakdown"" began in 2008. ""Last of the American Girls"" was released in 2010. To find the number of years between these two dates, subtract the start year from the release year: 2010-2008=2.
Final Answer: 2 years",<num_years>
301,How many years after retiring did Melissa Coates pass away?,1,body builder,806,"Melissa Coates retired in 2020 and passed away in 2021. To find the number of years between these two events, subtract the retirement year from the year of death: 2021-2020=1.
Final Answer: 1 year",<num_years>
302,How many years after retiring did Melissa L. Coates die?,1,body builder,806,"Melissa L. Coates retired in 2020 and died in 2021. To find the number of years between these two events, subtract the retirement year from the year of death: 2021-2020=1.
Final Answer: 1 year",<num_years>
303,How many years after Rudolf Thienel became President did Anna Sporrer become Vice President?,0,court,254,"Rudolf Thienel became President on 1 January 2014. Anna Sporrer became Vice President in January 2014. Since they both started their positions in the same month and year, the difference is 0 years.
Final Answer: 0 years",<num_years>
304,How many years after Rudolph the Red-Nosed Reindeer's first appearance was Rusty introduced as his cousin?,59,character,1095,"Rudolph the Red-Nosed Reindeer first appeared in 1939. Rusty was introduced as Rudolph's brother, not cousin, in the 2006 film ""Holidaze: The Christmas That Almost Didn't Happen"". However, Arrow was introduced as Rudolph's cousin in the 1998 film. 
To find the years between 1939 and 1998, subtract the start year from the end year: 1998-1939=59.
Final Answer: 59 years",<num_years>
305,How many years after starting his pro career did Diegel marry Violet Bird Diegel?,18,golf,68,"Leo Diegel turned professional in 1916 and married Violet Bird Diegel in 1934. To find the number of years between these two events, subtract the start year from the marriage year: 1934-1916=18.
Final Answer: 18 years",<num_years>
306,How many years after starting his pro career did Snead win his first championship?,8,golf,70,"Sam Snead turned professional in 1934. His first major championship win was at the PGA Championship in 1942. To find out how many years after starting his pro career he won his first championship, subtract the start year from the championship year: 1942-1934=8.
Final Answer: 8 years",<num_years>
307,How many years after terrorism began in Egypt did Wilayat Sinai become a belligerent?,1,current war,1006,"Terrorism in Egypt began on 3 July 2013. Wilayat Sinai became a belligerent from 2014. To get the number of years between these two years, subtract the start year from the year Wilayat Sinai became a belligerent: 2014-2013=1.
Final Answer: 1 year",<num_years>
308,How many years after the 12th Annual Honda Civic Tour did Kelly Clarkson perform for the Piece by Piece Tour?,2,concert,1034,"The 12th Annual Honda Civic Tour occurred in 2013. Kelly Clarkson performed for the Piece by Piece Tour in 2015. To find out how many years after the 12th Annual Honda Civic Tour Kelly Clarkson performed for the Piece by Piece Tour, subtract the year of the 12th Annual Honda Civic Tour from the year of the Piece by Piece Tour: 2015-2013=2.
Final Answer: 2 years",<num_years>
309,How many years after the beginning of the dissolution of the Soviet Union did Chechnya become an unrecognized breakaway state?,3,event,1056,"The dissolution of the Soviet Union began on 16 November 1988. Chechnya became an unrecognized breakaway state in 1991. To find the number of years between these two dates, subtract the start year from the year Chechnya became a breakaway state: 1991 - 1988 = 3.
Final Answer: 3 years",<num_years>
310,How many years after the beginning of the war did Mauritania retreat and withdraw?,4,military conflict,1014,"The Western Sahara War started on 30 October 1975. Mauritania retreated and withdrew in 1979. To find out how many years after the beginning of the war this was, subtract the start year from the year of withdrawal: 1979 - 1975 = 4.
Final Answer: 4 years",<num_years>
311,How many years after the beginning of the war did PDR Ethiopia become a belligerent?,13,civil war,979,"The Ethiopian Civil War began on 12 September 1974. PDR Ethiopia became a belligerent in 1987. To find the number of years between these two dates, subtract the start year from the year PDR Ethiopia became a belligerent: 1987 - 1974 = 13.
Final Answer: 13 years",<num_years>
312,How many years after the Better Day World Tour was the next tour?,3,concert,1054,"The Better Day World Tour took place in 2011. The next tour, the Blue Smoke World Tour, occurred in 2014. To find the number of years between these two tours, subtract the year of the Better Day World Tour from the year of the Blue Smoke World Tour: 2014 - 2011 = 3.
Final Answer: 3 years",<num_years>
313,How many years after the Birmingham–Jefferson Convention Complex was opened was it first renovated?,37,monument,751,"The Birmingham-Jefferson Convention Complex was opened in January 1972 and was first renovated in 2009. To find out how many years after it was opened that it was renovated, subtract the opening year from the renovation year: 2009 - 1972 = 37.
Final Answer: 37 years",<num_years>
314,What was the last year Nate Archibald was an NBA All Star?,1982,nba,83,"Nate Archibald was an NBA All-Star 6 times, in the years 1973, 1975, 1976, and 1980-1982. The last year of this range is 1982.
Final Answer: 1982",yyyy
315,How many years after the constitution was adopted was the monarchy abolished?,44,empire,22,"The constitution was adopted on 16 July 1931. The monarchy was abolished on 21 March 1975. To find the number of years between these dates, subtract the year the constitution was adopted from the year the monarchy was abolished: 1975 - 1931 = 44.
Final Answer: 44",<num_years>
316,What was the last year Roy Emerson won Wimbledon?,1971,tennis,50,"To find the last year Roy Emerson won Wimbledon, we need to look at the Grand Slam singles results for Wimbledon. According to the table, Roy Emerson won Wimbledon in 1964 and 1965. Since 1965 is more recent than 1964, the last year he won Wimbledon is 1965.
Final Answer: 1965",yyyy
317,How many years after the death of his first wife did Caswell die?,32,politician,904,"Richard Caswell's first wife, Mary Mackilwean, died in 1757. Richard Caswell died in 1789. To find the number of years between these two dates, subtract the year of Mary's death from the year of Richard's death: 1789 - 1757 = 32.
Final Answer: 32 years",<num_years>
318,How many years after the economic aid of $9.50 billion did the revenues of the French economy reach 52.6% of GDP?,3,economy,243,"The economic aid of $9.50 billion was in 2016. The revenues of the French economy reached 52.6% of GDP in 2019. To find the number of years between 2016 and 2019, subtract the earlier year from the later year: 2019 - 2016 = 3.
Final Answer: 3 years",<num_years>
319,How many years after the establishment of the Supreme Court of Israel did Esther Hayut become President?,69,court,257,"The Supreme Court of Israel was established in 1948. Esther Hayut became President on 26 October 2017. To find the number of years between these two dates, subtract the establishment year from the year Hayut became President: 2017 - 1948 = 69.
Final Answer: 69 years",<num_years>
320,How many years after the Firefly was introduced did production stop?,12,aircraft,1128,"The Firefly was introduced in March 1943, and production stopped in 1955. To find the number of years between these two dates, subtract the introduction year from the production stop year: 1955-1943=12.
Final Answer: 12 years",<num_years>
321,How many years after the first edition was the 5th edition of CATAN released in 1995?,20,board game,1147,"The first edition of CATAN was released in 1995. The fifth edition of CATAN was released in June 2015. To get the number of years between these two years, subtract the start year from the release year of the fifth edition: 2015-1995=20.
Final Answer: 20",<num_years>
322,How many years after the first flight was the B-24 Skua introduced?,1,aircraft,226,"The first flight of the B-24 Skua was on 9 February 1937, and it was introduced in November 1938. To find the number of years between these two dates, subtract the year of the first flight from the year of introduction: 1938 - 1937 = 1.
Final Answer: 1",<num_years>
323,What was the last year Shabalin won a medal representing Russia with Khalyavina?,2002,figure skating,748,"To determine the last year Shabalin won a medal with Khalyavina, we need to look for medals won by Shabalin representing Russia with Khalyavina. The table only lists medals won by Shabalin with Domnina and Khalyavina in the Junior Grand Prix Final. Shabalin won medals with Khalyavina in the 2000-01 and 2001-02 Junior Grand Prix Final. The 2001-02 competition is more recent than the 2000-01 competition.
Final Answer: 2001",yyyy
324,How many years after the first flight was the Firefly retired?,15,aircraft,1128,"The Firefly first flew on 22 December 1941. It was retired in 1956. To find the number of years between these two dates, subtract the year of the first flight from the year of retirement: 1956-1941=15.
Final Answer: 15 years",<num_years>
325,How many years after the first launch at the Satish Dhawan Space Centre did the first launch from its second launch pad occur?,26,launchpad,628,"The first launch at the Satish Dhawan Space Centre occurred on 9 August 1979. The first launch from its second launch pad occurred on 5 May 2005. To find the number of years between these two dates, subtract the year of the first launch from the year of the first launch at the second launch pad: 2005 - 1979 = 26.
Final Answer: 26 years",<num_years>
326,How many years after the French occupation of Algeria was its independence?,132,country,436,"The French occupation of Algeria began on 5 July 1830. Algeria gained its independence on 5 July 1962. To find the number of years between these two dates, subtract the start year from the end year: 1962 - 1830 = 132 years.
Final Answer: 132 years",<num_years>
327,How many years after the inception of the Kalmar Union did Eric of Pomerania end his reign?,45,empire,430,"The Kalmar Union was established on 17 June 1397. Eric of Pomerania's reign ended in 1442. To find the number of years between the inception of the Kalmar Union and the end of Eric of Pomerania's reign, subtract the inception year from the end year: 1442 - 1397 = 45.
Final Answer: 45 years",<num_years>
328,How many years after the last election will the next Vancouver City Council election take place?,4,legislature,935,"The last election took place on October 20, 2018. The next election will take place on October 15, 2022. To find the number of years between the two dates, subtract the year of the last election from the year of the next election: 2022 - 2018 = 4.
Final Answer: 4 years",<num_years>
329,How many years after the last Vermont General Assembly general election will the next one take place?,2,legislature,936,"The last general election for the Vermont General Assembly took place on November 3, 2020. The next general election will take place on November 4, 2022. To find the number of years between these two dates, subtract the year of the last election from the year of the next election: 2022 - 2020 = 2.
Final Answer: 2 years",<num_years>
330,How many years after the launch of INS Trishul was it commissioned?,3,navy vessel,1113,"The INS Trishul was launched on 24 November 2000 and commissioned on 25 June 2003. To find the number of years between these two dates, subtract the launch year from the commission year: 2003-2000=3.
Final Answer: 3 years",<num_years>
331,How many years after the Men's 4 × 200 metre freestyle relay at the Games of the XXXI Olympiad was the next related event?,4,athelete,963,"The Men's 4 × 200 metre freestyle relay at the Games of the XXXI Olympiad occurred in 2016. The next related event is in 2020. To get the number of years between these two years, subtract the earlier year from the later year: 2020-2016=4.
Final Answer: 4 years",<num_years>
332,How many years after the Myanmar coup d'état were the elections deferred?,2,current war,964,"The 2021 Myanmar coup d'état occurred, and the protests started, on February 2, 2021. The new elections were deferred to August 2023. To find the number of years between these dates, subtract the year of the coup from the year the elections were deferred: 2023 - 2021 = 2.
Final Answer: 2 years",<num_years>
333,How many years after the original release was the 2nd edition released?,14,game,1151,"The original release of Heroes Unlimited was in August 1984. The 2nd edition was released in March 1998. To find the number of years between these two dates, subtract the original release year from the 2nd edition release year: 1998 - 1984 = 14.
Final Answer: 14 years",<num_years>
334,"If a judge is appointed at the age of 50, how many years can they serve before a five-year extension is required?",25,court,253,"Judges on the Supreme Court of Argentina serve until they are 75 years old. If a judge is appointed at the age of 50, to find out how many years they can serve before a five-year extension is required, subtract the age at appointment from the age of retirement: 75 - 50 = 25.
Final Answer: 25 years",<num_years>
335,"How many years after the publication of ""A Tale of the Christ"" did Ramon Novarro portray Ben-Hur?",45,character,1101,"The novel ""A Tale of the Christ"" was published in 1880. Ramon Novarro portrayed Ben-Hur in 1925. To find the number of years between these two dates, subtract the publication year from the portrayal year: 1925 - 1880 = 45.
Final Answer: 45 years",<num_years>
336,How many years after the publication of #112 was #202 published?,12,board game,1188,"#112 was published in 1964. #202 was published in 1976. To get the number of years between these two years, subtract the publication year of #112 from the publication year of #202: 1976-1964=12.
Final Answer: 12 years",<num_years>
337,How many years after the Space Shuttle program began did its first flight occur?,5,space program,1062,"The Space Shuttle program began in 1972. The first flight, ALT-12, occurred on August 12, 1977. To find the number of years between these two dates, subtract the start year from the flight year: 1977 - 1972 = 5.
Final Answer: 5 years",<num_years>
338,How many years after the start of the Iran–PJAK conflict was the United States allegedly a supporter of Iran?,5,current war,990,"The Iran-PJAK conflict started in 2004. The United States was allegedly a supporter of Iran since 2009. To find the number of years after the start of the conflict that the United States was allegedly a supporter of Iran, subtract the start year from the year the United States allegedly became a supporter: 2009 - 2004 = 5.
Final Answer: 5 years",<num_years>
339,How many years after the Supreme Court of Israel was established did Esther Hayut become president?,69,court,257,"The Supreme Court of Israel was established in 1948. Esther Hayut became president on 26 October 2017. To find the number of years between these two dates, subtract the establishment year from the year Hayut became president: 2017 - 1948 = 69.
Final Answer: 69 years",<num_years>
340,How many years after their first T20I in 2005 did England win the T20 World Cup?,5,cricket team,1172,"England's first T20I was in 2005, and they won the T20 World Cup in 2010. To find out how many years after their first T20I they won the T20 World Cup, subtract the year of the first T20I from the year they won the T20 World Cup: 2010 - 2005 = 5.
Final Answer: 5 years",<num_years>
341,What was the last year that Brandon Miller was the Mann Cup Champion?,2014,lacrosse,644,"To determine the last year Brandon Miller was a Mann Cup Champion, we need to look at the years he won the championship. The years he won are listed as 2002, 2008, 2013, and 2014. The most recent year among these is 2014.
Final Answer: 2014",yyyy
342,How many years after their first World Cup appearance did Argentina win a championship?,48,national football team,1160,"Argentina first appeared in the World Cup in 1930. They won their first World Cup championship in 1978. To find out how many years after their first appearance they won the championship, subtract the first appearance year from the championship year: 1978-1930=48.
Final Answer: 48 years",<num_years>
343,How many years after their first World Cup appearance did England win a Championship?,44,cricket team,1172,"England first appeared in the World Cup in 1975 and won the Championship in 2019. To find the number of years between these two events, subtract the start year from the year they won: 2019 - 1975 = 44.
Final Answer: 44 years",<num_years>
344,How many years after Timoshenko began skating did he win his first gold medal?,14,figure skating,735,"Daria Timoshenko began skating in 1985. She won her first gold medal in 1999 at the World Junior Championships. To find the number of years between these two dates, subtract the start year from the year she won the gold medal: 1999 - 1985 = 14.
Final Answer: 14 years",<num_years>
345,How many years after turning 18 did Pettersen win a gold medal at the Junior World Championships?,1,skier,781,"Brit Pettersen was born on 24 November 1961. She turned 18 in 1979. Pettersen won a gold medal at the Junior World Championships in 1980. To find out how many years after turning 18 she won the gold medal, subtract the year she turned 18 from the year she won the gold medal: 1980 - 1979 = 1.
Final Answer: 1 year",<num_years>
346,How many years after turning pro did Jack Nicklaus win his first Masters Tournament?,2,golf,66,"Jack Nicklaus turned professional in 1961 and won his first Masters Tournament in 1963. To find the number of years between these two dates, subtract the year he turned pro from the year he won the tournament: 1963 - 1961 = 2.
Final Answer: 2 years",<num_years>
347,How many years after turning pro did Roger Federer win a silver Olympic medal?,14,tennis,512,"Roger Federer turned pro in 1998. He won a silver Olympic medal in 2012. To find the number of years between these two events, subtract the year he turned pro from the year he won the medal: 2012 - 1998 = 14.
Final Answer: 14 years",<num_years>
348,What was the last year that Carolijn Brouwer won a gold medal in the World Championships?,1998,sailor,668,"According to the table, Carolijn Brouwer won a gold medal in the ISAF World Youth Championships in 1991, but not in the World Championships. In the World Championships, she won a silver medal in 2007, but no gold medal is mentioned.
Final Answer: There is no recorded year of Carolijn Brouwer winning a gold medal in the World Championships.",yyyy
349,How many years after turning pro did Roy Emerson retire?,15,tennis,50,"To determine how many years after turning pro Roy Emerson retired, we need to subtract the year he turned pro from the year he retired. Roy Emerson turned pro in 1968 and retired in 1983. 
1983 - 1968 = 15
Therefore, Roy Emerson retired 15 years after turning pro.
Final Answer: 15",<num_years>
350,How many years after Walter von Brauchitsch became a leader was Franklin D. Roosevelt also a leader?,5,military conflict,1012,"Walter von Brauchitsch was a leader from 1939-1940. Franklin D. Roosevelt was a leader from 1944-1945. To find the difference in years between when von Brauchitsch started as a leader and when Roosevelt started, subtract the start year of von Brauchitsch from the start year of Roosevelt: 1944-1939 = 5.
Final Answer: 5 years",<num_years>
351,How many years after winning a bronze medal at the World Junior Championships did Gorshkova achieve a personal best score in compulsory dance?,2,figure skating,743,"Gorshkova won a bronze medal at the World Junior Championships in 2008. She achieved a personal best score in compulsory dance at the 2010 Cup of Russia. To find the number of years between these two events, subtract the year of the World Junior Championships from the year of the Cup of Russia: 2010 - 2008 = 2.
Final Answer: 2 years",<num_years>
352,How many years after winning a bronze medal in the Isle of Wight 200 m medley did Atkinson win a gold medal at the 2018 Glasgow 4×100 m mixed medley?,7,swimming,669,"Atkinson won a bronze medal in the Isle of Wight 200 m medley in 2011. Atkinson won a gold medal at the 2018 Glasgow 4×100 m mixed medley in 2018. To find the number of years between these two events, subtract the year of the bronze medal from the year of the gold medal: 2018-2011=7.
Final Answer: 7 years",<num_years>
353,How many years after winning a doubles tournament did Roy Emerson win a singles tournament?,2,tennis,50,"To determine the number of years after winning a doubles tournament that Roy Emerson won a singles tournament, we need to look at the earliest year he won a doubles tournament and the earliest year he won a singles tournament. 

The earliest year Roy Emerson won a doubles tournament was 1959 (at Wimbledon and the US Open). The earliest year he won a singles tournament was 1961 (at the Australian Open and the US Open). 

To find the number of years between these two events, subtract the year of the doubles tournament from the year of the singles tournament: 1961-1959=2.
Final Answer: 2 years",<num_years>
354,"If Mars Express begins its orbit at 10:00 a.m., what time will it return to the same point?",5:30 p.m.,space probe,452,"To determine when Mars Express will return to the same point, we need to look at its orbital period. The orbital period of Mars Express is 7.5 hours. 

If Mars Express begins its orbit at 10:00 a.m., we need to add 7.5 hours to find the time it will return to the same point. 
10:00 a.m. + 7 hours = 5:00 p.m.
5:00 p.m. + 0.5 hours = 5:30 p.m.

Final Answer: 5:30 p.m.",H:MM %p
355,How many years after winning a gold medal at the Olympic Games did Braxton play for the Cleveland Rockers?,13,ice hockey,577,"Janice Lawrence Braxton won a gold medal at the Olympic Games in 1984. She played for the Cleveland Rockers from 1997 to 1999. To find out how many years after winning the gold medal she started playing for the Rockers, subtract the year of the Olympic Games from the start year of playing for the Rockers: 1997 - 1984 = 13.
Final Answer: 13",<num_years>
356,How many years after winning his first competition did Leo Diegel pass away?,31,golf,68,"Leo Diegel's first PGA Championship win was in 1928. He passed away in 1951. To find the number of years between these two events, subtract the year of the win from the year of his death: 1951-1928=23.
Final Answer: 23 years",<num_years>
357,"If Percy Faith had died three months later in 1976, how old would he have been?",68,musician,472,"Percy Faith was born on April 7, 1908, and died on February 9, 1976, at the age of 67. If he had died three months later, that would be May 9, 1976. To find his age at that time, calculate his age as of his birthday in 1976 and then determine if May 9 is before or after his birthday. 
Percy Faith's 68th birthday would have been on April 7, 1976. Since May 9, 1976, is after April 7, 1976, he would have been 68 years old if he had died on May 9, 1976.
Final Answer: 68",<num_years>
358,How many years after winning his first NCAA D-1 Championship did Frank Urso compete in the World Lacrosse Championship?,1,lacrosse,656,"Frank Urso won his first NCAA D-1 Championship in 1973 and competed in the World Lacrosse Championship in 1974. To find the number of years between these two events, subtract the year of the championship from the year of the World Lacrosse Championship: 1974 - 1973 = 1.
Final Answer: 1 year",<num_years>
359,What was the last year that Derrick Summers made the Second Team All-Arena?,2018,nfl,551,"Derrick Summers made the Second Team All-Arena in 2011, 2017, and 2018. The most recent year among these is 2018.
Final Answer: 2018",yyyy
360,How many years after winning his first Olympic medal did Matt Biondi win a medal in his last Olympic Games?,8,swimming,115,"Matt Biondi won his first Olympic medal in 1984. He won medals in his last Olympic Games in 1992. To find the number of years between these two years, subtract the earlier year from the later year: 1992-1984=8.
Final Answer: 8",<num_years>
361,How many years after winning the gold medal at the FIBA U19 World Championship did Worthy enter the draft?,3,nba,81,"James Worthy won the gold medal at the FIBA U19 World Championship in 1979. He entered the NBA draft in 1982. To find the number of years between these two events, subtract the year of the gold medal from the year of the draft: 1982-1979=3.
Final Answer: 3 years",<num_years>
362,How many years after winning the Olympic gold medal did Roger Federer get an Olympic silver medal?,4,tennis,512,"Roger Federer won the Olympic gold medal in 2008 and the Olympic silver medal in 2012. To find the number of years between these two years, subtract the year of the gold medal from the year of the silver medal: 2012-2008=4.
Final Answer: 4 years",<num_years>
363,How many years after winning the USILA Player of the Year did Dylan Molloy become a pro?,1,lacrosse,655,"Dylan Molloy won the USILA Player of the Year award in 2016. He started his pro career in 2017. To find out how many years after winning the award he became a pro, subtract the year he won the award from the year he became a pro: 2017 - 2016 = 1.
Final Answer: 1 year",<num_years>
364,How many years after Worthy's NBA career began did he win his first NBA championship?,3,nba,81,"Worthy's NBA career began in 1982. He won his first NBA championship in 1985. To find the number of years between these two years, subtract the start year from the championship year: 1985-1982=3.
Final Answer: 3 years",<num_years>
365,How many years after Zumla wrote his thesis did he win the Weber-Parkes Trust Medal?,12,scientist,364,"Zumla wrote his thesis in 1987. He won the Weber-Parkes Trust Medal in 1999. To find the number of years between these two years, subtract the thesis year from the medal year: 1999-1987=12.
Final Answer: 12 years",<num_years>
366,"How many years ago did Alphonse Gallegos die in Sacramento, California, United States?",31,christian leader,829,"Alphonse Gallegos died on October 6, 1991. To calculate how many years ago he died, we need to subtract the year he died (1991) from the current year (2022). 
2022 - 1991 = 31
Final Answer: 31 years ago",<num_years>
367,How many years ago did Ambrose Rayappan die?,23,christian leader,817,"Ambrose Rayappan died on November 24, 1999. The current year is 2022. To find the number of years that have passed since his death, subtract the year of his death from the current year: 2022 - 1999 = 23.
Final Answer: 23 years ago",<num_years>
368,In how many months will Gorshkova turn 34?,2,figure skating,743,"Gorshkova was born on February 18, 1989, which makes her 33 years old as of December 2022. She will turn 34 on February 18, 2023. To find the number of months until her birthday, calculate the difference between December 2022 and February 2023: December to January is 1 month, and January to February is 1 month. 
1 + 1 = 2 months.
Final Answer: 2 months",<num_months>
369,How many years ago did Arnold Schwarzenegger serve in the military?,57,body builder,866,"To determine how many years ago Arnold Schwarzenegger served in the military, we need to subtract the year he served (1965) from the current year (2022, since the current date is December 2022). 

2022 - 1965 = 57

So, Arnold Schwarzenegger served in the military 57 years ago.
Final Answer: 57",<num_years>
370,How many years ago did Art Carney die?,19,actor,2,"Art Carney died on November 9, 2003. To determine how many years ago he died, we need to calculate the difference between the current year (2022, since we are assuming the current date is December 2022) and the year he died (2003). 
2003-2022 is -19, but since we're calculating how many years ago, we use the absolute value, which is 19.
Final Answer: 19 years ago",<num_years>
371,How many years ago did Aude Gemma Billard receive the Fellowship from the Medicus Foundation?,23,scientist,321,"Aude Gemma Billard received the Fellowship from the Medicus Foundation in 1999. To find out how many years ago that was, subtract 1999 from the current year, which is 2022 (since the current date is December 2022): 2022 - 1999 = 23.
Final Answer: 23 years ago",<num_years>
372,How many years ago did Australia win the T20I World Cup?,1,cricket team,1164,"Australia won the T20I World Cup in 2021. The current year is 2022. To find out how many years ago Australia won, subtract the year they won from the current year: 2022 - 2021 = 1.
Final Answer: 1 year ago",<num_years>
373,How many years ago did Brandon Miller's career start?,21,lacrosse,644,"To find out how many years ago Brandon Miller's career started, we need to subtract the start year of his career from the current year. Brandon Miller's career started in 2001. Assuming the current year is 2022 (given the cutting knowledge date is December 2022), we subtract 2001 from 2022: 2022 - 2001 = 21.
Final Answer: 21 years ago",<num_years>
374,How many years ago did Casey Mears last participate in the IndyCar Series?,21,martial artist,264,"Casey Mears last participated in the IndyCar Series in 2001. The current year is 2022 (but the table's statistics are current as of 2019, and the difference between 2022 and 2001 is 21 years, and between 2019 and 2001 is 18 years). However, since the table's statistics are current as of 2019, we should use that year for the calculation.
Final Answer: 18 years",<num_years>
375,How many years ago did Casey Mears receive the award of Coca-Cola 600 winner?,15,martial artist,264,"Casey Mears received the award of Coca-Cola 600 winner in 2007. To find the number of years ago, subtract 2007 from the current year (2022, but the table says the statistics are current as of November 17, 2019, so we'll use 2019 for this calculation, but for the sake of the question, 2022 will be used): 2022 - 2007 = 15.
Final Answer: 15 years ago",<num_years>
376,How many years ago did Cody Ware win the Lamborghini Super Trofeo North America Rookie of the Year 2014?,8,racing,265,"Cody Ware won the Lamborghini Super Trofeo North America Rookie of the Year in 2014. The current year is 2022. To find out how many years ago he won the award, subtract the year he won from the current year: 2022 - 2014 = 8.
Final Answer: 8 years ago",<num_years>
377,How many years ago did Derrell Palmer die?,13,nfl,546,"Derrell Palmer died on February 22, 2009. To find out how many years ago he died, we need to subtract 2009 from the current year (2022, since we are considering the year up to December 2022, but not beyond). 
2022 - 2009 = 13
Final Answer: 13",<num_years>
378,How many years ago did Dick King-Smith win the Guardian Prize?,38,book,929,"To determine how many years ago Dick King-Smith won the Guardian Prize, we need to subtract the year he won (1984) from the current year (2022). 
2022 - 1984 = 38
Final Answer: 38 years ago",<num_years>
379,How many months after the Plan of Iguala did Mexican independence occur?,7,empire,433,"The Plan of Iguala occurred on 24 February 1821. Mexican independence occurred on 28 September 1821. To determine the number of months between these dates, first find the number of months from February to September, which is 7 months. 
Final Answer: 7 months",<num_months>
380,How many years ago did England acquire Test status?,145,cricket team,1172,"England acquired Test status in 1877. The current year is 2022. To find out how many years ago England acquired Test status, subtract the year England acquired Test status from the current year: 2022-1877=145.
Final Answer: 145 years ago",<num_years>
381,How many months after the Plan of Iguala was Mexican independence?,7,empire,433,"The Plan of Iguala was on 24 February 1821, and the Independence of Mexico was on 28 September 1821. To find the number of months between these two dates, first find the number of months from February to September, which is 7 months. 
Final Answer: 7 months",<num_months>
382,How many years ago did Faith die?,46,musician,472,"Percy Faith died in 1976. To determine how many years ago that was, we need to subtract 1976 from the current year, which is 2022 (given the context of the problem). 
2022 - 1976 = 46
Final Answer: 46 years ago",<num_years>
383,How many years ago did Hebar Pazardzhik debut his first match?,33,wrestling,13,"There is no information about Hebar Pazardzhik in the provided table. The table is about Steve Austin, a professional wrestler. According to the table, Steve Austin debuted on September 30, 1989. To find out how many years ago that was, we need to calculate the difference between the current year (assuming it's 2022) and 1989. 
2022 - 1989 = 33 years.
However, since the question is about Hebar Pazardzhik, and there is no information about Hebar Pazardzhik, it's not possible to provide a correct answer.
Final Answer: There is no information about Hebar Pazardzhik.",<num_years>
384,How many years ago did Hogan debut his wrestling career?,45,wrestling,339,"Hogan debuted his wrestling career on August 9, 1977. The current year is 2022. To find the number of years since his debut, subtract the debut year from the current year: 2022 - 1977 = 45.
Final Answer: 45 years ago",<num_years>
385,How many years ago did Leo Diegel die?,71,golf,68,"To find out how many years ago Leo Diegel died, we need to subtract the year he died from the current year. The current year is 2022, and Leo Diegel died in 1951. 

2022 - 1951 = 71

So, Leo Diegel died 71 years ago.
Final Answer: 71 years ago",<num_years>
386,How many days after being laid down was INS Trishul launched?,427,navy vessel,1113,"INS Trishul was laid down on 24 September 1999 and launched on 24 November 2000. To find the number of days between these two dates, first calculate the number of days from 24 September 1999 to 31 December 1999, which is 97 days. Then, calculate the number of days from 1 January 2000 to 24 November 2000, which is 329 days. Now add the two numbers of days: 97 + 329 = 426 days.
Final Answer: 426 days",<num_days>
387,How many years ago did Mars Express perform orbital insertion?,19,space probe,452,"Mars Express performed orbital insertion on December 25, 2003. To determine how many years ago this was, subtract 2003 from the current year (2022 for this problem, but since the current date given is December 2022, the year is still 2022, and the month is December, which is after the month the event occurred): 2022 - 2003 = 19.
Final Answer: 19 years ago",<num_years>
388,How many years ago did Miloš Obrenović I die?,162,emperor,765,"Miloš Obrenović I died on 26 September 1860. To find out how many years ago he died, we need to subtract 1860 from the current year, which is 2022 (since we are assuming the current year to be 2022 as per the given instructions). 

2022 - 1860 = 162

So, Miloš Obrenović I died 162 years ago.
Final Answer: 162 years ago",<num_years>
389,How many minutes elapsed between the insertion of Mars Express into orbit and the landing of Beagle 2?,6,space probe,452,"The Mars Express was inserted into orbit on December 25, 2003, at 03:00 UTC. The Beagle 2 landed on December 25, 2003, at 02:54 UTC. To find the elapsed time, subtract the time of the Beagle 2 landing from the time of the Mars Express orbital insertion: 03:00 - 02:54 = 0:06, or 6 minutes.
Final Answer: 6",<num_minutes>
390,How many days after Epstein was apprehended was the mugshot photo taken?,3,person,340,"Epstein was apprehended on July 6, 2019. The mugshot photo was taken on July 9, 2019. To find the number of days between these two dates, subtract the earlier date from the later date: July 9 - July 6 = 3 days.
Final Answer: 3 days",<num_days>
391,How many years ago did Paul Gauguin die?,119,painter,349,"To find out how many years ago Paul Gauguin died, we need to subtract the year he died from the current year. The current year is 2022, and Paul Gauguin died in 1903. 

2022 - 1903 = 119

So, Paul Gauguin died 119 years ago.
Final Answer: 119 years ago",<num_years>
392,How many months are left in the Mars Express mission duration?,7,space probe,452,"The mission duration of Mars Express is 19 years and 1 month since launch, and 18 years, 6 months, and 7 days at Mars. To find the number of months left, first convert the years into months. There are 12 months in a year. 
19 years * 12 months/year = 228 months
1 month + 228 months = 229 months
18 years * 12 months/year = 216 months
6 months + 216 months = 222 months
There are 7 days in the 222 months, but since we are calculating in months, the days will be ignored.
Now subtract the months at Mars from the total months since launch to get the number of months left: 
229 months - 222 months = 7 months
Final Answer: 7",<num_months>
393,"How many days after its first flight on June 8, 1959, was the X-15 introduced?",101,space program,1132,"The X-15 first flew on June 8, 1959, and was introduced on September 17, 1959. To calculate the number of days between the first flight and introduction, we need to calculate the days in June after the 8th (22 days, since June has 30 days), the days in July (31 days), the days in August (31 days), and the days in September up to the 17th (17 days). 

22 + 31 + 31 + 17 = 101

So, the X-15 was introduced 101 days after its first flight.
Final Answer: 101",<num_days>
394,In what century was Valen Kapell founded?,13,church,715,"Valen Kapell was founded in the 13th century.
Final Answer: 13th century",
395,In what decade was the capacity of the Carrier Dome the greatest?,1980s,stadium,621,"To determine the decade when the capacity of the Carrier Dome was the greatest, we need to look at the different capacities listed for various years. The capacities are as follows: 
- 50,000 (1980-1997)
- 49,550 (1998-2002)
- 49,262 (2003-2020)
- 49,057 (2020-present)

The greatest capacity is 50,000, which occurred from 1980 to 1997. Since 1980 to 1997 spans two decades (the 1980s and the 1990s), we need to determine which decade had the most years with this capacity. 
- The 1980s had 7 years (1980-1987, 1988-1989, for a total of 10 years - 1980-1989) with a capacity of 50,000 but also included part of the next decade, 
- The 1990s had the full decade (1990-1997, for 8 years, and also included 1998, for a total of 8 years - 1990-1997) but also included part of the previous decade.

Since the capacity of 50",
396,How many days after Jeffrey Edward Epstein's apprehension was his final mugshot taken?,3,person,340,"Jeffrey Epstein was apprehended on July 6, 2019, and his final mugshot was taken on July 9, 2019. To find the number of days between these dates, subtract the apprehension date from the mugshot date: July 9 - July 6 = 3 days.
Final Answer: 3 days",<num_days>
397,How many days after launch did Chandrayaan-2 land on the moon?,46,space probe,457,"Chandrayaan-2 launched on July 22, 2019, and landed on the moon on September 6, 2019. To find the number of days between these two dates, first calculate the number of days in July and August that have passed after the launch, then add the days in September before the landing. 
July has 31 days, so from July 22 to July 31 is 9 days. 
August has 31 days, so all of August is 31 days. 
From September 1 to September 6 is 6 days. 
Now add all the days: 9 + 31 + 6 = 46 days.
Final Answer: 46 days",<num_days>
398,How many years ago did Robby Gordon first win the Stadium Super Trucks?,9,car driver,518,"Robby Gordon first won the Stadium Super Trucks in 2013. To find the number of years ago this was, subtract 2013 from the current year (2022): 2022 - 2013 = 9.
Final Answer: 9 years ago",<num_years>
399,"In what month and year were the artists in the studio for ""2 of Amerikaz Most Wanted""?",October 1995,music,1066,"The artists were in the studio for ""2 of Amerikaz Most Wanted"" in October 1995.
Final Answer: October 1995",%B %Y
400,How many years ago did Ryan Hunter-Reay win the WorldCom Rising Star Award?,20,car driver,521,"Ryan Hunter-Reay won the WorldCom Rising Star Award in 2002. The current year is 2022 (December). To find out how many years ago he won the award, subtract the year he won from the current year: 2022 - 2002 = 20.
Final Answer: 20 years ago",<num_years>
401,How many months after the launch date was the moon lander's landing date?,2,space probe,457,"The launch date was July 22, 2019, and the landing date was September 6, 2019. To find the number of months between these two dates, first find the number of months between July 22 and September 6 in the same year. July has 31 days, so from July 22 to July 31, there are 9 days. August has 31 days, and September has 6 days from the start of the month to September 6. 9 + 31 + 6 = 46 days. Since there are approximately 30.44 days in a month, divide 46 by 30.44 to get approximately 1.51 months.
Final Answer: 1.51 months",<num_months>
402,What was the last year that Jack Nicklaus won a U.S. Open?,1980,golf,66,"To determine the last year Jack Nicklaus won a U.S. Open, we need to look at the years he won the U.S. Open. According to the table, Jack Nicklaus won the U.S. Open in 1962, 1967, 1972, and 1980. The most recent year among these is 1980.
Final Answer: 1980",yyyy
403,How many days after launch was Chandrayaan-2's orbital insertion held?,29,space probe,457,"Chandrayaan-2 was launched on July 22, 2019, and its orbital insertion was on August 20, 2019. To find the number of days between these two dates, subtract the launch date from the orbital insertion date: 
July has 31 days, so from July 22 to July 31 is 9 days. 
August 20 - August 1 is 19 days. 
9 + 19 = 28 days. 
Therefore, the orbital insertion was held 28 days after the launch, and then also on the 29th day of the month of the launch (July 22 + 28 = July 20 is not correct, July 22 + 29 = July 21 is not correct, August 20 is the 29th day after July 22, since July has 31 days and 31 - 22 = 9, and August 20 - August 1 = 19, and 9 + 19 = 28), and also on the 29th day of the month after the launch month (July), which is August, so the answer is 29 days.
Final Answer: 29",<num_days>
404,On what date did Black Dog Halt first become known by that name?,"June 8, 1953",railway,464,"Black Dog Halt was originally known as Black Dog Siding when it opened in 1863. It was later renamed Black Dog Halt. The date it was renamed Black Dog Halt is given as 8 June 1953.
Final Answer: 8 June 1953","%B %d, %Y"
405,On what date did Black Dog Halt fall into disuse?,"September 20, 1965",railway,464,"According to the table, Black Dog Halt was closed on 20 September 1965. This is the date when it fell into disuse.
Final Answer: 20 September 1965","%B %d, %Y"
406,How many years ago did Shi Yuqi achieve his highest rank?,5,badminton,166,"Shi Yuqi achieved his highest ranking on August 24, 2017. The current year is 2022. To find the number of years ago he achieved his highest rank, subtract the year he achieved his highest rank from the current year: 2022 - 2017 = 5.
Final Answer: 5 years ago",<num_years>
407,How many years ago did Stephen Hawking die?,4,nobel,352,"Stephen Hawking died on 14 March 2018. To find out how many years ago he died, we need to subtract 2018 from the current year, which is 2022 (since the current date is December 2022). 
2022 - 2018 = 4
Final Answer: 4 years ago",<num_years>
408,On what date did Black Dog Halt first operate?,"November 3, 1863",railway,464,"Black Dog Halt first operated as Black Dog Siding on 3 November 1863. Although it was later renamed Black Dog Halt in 1953, the date it first operated is the date it opened as Black Dog Siding.
Final Answer: 3 November 1863","%B %d, %Y"
409,On what date was the second opening of Cheltenham Spa station?,"July 7, 2019",railway,465,"The station was initially opened on 30 March 1908, and then it was closed on 1 January 1917. After the closure, it was re-opened. The re-opening, or the second opening, occurred on 7 July 1919.
Final Answer: 7 July 1919","%B %d, %Y"
410,What date was the first opening of Cheltenham Spa station?,"March 30, 2008",railway,465,"The table provides information about the Cheltenham Spa (Malvern Road) station, including its history and key dates. To find the date of the first opening, look for the ""Opened"" date in the key dates section. The station was first opened on 30 March 1908.
Final Answer: 30 March 1908","%B %d, %Y"
411,How many years ago did Stephen Hawking release the Properties of Expanding Universes?,56,nobel,352,"The current year is assumed to be 2022, and the Properties of Expanding Universes was released in 1966. To determine how many years ago this was, subtract 1966 from 2022: 2022 - 1966 = 56.
Final Answer: 56 years ago",<num_years>
412,How many years ago did Steve Jobs die?,11,person,353,"Steve Jobs died on October 5, 2011. To calculate how many years ago he died, we need to subtract 2011 from the current year (2022, since we are assuming the current date is December 2022, but the year is what matters for this calculation, and the month is only needed to confirm we are past his death date). 
2022 - 2011 = 11
Since the current year is 2022 and his death year is 2011, and the current month is December, which is after October, Steve Jobs died 11 years ago.
Final Answer: 11 years ago",<num_years>
413,How many years ago did Steve Jobs present the iPhone 4?,12,person,353,"Steve Jobs presented the iPhone 4 in 2010. The current year is 2022. To determine how many years ago he presented the iPhone 4, subtract 2010 from 2022: 2022 - 2010 = 12.
Final Answer: 12 years ago",<num_years>
414,How many years ago did terrorism begin in Egypt?,9,current war,1006,"The start date of terrorism in Egypt is July 3, 2013, and the current year is 2022 (given the ""Cutting Knowledge Date: December 2023"" and ""Today Date: 26 Jul 2024"" information is not directly relevant to this question). To find out how many years ago terrorism began in Egypt, subtract the start year from the current year: 2022 - 2013 = 9 years.
Final Answer: 9 years",<num_years>
415,How many years ago did the 12th Annual Honda Civic Tour start?,9,concert,1034,"The 12th Annual Honda Civic Tour started on August 1, 2013. To find the number of years that have passed since then, subtract the start year from the current year (2022): 2022 - 2013 = 9.
Final Answer: 9 years",<num_years>
416,What was the last year that James Worthy played in an NBA All Stars game?,1992,nba,81,"James Worthy was a 7× NBA All-Star from 1986-1992. To find the last year he played in an NBA All-Star game, look at the end of the range, which is 1992.
Final Answer: 1992",yyyy
417,How many years ago did the Salvadoran Civil War end?,30,civil war,1022,"The Salvadoran Civil War ended on 16 January 1992. To find out how many years ago that was, subtract 1992 from the current year (2022): 2022 - 1992 = 30.
Final Answer: 30 years ago",<num_years>
418,How many years ago did the Western Sahara War end?,31,military conflict,1014,"The Western Sahara War ended on 6 September 1991. To find the number of years since the war ended, subtract the year it ended from the current year (2022). 
2022 - 1991 = 31
Final Answer: 31 years",<num_years>
419,What was the last year that Matt Biondi won a medal in the Olympic Games?,1992,swimming,115,"To find the last year Matt Biondi won a medal in the Olympic Games, look at the Olympic Games section of the table. The years listed are 1984, 1988, and 1992. Since 1992 is the most recent year, it is the last year Matt Biondi won a medal in the Olympic Games.
Final Answer: 1992",yyyy
420,How many years ago did Timo Glock last race in his Formula One World Championship career?,10,car driver,523,"Timo Glock's last entry in the Formula One World Championship was in the 2012 Brazilian Grand Prix. The current year is 2022. To find the number of years since his last Formula One World Championship race, subtract the year of his last race (2012) from the current year (2022): 2022 - 2012 = 10.
Final Answer: 10 years ago",<num_years>
421,What year are the most recent statistics in this table from?,2021,economy,235,"To find the most recent statistics, we need to look at the different years mentioned in the table. The years mentioned are: 2015, 2017, 2018, 2019, 2020, and 2021. The most recent year mentioned is 2021, which is associated with the following statistics: GDP (nominal and PPP), GDP per capita (nominal and PPP), and Main export partners.
Final Answer: 2021",yyyy
422,"What year did ""Rudolph the Red-Nosed Reindeer"" debut as a television special?",1964,character,1095,"The table does not explicitly state the year ""Rudolph the Red-Nosed Reindeer"" debuted as a television special, but it does mention that Billie Mae Richards voiced Rudolph in TV specials from 1964-2010. This implies that the TV special debuted in 1964, as that is the starting year of Billie Mae Richards' voicing.
Final Answer: 1964",yyyy
423,How many years ago did Wang Xiaoli achieve her highest ranking?,8,badminton,174,"Wang Xiaoli achieved her highest ranking on 22 May 2014. The current year is 2022 (given that the current date is December 2022). To find out how many years ago Wang Xiaoli achieved her highest ranking, subtract 2014 from 2022: 2022 - 2014 = 8.
Final Answer: 8 years ago",<num_years>
424,In what year range did Novak Djokovic first win 3 consecutive Australian Open tournaments?,2011-2013,tennis,509,"To find the year range when Novak Djokovic first won 3 consecutive Australian Open tournaments, we need to examine the years he won the Australian Open. According to the table, Djokovic won the Australian Open in the following years: 2008, 2011, 2012, 2013, 2015, 2016, 2019, 2020, and 2021.

The first sequence of three consecutive wins is from 2011 to 2013.
Final Answer: 2011-2013",
425,Italian Eritrea happened how many years before the Ethiopian Empire monarchy was abolished?,85,empire,22,"Italian Eritrea occurred in 1890, and the Ethiopian Empire monarchy was abolished in 1975. To find the number of years between these two events, subtract the earlier year from the later year: 1975-1890=85.
Final Answer: 85 years",<num_years>
426,What year did Abdul Jeelani start attending college?,1972,ice hockey,561,"Abdul Jeelani attended Wisconsin-Parkside from 1972 to 1976. Therefore, he started attending college in 1972.
Final Answer: 1972",yyyy
427,"How many years ago was ""Catch 22"" published?",61,book,702,"The publication date of ""Catch-22"" is November 10, 1961. To find the number of years since its publication, subtract the publication year from the current year (2022): 2022 - 1961 = 61.
Final Answer: 61 years ago",<num_years>
428,How many years ago was All Hallows Twickenham designated as Grade I?,70,church,719,"All Hallows Twickenham was designated as Grade I on 2 September 1952. To find the number of years ago, we need to subtract 1952 from the current year (2022). 
2022 - 1952 = 70
Final Answer: 70 years ago",<num_years>
429,How many years ago was Arkham Horror: The Card Game published?,6,game,1161,"The current year is 2022, and Arkham Horror: The Card Game was published in Q4 2016. To find out how many years ago it was published, subtract 2016 from 2022: 2022 - 2016 = 6.
Final Answer: 6 years",<num_years>
430,How many years ago was AT&T Inc. founded?,39,company,597,"AT&T Inc. was founded on October 5, 1983. The current year is 2022 (given the context of the ""Number of employees"" being listed as of January 2022). To find out how many years ago AT&T Inc. was founded, subtract the founding year from the current year: 2022 - 1983 = 39.
Final Answer: 39 years ago",<num_years>
431,How many years ago was Australia's first test in Cricket?,145,cricket team,1164,"Australia's first test in cricket was in 1877. To determine how many years ago that was, subtract 1877 from the current year, which is 2022. 
2022 - 1877 = 145
Final Answer: 145 years ago",<num_years>
432,How many years ago was B. J. Neufeld top ranked in CTRS?,8,curling,281,"B. J. Neufeld was top ranked in CTRS in the 2014-15 season. To determine how many years ago this was, we need to subtract the end year of the season (2015) from the current year (2022, since the current date is December 2022). 
2015 to 2022 is 7 years.
Final Answer: 7",<num_years>
433,How many years ago was Brazil declared a republic?,133,country,424,"Brazil was declared a republic on November 15, 1889. To find the number of years since this event, subtract the year of the event (1889) from the current year (2022): 2022 - 1889 = 133.
Final Answer: 133 years ago",<num_years>
434,How many years ago was Catch-22 published?,61,book,702,"The publication date of Catch-22 is November 10, 1961. The current year is 2022. To find the number of years since the book was published, subtract the publication year from the current year: 2022 - 1961 = 61.
Final Answer: 61 years ago",<num_years>
435,How many years ago was Chandrayaan-2 launched?,3,space probe,457,"Chandrayaan-2 was launched on 22 July 2019. To determine the number of years that have passed since the launch, we need to calculate the difference between the current year (2022, given the context of the problem) and the launch year (2019). 

2022 - 2019 = 3

Therefore, Chandrayaan-2 was launched 3 years ago.
Final Answer: 3",<num_years>
436,What year did AC/DC debut?,1973,musician,468,"AC/DC's years of activity started in 1973, which means that is the year they debuted.
Final Answer: 1973",yyyy
437,What year did Access Hollywood debut?,1996,show,1085,"The original release of Access Hollywood was on September 9, 1996. 
Final Answer: 1996",yyyy
438,How many years ago was Cheltenham Spa station opened in Malvern Road?,114,railway,465,"Cheltenham Spa station in Malvern Road was opened on 30 March 1908. To find out how many years ago this was, we need to subtract 1908 from the current year, which is 2022 (assuming the current year is 2022, as the current date is December 2022). 

2022 - 1908 = 114

So, Cheltenham Spa station in Malvern Road was opened 114 years ago.
Final Answer: 114 years ago",<num_years>
439,How many years ago was Dylan Molloy the USILA Player of the Year?,6,lacrosse,655,"Dylan Molloy was the USILA Player of the Year in 2016. To determine how many years ago that was, subtract 2016 from the current year (2022, given the knowledge cutoff in December 2022, but the question doesn't specify, and the answer can be calculated with the current year): 2022-2016=6.
Final Answer: 6 years ago",<num_years>
440,What year did Access Hollywood premiere?,1996,show,1085,"The original release of Access Hollywood was on September 9, 1996. 
Final Answer: 1996",yyyy
441,What year did Access Hollywood switch to HDTV?,2010,show,1085,"Access Hollywood switched to HDTV 1080i in 2010, as indicated in the ""Picture format"" section of the table.
Final Answer: 2010",yyyy
442,How many years ago was Frank Urso awarded Division I Player of the Year?,47,lacrosse,656,"Frank Urso was awarded Division I Player of the Year in 1975. To find out how many years ago this was, we need to subtract 1975 from the current year (2022). 
2022 - 1975 = 47
Final Answer: 47 years ago",<num_years>
443,How many years ago was Jacobs University Bremen established?,21,university,624,"Jacobs University Bremen was established in 2001. The current year is 2022 (December). To find the number of years since the establishment, subtract the establishment year from the current year: 2022 - 2001 = 21.
Final Answer: 21 years ago",<num_years>
444,How many years ago was Nate Archibald inducted into the Basketball Hall of Fame?,16,nba,83,"The year of induction into the College Basketball Hall of Fame is given as 2006, but the year of induction into the Basketball Hall of Fame is not specified. However, according to general knowledge, Nate Archibald was inducted into the Naismith Memorial Basketball Hall of Fame in 1991. 
To calculate how many years ago this was, subtract the year of induction from the current year (2022): 2022-1991=31.
Final Answer: 31 years ago",<num_years>
445,How many years ago was Scottie Pippen awarded NBA steals leader?,27,nba,89,"Scottie Pippen was awarded the NBA steals leader in 1995. The current year is 2022. To find out how many years ago he received this award, subtract the year he received the award from the current year: 2022 - 1995 = 27.
Final Answer: 27 years ago",<num_years>
446,How many years ago was the B-24 Skua's first flight?,85,aircraft,226,"The B-24 Skua's first flight was on 9 February 1937. To find the number of years ago, subtract 1937 from the current year (2022): 2022 - 1937 = 85.
Final Answer: 85 years ago",<num_years>
447,How many years ago was the CATAN 3rd edition released?,25,board game,1147,"The CATAN 3rd edition was released in 1997. To determine how many years ago it was released, we need to subtract 1997 from the current year. The current year is 2022 (since the cutting knowledge date is December 2022). 
2022 - 1997 = 25
The table also confirms this information, stating that the third edition was released 25 years ago.
Final Answer: 25 years ago",<num_years>
448,How many years ago was the Coordination Center for Ethnic Germans founded?,85,agency,1139,"The Coordination Center for Ethnic Germans was formed circa 1937. The current year is 2022 (given in the problem statement as December 2022, but the exact month is not necessary for this calculation). To find the number of years since the center was founded, subtract the founding year from the current year: 2022 - 1937 = 85.
Final Answer: 85 years ago",<num_years>
449,How many years ago was the current constitution established in Brazil?,34,country,424,"The current constitution of Brazil was established on 5 October 1988. To find out how many years ago that was, subtract the establishment year from the current year (2022): 2022 - 1988 = 34.
Final Answer: 34 years ago",<num_years>
450,How many years ago was the FAA Fairey Firefly retired from the Royal Navy?,66,aircraft,1128,"The Fairey Firefly was retired from the Royal Navy in 1956. To find out how many years ago that was, we need to subtract 1956 from the current year (2022, since the cutting knowledge date is December 2022, but the exact month is not relevant here). 
2022 - 1956 = 66
Final Answer: 66 years ago",<num_years>
451,How many years ago was the first edition of Arkham Horror: The Card Game released?,6,game,1161,"The current year is 2022, and the first edition of Arkham Horror: The Card Game was released in Q4 2016. To find out how many years ago the game was released, subtract the release year from the current year: 2022 - 2016 = 6.
Final Answer: 6 years",<num_years>
452,How many years ago was the first edition of Heroes Unlimited published?,38,game,1151,"The first edition of Heroes Unlimited was published in August 1984. To find out how many years ago that was, we need to subtract 1984 from the current year (2022, since the current date is December 2022, but the year is what matters for this calculation, not the month). 
2022 - 1984 = 38
Final Answer: 38 years ago",<num_years>
453,On what month and day does Japan's fiscal year begin?,April 1,economy,248,"The table states that Japan's fiscal year is from ""1 April - 31 March"". This means the fiscal year begins on April 1.
Final Answer: April 1",%B %d
454,What year did Albert A. Michelson marry Edna Stanton?,1899,nobel,370,"Albert A. Michelson married Edna Stanton in 1899.
Final Answer: 1899",yyyy
455,What year did Alessandro Riguccini's martial arts career start?,1999,martial artist,840,"Alessandro Riguccini's years active are listed as 1999-present. This indicates the start and end years of his martial arts career. 
Final Answer: 1999",yyyy
456,How many years ago was the INS Vikramaditya decommissioned in Soviet Union Russia?,26,navy vessel,1109,"The INS Vikramaditya was decommissioned in 1996 as the Admiral Gorshkov in the Soviet Union/Russia. To find the number of years since then, we subtract 1996 from the current year (2022, but since the ""Cutting Knowledge Date"" is December 2022 and no specific date is mentioned, and another date, December 2022 is also mentioned, we will use 2022). 
2022 - 1996 = 26.
Final Answer: 26 years ago",<num_years>
457,How many years ago was the New York Stock Exchange founded?,229,monument,626,"The New York Stock Exchange was founded on May 17, 1792. To determine how many years ago it was founded, we need to calculate the difference between the current year and the founding year. Since the current year is not explicitly stated, we can use the ""229 years ago"" information provided in the table, which implies that the current year is 229 years after 1792.
Final Answer: 229 years ago",<num_years>
458,How many years ago was the Supreme Administrative Court established?,146,court,254,"The Supreme Administrative Court was established in 1876. To find out how many years ago it was established, subtract the establishment year from the current year (2022). 
2022 - 1876 = 146
Final Answer: 146 years ago",<num_years>
459,How many years ago was the Supreme Court of Argentina established?,159,court,253,"The Supreme Court of Argentina was established on January 15, 1863. As of the current year (2022, but not explicitly stated in this problem, however, the problem mentions that it has been 8 months since October 1, 2021), it has been 159 years since its establishment.
Final Answer: 159 years",<num_years>
460,How many years ago was the Supreme Court of Israel established?,74,court,257,"The Supreme Court of Israel was established in 1948. To find out how many years ago it was established, subtract the establishment year from the current year. However, the current year is not provided. Since the problem assumes the current date is December 2022, we can use this year for the calculation: 2022 - 1948 = 74.
Final Answer: 74 years ago",<num_years>
461,How many years ago was the University of Cambridge founded?,813,university,606,"The University of Cambridge was established circa 1209. The current year is 2022 (given the Cutting Knowledge Date: December 2022), but the table also mentions ""813 years ago"" which refers to the founding of the university. To calculate this, we can subtract 1209 from 2022: 2022 - 1209 = 813.
Final Answer: 813 years ago",<num_years>
462,How many years ago was the V/Line Corporation formed?,39,agency,1141,"The V/Line Corporation was formed on 1 July 1983, and on the current date (December 2022), it has been 39 years since it was formed as a State Transport Authority brand, and 19 years since it was formed as a statutory corporation.
Final Answer: 39 years",<num_years>
463,How many years ago was this movie released?,20,movie,1077,"The movie 8 Mile was released on November 8, 2002. To find out how many years ago it was released, we need to subtract the release year from the current year. Assuming the current year is 2022 (as per the given knowledge cutoff), we can calculate:

2022 - 2002 = 20

So, the movie 8 Mile was released 20 years ago.
Final Answer: 20 years ago",<num_years>
464,How many years ago was Tony Stewart awarded the IROC championship?,16,racing,272,"Tony Stewart was awarded the IROC championship in 2006. The current year is 2022. To find the number of years that have passed since 2006, subtract 2006 from 2022: 2022-2006=16.
Final Answer: 16 years ago",<num_years>
465,How many years ago was Valderøy Church consecrated?,61,church,714,"Valderøy Church was consecrated in 1961. To find the number of years since the consecration, subtract the consecration year from the current year. The current year is 2022 (given in the problem statement as December 2022) and the consecration year is 1961. So, the calculation would be 2022 - 1961 = 61.
Final Answer: 61 years ago",<num_years>
466,How many years ago was Yale University named Collegiate School?,304,university,611,"Yale University was named Collegiate School from 1701 to 1718. The current year is not given, but the year the table was created is December 2022. The year 1701 was 321 years ago, as of December 2022. 
Final Answer: 321 years ago",<num_years>
467,What year did Alexandra Boltasseva receive the MIT Technology Review Top Young Innovator award?,2011,scientist,315,"According to the table, Alexandra Boltasseva received the MIT Technology Review Top Young Innovator award in 2011.
Final Answer: 2011",yyyy
468,How many years apart were Australia's two biggest defeats?,20,national football team,1166,"Australia's biggest defeats were in 1992 and 2012. To find the number of years between these two years, subtract the earlier year from the later year: 2012 - 1992 = 20.
Final Answer: 20",<num_years>
469,What year did Alexandra Boltasseva win her first award?,2008,scientist,315,"The table lists Alexandra Boltasseva's awards in reverse chronological order, with the most recent awards first. To find the year she won her first award, look at the last award listed: 2008 Young Elite-Researcher Award from the Danish Councils for Independent Research.
Final Answer: 2008",yyyy
470,How many years apart were Claire Leroy's gold medal wins at the World Championships?,1,sailor,671,"Claire Leroy won gold medals at the World Championships in 2007 and 2008. To find the number of years between these two wins, subtract the earlier year from the later year: 2008 - 2007 = 1.
Final Answer: 1",<num_years>
471,How many years apart were the medals that Blaze Riorden won at the World Indoor Lacrosse Championship?,4,lacrosse,642,"Blaze Riorden won medals at the World Indoor Lacrosse Championship in 2015 and 2019. To find the number of years between these two years, subtract the earlier year from the later year: 2019 - 2015 = 4.
Final Answer: 4",<num_years>
472,How many years are between Argentina's first international match and their biggest defeat by Czechoslovakia?,56,national football team,1160,"Argentina's first international match was on 20 July 1902. Their biggest defeat by Czechoslovakia was on 15 June 1958. To find the number of years between these dates, subtract the year of the first match from the year of the defeat: 1958 - 1902 = 56.
Final Answer: 56",<num_years>
473,How many years are between Arntzen's gold medal at the Croatia/Hungary European Championship and her gold medal at the Spain World Championship?,7,handball,493,"Arntzen's gold medal at the Croatia/Hungary European Championship was in 2014, and her gold medal at the Spain World Championship was in 2021. To find the number of years between these two events, subtract the year of the earlier event from the year of the later event: 2021 - 2014 = 7.
Final Answer: 7",<num_years>
474,How many years are between Australia's first international and their first AFC U-23 Asian Cup appearance?,46,national football team,1166,"Australia's first international was in 1967, and their first AFC U-23 Asian Cup appearance was in 2013. To find the number of years between these two dates, subtract the earlier year from the later year: 2013-1967=46.
Final Answer: 46",<num_years>
475,How many years are between Australia's first ODI and its last T20I?,51,cricket team,1164,"Australia's first ODI was on 5 January 1971, and its last T20I was on 11 June 2022. To find the number of years between these two dates, subtract the year of the first ODI from the year of the last T20I: 2022-1971=51.
Final Answer: 51",<num_years>
476,How many years are between Billard's award for The Outstanding Young Person in Science and Innovation and Innovative Teaching Grant?,2,scientist,321,"Aude Billard received the award for The Outstanding Young Person in Science and Innovation in 2003 and the Innovative Teaching Grant in 2001. To find the number of years between these two awards, subtract the year of the earlier award from the year of the later award: 2003-2001=2.
Final Answer: 2 years",<num_years>
477,On what month and day does Japan's fiscal year end?,March 31,economy,248,"Japan's fiscal year is from 1 April to 31 March. The end of the fiscal year is on the last day of March, which is March 31.
Final Answer: March 31",%B %d
478,How many years are between Chen Yufei's gold medal at the Kota Kinabalu Asian Junior Championships and her gold medal at the Tokyo Olympics?,7,badminton,129,"Chen Yufei won a gold medal at the Kota Kinabalu Asian Junior Championships in 2013 and a gold medal at the Tokyo Olympics in 2020. To find the number of years between these two events, subtract the year of the earlier event from the year of the later event: 2020-2013=7.
Final Answer: 7",<num_years>
479,"How many years are between the year Malaysia's nominal GDP rank was 34th and the year its PPP GDP per capita was $32,901?",0,economy,250,"The nominal GDP rank was 34th in 2022, and the PPP GDP per capita was $32,901 in 2022. Since both values are from the same year, there are 0 years between them.
Final Answer: 0",<num_years>
480,How many years are there between England's first ODI and first T20I?,34,cricket team,1172,"England's first ODI was on 5 January 1971, and their first T20I was on 13 June 2005. To find the number of years between these two dates, subtract the year of the first ODI from the year of the first T20I: 2005-1971=34.
Final Answer: 34",<num_years>
481,How many years are there between when Zumla won the EU-EDCTP Pascoal Mocumbi Prize and the Karolinska Institutet Science Award?,9,scientist,364,"Zumla won the EU-EDCTP Pascoal Mocumbi Prize in 2021 and the Karolinska Institutet Science Award in 2012. To find the number of years between these two awards, subtract the year of the earlier award from the year of the later award: 2021 - 2012 = 9.
Final Answer: 9",<num_years>
482,"How many years before ""Money Don't Matter 2 Night"" was ""Diamonds and Pearls"" released?",1,song,1075,"According to the table, ""Money Don't Matter 2 Night"" was released in 1992 and ""Diamonds and Pearls"" was released in 1991. To find the number of years between these two releases, subtract the release year of ""Diamonds and Pearls"" from the release year of ""Money Don't Matter 2 Night"": 1992 - 1991 = 1.
Final Answer: 1",<num_years>
483,How many years before Alphonse Gallegos died was he consecrated?,10,christian leader,829,"Alphonse Gallegos was consecrated on 4 November 1981 and died on 6 October 1991. To find the number of years between these dates, subtract the consecration year from the death year: 1991 - 1981 = 10 years.
Final Answer: 10 years",<num_years>
484,"How many years before Chapter V was ""So Far Away"" released?",2,album,942,"Chapter V was released in 2005. ""So Far Away"" was released in 2003. To get the number of years between these two years, subtract the release year of ""So Far Away"" from the release year of Chapter V: 2005-2003=2.
Final Answer: 2 years",<num_years>
485,How many years before Diegel died was the picture taken?,19,golf,68,"The picture was taken in 1932. Diegel died in 1951. To get the number of years between these two years, subtract the photo year from the year of death: 1951-1932=19.
Final Answer: 19 years",<num_years>
486,What year did Alicia Coutts win Olympic gold?,2012,swimming,665,"Alicia Coutts won an Olympic gold medal at the 2012 London Olympics in the 4×100 m freestyle event.
Final Answer: 2012",yyyy
487,What year did Alimuddin Zumla win the Union Medal?,2018,scientist,364,"Alimuddin Zumla won several awards, including the Union Medal. According to the table, he won the Union Medal in 2018.
Final Answer: 2018",yyyy
488,How many years before Frank Urso began his pro career was he inducted into the U.S. Lacrosse Hall of Fame?,6,lacrosse,656,"Frank Urso was inducted into the U.S. Lacrosse Hall of Fame in 1981 and began his pro career in 1987. To find the number of years between these two events, subtract the earlier year from the later year: 1987 - 1981 = 6.
Final Answer: 6",<num_years>
489,How many years before he died did Art Carney last get married?,23,actor,2,"Art Carney died in 2003. He was last married in 1980. To find the number of years between these two dates, subtract the year he was married from the year he died: 2003-1980=23.
Final Answer: 23 years",<num_years>
490,What year did Argentina achieve its highest ranking?,2007,national football team,1160,"Argentina's highest ranking was 1, which was achieved in the following periods: March 2007, October 2007 - June 2008, July-October 2015, and April 2016 - April 2017. 
The years when Argentina achieved its highest ranking are 2007, 2008, 2015, 2016, and 2017.
Final Answer: 2007",yyyy
491,How many years before he married Audrey Karnes Snead did Snead begin his pro career?,6,golf,70,"Sam Snead turned professional in 1934 and married Audrey Karnes Snead in 1940. To find out how many years before he married Audrey Karnes Snead that Snead began his pro career, subtract the start year of his pro career from the year he married: 1940 - 1934 = 6.
Final Answer: 6",<num_years>
492,How many years before his death did Adolf von Baeyer win the Nobel Prize in Chemistry?,12,nobel,369,"Adolf von Baeyer won the Nobel Prize in Chemistry in 1905. He died in 1917. To find the number of years between these two dates, subtract the year of the Nobel Prize from the year of death: 1917 - 1905 = 12.
Final Answer: 12 years",<num_years>
493,How many years before his death did Miloš Obrenović I begin his second reign as the Prince of Serbia?,2,emperor,765,"Miloš Obrenović I began his second reign as the Prince of Serbia on 6 November 1817. He died on 26 September 1860. To find the number of years between these two dates, subtract the start year from the death year: 1860-1817=43.
Final Answer: 43 years",<num_years>
494,What year did Argentina become World Cup champions for the first time?,1978,national football team,1160,"Argentina's World Cup appearances and best results are listed in the table. The best results include being Champions in 1978 and 1986. Since 1978 is the earlier year, it is the year Argentina became World Cup champions for the first time.
Final Answer: 1978",yyyy
495,How many years before his death did Peter III begin his reign as King of Sicily?,3,emperor,122,"Peter III began his reign as King of Sicily on 4 September 1282, and he died in November 1285. To find the number of years between these dates, subtract the start year from the death year: 1285 - 1282 = 3.
Final Answer: 3 years",<num_years>
496,How many years before Jeelani died did his NBA career end?,27,ice hockey,561,"Abdul Jeelani's playing career was from 1976 to 1989. His NBA career ended in 1981, when he last played for an NBA team (the Dallas Mavericks). He died in 2016. To find the number of years between these two dates, subtract the end year of his NBA career from the year he died: 2016-1981=35.
Final Answer: 35 years",<num_years>
497,How many years before Johann Friedrich Wilhelm Adolf Baeyer's death did he win the Nobel Prize for Chemistry?,12,nobel,369,"Johann Friedrich Wilhelm Adolf Baeyer won the Nobel Prize for Chemistry in 1905 and died in 1917. To find out how many years before his death he won the prize, subtract the year he won the prize from the year he died: 1917 - 1905 = 12.
Final Answer: 12 years",<num_years>
498,How many years before Stephen Hawking died did he win the Copley Medal?,12,nobel,352,"Stephen Hawking died in 2018 and won the Copley Medal in 2006. To find the number of years between these two dates, subtract the year he won the medal from the year he died: 2018 - 2006 = 12.
Final Answer: 12",<num_years>
499,What year did Argentina make its first World Cup appearance?,1930,national football team,1160,"The table states that Argentina made its first World Cup appearance in 1930.
Final Answer: 1930",yyyy
500,How many years before the 14 On Fire concert tour began did the 50 & Counting concert tour end?,1,concert,1035,"The 50 & Counting concert tour took place from 2012 to 2013, so it ended in 2013. The 14 On Fire concert tour began in 2014. To find out how many years before the 14 On Fire tour began that the 50 & Counting tour ended, subtract the end year of the 50 & Counting tour from the start year of the 14 On Fire tour: 2014 - 2013 = 1.
Final Answer: 1 year",<num_years>
501,What year did Art Wilson play for the Cleveland Indians?,1921,baseball,400,"According to the table, Art Wilson played for the Cleveland Indians in 1921, as indicated by his Last MLB appearance and the Teams section.
Final Answer: 1921",yyyy
502,"How many years before the 2021 Myanmar protests did the general election results occur, which the protesters want to recognize?",1,current war,964,"The general election results that the protesters want to recognize occurred in 2020. The 2021 Myanmar protests started in 2021. To find the number of years between these two years, subtract the year of the election from the year of the protests: 2021-2020=1.
Final Answer: 1 year",<num_years>
503,How many years before the last closure of the station was the picture taken?,7,railway,465,"The picture was taken in 1959. The last closure of the station occurred in 1966. To find the number of years between these two dates, subtract the picture year from the closure year: 1966-1959=7.
Final Answer: 7 years",<num_years>
504,How many years before the protests was the constitution they sought to abolish drafted?,13,current war,964,"The protests began in 2021, and the protesters sought to abolish the 2008 Constitution. To find out how many years before the protests the constitution was drafted, subtract the year the constitution was drafted from the year the protests began: 2021 - 2008 = 13.
Final Answer: 13",<num_years>
505,How many years between his first and last award?,26,nobel,370,"Albert A. Michelson received his first award, the Matteucci Medal, in 1903, and his last award, the Duddell Medal and Prize, in 1929. To find the number of years between these two awards, subtract the year of the first award from the year of the last award: 1929 - 1903 = 26.
Final Answer: 26",<num_years>
506,"How many years did ""Rudolph the Red-Nosed Reindeer,"" voiced by Billie Mae Richards, run as a television special?",46,character,1095,"Billie Mae Richards voiced Rudolph in the TV specials from 1964 to 2010. To find the number of years, subtract the start year from the end year: 2010-1964=46.
Final Answer: 46 years",<num_years>
507,How many years did Ambrose Rayappan serve as Archbishop Emeritus of Pondicherry and Cuddalore?,20,christian leader,817,"To find the number of years Ambrose Rayappan served as Archbishop, we need to look at the Term ended and Appointed/Installed dates. He was appointed on 7 August 1953 and installed on 25 March 1953, and his term ended on 17 March 1973. 

The difference between the end of his term (1973) and when he started (1953) is: 1973 - 1953 = 20 years.

However, the question asks for the years he served as Archbishop Emeritus of Pondicherry and Cuddalore. The term ""Emeritus"" typically refers to a retired position. Since his term as Archbishop ended in 1973, and he died in 1999, we can calculate the years he served as Archbishop Emeritus as the difference between the year he died (1999) and the year his term ended (1973): 1999 - 1973 = 26 years.

Final Answer: 26 years",<num_years>
508,How many years did Antonio Mohamed manage his previous team before managing the team he currently manages?,1,footballer,36,"Antonio Mohamed currently manages Atlético Mineiro. Before managing Atlético Mineiro, he managed Monterrey. Mohamed managed Monterrey from 2015 to 2018 and then again from 2019 to 2020. Since he managed Monterrey in two separate periods, we must determine which period immediately precedes his management of Atlético Mineiro. Mohamed managed Huracán in 2019 and then managed Monterrey from 2019 to 2020. After managing Monterrey from 2019 to 2020, Mohamed managed Atlético Mineiro, starting in 2022. Therefore, the period from 2019 to 2020 is the period that immediately precedes his management of Atlético Mineiro. 
The years from 2019 to 2020 is 1 year.
Final Answer: 1 year",<num_years>
509,How many years did Argentina support the Salvadoran Civil War?,4,civil war,1022,"According to the table, Argentina supported the Salvadoran government until 1983. The war started in 1979, so Argentina supported the war from 1979 to 1983. To find the number of years, subtract the start year from the end year: 1983 - 1979 = 4.
Final Answer: 4",<num_years>
510,How many years did Art Carney work as an actor starting from 1939?,54,actor,2,"Art Carney worked as an actor from 1939 to 1993. To find out how many years he worked, subtract the start year from the end year: 1993 - 1939 = 54.
Final Answer: 54 years",<num_years>
511,How many years did Aslam Watanjar serve in the military?,25,office holder,913,"Aslam Watanjar served in the military from 1967 to 1992. To find the number of years he served, subtract the start year from the end year: 1992 - 1967 = 25.
Final Answer: 25",<num_years>
512,What year did Aruna Quadri achieve his highest ranking?,2022,tabletennis,710,"Aruna Quadri's highest ranking was 10, which he achieved in May 2022. 
Final Answer: 2022",yyyy
513,How many years did Babe Young play for MLB?,12,baseball,401,"To find out how many years Babe Young played in the MLB, we need to look at the years of his first and last MLB appearances. His first appearance was in 1936 and his last was in 1948. However, he did not play continuously from 1936 to 1948, as there is a gap from 1942 to 1946 and also within 1936 to 1939. 
Despite the gaps, we can still calculate the total number of years by subtracting the start year from the end year and then adding 1: 1948-1936+1=13. But since there are gaps within those years, we should look at the teams he played for and the years he played for them. 
He played for the Giants in 1936, then from 1939-1942 and 1946-1947. Then he played for the Reds from 1947-1948 and the Cardinals in 1948. 
We can count the individual years: 1936 (1 year), 1939 (1 year), 1940 (1 year), 1941 (1 year), 1942 (1 year), 1946 (1 year), 1947 (1 year",<num_years>
514,How many years did Babe Young play for the Cincinnati Reds?,2,baseball,401,"Babe Young played for the Cincinnati Reds from 1947 to 1948. To find the number of years, subtract the start year from the end year and then add 1 (since both years are inclusive): 1948 - 1947 + 1 = 2.
Final Answer: 2",<num_years>
515,How many years did Bayinnaung rule as the Suzerain of Siam?,17,emperor,119,"Bayinnaung ruled as the Suzerain of Siam from 18 February 1564 to 10 October 1581. To find the number of years he ruled, we need to subtract the start year from the end year and consider the months. 

The start date is 18 February 1564, and the end date is 10 October 1581. Since the start month (February) is before the end month (October) in the same year, we can simply subtract the years: 1581 - 1564 = 17 years.

However, since Bayinnaung started ruling in February and ended in October, we should check if this affects the number of complete years. In this case, it does not, as he ruled for more than 17 complete years (from March 1564 to October 1581, which includes 17 full years and an additional 8 months).

Final Answer: 17 years",<num_years>
516,What year did Aruna Quadri win a silver medal at the Commonwealth Games?,2018,tabletennis,710,"Aruna Quadri won a silver medal at the Commonwealth Games in the Men's Singles event. The year this event took place was 2018, in Gold Coast.
Final Answer: 2018",yyyy
517,Over how many years was Dwayne Johnson an active wrestler?,13,wrestling,7,"To find the total number of years Dwayne Johnson was an active wrestler, we need to consider his wrestling career, which had multiple periods of activity. Johnson was active from 1996 to 2004 (9 years), then from 2011 to 2013 (3 years), and finally in 2016 (1 year). We add these periods together: 9 + 3 + 1 = 13.
Final Answer: 13",<num_years>
518,How many years did Benny McCoy play for the Detroit Tigers?,1,baseball,405,"Benny McCoy played for the Detroit Tigers from 1938 to 1939. To find the number of years, subtract the start year from the end year and then add 1: 1939-1938+1=2.
Final Answer: 2 years",<num_years>
519,How many years did Bill Hosket play for the Buffalo Braves?,2,basketball,569,"Bill Hosket played for the Buffalo Braves from 1970 to 1972. To find the number of years he played for the Braves, subtract the start year from the end year: 1972 - 1970 = 2.
Final Answer: 2 years",<num_years>
520,How many years did Bill Hosket play in his career?,4,basketball,569,"To determine the number of years Bill Hosket played in his career, we need to look at the ""Playing career"" section of the table. It is stated that his playing career was from 1968-1972. 
To get the number of years between these two years, subtract the start year from the end year and then add 1 (since we are counting the years inclusively): 1972-1968+1=5.
Final Answer: 5 years",<num_years>
521,How many years did Brit Pettersen attend the World Cup?,7,skier,781,"Brit Pettersen attended the World Cup for 7 seasons, from 1982 to 1988.
Final Answer: 7",<num_years>
522,How many years did Chuck Howley play for the Los Raiders?,12,rugby,74,"The table lists Chuck Howley's career history as playing for the Chicago Bears (1958-1959) and the Los Raiders (1961-1973). The years he played for the Los Raiders are from 1961 to 1973, which can be calculated as 1973 - 1961 = 12 years.
Final Answer: 12 years",<num_years>
523,How many years did Cody Ware race in the NASCAR Xfinity Cup Series?,7,racing,265,"Cody Ware's NASCAR Xfinity Series career started in 2014 and his last race in the series was in 2021. To find the number of years, subtract the start year from the end year and then add 1 (since he raced in both the start and end year): 2021 - 2014 + 1 = 8.
Final Answer: 8 years",<num_years>
524,What year did Aslam Watanjar begin serving as Minister of Communications?,1980,office holder,913,"Aslam Watanjar served as Minister of Communications in two separate periods: 
1. 30 April 1978 - July 1978
2. 10 January 1980 - 1988

He began serving as Minister of Communications in two different years: 1978 and 1980.
Final Answer: 1978 and 1980",yyyy
525,How many years did Daria Timoshenko skate before retiring?,21,figure skating,735,"Daria Timoshenko began skating in 1985 and retired in 2006. To find the number of years she skated, subtract the year she started skating from the year she retired: 2006 - 1985 = 21.
Final Answer: 21",<num_years>
526,How many years did Daria Timoshenko skate for Azerbaijan?,6,figure skating,735,"Daria Timoshenko began representing Azerbaijan in 2000 and retired in 2006. To find the number of years she skated for Azerbaijan, subtract the start year from the end year: 2006-2000=6.
Final Answer: 6",<num_years>
527,How many years did Davy Jones compete in the Le Mans division?,4,racing,517,"Davy Jones participated in the 24 Hours of Le Mans from 1988-1991 and also in 1996. To find the total number of years, first calculate the years from 1988-1991, which is 1991-1988+1=4 years. Then add the year 1996, which is 1 year. 4+1=5.
Final Answer: 5",<num_years>
528,How many years did Davy Jones race in the 24 Hours of Le Mans?,4,racing,517,"Davy Jones participated in the 24 Hours of Le Mans in the years 1988-1991 and 1996. The years 1988-1991 is a range of 4 years, and adding 1996 as an additional year makes a total of 5 years.
Final Answer: 5",<num_years>
529,How many years did Derrell Palmer play for the Cleveland Browns?,4,nfl,546,"Derrell Palmer played for the Cleveland Browns from 1949 to 1953. To find the number of years, subtract the start year from the end year and then add 1: 1953 - 1949 + 1 = 5.
Final Answer: 5 years",<num_years>
530,How many years did Derrick Summers play for the Jacksonville Sharks?,3,nfl,551,"Derrick Summers played for the Jacksonville Sharks from 2011 to 2013. To find the number of years, subtract the start year from the end year and add 1: 2013 - 2011 + 1 = 3.
Final Answer: 3 years",<num_years>
531,How many years did Eli Manning attend Ole Miss?,4,rugby,75,"Eli Manning attended Ole Miss from 1999 to 2003. To find the number of years, subtract the start year from the end year and then add 1: 2003-1999+1=5.
Final Answer: 5 years",<num_years>
532,How many years did Eli Manning play for the New York Giants?,15,rugby,75,"Eli Manning played for the New York Giants from 2004 to 2019. To find the number of years, subtract the start year from the end year and add 1: 2019 - 2004 + 1 = 16.
Final Answer: 16 years",<num_years>
533,What year did Babe Young make his MLB debut?,1936,baseball,401,"Babe Young made his MLB debut on September 26, 1936. 
Final Answer: 1936",yyyy
534,How many years did Emmitt Smith play for the Dallas Cowboys?,12,rugby,558,"Emmitt Smith played for the Dallas Cowboys from 1990 to 2002. To find the number of years he played for the Cowboys, subtract the start year from the end year and add 1 (since both years are inclusive): 2002 - 1990 + 1 = 13.
Final Answer: 13 years",<num_years>
535,How many years did Hulk Hogan actively wrestle?,35,wrestling,339,"Hulk Hogan started wrestling in 1977 and retired in 2012. To find the number of years he actively wrestled, subtract the start year from the end year and then subtract 1 (since the end year is inclusive): 2012 - 1977 = 35.
Final Answer: 35",<num_years>
536,How many years did Ingenuity fly?,1,space probe,1206,"Ingenuity's first flight was on 19 April 2021, and its last flight was on 11 June 2022. To find out how many years Ingenuity flew, we need to calculate the time difference between these two dates. 

The first flight was in 2021, and the last flight was in 2022, which is the next year. Therefore, Ingenuity flew for approximately 1 year.
Final Answer: 1 year",<num_years>
537,How many years did it take for Claire Leroy to win a gold medal after her first bronze medal?,3,sailor,671,"Claire Leroy won her first bronze medal in 2004 and her first gold medal in 2007. To find the number of years between these two years, subtract the year of the bronze medal from the year of the gold medal: 2007-2004=3.
Final Answer: 3 years",<num_years>
538,How many years did it take for inflation in France to decrease by 0.8%?,1,economy,243,"The inflation rate in France was 2.1% in 2018 and 0.5% in 2020, with 1.3% in 2019. This indicates a decrease from 2.1% to 0.5%, which is a decrease of 1.6%. However, the question asks about a decrease of 0.8%, from 2.1% to 1.3%, which occurred from 2018 to 2019. Therefore, it took 1 year for the inflation rate to decrease by 0.8% (from 2.1% to 1.3%).
Final Answer: 1 year",<num_years>
539,How many years did it take for Mears to win a NASCAR Cup Series race?,4,martial artist,264,"Casey Mears' first NASCAR Cup Series race was the 2003 Daytona 500, and his first win was the 2007 Coca-Cola 600. To find out how many years it took for him to win a NASCAR Cup Series race, subtract the year of his first race from the year of his first win: 2007 - 2003 = 4.
Final Answer: 4 years",<num_years>
540,What year did Bill Hewitt play for the Chicago Bulls?,1974,basketball,568,"According to the table, Bill Hewitt played for the Chicago Bulls in 1974.
Final Answer: 1974",yyyy
541,What year did Bill Hosket win a gold medal at the Olympic Games?,1968,basketball,569,"Bill Hosket won a gold medal at the Olympic Games in the year the games took place in Mexico City. The Olympic Games in Mexico City occurred in 1968.
Final Answer: 1968",yyyy
542,How many years did it take for Sri Lanka to become a full member after attaining its Associate Member ICC status?,16,national cricket team,1191,"Sri Lanka attained its Associate Member ICC status in 1965 and became a Full Member in 1981. To find out how many years this took, subtract the year of Associate Member status from the year of Full Member status: 1981 - 1965 = 16.
Final Answer: 16 years",<num_years>
543,How many years did it take for the fourth single to be released after the first single on the album 14 Shades of Grey?,1,album,942,"The first single, ""Price to Play"", was released on April 1, 2003. The fourth single, ""Zoe Jane"", was released on April 5, 2004. To find the number of years between these two dates, subtract the year of the first single from the year of the fourth single: 2004 - 2003 = 1.
Final Answer: 1 year",<num_years>
544,What year did Brandon Miller first win the Harry Lumley Trophy?,2002,lacrosse,644,"According to the table, Brandon Miller won the Harry Lumley Trophy four times: in 2002, 2007, 2008, and 2014. The earliest year listed is 2002.
Final Answer: 2002",yyyy
545,How many years did it take for the Human Development Index of France to grow by 0.089 points?,1,economy,243,"The Human Development Index (HDI) of France in 2019 was 0.820 and in 2020 it was 0.909. To find the difference, subtract the earlier value from the later value: 0.909 - 0.820 = 0.089. The HDI grew by 0.089 points from 2019 to 2020, which is 1 year.
Final Answer: 1 year",<num_years>
546,How many years did it take for the NYSE to go from a US$20.161 trillion volume to a US$26.2 trillion market cap?,10,monument,626,"The NYSE had a volume of $20.161 trillion in 2011 and a market cap of $26.2 trillion in 2021. To find the number of years between these two years, subtract the earlier year from the later year: 2021 - 2011 = 10 years.
Final Answer: 10 years",<num_years>
547,How many years did it take Sri Lanka to become a full ICC member after becoming an Associate member?,16,national cricket team,1191,"Sri Lanka became an Associate Member of the ICC in 1965 and a Full Member in 1981. To find the number of years between these two dates, subtract the Associate Member year from the Full Member year: 1981 - 1965 = 16.
Final Answer: 16 years",<num_years>
548,What year did Brit Pettersen make her World Cup debut?,1982,skier,781,"To find the year Brit Pettersen made her World Cup debut, we need to look at the World Cup career section of the table. It states that her seasons were from 1982 to 1988. Since 1982 is the first year listed, it is the year she made her World Cup debut.
Final Answer: 1982",yyyy
549,How many years did it take to rebuild the Palace of Westminster?,36,monument,726,"The Palace of Westminster was rebuilt from 1840 to 1876. To find the number of years it took to rebuild, subtract the start year from the end year: 1876 - 1840 = 36.
Final Answer: 36 years",<num_years>
550,"Rounding up, what was the difference in years between the planned and elapsed time of the Orbiter Mission duration?",5,space probe,457,"The planned mission duration of the Orbiter is ~7.5 years. The elapsed time is 2 years and 10 months. To compare these two values, convert the elapsed time to just years by dividing the months by 12 and adding it to the years: 2 years + (10/12) years = 2 years + 0.83 years = 2.83 years. Now, subtract the elapsed time from the planned time: 7.5 years - 2.83 years = 4.67 years. Rounding up, the difference is 5 years.
Final Answer: 5",<num_years>
551,"Since 2013, what year did Chen Yufei not win a medal in badminton?",2021,badminton,129,"The table lists Chen Yufei's medals from various badminton competitions from 2013 onwards. To find the year she did not win a medal, we need to examine the list of medals and find a gap in the years.

Medals were won in the following years: 
2013 (2 medals), 
2014 (3 medals), 
2015 (2 medals), 
2016 (4 medals), 
2017 (3 medals), 
2018 (3 medals), 
2019 (3 medals), 
2020 (2 medals), 
2021 (1 medal), 
2022 (1 medal).

There are no gaps in the years, but we can see that there is no mention of 2013 being a year where no medal was won in badminton for Chen Yufei, and the same can be said for all other years up to 2022.

However, the question asks for the year since 2013 that Chen Yufei did not win a medal in badminton. Given the information provided in the table, there is no year since 2013 where Chen Yufei did not win any medals. 

But since the question demands an answer, we should consider that the information provided only goes up to",yyyy
552,What year did Bustamante win the most medals?,1998,martial artist,849,"To find the year that Bustamante won the most medals, we need to look at the World Jiu-Jitsu Championship and Brazilian National Championship sections of the table. 

In the World Jiu-Jitsu Championship section, Bustamante won 2 medals in 1998 and 1 medal in 1996 and 1999. 

In the Brazilian National Championship section, Bustamante also won 2 medals in 1998 and 1 medal in 1996 and 1999.

Since Bustamante won 2 medals in the World Jiu-Jitsu Championship and 2 medals in the Brazilian National Championship in 1998, and 1 medal in the World Jiu-Jitsu Championship and 1 medal in the Brazilian National Championship in 1996 and 1999, the year he won the most medals is 1998, with a total of 4 medals.
Final Answer: 1998",yyyy
553,"How many years did it take to record ""21st Century Breakdown""?",2,song,1070,"The recording of ""21st Century Breakdown"" took place from 2008 to 2009. To find the number of years, subtract the start year from the end year: 2009 - 2008 = 1.
Final Answer: 1 year",<num_years>
554,How many years did James Worthy play professionally?,12,nba,81,"James Worthy's playing career ranged from 1982 to 1994. To find the number of years he played professionally, subtract the start year from the end year: 1994 - 1982 = 12.
Final Answer: 12 years",<num_years>
555,How many years did Joan Crawford and Franchot Tone live together?,4,actor,8,"To determine how many years Joan Crawford and Franchot Tone lived together, we need to look at the years they were married. They were married from 1935 to 1939. To get the number of years between these two years, subtract the start year from the end year: 1939-1935=4.
Final Answer: 4 years",<num_years>
556,How many years did Marcos Leite's playing career last?,22,ice hockey,579,"To find the number of years Marcos Leite's playing career lasted, we need to subtract the starting year of his playing career from the ending year. According to the table, his playing career was from 1967 to 1989. 

1989 - 1967 = 22

So, Marcos Leite's playing career lasted for 22 years.
Final Answer: 22 years",<num_years>
557,What year did Carolijn Brouwer win a silver medal representing Belgium at the World Championships?,2007,sailor,668,"The table does not mention Carolijn Brouwer winning a silver medal representing Belgium at the World Championships. It does mention her winning a silver medal at the 2007 World Championships in Cascais, but that was while representing the Netherlands.
Final Answer: There is no year listed.",yyyy
558,What year did Casey Mears have his first Daytona 500 race?,2003,martial artist,264,"Casey Mears' first Daytona 500 race is listed under the ""NASCAR Cup Series career"" section. According to the table, his first race was the ""2003 Daytona 500 (Daytona)"".
Final Answer: 2003",yyyy
559,What year did Charlotte Atkinson win her first bronze medal in the Island Games?,2011,swimming,669,"Charlotte Atkinson has won multiple bronze medals in the Island Games. Her bronze medals were won in 2011 and 2013. The earliest year she won a bronze medal was 2011.
Final Answer: 2011",yyyy
560,How many years did Melissa L. Coates work professionally?,18,body builder,806,"Melissa L. Coates started her professional career in 1996 as a bodybuilder and made her pro-debut in the IFBB Jan Tana Classic. She retired from professional wrestling in 2020. To find the number of years she worked professionally, subtract the start year from the end year: 2020 - 1996 = 24.
Final Answer: 24 years",<num_years>
561,What year did Charlotte Atkinson win the most gold medals?,2015,swimming,669,"To find the year Charlotte Atkinson won the most gold medals, we need to look at the Island Games section of the table. In 2011, she won 2 gold medals. In 2013, she won 2 gold medals. In 2015, she won 7 gold medals. Since 7 is greater than 2, the year she won the most gold medals is 2015.
Final Answer: 2015",yyyy
562,What year did Claire Leroy win her most recent World Championships medal?,2011,sailor,671,"To find the year Claire Leroy won her most recent World Championships medal, we need to look at the years listed for her medals. The years are: 2004, 2005, 2007, 2008, and 2011. The most recent year among these is 2011.
Final Answer: 2011",yyyy
563,How many years did Mohammad Yamin serve as Minister of National Education?,2,office holder,861,"To determine how many years Mohammad Yamin served as Minister of National Education, we need to calculate the time difference between the end and start of his term. He was in office from 30 July 1953 to 12 August 1955. 

The start year is 1953 and the end year is 1955. To get the number of years, subtract the start year from the end year: 1955 - 1953 = 2.

However, since the start month (July) is after the end month (August) of the following year is not possible, but the start month is before the end month of the same year and the next year, we can confirm that he served for approximately 2 years.

Final Answer: 2 years",<num_years>
564,How many years did Mohammad-Ali Foroughi serve as Prime Minister of Iran?,1,office holder,928,"To determine the total number of years Mohammad-Ali Foroughi served as Prime Minister of Iran, we need to calculate the duration of each term and then add them together.

1. First term: 1 November 1925 - 13 June 1926 (approximately 7 months)
2. Second term: 18 September 1933 - 3 December 1935 (approximately 2 years and 2.5 months)
3. Third term: 27 August 1941 - 9 March 1942 (approximately 6 months)

Converting the months to years:
- 7 months ≈ 0.58 years
- 2 years and 2.5 months ≈ 2.21 years
- 6 months ≈ 0.5 years

Adding the years together:
0.58 + 2.21 + 0.5 ≈ 3.29 years

Final Answer: 3 years",<num_years>
565,How many years did Mohd. Ibrahim Moustafa serve as the leader of the Egyptian Army?,2,current war,1006,"Mohd. Ibrahim Moustafa served from 2013 to 2015. To find the number of years, subtract the start year from the end year: 2015 - 2013 = 2.
Final Answer: 2 years",<num_years>
566,How many years did Nate Archibald play professionally?,14,nba,83,"Nate Archibald played professionally from 1970 to 1984. To find the number of years he played, subtract the start year from the end year: 1984 - 1970 = 14.
Final Answer: 14",<num_years>
567,How many years did Peter III reign as King of Sicily?,3,emperor,122,"Peter III reigned as King of Sicily from 4 September 1282 to November 1285. To find the number of years, subtract the start year from the end year: 1285 - 1282 = 3. However, since he did not complete a full year in 1282 (only from September onwards) and the exact date in November 1285 is not provided, the reign is approximately 3 years.
Final Answer: 3 years",<num_years>
568,The Space Shuttle's first crewed flight occurred how many years after its first flight?,4,space program,1062,"The first flight of the Space Shuttle was on August 12, 1977, and the first crewed flight was on April 12, 1981. To find the number of years between these two dates, subtract the year of the first flight from the year of the first crewed flight: 1981 - 1977 = 4.
Final Answer: 4 years",<num_years>
569,How many years did Pippen play between his stints in Chicago?,5,nba,89,"Pippen played for the Chicago Bulls from 1987 to 1998 and then again from 2003 to 2004. To find the years between his stints in Chicago, we need to look at the years he played for other teams. 

After leaving the Bulls in 1998, Pippen played for the Houston Rockets in 1999 and the Portland Trail Blazers from 1999 to 2003. 

So, the years between his stints in Chicago are 1999, 2000, 2001, and 2002, and part of 1998 and 2003, for a total of 5 years (including the partial years).
 
However, another interpretation could be the years he did not play for the Bulls between his two stints, which would be the years 1999, 2000, 2001, and 2002, which totals 4 years.

Considering the context of the question and common interpretations, we will consider the years he played for other teams between his stints in Chicago.

Final Answer: 4",<num_years>
570,What year did Cody Ware race his first NASCAR Cup Series race?,2017,racing,265,"Cody Ware's first NASCAR Cup Series race was the 2017 Folds of Honor QuikTrip 500 at Atlanta.
Final Answer: 2017",yyyy
571,How many years did Roy Emerson play at an amateur level until he turned pro?,15,tennis,50,"Roy Emerson turned pro in 1968 and started his amateur tour in 1953. To find out how many years he played at an amateur level, subtract the start year from the year he turned pro: 1968 - 1953 = 15.
Final Answer: 15 years",<num_years>
572,How many years did Sead Hasanefendić work as manager for the Switzerland team starting from 1980?,6,handball,503,"Sead Hasanefendić managed the Switzerland team from 1980 to 1986. To find the number of years, subtract the start year from the end year and then add 1 (since both the start and end years are inclusive): 1986 - 1980 + 1 = 7 - 0 + 1 = 6 + 1 = 7, but since 1980 is the starting point and 1986 is the endpoint, and the years are consecutive, it can also be calculated as 1986 - 1980 = 6. 
However, considering that he was the manager for the full year of 1980 and the full year of 1986, it is 6 years.
Final Answer: 6 years",<num_years>
573,How many years did Stephen Hawking and Jane Wilde have a marital relationship?,30,nobel,352,"Stephen Hawking married Jane Wilde in 1965 and they divorced in 1995. To find the number of years they were married, subtract the year they married from the year they divorced: 1995 - 1965 = 30.
Final Answer: 30 years",<num_years>
574,Was the rate of inflation in France higher in 2020 or 2018?,2018,economy,243,"To determine whether the rate of inflation in France was higher in 2020 or 2018, we need to compare the inflation rates for these two years. The inflation rate in 2020 was 0.5%, and the inflation rate in 2018 was 2.1%. Since 2.1% is greater than 0.5%, the rate of inflation was higher in 2018.
Final Answer: 2018",yyyy
575,What year did Daria Timoshenko win a gold medal at the World Junior Championships?,1999,figure skating,735,"According to the table, Daria Timoshenko won a gold medal at the World Junior Championships in 1999, which took place in Zagreb.
Final Answer: 1999",yyyy
576,How many years did the B-24 Skua fly before it was completely retired?,8,aircraft,226,"The B-24 Skua had its first flight in 1937 and was completely retired in 1945. To get the number of years between these two years, subtract the start year from the end year: 1945-1937=8.
Final Answer: 8 years",<num_years>
577,What year did Davy Jones run his first Daytona 500 race?,1995,racing,517,"Davy Jones' first NASCAR Cup Series race was the 1995 Daytona 500. 
Final Answer: 1995",yyyy
578,How many years did the consecration of Valen Chapel take after it was closed?,76,church,715,"Valen Chapel was closed in 1873 and consecrated on 31 July 1949. To find out how many years the consecration took after it was closed, subtract the year it was closed from the year it was consecrated: 1949-1873=76.
Final Answer: 76 years",<num_years>
579,What age did Paul Gauguin die at?,54,painter,349,"To find the age Paul Gauguin died at, we can look at his birth and death dates. He was born on 7 June 1848, and he died on 8 May 1903. We can calculate his age at death by subtracting his birth year from his death year: 1903 - 1848 = 55. However, since his birthday (June 7) had not occurred yet in 1903 when he died (May 8), we must subtract 1 from the result: 55 - 1 = 54.
Final Answer: 54",<num_years>
580,How many years did the Coordination Center for Ethnic Germans remain operational?,8,agency,1139,"The Coordination Center for Ethnic Germans was formed around 1937 and dissolved on May 8, 1945. To find the number of years it remained operational, subtract the formation year from the dissolution year: 1945 - 1937 = 8.
Final Answer: 8 years",<num_years>
581,How many years did the Ethiopian-Adal war last?,14,empire,22,"The Ethiopian-Adal war started in 1529 and ended in 1543. To find the number of years the war lasted, subtract the start year from the end year: 1543 - 1529 = 14.
Final Answer: 14 years",<num_years>
582,How many years did the last monarch of the Kalmar Union rule?,10,empire,430,"The last monarch of the Kalmar Union was Christian II, who ruled from 1513 to 1523. To find the number of years he ruled, subtract the start year from the end year: 1523 - 1513 = 10.
Final Answer: 10 years",<num_years>
583,On what date did the second Launch Pad become operational?,"May 5, 2005",launchpad,628,"The Second Launch Pad became operational on the date of its first launch. The first launch from the Second Launch Pad occurred on 5 May 2005.
Final Answer: 5 May 2005","%B %d, %Y"
584,"How many years did the recording of ""21st Century Breakdown"" take?",1,song,1070,"The recording of ""21st Century Breakdown"" took place from 2008 to 2009. To find the number of years, subtract the start year from the end year: 2009 - 2008 = 1.
Final Answer: 1 year",<num_years>
585,What year did Dawn McEwen make her first Olympic appearance?,2014,curling,288,"Dawn McEwen's Olympic appearances are listed as 2, in the years 2014 and 2022. Her first Olympic appearance would be the earlier of the two years.
Final Answer: 2014",yyyy
586,What year did Dennis Erickson coach at Billings Central Catholic High School?,1970,nfl,540,"According to the table, Dennis Erickson coached at Billings Central Catholic HS (MT) in 1970.
Final Answer: 1970",yyyy
587,What year did Derrell Palmer last play a professional sport?,1953,nfl,546,"Derrell Palmer played for the New York Yankees from 1946 to 1948 and the Cleveland Browns from 1949 to 1953. The most recent year listed is 1953.
Final Answer: 1953",yyyy
588,What year did Emma Kathryn Miskew first win a medal at the World Curling Championships?,2013,curling,291,"According to the table, Emma Miskew won a bronze medal at the 2013 World Curling Championships in Riga. This is the earliest year listed for her winning a medal at the World Curling Championships.
Final Answer: 2013",yyyy
589,What year did Heiko Kroeger win a gold medal at the Olympics in Sydney?,2000,sailor,677,"Heiko Kroeger won a gold medal at the Paralympic Games in Sydney in the year 2000.
Final Answer: 2000",yyyy
590,What is the average length of time between Dolly Parton's tours in years?,3,concert,1054,"To find the average length of time between Dolly Parton's tours, first, find the length of time between each tour. The Backwoods Barbie Tour was in 2008, and the Better Day World Tour was in 2011, so the time between these two tours is 2011-2008=3 years. The Blue Smoke World Tour was in 2014, so the time between the Better Day World Tour and the Blue Smoke World Tour is 2014-2011=3 years.

Now, find the average length of time between tours by adding the lengths of time between tours and dividing by the number of lengths of time between tours. The sum of the lengths of time between tours is 3+3=6 years. The number of lengths of time between tours is 2. 

The average length of time between tours is 6/2=3 years.
Final Answer: 3 years",<num_years>
591,What is the date of birth of Pierre Auguste Cot?,"February 17, 1837",painter,350,"Pierre Auguste Cot was born on 17 February 1837.
Final Answer: 17 February 1837","%B %d, %Y"
592,What year did Henrieta Farkašová first win a gold medal at the World Championships?,2009,skier,791,"Henrieta Farkašová won gold medals at the IPC Alpine Skiing World Championships in the following years: 2009, 2011, 2013, 2017, 2019, and 2021. The earliest year she won a gold medal is 2009.
Final Answer: 2009",yyyy
593,How many years did Theo Bot serve as Ambassador of the Netherlands to Austria?,3,person,915,"The table does not provide information on the specific years that Theo Bot served as Ambassador of the Netherlands to Austria. It only mentions that he held this position, but does not include the dates.
Final Answer: Unknown",<num_years>
594,What year did Henrieta Farkašová first win a medal in any competition?,2009,skier,791,"Henrieta Farkašová has competed in the Paralympic Games and the IPC Alpine Skiing World Championships. According to the table, her first IPC Alpine Skiing World Championships medals were in 2009. There is no information about her competing in the Paralympic Games before 2010. Therefore, the year she first won a medal in any competition is 2009.
Final Answer: 2009",yyyy
595,How many years did Thiago Alves play for Grêmio Náutico União starting from 2000?,3,volleyball,96,"Thiago Alves played for Grêmio Náutico União from 2000 to 2003. To find the number of years, subtract the start year from the end year and then add 1 (since both the start and end years are inclusive): 2003 - 2000 + 1 = 4.
Final Answer: 4 years",<num_years>
596,How many years did Žarko Marković play for Montenegro?,6,handball,504,"Žarko Marković played for Montenegro from 2006 to 2012, which is a span of 6 years.
Final Answer: 6",<num_years>
597,What year did Henrieta Farkašová win a bronze medal at the Sochi Olympics?,2014,skier,791,"Henrieta Farkašová won a bronze medal at the 2014 Sochi Paralympic Games in the Slalom event.
Final Answer: 2014",yyyy
598,How many years did Zinedine Zidane spend in the youth division?,9,footballer,40,"Zinedine Zidane spent time in the youth division from 1981 to 1989. To find the number of years, subtract the start year from the end year: 1989 - 1981 = 8.
Final Answer: 8 years",<num_years>
599,What is the edited length of the album?,4:12,song,1075,"The length of the edited version (7"" Edit) of ""Money Don't Matter 2 Night"" is 4:12, but the question is asking for the edited length of the album. However, the table does not provide information about an edited version of the album. It does provide information about the length of the Album/12"" Single Version, which is 4:48.
Final Answer: 4:48",
600,What year did Henrieta Farkašová win her first gold medal in the Paralympic Games?,2010,skier,791,"Henrieta Farkašová's Paralympic Games medals include several gold medals. Her first Paralympic Games gold medals were in 2010 at the Vancouver Paralympic Games, where she won gold medals in Super-G, Combined, and Giant slalom.
Final Answer: 2010",yyyy
601,What year did Hulk Hogan become an actor?,1982,wrestling,339,"Hulk Hogan's years of activity are listed as 1976 (musician), 1977-2012 (wrestler), and 1982-present (actor). 
Final Answer: 1982",yyyy
602,How many years elapsed between Franchitti's first race in the IndyCar Series and his first race in the Champ Car career?,5,car driver,516,"Dario Franchitti's first race in the IndyCar Series was in 2002, and his first race in the Champ Car career was in 1997. To find the number of years that elapsed between these two events, subtract the year of the first Champ Car race from the year of the first IndyCar Series race: 2002 - 1997 = 5.
Final Answer: 5",<num_years>
603,What year did Janice Lawrence Braxton win a gold medal in the Olympics?,1984,ice hockey,577,"Janice Lawrence Braxton won a gold medal in the Olympic Games, which took place in Los Angeles in 1984. 
Final Answer: 1984",yyyy
604,How many years elapsed between Miskew's gold medal at the Canada Winter Games and her gold medal at the Canadian Olympic Curling Trials?,10,curling,291,"Emma Miskew won a gold medal at the Canada Winter Games in 2007 and a gold medal at the Canadian Olympic Curling Trials in 2017. To find the number of years that elapsed between these two events, subtract the year of the earlier event from the year of the later event: 2017 - 2007 = 10.
Final Answer: 10",<num_years>
605,How many years elapsed between Steve Austin's first retirement and his return match?,19,wrestling,13,"To calculate the years elapsed between Steve Austin's first retirement and his return match, we need to find the difference between the two dates. 

Steve Austin's first retirement was on March 30, 2003, and his return match was on April 2, 2022. 

The difference between 2022 and 2003 is 19 years. 

Since the return match occurred about 1 year after the 19-year mark from his retirement (March to April), we can still say that approximately 19 years elapsed between the two events.
Final Answer: 19 years",<num_years>
606,How many years elapsed between the reigns of Prince of Serbia for Miloš Obrenović I?,19,emperor,765,"To find the number of years elapsed between the reigns of Prince of Serbia for Miloš Obrenović I, we need to subtract the start year from the end year of his reign as Prince. 

Miloš Obrenović I reigned as Prince of Serbia from 6 November 1817 to 25 June 1839. 

The start year is 1817 and the end year is 1839. 

Subtract the start year from the end year: 1839 - 1817 = 22.

Final Answer: 22",<num_years>
607,What year did Judah Ben-Hur first appear on the screen?,1925,character,1101,"Judah Ben-Hur first appeared in the novel ""A Tale of the Christ"" in 1880, but the question asks for his first appearance on the screen. According to the table, Judah Ben-Hur was portrayed by Ramon Novarro in 1925. 
Final Answer: 1925",yyyy
608,"What is the running time of the film ""8 Mile"" in minutes?",110,movie,1077,"The running time of the film ""8 Mile"" is given in the table as 110 minutes.
Final Answer: 110 minutes",<num_minutes>
609,How many years elapsed between when Patricia McCoy became House Minority Leader and the next general election?,3,legislature,936,"Patricia McCoy became House Minority Leader on January 8, 2019. The next general election is on November 4, 2022. To find the number of years between these two dates, first find the difference in years: 2022 - 2019 = 3. Then, consider the months: January 2019 to November 2022 is approximately 3 years and 10 months, but since we are only counting whole years, we can say that 3 years elapsed.
Final Answer: 3",<num_years>
610,What is the running time of the movie 49th Parallel in minutes?,123,movie,1078,"The running time of the movie 49th Parallel is listed in the table as 123 minutes.
Final Answer: 123 minutes",<num_minutes>
611,How many years elapsed from the beginning of Bayinnaung's reign as Suzerain of Lan Na to the end of his first reign as Suzerain of Lan Xang?,10,emperor,119,"Bayinnaung's reign as Suzerain of Lan Na began on 2 April 1558. His first reign as Suzerain of Lan Xang began on 2 January 1565 and ended around January 1568. To find the number of years that elapsed, calculate the difference between the start of the Lan Na reign and the end of the first Lan Xang reign: 
First, find the difference between 1568 and 1558, which is 10 years. 
Then, to account for the months, consider that the Lan Na reign started in April 1558, and the first Lan Xang reign ended around January 1568. This means that approximately 9-10 years elapsed from the beginning of the Lan Na reign to the end of the first Lan Xang reign, but since we are calculating years and not accounting for the exact months, we can conclude that it is approximately 10 years, but more precisely 9 years and some months.
However, since the question is likely asking for an answer in years, we round down to the nearest whole year for an exact number.
Final Answer: 9 years",<num_years>
612,How many years had Bev Francis's career lasted when she debuted her first match?,39,body builder,778,"Bev Francis's pro-debut was in 1983, and she was active until she retired in 1991. To find out how many years her career lasted, subtract the debut year from the retirement year: 1991 - 1983 = 8.
However, since the question asks how many years her career had lasted when she debuted her first match, the answer would be 0, because her career had just started at that point.
Final Answer: 0",<num_years>
613,What year did Kaija Parve win her last gold medal at the World Championships?,1988,skier,793,"Kaija Parve won gold medals in the following years: 1984, 1985, 1986, 1987, and 1988. To determine the year she won her last gold medal, we need to find the most recent year among these options. 
1988 is the most recent year.
Final Answer: 1988",yyyy
614,What year did Kristina Gorshkova win a gold medal at the Winter Universiade?,2011,figure skating,743,"According to the table, Kristina Gorshkova won a gold medal at the Winter Universiade in 2011, in Erzurum.
Final Answer: 2011",yyyy
615,How many years had Dario Franchitti been retired from IndyCar when he was elected to the Motorsports Hall of Fame?,6,car driver,516,"Dario Franchitti was elected to the Motorsports Hall of Fame in 2019. He last competed in the IndyCar Series in 2013. To find out how many years he had been retired, subtract the year he last competed (2013) from the year he was elected to the hall of fame (2019): 2019 - 2013 = 6.
Final Answer: 6",<num_years>
616,How many years had Dick King-Smith been a children's author when he married his second wife?,23,book,929,"Dick King-Smith started writing in 1978 and married his second wife in 2001. To find out how many years he had been a children's author when he married his second wife, subtract the start year from the year he married his second wife: 2001 - 1978 = 23.
Final Answer: 23 years",<num_years>
617,How many years had Eli Manning played for the Giants before he won the Walter Payton NFL Man of the Year in 2016?,12,rugby,75,"Eli Manning played for the New York Giants from 2004 to 2019. He won the Walter Payton NFL Man of the Year award in 2016. To find out how many years he had played for the Giants before winning the award, subtract the start year from the award year: 2016 - 2004 = 12.
Final Answer: 12 years",<num_years>
618,What year did Leo Diegel last win a major championship?,1929,golf,68,"To determine the year Leo Diegel last won a major championship, we need to look at his wins in major championships. According to the table, he won the PGA Championship in 1928 and 1929. Since 1929 is more recent than 1928, the year he last won a major championship is 1929.
Final Answer: 1929",yyyy
619,How many years had Hulk Hogan been a wrestler when he started acting?,5,wrestling,339,"Hulk Hogan started acting in 1982 and started wrestling in 1977. To find the number of years he had been a wrestler when he started acting, subtract the year he started wrestling from the year he started acting: 1982-1977=5.
Final Answer: 5 years",<num_years>
620,What year did Marcos Leite win gold in the FIBA AmeriCup games?,1984,ice hockey,579,"To find the year Marcos Leite won gold in the FIBA AmeriCup, we need to look at the FIBA AmeriCup section of the table. According to the table, Marcos Leite won a gold medal in the FIBA AmeriCup in 1984, in Brazil.
Final Answer: 1984",yyyy
621,How many years had Jack Nicklaus been playing when he won his first Masters Tournament?,2,golf,66,"Jack Nicklaus turned professional in 1961. He won his first Masters Tournament in 1963. To find the number of years he had been playing when he won his first Masters Tournament, subtract the year he turned professional from the year he won the tournament: 1963 - 1961 = 2.
Final Answer: 2 years",<num_years>
622,How many years had Jack Nicklaus been playing when he won his last PGA as leading money winner?,15,golf,66,"Jack Nicklaus turned professional in 1961. He last won the PGA Tour leading money winner award in 1976. To find the number of years he had been playing when he won this award, subtract the year he turned professional from the year he won the award: 1976 - 1961 = 15.
Final Answer: 15",<num_years>
623,What year did Marina Alabau first compete in the World Championships for Women's sailboarding?,2006,sailor,688,"The table does not explicitly state the year Marina Alabau first competed in the World Championships for Women's sailboarding. However, it does list her medals from the World Championships, with the earliest one being in 2006. It can be inferred that she first competed in the World Championships in 2006, as there is no mention of any earlier competitions.
Final Answer: 2006",yyyy
624,What year did Matt Biondi first win a gold medal at the Olympic Games?,1984,swimming,115,"To determine the year Matt Biondi first won a gold medal at the Olympic Games, we need to examine his Olympic medals. Biondi won gold medals at the 1984 Los Angeles Olympics, the 1988 Seoul Olympics, and the 1992 Barcelona Olympics. Since 1984 is the earliest year listed, that is the year he first won a gold medal at the Olympic Games.
Final Answer: 1984",yyyy
625,What year did Matt Biondi win 4 gold medals at the Summer Universiade games?,1985,swimming,115,"According to the table, Matt Biondi won 4 gold medals at the Summer Universiade games in 1985, in the events 100 m freestyle, 200 m freestyle, 4×100 m freestyle, and 4×200 m freestyle, which were held in Kobe.
Final Answer: 1985",yyyy
626,How many years had James Worthy been playing professionally when he won the NCAA Championship?,0,nba,81,"James Worthy won the NCAA Championship in 1982. He started playing professionally in the NBA in 1982, the same year he won the championship. Therefore, he had not been playing professionally at all when he won the NCAA Championship, as his professional career began after the championship.
Final Answer: 0",<num_years>
627,How many years had Max Aaron been skating before he retired in 2018?,22,figure skating,747,"Max Aaron began skating in 1996 and retired in 2018. To find the number of years he had been skating, subtract the year he started skating from the year he retired: 2018 - 1996 = 22.
Final Answer: 22 years",<num_years>
628,What year did Matt Biondi win his only bronze in the Olympics?,1988,swimming,115,"According to the table, Matt Biondi won a bronze medal in the Olympics in the 200 m freestyle event at the 1988 Seoul Olympics.
Final Answer: 1988",yyyy
629,How many years had Nicki Minaj been with her first partner when she started performing?,4,musician,347,"Nicki Minaj started performing in 2004. Her first partner was Safaree Samuels, and they were together from 2000 to 2014. To find out how many years she had been with him when she started performing, subtract the year they started dating from the year she started performing: 2004 - 2000 = 4.
Final Answer: 4 years",<num_years>
630,"How many years has 20th Century Studios, Inc. been in existence?",87,company,592,"20th Century Studios, Inc. was founded on May 31, 1935. To determine how many years the company has been in existence, we need to calculate the difference between the current year and the founding year. Since the current year is not explicitly mentioned, we will assume it is 2022, as per the given knowledge cutoff.

2022 - 1935 = 87 years

This matches the information given in the table, which states ""87 years ago"" as of the founding date.
Final Answer: 87 years",<num_years>
631,How many years has 888 Holdings PLC been in existence?,25,company,595,"The company was founded in 1997. To determine how many years the company has been in existence, we need to calculate the difference between the current year and the founding year. However, the table does provide the information that the company has been in existence for 25 years, and it was founded in 1997. 
Since the current year is not explicitly mentioned, but the information about the company being 25 years old is provided, we can infer that the current year is 2022 (1997 + 25).
Final Answer: 25 years",<num_years>
632,How many years has AC/DC been a band?,49,musician,468,"AC/DC has been active since 1973 and is still active today (as of the given knowledge cutoff in 2022, and also considering the current year is December 2022 for the purpose of this question). To calculate the number of years the band has been active, subtract the year they were formed from the current year: 2022 - 1973 = 49.
Final Answer: 49 years",<num_years>
633,What year did Maxim Shabalin first win a medal at the World Junior Championships?,2001,figure skating,748,"Maxim Shabalin won medals at the World Junior Championships in 2001 and 2002. In 2001, he won a bronze medal, and in 2002, he won a silver medal. The question asks for the year he first won a medal, which would be 2001.
Final Answer: 2001",yyyy
634,How many years has AC/DC been performing?,49,musician,468,"AC/DC has been active from 1973 to the present. Since the current year is 2022 (as per the given information), we can find the number of years they have been performing by subtracting the start year from the current year: 2022 - 1973 = 49.
Final Answer: 49 years",<num_years>
635,How many years has Alessandro Riguccini been active in his career?,23,martial artist,840,"Alessandro Riguccini has been active from 1999 to the present. The table was last updated in 2022. To find the number of years he has been active, subtract the start year from the last updated year: 2022-1999=23.
Final Answer: 23 years",<num_years>
636,What year did Maxim Shabalin last win a medal at the European Championships?,2010,figure skating,748,"Maxim Shabalin won medals at the European Championships in the following years: 2007 (silver), 2008 (gold), and 2010 (gold). The most recent year among these is 2010.
Final Answer: 2010",yyyy
637,How many years has B.J. Neufeld been associated with a member association?,15,curling,281,"To calculate the number of years B.J. Neufeld has been associated with a member association, we need to consider the years he was associated with Manitoba and Alberta.

He was associated with Manitoba from 2007-2018, which is 11 years, and then again from 2022 to the present. Since the current year is 2022, he has been associated with Manitoba for 1 more year.

He was also associated with Alberta from 2018-2022, which is 4 years.

In total, he was associated with a member association for 11 years (with Manitoba), then 4 years (with Alberta), and then 1 more year (with Manitoba again). So the total number of years is 11 + 4 + 1 = 16.

However, since the years from 2007-2018 and 2018-2022 are consecutive, and 2022 is also included, we can simply calculate the total years as 2022 - 2007 + 1 = 16.

But we need to consider that there is an overlap of 1 year (2022) in the two separate periods of membership (2007-2018 and 2022-present) and the period in between (",<num_years>
638,How many years has Benedict Cumberbatch been acting?,24,actor,3,"Benedict Cumberbatch has been acting from 1998 to the present. To find the number of years he has been acting, subtract the starting year from the current year. However, the current year is not given in the table. Since the current date is assumed to be December 2022, the current year is 2022. Now subtract the starting year from the current year: 2022 - 1998 = 24.
Final Answer: 24 years",<num_years>
639,How many years has Dawn McEwen played for Ontario since 2003?,4,curling,288,"Dawn McEwen played for Ontario from 2003 to 2007. To find the number of years she played for Ontario, subtract the start year from the end year and then add 1: 2007 - 2003 + 1 = 5.
Final Answer: 5 years",<num_years>
640,What year did Nicki Minaj break up with her first partner?,2014,musician,347,"Nicki Minaj's first partner was Safaree Samuels, and they were together from 2000 to 2014. The year they broke up is 2014.
Final Answer: 2014",yyyy
641,What year did Novak Djokovic win a bronze medal at the Olympic Games?,2008,tennis,509,"The table states that Novak Djokovic won a bronze medal at the Olympic Games in 2008.
Final Answer: 2008",yyyy
642,What year did Novak Djokovic win his first U.S. Open?,2011,tennis,509,"Novak Djokovic's US Open wins are listed as 2011, 2015, and 2018. The earliest year among these is 2011.
Final Answer: 2011",yyyy
643,How many years has Hungary participated in the Summer Olympics?,29,athelete,1026,"To determine the number of years Hungary has participated in the Summer Olympics, count the years listed under ""Summer appearances"". 
The years are: 1896, 1900, 1904, 1908, 1912, 1920, 1924, 1928, 1932, 1936, 1948, 1952, 1956, 1960, 1964, 1968, 1972, 1976, 1980, 1984, 1988, 1992, 1996, 2000, 2004, 2008, 2012, 2016, 2020.
There are 29 years.
Final Answer: 29",<num_years>
644,How many years has it been since Bustamante last fought?,10,martial artist,849,"Murilo Bustamante was active in MMA from 1991 to 2012. To find out how many years it has been since he last fought, subtract the year he last fought (2012) from the current year (2022, since the current date is December 2022, but the year is still 2022, and no later than 2023). 
2022 - 2012 = 10
Final Answer: 10",<num_years>
645,How many years has it been since the Firefly was retired?,66,aircraft,1128,"The Firefly was retired in 1956. To find the number of years since it was retired, subtract the year it was retired from the current year. The current year is 2022 (given in the problem statement as December 2022), so the calculation would be: 2022 - 1956 = 66.
Final Answer: 66 years",<num_years>
646,What year did Percy Faith die?,1976,musician,472,"Percy Faith's death information is provided as February 9, 1976. This includes the year of his death.
Final Answer: 1976",yyyy
647,"What year did Pierre Auguste Cot write ""Springtime""?",1873,painter,350,"The table does not indicate that Pierre Auguste Cot wrote ""Springtime"". Instead, it states that ""Springtime"" is one of his notable works, and it was created in 1873. Since Pierre Auguste Cot is a painter, it is more likely that he painted ""Springtime"" rather than wrote it.
Final Answer: 1873",yyyy
648,How many years has it been since the Supreme Court of Argentina was established?,159,court,253,"The Supreme Court of Argentina was established on January 15, 1863. To find out how many years it has been since the Supreme Court of Argentina was established, we need to calculate the years between the current year (which we'll assume to be 2022, based on the given ""8 months ago"" for October 2021) and 1863. 
2022 - 1863 = 159 years.
Final Answer: 159 years",<num_years>
649,"What year did Pierre Auguste Cot write ""The Storm""?",1880,painter,350,"Pierre Auguste Cot is a painter, not a writer. ""The Storm"" is listed as one of his notable works, and it is specified as a painting, created in 1880.
Final Answer: He did not write ""The Storm"", he painted it in 1880.",yyyy
650,On what date was Catch-22 published?,"November 10, 1961",book,702,"The publication date of Catch-22 is listed in the table as November 10, 1961.
Final Answer: November 10, 1961","%B %d, %Y"
651,What year did Rudolph the Red-Nosed Reindeer first appear on television?,1964,character,1095,"The table does not explicitly state the year Rudolph the Red-Nosed Reindeer first appeared on television, but it does mention that Billie Mae Richards voiced Rudolph in TV specials from 1964 to 2010. This implies that Rudolph first appeared on television in 1964.
Final Answer: 1964",yyyy
652,How many years has it been since the V/Line Corporation was formed as a statutory corporation?,19,agency,1141,"The V/Line Corporation was formed as a statutory corporation on 1 October 2003. To find the number of years since it was formed, subtract the formation year from the current year (2022, but the question is from December 2022, and the current year is assumed to be 2022 for this problem, but the question is actually from an unspecified date in 2022, however, since it is December 2022, we will use 2022 and then 2022-2003=19, and then consider if the month is relevant): 
Since the current month is December, and the formation month is October, the corporation was formed 19 years ago, as the current year is the 19th year after 2003.
Final Answer: 19 years",<num_years>
653,What year did Sam Snead begin playing professionally?,1934,golf,70,"To determine the year Sam Snead began playing professionally, we can look at the ""Career"" section of the table. The ""Turned professional"" field indicates the year Snead turned pro.
Final Answer: 1934",yyyy
654,How many years has Nicki Minaj been active in her career?,18,musician,347,"To determine the number of years Nicki Minaj has been active in her career, we need to subtract the starting year from the current year. According to the table, Nicki Minaj has been active from 2004 to the present (2022, since the current date is December 2022, but the exact date is not provided). 

2022 - 2004 = 18 years

However, since the table says ""2004-present"", and the current year is 2022, but the table's ""present"" could refer to the end of 2022 or any point within 2022, we should consider the information given in the table that Nicki Minaj's age is 39. Given her birthdate is December 8, 1982, if she is 39 years old, then the current year must be 2022, at least until December 8, 2022, but not beyond December 8, 2022, since after that date she will turn 40.

Thus, considering the information about her age and the fact that she was active from 2004 to at least the point in 2022 when her age is still 39, we confirm that she has been active for 18 years",<num_years>
655,How many months ago did Aruna Quadri achieve his highest ranking?,7,tabletennis,710,"Aruna Quadri achieved his highest ranking in May 2022, with a ranking of 10. The current month is December 2022, since the current year is 2022. To determine how many months ago he achieved his highest ranking, calculate the difference between the current month (December) and the month he achieved his highest ranking (May). December is the 12th month, and May is the 5th month, so subtract the month of the highest ranking from the current month: 12 - 5 = 7.
Final Answer: 7 months",<num_months>
656,How many years has Ryan Hunter-Reay participated in the Rolex Grand-Am Sports Car Series since 2006?,7,car driver,521,"Ryan Hunter-Reay participated in the Rolex Grand-Am Sports Car Series from 2006 to 2013. To find the number of years he participated, subtract the start year from the end year and add 1: 2013 - 2006 + 1 = 8.
Final Answer: 8 years",<num_years>
657,How many years has the JF-17 Thunder been used in China?,15,fighter,229,"The JF-17 Thunder was first introduced on 12 March 2007, and production in China started in June 2007. To find out how many years it has been used in China, we need to subtract the year it was introduced from the current year. However, the current year is not explicitly mentioned in the question, but it is mentioned in the table as 2022. 
2022 - 2007 = 15 years.
Final Answer: 15 years",<num_years>
658,How many months are between Quadri's current rank and his highest rank?,1,tabletennis,710,"Quadri's highest ranking was in May 2022, and his current ranking was in June 2022. To find the number of months between these two rankings, subtract the month of the highest ranking from the month of the current ranking: June - May = 1.
Final Answer: 1",<num_months>
659,What year did Sri Lanka gain its Associate Member ICC status?,1965,national cricket team,1191,"Sri Lanka gained its Associate Member ICC status in 1965.
Final Answer: 1965",yyyy
660,What year did Sri Lanka make its first World Cup appearance?,1975,national cricket team,1191,"According to the table, Sri Lanka made its first World Cup appearance in 1975.
Final Answer: 1975",yyyy
661,What year did Stéphane Antiga win a silver medal in Moscow?,2006,volleyball,588,"The table does not mention Stéphane Antiga winning a silver medal in Moscow. It does mention him winning silver medals in Germany (2003) and Turkey (2009) as a player, and bronze medals in other locations as a coach, but not a silver medal in Moscow.
Final Answer: None",yyyy
662,On what date was Valderøy Church consecrated?,"July 29, 1961",church,714,"The table states that Valderøy Church was consecrated on 29 July 1961.
Final Answer: July 29, 1961","%B %d, %Y"
663,How many years in a row did Kaija Parve win a gold medal in the women's biathlon?,5,skier,793,"Kaija Parve won gold medals in 1984, 1985, 1986, 1987, and 1988. These years are consecutive, meaning they follow one after another in order. Therefore, she won gold medals for 5 years in a row.
Final Answer: 5",<num_years>
664,How many years into his professional career did Sam Snead win the Masters?,15,golf,70,"Sam Snead turned professional in 1934 and won the Masters in 1949. To find the number of years between these two dates, subtract the start year from the win year: 1949-1934=15.
Final Answer: 15 years",<num_years>
665,How many years into the war was the picture of Ronald Reagan and José Napoleón Duarte taken?,6,civil war,1022,"The Salvadoran Civil War started on October 15, 1979, and the picture of Ronald Reagan and José Napoleón Duarte was taken in 1985. To find out how many years into the war the picture was taken, subtract the start year of the war from the year the picture was taken: 1985 - 1979 = 6.
Final Answer: 6 years",<num_years>
666,How many years lapsed between the introduction and the frontline withdrawal of the B-24 Skua?,3,aircraft,226,"The B-24 Skua was introduced in November 1938 and withdrawn from the front line in 1941. To find the number of years between these two dates, subtract the introduction year from the withdrawal year: 1941-1938=3.
Final Answer: 3 years",<num_years>
667,How many years later was the next album released after 14 Shades of Grey?,2,album,942,"The album 14 Shades of Grey was released in 2003. The next album, Chapter V, was released in 2005. To find out how many years later the next album was released, subtract the release year of 14 Shades of Grey from the release year of Chapter V: 2005 - 2003 = 2.
Final Answer: 2 years",<num_years>
668,What is the running time of this movie?,62:12,album,942,"The table does not mention a movie, it mentions a music album. The running time of the album ""14 Shades of Grey"" is 62 minutes and 12 seconds.
Final Answer: 62:12",
669,How many years long was the last reign of the Kalmar Union?,10,empire,430,"The last monarch of the Kalmar Union was Christian II, who reigned from 1513 to 1523. To find the length of his reign, subtract the start year from the end year: 1523 - 1513 = 10.
Final Answer: 10 years",<num_years>
670,What year did Stephen Hawking win the Presidential Medal of Freedom?,2009,nobel,352,"The table lists Stephen Hawking's awards, including the year he received each award. The Presidential Medal of Freedom is listed as being awarded in 2009.
Final Answer: 2009",yyyy
671,How many years longer did Hasanefendić manage Switzerland than VfL Gummersbach?,3,handball,503,"Sead Hasanefendić managed Switzerland from 1980-1986, which is 6 years. He managed VfL Gummersbach from 2002-2004 and then again from 2008-2011 and also in 2017. The years from 2002-2004 is 2 years and from 2008-2011 is 3 years. In 2017, it is 1 year. Adding all the years he managed VfL Gummersbach is 2+3+1=6 years. 
6 (Switzerland) - 6 (VfL Gummersbach) = 0 years.
Final Answer: 0",<num_years>
672,How many days after the 2014 Ludian earthquake were 112 people reported missing?,5,earthquake,1042,"The 2014 Ludian earthquake occurred on August 3, 2014. 112 people were reported missing as of August 8, 2014. To find the number of days between these two dates, subtract the earlier date from the later date: August 8 - August 3 = 5 days.
Final Answer: 5 days",<num_days>
673,How many years longer did Hewitt's NBA career last than his college career?,2,basketball,568,"Bill Hewitt's college career was from 1964 to 1968, which is 4 years. His NBA career was from 1968 to 1974, which is 6 years. To find the difference in years between his NBA career and college career, subtract the length of his college career from the length of his NBA career: 6-4=2.
Final Answer: 2 years",<num_years>
674,What year did the Australian team achieve its best result in the Summer Olympics?,1992,national football team,1166,"The Australian team achieved its best result in the Summer Olympics, which is fourth place, in the year 1992.
Final Answer: 1992",yyyy
675,How many years longer did Minaj's relationship with Safaree Samuels last than with Meek Mill?,12,musician,347,"To find the difference in the length of the relationships, first find the length of each relationship. Minaj's relationship with Safaree Samuels lasted from 2000 to 2014, so it lasted 14 years. Her relationship with Meek Mill lasted from 2015 to 2017, so it lasted 2 years. The difference between these two relationships is 14-2=12 years.
Final Answer: 12 years",<num_years>
676,How many years longer did Pippen play for the Chicago Bulls than for the Portland Trail Blazers?,8,nba,89,"Pippen played for the Chicago Bulls from 1987-1998 and again in 2003-2004. To find the total number of years he played for the Bulls, add the years from the two separate periods: 1998-1987=11 years and 2004-2003=1 year. 11+1=12 years. 
Pippen played for the Portland Trail Blazers from 1999-2003, which is 2003-1999=4 years.
To find the difference, subtract the number of years he played for the Trail Blazers from the number of years he played for the Bulls: 12-4=8 years.
Final Answer: 8 years",<num_years>
677,How many years longer did Sedki serve as a leader or commander than Mohd. Ibrahim Moustafa?,2,current war,1006,"To determine how many years longer Sedki Sobhy served than Mohd. Ibrahim Moustafa, we need to find out the years they served. Sedki Sobhy served from 2014-2018, which is 4 years. Mohd. Ibrahim Moustafa served from 2013-2015, which is 2 years. To find the difference, subtract the number of years Mohd. Ibrahim Moustafa served from the number of years Sedki Sobhy served: 4-2=2.
Final Answer: 2 years",<num_years>
678,How many years longer did Smawley coach Pembroke State than he played for the Baltimore Bullets?,3,basketball,566,"To determine how many years longer Smawley coached Pembroke State than he played for the Baltimore Bullets, first find the number of years he coached Pembroke State and the number of years he played for the Baltimore Bullets. 

Smawley coached Pembroke State from 1951 to 1956, which is 5 years. 
Smawley played for the Baltimore Bullets from 1950 to 1952, which is 2 years. 

Now, subtract the number of years Smawley played for the Baltimore Bullets from the number of years he coached Pembroke State: 5-2=3.
Final Answer: 3 years",<num_years>
679,How many years longer did Wilson play for the New York Giants than the Boston Braves?,3,baseball,400,"To find out how many years longer Wilson played for the New York Giants than the Boston Braves, first find out how many years he played for each team. He played for the Giants from 1908-1913, which is 5 years. He played for the Braves from 1918-1920, which is 3 years (since 1920-1918=2, but it includes 3 years: 1918, 1919, and 1920). 
Now subtract the years played for the Braves from the years played for the Giants: 5-3=2.
Final Answer: 2 years",<num_years>
680,How many years longer is the orbiter's planned mission duration than its current elapsed duration?,5,space probe,457,"The planned mission duration for the orbiter is ~7.5 years, and its current elapsed duration is 2 years and 10 months. To compare these, convert the elapsed duration to just years: 2 years + (10 months / 12 months/year) = 2 + 0.83 = 2.83 years. Now subtract the elapsed duration from the planned duration: 7.5 years - 2.83 years = 4.67 years.
Final Answer: 4.67 years",<num_years>
681,How many years longer was Caswell's term as the 1st Governor of North Carolina than his term as the 2nd Grand Master of the Masons of North Carolina?,3,politician,904,"Caswell's term as the 1st Governor of North Carolina was from November 12, 1776, to April 20, 1780, which is approximately 3 years and 5 months. Caswell's term as the 2nd Grand Master of the Masons of North Carolina was from 1788 to 1789, which is approximately 1 year. To find the difference in years, subtract the length of the Grand Master term from the length of the Governor term. Since the Governor term is 3 years and 5 months, and the Grand Master term is 1 year, the difference is 2 years and 5 months. However, the question asks for the difference in years. 
2 years and 5 months is approximately 2 years, but since the question is asking how many years longer, the 5 months is in addition to the 2 years that the term as the 1st Governor of North Carolina is longer than his term as the 2nd Grand Master of the Masons of North Carolina, so we can approximate to the nearest year. 
However, to get an exact number of years, we can use the number of years for each term. The Governor term is 3 years, and the Grand",<num_years>
682,How many years longer was Derrick Brooks a player for the Tampa Bay Buccaneers than an executive for the Tampa Bay Storm?,7,nfl,547,"Derrick Brooks was a player for the Tampa Bay Buccaneers from 1995 to 2008, which is 13 years. He was an executive for the Tampa Bay Storm from 2011 to 2017, which is 6 years. To find the difference, subtract the number of years as an executive from the number of years as a player: 13 - 6 = 7.
Final Answer: 7 years",<num_years>
683,How many years longer was Franchitti's IndyCar Series career than his NASCAR Camping World Truck Series career?,9,car driver,516,"Dario Franchitti's IndyCar Series career lasted 11 years, and his NASCAR Camping World Truck Series career lasted 1 year. To find the difference, subtract the length of the NASCAR Camping World Truck Series career from the IndyCar Series career: 11-1=10.
Final Answer: 10 years",<num_years>
684,How many years longer was Gagauzia an unrecognized breakaway state compared to Tatarstan?,2,event,1056,"Gagauzia was an unrecognized breakaway state from 1990-1994, which is 4 years. Tatarstan was also an unrecognized breakaway state, but from 1992-1994, which is 2 years. To find the difference, subtract the years Tatarstan was a breakaway state from the years Gagauzia was: 4 - 2 = 2.
Final Answer: 2 years",<num_years>
685,How many years longer was Gordon's NASCAR Xfinity Series career than his IndyCar Series career?,2,car driver,518,"Gordon's NASCAR Xfinity Series career lasted for 9 years (from 2001 to 2011, but not necessarily consecutively), and his IndyCar Series career lasted for 7 years (from 1996 to 2004, but not necessarily consecutively). To find out how many years longer his NASCAR Xfinity Series career was, subtract the number of years in his IndyCar Series career from the number of years in his NASCAR Xfinity Series career: 9 - 7 = 2.
Final Answer: 2 years",<num_years>
686,What year did the Australian team make its first Summer Olympics appearance?,1992,national football team,1166,"The table states that the Australian team made its first Summer Olympics appearance in 1992.
Final Answer: 1992",yyyy
687,How many years longer was Habte Giyorgis prime minister than Yekuno Amlak was emperor?,3,empire,22,"Habte Giyorgis was the Prime Minister from 1909-1927, which is 18 years. Yekuno Amlak was the emperor from 1270-1285, which is 15 years. To find the difference in years between their terms, subtract the length of Yekuno Amlak's term from Habte Giyorgis's term: 18-15=3.
Final Answer: 3 years",<num_years>
688,How many years longer was Hosket's NBA career than his college career?,1,basketball,569,"To determine the difference in years between Hosket's NBA career and his college career, we first need to find the length of each career. 

Hosket's college career was from 1965 to 1968, so it lasted 3 years (1968-1965=3). 

Hosket's NBA career was from 1968 to 1972, so it lasted 4 years (1972-1968=4).

Now we subtract the length of his college career from the length of his NBA career to get the difference: 4-3=1.
Final Answer: 1 year",<num_years>
689,How many years longer was Leite's playing career than his college career?,9,ice hockey,579,"Leite's playing career was from 1967 to 1989, which is 22 years. Leite's college career was from 1973 to 1976, which is 3 years. To find the difference, subtract the length of the college career from the length of the playing career: 22 - 3 = 19.
Final Answer: 19",<num_years>
690,How many years longer was Mauritania a belligerent than France?,3,military conflict,1014,"Mauritania was a belligerent from 1975 to 1979, for a total of 4 years. France was a belligerent from 1977 to 1978, for a total of 1 year. To find the difference, subtract the number of years France was a belligerent from the number of years Mauritania was a belligerent: 4 - 1 = 3.
Final Answer: 3 years",<num_years>
691,"What is the time difference in years between the first and last launch at site 200/39, rounded to the nearest year?",42,launchpad,629,"To find the time difference between the first and last launch at site 200/39, subtract the year of the first launch from the year of the last launch. 
The first launch was on 20 February 1980, and the last launch was on 13 December 2021. 
2021 - 1980 = 41 years.
Final Answer: 41 years",<num_years>
692,How many years longer was Miloš Obrenović's first reign as Prince of Serbia compared to his reign as Grand Vožd of Serbia?,20,emperor,765,"To determine how many years longer Miloš Obrenović's first reign as Prince of Serbia was compared to his reign as Grand Vožd of Serbia, we need to calculate the length of each reign. 

Miloš Obrenović's reign as Grand Vožd of Serbia was from 23 April 1815 to 6 November 1817. This is approximately 2 years and 7 months, but for simplicity, let's calculate it as 2 years and 196 days (from April 23 to November 6 is roughly 197 days, and there are 365 days in a year). 

Miloš Obrenović's reign as Prince of Serbia was from 6 November 1817 to 25 June 1839. This is approximately 21 years and 7 months, but again, for simplicity, let's calculate it as 21 years and 231 days.

Now, to find the difference, we subtract the length of his reign as Grand Vožd of Serbia (2 years) from the length of his reign as Prince of Serbia (21 years). 

21 years - 2 years = 19 years.

So, his reign as Prince of Serbia was 19 years longer than his reign as Grand",<num_years>
693,How many years longer was Mohammad-Ali Foroughi's second term as 22nd Prime Minister of Iran than his first term?,1,office holder,928,"To calculate the difference in length between the two terms, first calculate the length of each term. 

The first term was from 1 November 1925 to 13 June 1926, which is approximately 7 months (from November to June is 8 months, but since the start and end dates are the 1st and 13th, respectively, it is 7 months and 12 days, which rounds to 7 months, but for precision, we can say it is about 7.4 months, or roughly 0.62 years, since 7.4 months divided by 12 months per year is roughly 0.62 years).

The second term was from 18 September 1933 to 3 December 1935, which is roughly 2 years and 2.7 months, or approximately 2.22 years (since 2 years is 24 months, and 2 months and 2.7 months is 4.7 months, for a total of 26.7 months, which divided by 12 months per year is roughly 2.22 years).

Now, subtract the length of the first term from the length of the second term: 2.22 years - 0.62 years",<num_years>
694,What year did the first launch from Site 200 occur?,1980,launchpad,629,"To find the year of the first launch from Site 200, we need to consider both launch pads, Site 200/39 and Site 200/40. The first launch from Site 200/39 occurred on 20 February 1980, and the first launch from Site 200/40 occurred on 23 July 1977. Since 1977 is before 1980, the first launch from Site 200 occurred in 1977.
Final Answer: 1977",yyyy
695,How many years longer was Peter III's reign as King of Aragon and Valencia than as King of Sicily?,6,emperor,122,"Peter III reigned as King of Aragon and Valencia from 27 July 1276 to November 1285. This duration is approximately 9 years. 
Peter III reigned as King of Sicily from 4 September 1282 to November 1285. This duration is approximately 3 years. 
To find the difference in years, subtract the duration of the reign as King of Sicily from the duration of the reign as King of Aragon and Valencia: 9 - 3 = 6.
Final Answer: 6 years",<num_years>
696,On what date did Aaron turn 30?,"February 25, 2022",figure skating,747,"Max Aaron was born on February 25, 1992. To find the date he turned 30, add 30 years to his birth year: 1992 + 30 = 2022. Therefore, Max Aaron turned 30 on February 25, 2022.
Final Answer: February 25, 2022","%B %d, %Y"
697,How many years longer was the period between the Hammadid and the Zayyanid dynasties compared to the period between the Rustamid and the Zirid dynasties?,25,country,436,"To find the difference in years between the Hammadid and Zayyanid dynasties, subtract the start year of the Hammadid dynasty from the start year of the Zayyanid dynasty: 1236 - 1015 = 221 years.

To find the difference in years between the Rustamid and Zirid dynasties, subtract the start year of the Rustamid dynasty from the start year of the Zirid dynasty: 972 - 776 = 196 years.

Now, subtract the period between the Rustamid and Zirid dynasties from the period between the Hammadid and Zayyanid dynasties: 221 - 196 = 25 years.
Final Answer: 25 years",<num_years>
698,How many years longer was the second renovation than the first at the Birmingham–Jefferson Convention Complex?,2,monument,751,"The first renovation occurred in 2009, and it is a single year. The second renovation occurred from 2019 to 2021, which is 2 years. To find out how many years longer the second renovation was, subtract the number of years of the first renovation from the number of years of the second renovation: 2 - 1 = 1.
Final Answer: 1",<num_years>
699,How many years longer was the time between the fourth and fifth editions than between the first and second editions?,7,board game,1147,"The first edition was published in 1995 and the second edition was published in 1996. The time between the first and second editions is 1996-1995=1 year.
The fourth edition was published in 2007 and the fifth edition was published in 2015. The time between the fourth and fifth editions is 2015-2007=8 years.
The difference between the time between the fourth and fifth editions and the time between the first and second editions is 8-1=7 years.
Final Answer: 7 years",<num_years>
700,How many years longer was the time between the Second Age and the 30th Anniversary Edition than between the first and second editions?,4,board game,1163,"To find the difference, first calculate the years between the Second Age and the 30th Anniversary Edition, and the years between the first and second editions. 

The Second Age edition was published in 2014, and the 30th Anniversary Edition was published in 2019. The difference between these two years is 2019-2014=5 years.

The first edition was published in 1984, and the second edition was published in 1985. The difference between these two years is 1985-1984=1 year.

Now, to find how many years longer the time between the Second Age and the 30th Anniversary Edition was than between the first and second editions, subtract the years between the first and second editions from the years between the Second Age and the 30th Anniversary Edition: 5-1=4 years.
Final Answer: 4 years",<num_years>
701,How many months ago did Max Aaron retire?,56,figure skating,747,"Max Aaron retired on April 19, 2018. To find the number of months since his retirement, first calculate the number of months from April 2018 to December 2022. 
From April 2018 to December 2018, there are 8 months (May to December). 
From 2019 to 2022, there are 4 years. Since there are 12 months in a year, there are 4 x 12 = 48 months in 4 years.
So the total number of months from April 2018 to December 2022 is 8 + 48 = 56 months.
Final Answer: 56 months",<num_months>
702,"What is the time difference in years between the first and last launch at site 200/40, rounded to the nearest year?",14,launchpad,629,"The first launch at site 200/40 was on 23 July 1977, and the last launch was on 31 March 1991. To find the time difference, subtract the start year from the end year: 1991-1977=14.
Final Answer: 14",<num_years>
703,"What year did the most recent owner of 20th Century Studios, Inc. acquire the company?",2019,company,592,"The most recent owner of 20th Century Studios, Inc. is The Walt Disney Company. According to the table, The Walt Disney Company acquired 20th Century Studios, Inc. in 2019.
Final Answer: 2019",yyyy
704,"What is the time span of Sri Lanka's World Test Championship appearances, in years?",2,national cricket team,1191,"The time span of Sri Lanka's World Test Championship appearances can be calculated by finding the difference between the end year and the start year of their appearances. The first appearance was in 2019-2021, and there is no information about a second appearance after 2021. However, since the question asks for the time span of appearances and there have been 2 appearances, we can infer that the second appearance started after 2021. Assuming that the World Test Championship is held every 2 years, the second appearance would be from 2021-2023 or 2022-2024 (since 2022 is mentioned as the year of the last test), but the exact years are not provided in the table. However, we can calculate the time span of the first appearance which is 2 years (2021-2019). Since we do not have the exact years for the second appearance and the question asks for the time span of appearances, we will assume that the time span is from the start of the first appearance to the end of the last test match, which is from 2019 to 2022, but the question specifically asks about the World Test Championship appearances.
The first World Test Championship appearance was from 2019-2021,",<num_years>
705,What year did the Space Shuttle program's first flight occur?,1977,space program,1062,"The first flight of the Space Shuttle program, ALT-12, occurred on August 12, 1977. 
Final Answer: 1977",yyyy
706,What year did the Unified Soviet Armed Forces begin to be divided?,1992,event,1056,"The Unified Soviet Armed Forces were divided circa 1992-1993. This means the division began in 1992.
Final Answer: 1992",yyyy
707,How many years longer was the time between the withdrawal of the B-24 Skua from the front line and its withdrawal from other duties than the time between its first flight and introduction?,3,aircraft,226,"The B-24 Skua was withdrawn from the front line in 1941 and from other duties in 1945. The difference between these two years is 1945-1941=4 years.
The B-24 Skua first flew in 1937 and was introduced in 1938. The difference between these two years is 1938-1937=1 year.
To find how many years longer the time between the withdrawal of the B-24 Skua from the front line and its withdrawal from other duties was than the time between its first flight and introduction, subtract the time between its first flight and introduction from the time between the withdrawal of the B-24 Skua from the front line and its withdrawal from other duties: 4-1=3 years.
Final Answer: 3 years",<num_years>
708,"How many years longer was Theo Bot in office as Ambassador of the Netherlands to Canada than as Minister of Education, Arts and Sciences?",3,person,915,"To determine how many years longer Theo Bot was in office as Ambassador of the Netherlands to Canada than as Minister of Education, Arts and Sciences, we need to calculate the duration of each term.

As Ambassador of the Netherlands to Canada, Theo Bot was in office from 17 January 1968 to 1 July 1973, which is approximately 5 years and 5.5 months.

As Minister of Education, Arts and Sciences, Theo Bot was in office from 24 July 1963 to 14 April 1965, which is approximately 1 year and 8.5 months.

To find the difference, subtract the duration of the term as Minister of Education, Arts and Sciences from the duration of the term as Ambassador of the Netherlands to Canada: 5 years - 1 year = 4 years. The months are approximately 5.5 months - 8.5 months = -3 months, which is less than a year, so it can be ignored for this calculation.

Final Answer: 4 years",<num_years>
709,How many years longer was Watanjar's third term as Minister of Internal Affairs than his first term?,1,office holder,913,"Watanjar's first term as Minister of Internal Affairs was from 8 July 1978 to 1979. Since the end date is not specified, we will assume it to be 31 December 1979 for calculation purposes. This term lasted approximately 1.5 years (from July 1978 to December 1979).

Watanjar's third term as Minister of Internal Affairs was from 15 November 1988 to 6 March 1990. This term lasted approximately 1.3 years (from November 1988 to March 1990).

However, to answer the question, we need to compare the length of his third term to his first term. Since his first term was approximately 1.5 years and his third term was approximately 1.3 years (or 1 year and 4 months, if not approximated), his first term was longer. But the question asks how many years longer his third term was than his first term. Since his third term was not longer, but rather shorter, we need to calculate the difference in the other direction and then provide the answer as a negative value or rephrase to reflect that his third term was not longer.

His first term was approximately 1.5 years, and his",<num_years>
710,How many years longer was Yamin in office as the 8th Minister of National Education than as the 6th Minister of Law?,1,office holder,861,"To find the number of years Yamin was in office as the 8th Minister of National Education and the 6th Minister of Law, calculate the time difference for each position. 

Yamin was the 8th Minister of National Education from 30 July 1953 to 12 August 1955, which is approximately 2 years. 

Yamin was the 6th Minister of Law from 27 April 1951 to 3 April 1952, which is approximately 1 year.

The difference between these two periods is 2 - 1 = 1 year.
Final Answer: 1 year",<num_years>
711,How many years longer was Zidane's senior career than his youth career?,9,footballer,40,"To determine the length of Zidane's senior and youth careers, we need to calculate the number of years for each. 

Zidane's youth career started in 1981 and ended in 1989, which is 1989-1981=8 years.

Zidane's senior career started in 1989 and ended in 2006, which is 2006-1989=17 years.

Now we can calculate the difference between the lengths of his senior and youth careers by subtracting the length of the youth career from the length of the senior career: 17-8=9 years.
Final Answer: 9 years",<num_years>
712,What year did the X-15 take its first flight?,1959,space program,1132,"The X-15's first flight occurred on 8 June 1959. 
Final Answer: 1959",yyyy
713,How many years longer were Italy and the Axis belligerents than Hungary?,2,military conflict,1012,"Italy was an Axis belligerent from 1940 to 1943, and then the Italian Social Republic was an Axis belligerent from 1943 to 1945, so in total, Italy was an Axis belligerent for 5 years. Hungary was an Axis belligerent from 1944 to 1945, so it was an Axis belligerent for 1 year. To find the difference, subtract the number of years Hungary was an Axis belligerent from the number of years Italy was: 5-1=4.
Final Answer: 4 years",<num_years>
714,"What year did Thomas Eakins paint ""The Gross Clinic""?",1875,painter,356,"The table lists ""The Gross Clinic"" as one of Thomas Eakins' notable works, and it specifies that it was created in 1875.
Final Answer: 1875",yyyy
715,How many years old is the Palace of Westminster?,1006,monument,726,"The Palace of Westminster was originally built in 1016. To find the age of the Palace, we need to subtract the year it was built from the current year. However, the table does not specify the current year. Given the ""Cutting Knowledge Date"" provided earlier (December 2022), we can use 2022 as the current year for calculation purposes.

2022 - 1016 = 1006

The Palace of Westminster is 1006 years old.
Final Answer: 1006 years old",<num_years>
716,How many years old was the constitution when the 2021 Myanmar protests aimed to abolish it?,13,current war,964,"The 2021 Myanmar protests aimed to abolish the 2008 Constitution. To find out how many years old the constitution was when the protests began in 2021, subtract the year the constitution was created from the year the protests began: 2021 - 2008 = 13.
Final Answer: 13",<num_years>
717,How many years old was the Victorian Regional Channels Authority when the Transport Integration Act 2010 was implemented?,6,agency,1143,"The Victorian Regional Channels Authority was formed on April 1, 2004. The Transport Integration Act 2010 was implemented in 2010. To find the age of the authority in 2010, subtract the formation year from the implementation year: 2010 - 2004 = 6.
Final Answer: 6",<num_years>
718,How many years passed before Heiko Kroeger won another medal after his 2000 Olympics gold?,12,sailor,677,"Heiko Kroeger won a gold medal at the 2000 Olympics. To find out how many years passed before he won another medal, we need to look for the next year he won a medal. According to the table, he won a gold medal at the 2001 Disabled and Open World Championships in Sailing. 
The difference between 2001 and 2000 is 1 year.
Final Answer: 1 year",<num_years>
719,How many years passed between China's first appearance in the Summer Olympics and its first in the Winter Olympics?,28,athelete,1024,"China's first appearance in the Summer Olympics was in 1952, and its first appearance in the Winter Olympics was in 1980. To find the number of years between these two appearances, subtract the year of the first Summer Olympics appearance from the year of the first Winter Olympics appearance: 1980 - 1952 = 28.
Final Answer: 28",<num_years>
720,How many years passed between Diegel's first PGA Championship win and his T16 finish at the Masters?,6,golf,68,"Diegel won the PGA Championship in 1928 and achieved a T16 finish at the Masters in 1934. To find the number of years between these events, subtract the earlier year from the later year: 1934 - 1928 = 6.
Final Answer: 6",<num_years>
721,How many years passed between Nicklaus's first U.S. Open win and his final Masters Tournament victory?,24,golf,66,"To determine the years between Nicklaus's first U.S. Open win and his final Masters Tournament victory, we first need to find the years of these events. Nicklaus's first U.S. Open win occurred in 1962, and his final Masters Tournament victory occurred in 1986. To get the number of years between these two years, subtract the start year from the end year: 1986-1962=24.
Final Answer: 24",<num_years>
722,How many years passed between the end of the Billie Mae Richards TV specials and the film in which Blitzen was Rudolph's father?,12,character,1095,"Billie Mae Richards voiced Rudolph in TV specials from 1964 to 2010. The film where Blitzen was Rudolph's father was released in 1998. To find the number of years between the end of the Billie Mae Richards TV specials (2010) and the film (1998), subtract the film year from the end year of the TV specials: 2010-1998=12.
Final Answer: 12",<num_years>
723,"How many years passed between the first and last release of ""3 a.m. Eternal""?",3,music,1071,"The first release of ""3 a.m. Eternal"" was in May 1989, and the last release mentioned was in January 1992. To find the number of years between these two dates, subtract the start year from the end year: 1992 - 1989 = 3.
Final Answer: 3",<num_years>
724,How many years passed between the first and revised issues of Heroes Unlimited?,3,game,1151,"The first edition of Heroes Unlimited was published in August 1984, and the revised edition was published in April 1987. To find the number of years between these two dates, subtract the year of the first edition from the year of the revised edition: 1987 - 1984 = 3.
Final Answer: 3 years",<num_years>
725,How many years passed between the first and second editions of Atlantis?,1,board game,1163,"The first edition of Atlantis was published in 1984 and the second edition was published in 1985. To find the number of years between these two dates, subtract the earlier year from the later year: 1985 - 1984 = 1.
Final Answer: 1",<num_years>
726,How many years passed between the first flight and the introduction of the JF-17 Thunder?,4,fighter,229,"To find the number of years between the first flight and the introduction of the JF-17 Thunder, we need to subtract the year of the first flight from the year of introduction. The first flight was on 25 August 2003, and the introduction was on 12 March 2007. 

2007 - 2003 = 4 years

So, 4 years passed between the first flight and the introduction of the JF-17 Thunder.
Final Answer: 4 years",<num_years>
727,How many years passed between the groundbreaking and the opening of the Carrier Dome?,2,stadium,621,"The groundbreaking for the Carrier Dome occurred on November 11, 1978. The Carrier Dome opened on September 20, 1980. To find the number of years that passed between the groundbreaking and the opening, subtract the year of the groundbreaking from the year of the opening: 1980 - 1978 = 2.
Final Answer: 2 years",<num_years>
728,How many years passed between the time INS Trishul was ordered and it was laid down?,2,navy vessel,1113,"To determine the number of years between the time INS Trishul was ordered and when it was laid down, we need to subtract the year it was ordered from the year it was laid down. INS Trishul was ordered on 17 November 1997 and laid down on 24 September 1999. 

1999 - 1997 = 2 years

So, 2 years passed between the time INS Trishul was ordered and when it was laid down.
Final Answer: 2",<num_years>
729,How many years passed from the time INS Trishul was ordered until its launch?,3,navy vessel,1113,"INS Trishul was ordered on 17 November 1997 and launched on 24 November 2000. To find the number of years between these two dates, subtract the order year from the launch year: 2000-1997=3.
Final Answer: 3 years",<num_years>
730,How many years prior to Agustin I's rule was the Plan of Iguala?,1,empire,433,"The Plan of Iguala occurred on 24 February 1821, and Agustín I's abdication occurred on 19 March 1823. Since Agustín I was the emperor, his rule began after the Plan of Iguala and ended with his abdication. The difference between the year of the abdication (1823) and the year of the Plan of Iguala (1821) is 2 years. 
Final Answer: 2 years",<num_years>
731,What year did Tony Stewart win his first NASCAR Cup Series race?,1999,racing,272,"To find the year Tony Stewart won his first NASCAR Cup Series race, we need to look at the information provided in the table. According to the table, Tony Stewart's first win in the NASCAR Cup Series was at the 1999 Exide NASCAR Select Batteries 400 (Richmond).
Final Answer: 1999",yyyy
732,How many years prior to Cumberbatch turning 45 was the picture taken?,2,actor,3,"The picture was taken in 2019. Cumberbatch was born on July 19, 1976. To find his age in 2019, subtract his birth year from the year the picture was taken: 2019 - 1976 = 43. Since Cumberbatch was 43 in 2019 and he turned 45 at a later time, the number of years prior to turning 45 the picture was taken is 45 - 43 = 2.
Final Answer: 2",<num_years>
733,What year did Tony Stewart win his last NASCAR Cup Series race?,2016,racing,272,"To find the year Tony Stewart won his last NASCAR Cup Series race, we need to look at the information provided in the table. The table states that his last win was at the 2016 Toyota/Save Mart 350 (Sonoma).
Final Answer: 2016",yyyy
734,How many years prior to the Games of the XXXI Olympiad was the related event to the Men's 4 × 200 metre freestyle relay?,4,athelete,963,"The related event to the Men's 4 × 200 metre freestyle relay at the Games of the XXXI Olympiad is the same event at the 2012 Games. The Games of the XXXI Olympiad took place in 2016. To find the number of years between 2012 and 2016, subtract the earlier year from the later year: 2016 - 2012 = 4.
Final Answer: 4",<num_years>
735,What is the total number of years that the Space Shuttle program lasted?,39,space program,1062,"To find the total number of years the Space Shuttle program lasted, we need to subtract the start year from the end year. The program started in 1972 and ended in 2011. 

2011 - 1972 = 39

The program lasted for 39 years.
Final Answer: 39",<num_years>
736,"What year was ""21st Century Breakdown"" released?",2009,song,1070,"The release date of ""21st Century Breakdown"" is given as December 21, 2009. This means the song was released in the year 2009.
Final Answer: 2009",yyyy
737,"What year was ""3 a.m. Eternal"" originally released?",1989,music,1071,"The song ""3 a.m. Eternal"" was released in different versions in different years. However, the original release is specified as the ""Pure Trance 2"" version, which was released in May 1989.
Final Answer: 1989",yyyy
738,How many years separate Arntzen's most recent gold medal from her earliest gold medal?,7,handball,493,"Arntzen's earliest gold medal was in 2014 at the European Championship in Croatia/Hungary. Her most recent gold medal was in 2021 at the World Championship in Spain, and also in 2020 at the European Championship in Denmark. To find the most recent gold medal, compare 2021 and 2020. Since 2021 is more recent than 2020, the most recent gold medal is in 2021. The difference between 2021 and 2014 is 2021-2014=7.
Final Answer: 7 years",<num_years>
739,"What year was ""8 Mile"" released?",2002,movie,1077,"The release date of ""8 Mile"" is November 8, 2002. This date includes the year.
Final Answer: 2002",yyyy
740,How many years separate Carolina Albuquerque's silver medals in the World Grand Prix and the World Championship?,7,volleyball,93,"Carolina Albuquerque won a silver medal in the World Grand Prix in 1999 and a silver medal in the World Championship in 2006, but she also won a silver medal in the World Grand Prix in 1999 and a silver medal in the Pan American Games in 2007. However, she won a silver medal in the World Grand Prix in 1999 and a silver medal in the World Championship in 2006. To find the difference in years between the two silver medals, subtract the year of the World Grand Prix silver medal (1999) from the year of the World Championship silver medal (2006) and then simplify: 2006-1999=7.
Final Answer: 7",<num_years>
741,What year was Abdul Jeelani's last year in college?,1976,ice hockey,561,"Abdul Jeelani attended Wisconsin-Parkside from 1972 to 1976. The last year he was in college would be 1976.
Final Answer: 1976",yyyy
742,What year was AC/DC formed?,1973,musician,468,"The table states that AC/DC's years of activity started in 1973 and continue to the present.
Final Answer: 1973",yyyy
743,How many years separate the time Sam Snead began playing professionally and his death?,68,golf,70,"Sam Snead turned professional in 1934 and died in 2002. To find the number of years between these two dates, subtract the start year from the end year: 2002 - 1934 = 68.
Final Answer: 68",<num_years>
744,How many years separate the two gold medals that Thiago Alves won in the World Grand Championships Cup?,4,volleyball,96,"Thiago Alves won gold medals in the World Grand Champions Cup in 2009 and 2013. To find the number of years between these two years, subtract the earlier year from the later year: 2013 - 2009 = 4.
Final Answer: 4",<num_years>
745,How many years separate Wang Xiaoli's gold medal at the London World Championship from her gold medal at the Asian Junior Championships?,5,badminton,174,"Wang Xiaoli won a gold medal at the London World Championship in 2011 and a gold medal at the Asian Junior Championships in 2006. To find the number of years between these two years, subtract the earlier year from the later year: 2011 - 2006 = 5.
Final Answer: 5 years",<num_years>
746,How many years separate Yuqi's silver medal at the World Championship from his silver at the Asian Junior Championships?,6,badminton,166,"Shi Yuqi received a silver medal at the World Championships in 2018 and at the Asian Junior Championships in 2012. To find the difference between these two years, subtract the earlier year from the later year: 2018-2012=6.
Final Answer: 6 years",<num_years>
747,How many years separated the formation of V/Line Corporation as a State Transport Authority from it becoming a statutory authority?,20,agency,1141,"V/Line Corporation was formed as a State Transport Authority brand on 1 July 1983 and became a statutory corporation on 1 October 2003. To find the number of years between these dates, subtract the year of formation from the year of becoming a statutory corporation: 2003 - 1983 = 20.
Final Answer: 20 years",<num_years>
748,How many years separated the X-15's first flight from its retirement?,9,space program,1132,"To find the number of years between the X-15's first flight and its retirement, we need to subtract the year of the first flight from the year of retirement. The first flight occurred in 1959 and the retirement occurred in 1968. 
1968 - 1959 = 9
So, there are 9 years between the X-15's first flight and its retirement.
Final Answer: 9",<num_years>
749,How many years was Aslam Watanjar Minister of Defense?,2,office holder,913,"Aslam Watanjar served as Minister of Defence twice: 
1. From April to July 28, 1979 (approximately 4 months)
2. From March 6, 1990, to April 1992 (approximately 2 years)

To calculate the total number of years, convert the months to years and add them to the years: 4 months is approximately 0.33 years (4/12). Then add 0.33 years and 2 years: 0.33 + 2 = 2.33 years.
Final Answer: 2.33 years",<num_years>
750,How many years was Belus Smawley's career active since 1946?,6,basketball,566,"Belus Smawley's playing career was from 1946 to 1952. To find the number of years his career was active since 1946, subtract the start year from the end year: 1952 - 1946 = 6.
Final Answer: 6",<num_years>
751,How many months ago did Melissa L. Coates die?,18,body builder,806,"Melissa L. Coates died on June 23, 2021. The current year is 2022, and the current month is December. To find out how many months ago she died, first calculate the number of months from June 2021 to December 2021, which is 6 months. Then, add 12 months for the year 2022 up to December, which gives 6 + 12 = 18 months.
Final Answer: 18 months",<num_months>
752,How many years was Bill Hewitt in an active career?,6,basketball,568,"To determine the number of years Bill Hewitt was in an active career, we need to look at the ""Playing career"" information in the table. It is listed as 1968-1974. To find the number of years, subtract the start year from the end year and then add 1 (since both the start and end years are included): 1974 - 1968 + 1 = 7.
Final Answer: 7",<num_years>
753,What is the year gap between Hungary's latest Winter Olympics and Summer Olympics appearances?,2,athelete,1026,"Hungary's latest Winter Olympics appearance was in 2022, and the latest Summer Olympics appearance was in 2020. To find the year gap, subtract the earlier year from the later year: 2022 - 2020 = 2.
Final Answer: 2",<num_years>
754,How many years was Cheltenham Spa station open before its first closure?,9,railway,465,"Cheltenham Spa station was first opened on 30 March 1908, and it was first closed on 1 January 1917. To find the number of years the station was open before its first closure, subtract the year it opened from the year it closed: 1917 - 1908 = 9.
Final Answer: 9 years",<num_years>
755,How many years was Cheltenham Spa station operational after reopening in 1919?,47,railway,465,"Cheltenham Spa station was reopened on 7 July 1919 and closed on 3 January 1966. To find the number of years the station was operational after reopening, subtract the reopening year from the closing year: 1966 - 1919 = 47.
Final Answer: 47 years",<num_years>
756,How many years was Chuck Howley a 5× First-team All-Pro?,5,rugby,74,"To determine the number of years Chuck Howley was a 5× First-team All-Pro, we need to look at the years he received this award. According to the table, he was a 5× First-team All-Pro from 1966 to 1970. 

To find the number of years, subtract the start year from the end year and add 1: 1970 - 1966 + 1 = 5.
Final Answer: 5 years",<num_years>
757,How many years was Derrick Summers's playing career?,8,nfl,551,"To find the number of years Derrick Summers played, we need to look at the start and end years of his career. He was undrafted in 2010, but his first recorded team was in 2011. His last recorded team was in 2019. To get the total years, subtract the start year from the end year and add 1 (since we are including both the start and end years): 2019 - 2011 + 1 = 9.
Final Answer: 9 years",<num_years>
758,How many years was Hulk Hogan active as a wrestler?,35,wrestling,339,"Hulk Hogan was active as a wrestler from 1977 to 2012. To find the number of years, subtract the start year from the end year: 2012 - 1977 = 35.
Final Answer: 35 years",<num_years>
759,How many years was Joan Crawford active?,50,actor,8,"To determine how many years Joan Crawford was active, subtract the start year from the end year of her active years: 1974 - 1924 = 50.
Final Answer: 50",<num_years>
760,How many years was Joan Crawford's career active?,50,actor,8,"To find out how many years Joan Crawford's career was active, we need to subtract the start year from the end year. Crawford's career started in 1924 and ended in 1974. 
1974 - 1924 = 50
Final Answer: 50 years",<num_years>
761,What month and year was Heroes Unlimited first available?,August 1984,game,1151,"The table states that Heroes Unlimited was first published in August 1984. 
Final Answer: August 1984",%B %Y
762,How many years was Marja-Liisa Kirvesniemi married to Harri Kirvesniemi?,27,skier,804,"Marja-Liisa Kirvesniemi was married to Harri Kirvesniemi from 1984 to 2011. To find the number of years she was married, subtract the start year from the end year: 2011 - 1984 = 27.
Final Answer: 27 years",<num_years>
763,How many years was Mohammad-Ali Foroughi a member of the Parliament of Iran?,12,office holder,928,"Mohammad-Ali Foroughi was a member of the Parliament of Iran from November 19, 1909, to August 3, 1921. To calculate the number of years, subtract the start year from the end year: 1921 - 1909 = 12.
Final Answer: 12 years",<num_years>
764,How many years was Murilo Bustamante active in his MMA career?,21,martial artist,849,"To find out how many years Murilo Bustamante was active in his MMA career, we need to subtract the starting year from the ending year. Murilo Bustamante was active from 1991 to 2012. 

2012 - 1991 = 21

So, Murilo Bustamante was active in his MMA career for 21 years.
Final Answer: 21",<num_years>
765,How many years was Murilo Bustamante active in MMA?,21,martial artist,849,"To determine how many years Murilo Bustamante was active in MMA, we need to subtract the starting year from the ending year. Bustamante was active from 1991 to 2012. 
2012 - 1991 = 21
Final Answer: 21 years",<num_years>
766,How many years was Paul Gauguin married to Mette-Sophie Gad?,21,painter,349,"To find out how many years Paul Gauguin was married to Mette-Sophie Gad, we need to look at the years they were married and separated. Gauguin married Mette-Sophie Gad in 1873 and separated from her in 1894. To find the number of years, subtract the year of marriage from the year of separation: 1894 - 1873 = 21.
Final Answer: 21 years",<num_years>
767,How many years was Rolling Stone on tour between 2012 and 2016?,4,concert,1035,"The Rolling Stones had three tours between 2012 and 2016: 
1. The 50 & Counting tour, which took place from 2012 to 2013 (2 years).
2. The 14 On Fire tour, which took place in 2014 (1 year).
3. The Zip Code tour, which took place in 2015 (1 year).

To find the total number of years The Rolling Stones were on tour, add the years of each tour: 2 + 1 + 1 = 4.
Final Answer: 4",<num_years>
768,How many years was Steve Jobs active in his career?,35,person,353,"To determine the number of years Steve Jobs was active in his career, we need to subtract the starting year of his career from the ending year. According to the table, Steve Jobs was active from 1976 to 2011. 

2011 (ending year) - 1976 (starting year) = 35 years

Final Answer: 35 years",<num_years>
769,How many years was Steve Jobs in a relationship with his partner Chrisann Brennan?,5,person,353,"To determine how many years Steve Jobs was in a relationship with Chrisann Brennan, we need to look at the start and end years of their relationship. The relationship started in 1972 and ended in 1977. To find the number of years, subtract the start year from the end year: 1977 - 1972 = 5.
Final Answer: 5 years",<num_years>
770,How many years was the Coordination Center for Ethnic Germans operational from 1937?,8,agency,1139,"The Coordination Center for Ethnic Germans was formed around 1937 and dissolved on May 8, 1945. To find out how many years it was operational, subtract the start year from the end year: 1945 - 1937 = 8.
Final Answer: 8",<num_years>
771,How many years was the Probe game active?,18,board game,1188,"The Probe game was active from 1964 to 1982. To find the number of years the game was active, subtract the start year from the end year: 1982 - 1964 = 18.
Final Answer: 18",<num_years>
772,How many years was the stadium called Tractor Stadium?,14,stadium,627,"The stadium was called Tractor Stadium from 1926 to 1940. To find the number of years, subtract the start year from the end year: 1940 - 1926 = 14.
Final Answer: 14",<num_years>
773,How many years was the X-15 in service before it was retired?,54,space program,1132,"The X-15 was introduced on 17 September 1959 and retired in December 1968. To find out how many years it was in service, subtract the introduction year from the retirement year: 1968 - 1959 = 9.
Final Answer: 9 years",<num_years>
774,How many years was Theo Bot in the Reserve before going to active duty?,4,person,915,"Theo Bot served in the Reserve from 1936 to 1940, which is 4 years. He then went to active duty in 1940.
Final Answer: 4 years",<num_years>
775,How many years was there between the start of Uzi Vogelman's term as Deputy President and the end of his jurist term?,2,court,257,"Uzi Vogelman's term as Deputy President started on 9 May 2022 and his jurist term ends on 6 October 2024. To find the number of years between these two dates, first find the number of years between 2022 and 2024, which is 2 years. Then, consider the months: May to October is 5 months, but since 2022 to 2024 is 2 years, the months from May to December of 2022 (7 months) and from January to October of 2024 (10 months - 3 months, because October is the 10th month but we only count up to October, which is the 10th month) need to be considered. However, since we only need the years, we can simply subtract the start year from the end year and consider if the start month is before the end month in the same year. 
Since the start month (May) is before the end month (October), and the years are 2022 and 2024, the calculation of years between the dates is simply the difference between the years, which is 2 years.
Final Answer: 2 years",<num_years>
776,How many years was Yale University known as Collegiate School?,17,university,611,"Yale University was known as Collegiate School from 1701 to 1718. To find out how many years this is, subtract the start year from the end year: 1718 - 1701 = 17.
Final Answer: 17 years",<num_years>
777,How many years were B-24 Skuas on the front line?,3,aircraft,226,"To find out how many years the B-24 Skuas were on the front line, we need to subtract the year they were introduced from the year they were withdrawn from the front line. The B-24 Skuas were introduced in November 1938 and withdrawn from the front line in 1941.
1941 - 1938 = 3 years
Final Answer: 3 years",<num_years>
778,How many years were between Boltasseva's awards as Fellow of the Materials Research Society and Fellow of The Optical Society?,6,scientist,315,"Boltasseva was awarded Fellow of the Materials Research Society in 2021 and Fellow of The Optical Society in 2015. To find the number of years between these awards, subtract the year of the earlier award from the year of the later award: 2021 - 2015 = 6.
Final Answer: 6",<num_years>
779,How many years were between Carl Stockdale and Julian Rhind-Tutt playing Monks?,85,character,1104,"Carl Stockdale played Monks in the 1922 film, and Julian Rhind-Tutt played Monks in the 2007 miniseries. To find the number of years between these two, subtract the earlier year from the later year: 2007 - 1922 = 85.
Final Answer: 85",<num_years>
780,How many years were between Charlton Heston portraying and voicing the character?,44,character,1101,"Charlton Heston portrayed Judah Ben-Hur in 1959 and voiced the character in 2003. To find the number of years between these two years, subtract the earlier year from the later year: 2003 - 1959 = 44.
Final Answer: 44",<num_years>
781,How many years were between Glock's best finish in his DTM career and his first best finish in his Champ Car career?,13,car driver,523,"Timo Glock's best finish in his DTM career was 5th, which occurred in 2018 and 2020. His best finish in his Champ Car career was 8th, which occurred in 2005. To find the number of years between these two finishes, subtract the year of the Champ Car finish from the year of the DTM finish. Since the DTM finish occurred in both 2018 and 2020, we will use the earlier year (2018) for this calculation: 2018-2005=13.
Final Answer: 13",<num_years>
782,How many years were between Mišić's ordination and consecration?,30,christian leader,824,"To find the number of years between Mišić's ordination and consecration, we first need to identify the correct dates of these events. Mišić was ordained on 7 July 1882. However, there seems to be a discrepancy in the date of his episcopal consecration, with one section stating it occurred on 18 June 1912, and another on 18 June 1892. Given the context and the progression of his career, the 1892 date appears to be an error, as it would not align with his appointment as a bishop in 1912. Thus, we should consider the consecration date as 18 June 1912 for the calculation.

The difference between 1882 and 1912 is 30 years.
Final Answer: 30 years",<num_years>
783,How many years were between Pettersen's first gold medal and her last?,4,skier,781,"To determine the years between Pettersen's first gold medal and her last, first find the year of her first gold medal and the year of her last gold medal. Pettersen won gold medals in the following years: 1980, 1982, and 1984. Her first gold medal was in 1980 and her last gold medal was in 1984. To find the years between these two years, subtract the first year from the last year: 1984-1980=4.
Final Answer: 4 years",<num_years>
784,How many years were between the establishment of the first ceasefire and the eruption of a wider conflict?,5,current war,990,"The first ceasefire was established in September 2011, and a wider conflict erupted in 2016. To find the number of years between these two events, subtract the year of the ceasefire from the year of the wider conflict: 2016 - 2011 = 5.
Final Answer: 5",<num_years>
785,How many years were between the first edition of Atlantis and the 30th anniversary edition?,35,board game,1163,"The first edition of Atlantis was published in 1984, and the 30th Anniversary Edition was published in 2019. To find the number of years between these two editions, subtract the publication year of the first edition from the publication year of the 30th Anniversary Edition: 2019 - 1984 = 35.
Final Answer: 35",<num_years>
786,What year was Arrow identified as part of Rudolph the Red-Nosed Reindeer's family?,1998,character,1095,"According to the table, Arrow is identified as Rudolph's cousin in the 1998 film. Therefore, the year Arrow was identified as part of Rudolph's family is 1998.
Final Answer: 1998",yyyy
787,How many years were between the time Antiga first played professionally and when he began coaching?,20,volleyball,588,"Stéphane Antiga first played professionally in 1994 and began coaching in 2014. To find the number of years between these two dates, subtract the start year from the coaching year: 2014-1994=20.
Final Answer: 20",<num_years>
788,How many years were Joan Crawford and Alfred Steele married?,4,actor,8,"Joan Crawford and Alfred Steele were married in 1955, and Alfred Steele died in 1959. To find out how many years they were married, subtract the year they were married from the year Alfred Steele died: 1959 - 1955 = 4.
Final Answer: 4 years",<num_years>
789,What year was Atlantis first published?,1984,board game,1163,"According to the table, Atlantis was first published in 1984, which is the year of the 1st edition.
Final Answer: 1984",yyyy
790,How many years were Steven Paul Jobs and Chrisann Brennan partners?,5,person,353,"Steve Jobs and Chrisann Brennan were partners from 1972 to 1977. To find the number of years they were partners, subtract the start year from the end year: 1977-1972=5.
Final Answer: 5 years",<num_years>
791,How many years were there between Bev Francis's pro debut in 1983 and her best win?,4,body builder,778,"Bev Francis's pro debut was in 1983 and her best win was in 1987. To find the number of years between these two events, subtract the debut year from the best win year: 1987 - 1983 = 4.
Final Answer: 4 years",<num_years>
792,What was Art Wilson's last year playing in Major League Baseball?,1921,baseball,400,"Art Wilson's last MLB appearance was on June 12, 1921, for the Cleveland Indians. 
Final Answer: 1921",yyyy
793,How many years were there between Carolijn Brouwer competing for the Netherlands and Belgium?,6,sailor,668,"The table does not provide specific years for when Carolijn Brouwer competed for the Netherlands and Belgium. However, it does mention that she won a gold medal in 1991 representing the Netherlands and does not provide a specific year for competing for Belgium. It also mentions that her World Championships information was updated on 27 April 2015, but does not specify when she started competing for Belgium.
However, if we consider the year she won the silver medal (2007) as a year she was competing for the Netherlands and the update year (2015) as a possible year she was competing for Belgium, we could estimate the time difference between competing for the two countries. 
2007 is the last year mentioned for competing for the Netherlands, and if she started competing for Belgium after that, the earliest year would be 2008. 
2015 - 2007 = 8 years, and 2015 - 2008 = 7 years.
Since the exact year she started competing for Belgium is unknown, the difference in years cannot be determined precisely.
Final Answer: Cannot be determined precisely",<num_years>
794,How many years were there between independence from Russia and independence from the USSR?,73,country,438,"To find the number of years between independence from Russia and independence from the USSR, we need to subtract the year of independence from Russia from the year of independence from the USSR. 

Independence from Russia occurred on 25 March 1918, and independence from the USSR occurred on 25 August 1991.

1991 - 1918 = 73 years.

Final Answer: 73 years",<num_years>
795,How many years were there between Jager's gold medals at the Los Angeles Olympics and his gold medals at the Edmonton Pan Am Games?,7,swimming,118,"Tom Jager won gold medals at the 1984 Los Angeles Olympics and the 1995 Mar del Plata Pan American Games, but there was no Pan American Games in Edmonton where Jager won a gold medal. However, Jager did participate in the 1983 Summer Universiade in Edmonton and the 1991 Pan Pacific Games in Edmonton. Jager won gold medals at the 1984 Los Angeles Olympics and the 1995 Mar del Plata Pan American Games. 
To find the number of years between these two events, subtract the year of the earlier event from the year of the later event: 1995-1984=11.
Final Answer: 11",<num_years>
796,How many years were there between Nicki Minaj's relationships with Safaree Samuels and Meek Mill?,1,musician,347,"Nicki Minaj was in a relationship with Safaree Samuels from 2000 to 2014, and with Meek Mill from 2015 to 2017. To find the gap between these relationships, find the end year of the first relationship and the start year of the second relationship. The end year of the first relationship is 2014, and the start year of the second relationship is 2015. The difference between these years is 2015 - 2014 = 1.
Final Answer: 1 year",<num_years>
797,How many years were there between Owen joining Real Madrid and leaving Manchester United?,8,footballer,479,"Michael Owen joined Real Madrid in 2004 and left Manchester United in 2012. To find the number of years between these two events, subtract the year he joined Real Madrid from the year he left Manchester United: 2012 - 2004 = 8.
Final Answer: 8",<num_years>
798,How many years were there between the end of the last monarch's reign and the establishment of Denmark-Norway?,14,empire,430,"The last monarch, Christian II, reigned until 1523. Denmark-Norway was established in 1537. To find the number of years between these two dates, subtract the end of the monarch's reign from the establishment of Denmark-Norway: 1537 - 1523 = 14.
Final Answer: 14",<num_years>
799,How many years were there between the first flight of the X-15 and when it was retired?,9,space program,1132,"The first flight of the X-15 occurred on 8 June 1959, and the X-15 was retired in December 1968. To find the number of years between these two dates, subtract the start year from the end year: 1968-1959=9.
Final Answer: 9 years",<num_years>
800,How old was Aaron when he first began skating?,4,figure skating,747,"Max Aaron was born on February 25, 1992, and began skating in 1996. To find out how old he was when he started skating, subtract the birth year from the year he started skating: 1996 - 1992 = 4. 
Final Answer: 4",<num_years>
801,How old was Adolf von Baeyer when he got married?,33,nobel,369,"To determine how old Adolf von Baeyer was when he got married, we need to know his birth year and the year he got married. Baeyer was born in 1835 and got married in 1868. To find the age, subtract the birth year from the marriage year: 1868 - 1835 = 33.
Final Answer: 33",<num_years>
802,How old was Adolf von Baeyer when he won the Nobel Prize for Chemistry?,70,nobel,369,"To find out how old Adolf von Baeyer was when he won the Nobel Prize for Chemistry, we need to know the year he won the prize and his birth year. Baeyer won the Nobel Prize in 1905 and was born in 1835. To calculate his age, subtract his birth year from the year he won the prize: 1905 - 1835 = 70.
Final Answer: 70",<num_years>
803,How old was Albert A. Michelson when he first got married?,25,nobel,370,"Albert A. Michelson was born on December 19, 1852, and he got married for the first time in 1877. To find his age at the time of his marriage, subtract his birth year from the year he got married: 1877 - 1852 = 25.
Final Answer: 25",<num_years>
804,How old was Alessandro Riguccini when he began his career in 1999?,11,martial artist,840,"Alessandro Riguccini was born on 25 March 1988. He began his career in 1999. To find his age in 1999, subtract his birth year from 1999: 1999 - 1988 = 11.
Final Answer: 11",<num_years>
805,How old was Alexandra Boltasseva when she won her first award?,30,scientist,315,"Alexandra Boltasseva's first award was the Young Elite-Researcher Award from the Danish Councils for Independent Research, which she won in 2008. She was born on January 11, 1978. To find her age in 2008, subtract her birth year from the award year: 2008 - 1978 = 30. Since her birthday is in January and the award year is 2008, she would have been 30 years old for most of 2008.
Final Answer: 30",<num_years>
806,How old was Alicia Coutts when she won her first gold medal at the Pan Pacific Championships in 2014?,27,swimming,665,"Alicia Coutts was born on September 14, 1987. She won her first gold medal at the Pan Pacific Championships in 2014. To find her age in 2014, subtract her birth year from 2014: 2014 - 1987 = 27. 
Final Answer: 27",<num_years>
807,On what date was Arnold Schwarzenegger born?,"July 30, 1947",body builder,866,"According to the table, Arnold Schwarzenegger was born on July 30, 1947.
Final Answer: July 30, 1947","%B %d, %Y"
808,How old was Alicia Coutts when she won her gold medal in the 2012 Olympics?,25,swimming,665,"Alicia Coutts was born on 14 September 1987. She won her gold medal in the 2012 Olympics, which took place in London. To find her age at that time, subtract her birth year from the year of the Olympics: 2012 - 1987 = 25. 
Final Answer: 25",<num_years>
809,How old was Alimuddin Zumla when he won the 1999 Weber-Parkes Trust Medal?,44,scientist,364,"Alimuddin Zumla was born on May 15, 1955. He won the 1999 Weber-Parkes Trust Medal in 1999. To find his age in 1999, subtract his birth year from 1999: 1999-1955=44.
Final Answer: 44",<num_years>
810,How old was Alimuddin Zumla when he won the 2021 EU-EDCTP Pascoal Mocumbi Prize?,66,scientist,364,"Alimuddin Zumla was born on May 15, 1955. He won the 2021 EU-EDCTP Pascoal Mocumbi Prize in the year 2021. To find his age in 2021, subtract his birth year from the year he won the prize: 2021 - 1955 = 66. Since the prize was won in 2021, and his birthday is on May 15, we must consider if his birthday had occurred yet in 2021 when he won the prize. The problem does not specify the exact date of the prize, but since his birthday is in May, and the year is 2021, he would have been 65 years old when the year started and would be 66 years old after his birthday in May.
Final Answer: 66",<num_years>
811,How old was Alojzije Mišić when he became the Bishop of Mostar-Duvno and Apostolic Administrator of Trebinje-Mrkan?,53,christian leader,824,"Alojzije Mišić was appointed as the Bishop of Mostar-Duvno on 29 April 1912 and installed on 14 July 1912. He was born on 10 November 1859. To find his age when he was installed, first find the difference in years between 1912 and 1859: 1912-1859=53. Then consider the months: November (his birth month) comes before July (his installation month), so he was 52 years old when installed.
Final Answer: 52",<num_years>
812,How old was Alojzije Mišić when he was consecrated?,52,christian leader,824,"To determine how old Alojzije Mišić was when he was consecrated, we need to know his birth year and the year of consecration. According to the table, he was born on November 10, 1859, and consecrated on June 18, 1912, but also on June 18, 1892, in the ""Ordination history"" section, however the date June 18, 1912 is mentioned in the section above it. For the purpose of this calculation we will use June 18, 1912. 

The difference between 1912 and 1859 is 53 years. Since his birthday is November 10 and the consecration date is June 18, he had not yet had his birthday in 1912 when he was consecrated. 

Therefore, at the time of consecration, Alojzije Mišić was 52 years old.
Final Answer: 52",<num_years>
813,What year was Catch-22 first printed?,1961,book,702,"The publication date of Catch-22 is listed as November 10, 1961.
Final Answer: 1961",yyyy
814,What year was Chuck Howley drafted into the NFL?,1958,rugby,74,"The table states that Chuck Howley was drafted into the NFL in 1958, specifically in Round 1, Pick 7.
Final Answer: 1958",yyyy
815,How old was Alphonse Gallegos when he became Auxiliary Bishop of Sacramento?,50,christian leader,829,"Alphonse Gallegos was appointed as the Auxiliary Bishop of Sacramento on 24 August 1981. He was born on 20 February 1931. To find his age at the time of appointment, subtract his birth year from the appointment year: 1981-1931=50. Since his birthday is in February and his appointment is in August, he would have already had his birthday that year, so he was 50 years old.
Final Answer: 50",<num_years>
816,How old was Alphonse Gallegos when he was appointed Auxiliary Bishop of Sacramento in 1981?,50,christian leader,829,"Alphonse Gallegos was born on February 20, 1931, and was appointed Auxiliary Bishop of Sacramento on August 24, 1981. To find his age at the time of appointment, subtract his birth year from the appointment year: 1981 - 1931 = 50. Since his birthday is February 20 and his appointment is August 24, he would have already had his 50th birthday, so he was 50 years old.
Final Answer: 50",<num_years>
817,How old was Alphonse Gallegos when he was ordained?,27,christian leader,829,"Alphonse Gallegos was born on 20 February 1931 and was ordained on 24 May 1958. To find his age at ordination, subtract the birth year from the ordination year: 1958 - 1931 = 27. Since his birthday is in February and his ordination is in May, he would have already had his birthday that year, so he was 27 years old.
Final Answer: 27",<num_years>
818,How old was Ambrose Rayappan when he became Archbishop Emeritus of Pondicherry and Cuddalore?,52,christian leader,817,"To find out how old Ambrose Rayappan was when he became Archbishop Emeritus of Pondicherry and Cuddalore, we first need to determine the year he became Archbishop Emeritus. The term as Archbishop ended on 17 March 1973. It is likely he became Archbishop Emeritus the same year, 1973. 

Ambrose Rayappan was born on 25 February 1901. To find his age in 1973, subtract his birth year from 1973 and then consider the month and day of his birth. 

1973 - 1901 = 72 years

Since his birthday (February 25) is before the date he became Archbishop Emeritus (March 17), he was 72 years old.
Final Answer: 72 years old",<num_years>
819,How old was Ambrose Rayappan when he was ordained?,22,christian leader,817,"Ambrose Rayappan was born on 25 February 1901 and was ordained on 16 December 1923. To find out how old he was when he was ordained, we need to calculate the difference between these two dates. 
1923 - 1901 = 22 years. Since his birthday is in February and his ordination is in December, he would have had his 22nd birthday earlier in the year, so he was 22 years old when ordained.
Final Answer: 22 years old",<num_years>
820,How old was Antiga when he first played for Paris Volley?,22,volleyball,588,"Antiga was born on 3 February 1976. He played for Paris Volley from 1998-2003. To find his age when he first played for Paris Volley, subtract his birth year from the year he started playing for Paris Volley: 1998-1976=22. 
Final Answer: 22",<num_years>
821,How old was Arnold Schwarzenegger when he got married?,39,body builder,866,"Arnold Schwarzenegger was born on July 30, 1947. He got married in 1986. To find his age at the time of marriage, subtract his birth year from the year he got married: 1986 - 1947 = 39.
Final Answer: 39",<num_years>
822,How old was Arntzen when she began playing for CSM București?,27,handball,493,"Arntzen began playing for CSM București in 2021. She was born on January 1, 1994. To find her age in 2021, subtract her birth year from 2021: 2021 - 1994 = 27. 
Final Answer: 27",<num_years>
823,How old was Arntzen when she began to play for her first senior club?,16,handball,493,"Emilie Hegh Arntzen was born on January 1, 1994. She began playing for her first senior club, Gjerpen IF, in 2010. To find her age at that time, subtract her birth year from the year she started playing for the club: 2010 - 1994 = 16. 
Final Answer: 16",<num_years>
824,How old was Art Carney when he first got divorced?,47,actor,2,"Art Carney was first divorced in 1965, from Jean Myers. To find his age at that time, we need to subtract his birth year from the year of divorce: 1965 - 1918 = 47.
Final Answer: 47",<num_years>
825,How old was Art Wilson when he made his MLB debut in 1908?,23,baseball,400,"Art Wilson was born on December 11, 1885. He made his MLB debut on September 29, 1908. To find his age at the time of his debut, subtract his birth year from the debut year: 1908 - 1885 = 23. Since his birthday is in December and his debut was in September, he was still 22 years old at the time of his debut.
Final Answer: 22 years old",<num_years>
826,How old was Aruna Quadri when he reached number 10?,33,tabletennis,710,"Aruna Quadri was born on August 9, 1988, and reached the ranking of 10 in May 2022. To find his age in May 2022, subtract his birth year from 2022: 2022 - 1988 = 34. Since his birthday is in August, in May 2022, he would not have had his birthday yet, so he was 33 years old.
Final Answer: 33",<num_years>
827,How old was Aruna Quadri when he won the silver medal in the 2018 Gold Coast Commonwealth Games?,30,tabletennis,710,"Aruna Quadri was born on 9 August 1988. The 2018 Gold Coast Commonwealth Games took place in 2018. To find his age in 2018, subtract his birth year from the year of the games: 2018 - 1988 = 30.
Final Answer: 30",<num_years>
828,How old was Aslam Watanjar when he stopped serving in the Afghanistan Army?,46,office holder,913,"Aslam Watanjar stopped serving in the Afghanistan Army in 1992. He was born in 1946. To find out how old he was, subtract his birth year from the year he stopped serving: 1992 - 1946 = 46.
Final Answer: 46",<num_years>
829,How many months was Theo Bot Ambassador to Austria?,37,person,915,"The table does not specify the exact dates of Theo Bot's tenure as Ambassador to Austria. It only lists ""Ambassador of the Netherlands to Austria"" without providing any additional information about the duration of his tenure.
Final Answer: Unknown",<num_months>
830,How old was Aslam Watanjar when he took office as the Minister of Defence?,44,office holder,913,"Aslam Watanjar was born in 1946. He took office as the Minister of Defence on two occasions: 
1. April - 28 July 1979
2. 6 March 1990 - April 1992

For the first occasion, he took office in April 1979. The age can be calculated as 1979 - 1946 = 33 years.
For the second occasion, he took office on 6 March 1990. The age can be calculated as 1990 - 1946 = 44 years.

Since the question asks for the age when he took office, we have two possible answers: 33 years old and 44 years old.
Final Answer: 33 and 44",<num_years>
831,How old was Atkinson when she won her first gold medal?,15,swimming,669,"Atkinson won her first gold medal at the 2011 Isle of Wight Island Games. She was born on 29 November 1996. The 2011 Isle of Wight Island Games occurred when Atkinson was 14 years old.
Final Answer: 14",<num_years>
832,How old was Aude Billard when she was nominated as a Member of SATW?,45,scientist,321,"Aude Billard was born in 1971. She was nominated as a Member of SATW in 2016. To find her age at the time of nomination, subtract her birth year from the year of nomination: 2016 - 1971 = 45.
Final Answer: 45",<num_years>
833,How old was Aude Gemma Billard when she was nominated as a Member of SATW?,45,scientist,321,"Aude Gemma Billard was born in 1971. She was nominated as a Member of SATW in 2016. To find out her age at the time of nomination, subtract the birth year from the nomination year: 2016 - 1971 = 45.
Final Answer: 45",<num_years>
834,How old was B. J. Neufeld when he received his last medal?,36,curling,281,"B. J. Neufeld's last medal was in 2021. He was born on February 28, 1986. To find his age in 2021, subtract his birth year from 2021: 2021 - 1986 = 35. Since his birthday is on February 28, and the event took place in Saskatoon (Canadian Olympic Curling Trials) or Calgary (Tim Hortons Brier), which are both likely to be after February, he would have already had his birthday in 2021. 
Final Answer: 35",<num_years>
835,How many days after the 2014 Ludian earthquake were 617 people reported dead?,5,earthquake,1042,"The 2014 Ludian earthquake occurred on August 3, 2014. 617 people were reported dead as of August 8, 2014. To find out how many days after the earthquake this report was made, subtract the day of the earthquake from the day of the report: August 8 - August 3 = 5 days.
Final Answer: 5 days",<num_days>
836,How old was Babe Young when he began his MLB career?,21,baseball,401,"Babe Young was born on July 1, 1915, and began his MLB career on September 26, 1936. To find his age at the start of his career, subtract his birth year from the year he started his career: 1936 - 1915 = 21. Then, consider the months: July (his birth month) comes before September (the month he started his career), so he was 21 years old.
Final Answer: 21",<num_years>
837,How old was Babe Young when he made his MLB debut?,21,baseball,401,"Babe Young made his MLB debut on September 26, 1936. He was born on July 1, 1915. To find his age at the time of his debut, subtract his birth year from the debut year: 1936 - 1915 = 21. Then, consider the months: July (birth month) comes before September (debut month), so he was 21 years old at the time of his debut.
Final Answer: 21",<num_years>
838,How old was Bayinnaung when he began his reign as Suzerain of Siam?,48,emperor,119,"Bayinnaung began his reign as Suzerain of Siam on 18 February 1564. He was born on 16 January 1516. To find Bayinnaung's age at the start of his reign as Suzerain of Siam, subtract the birth year from the start year of the reign: 1564 - 1516 = 48. Since his birthday is January 16 and the start of his reign is February 18, Bayinnaung was 48 years old when he began his reign as Suzerain of Siam.
Final Answer: 48",<num_years>
839,What year was Confessions of a Dangerous Mind released?,2019,album,948,"The release date of Confessions of a Dangerous Mind is given as May 10, 2019. 
Final Answer: 2019",yyyy
840,What was Murilo Bustamante's age when he attended the Brazilian National Championship for the first time?,30,martial artist,849,"The table doesn't explicitly state when Murilo Bustamante first attended the Brazilian National Championship. However, it does provide the years he won medals at the championship: 1996, 1998, and 1999. The earliest year listed is 1996. 

Murilo Bustamante was born on July 30, 1966. To find his age in 1996, subtract his birth year from 1996: 1996 - 1966 = 30.

Since Bustamante's birthday is July 30, in 1996, he would have been 29 years old when the year started and 30 years old after July 30. Without knowing the exact date of the championship, it's impossible to determine his exact age at the time. However, it can be said that he was either 29 or 30 years old.
Final Answer: 29 or 30",<num_years>
841,How old was Belus Smawley when he attended Appalachian State in 1939?,21,basketball,566,"To determine how old Belus Smawley was in 1939, we need to subtract his birth year from 1939. Smawley was born on March 18, 1918. 
1939 - 1918 = 21
Since Smawley's birthday is in March, he would have been 20 years old at the beginning of 1939 and turned 21 later that year.
Final Answer: 21",<num_years>
842,How old was Benedict Cumberbatch when he began acting?,22,actor,3,"Benedict Cumberbatch was born on July 19, 1976, and began acting in 1998. To find his age when he started acting, subtract his birth year from the year he started acting: 1998 - 1976 = 22.
Final Answer: 22",<num_years>
843,How old was Benedict Cumberbatch when he started acting?,22,actor,3,"Benedict Cumberbatch was born on July 19, 1976, and he started acting in 1998. To find out how old he was when he started acting, subtract his birth year from the year he started acting: 1998 - 1976 = 22.
Final Answer: 22",<num_years>
844,How many months ago were Vancouver City Council members elected in 2018?,50,legislature,935,"The current year is 2022, and the month is December. The Vancouver City Council members were elected on October 20, 2018. To find out how many months ago they were elected, first calculate the number of years: 2022 - 2018 = 4 years. Since there are 12 months in a year, multiply the years by 12: 4 * 12 = 48 months. Then, calculate the months from October to December: December is the 12th month, and October is the 10th month, so 12 - 10 = 2 months. Now subtract these 2 months from the total: 48 + 2 = 50,  but since we are looking for how many months ago the election occurred and not how many total months have passed, and we've added the 2 months instead of subtracting them,  we simply get 48 + (12-10) = 50 months ago.
Final Answer: 50",<num_months>
845,How many months ago was the most recent Vancouver City Council election?,2,legislature,935,"The current year is 2022, and the month is December. The most recent Vancouver City Council election took place on October 20, 2018. To find the number of months, first calculate the number of years: 2022 - 2018 = 4 years. Then, calculate the number of months in 4 years: 4 years * 12 months/year = 48 months. Since the election took place in October and the current month is December, subtract the months that have passed since October: December is 2 months after October. So, the total number of months is 48 months + 2 months = 50 months, but since we are counting from October to December in the same year, it should actually be the months from the election in October 2018 to December 2022: 48 months (from October 2018 to October 2022, which is 4 years) and then the 2 months from October 2022 to December 2022, making it a total of 50 months.
Final Answer: 50 months",<num_months>
846,How old was Benny McCoy when he made his MLB debut?,23,baseball,405,"Benny McCoy made his MLB debut on September 14, 1938, and was born on November 9, 1915. To find his age at the time of his debut, subtract his birth year from the debut year: 1938 - 1915 = 23. Since his birthday (November 9) is after the debut date (September 14), he was still 22 years old at the time of his debut.
Final Answer: 22",<num_years>
847,How old was Bev Francis when she made her pro debut in 1983?,28,body builder,778,"Bev Francis was born on February 15, 1955. Her pro debut was in 1983. To find her age in 1983, subtract her birth year from the year of her pro debut: 1983 - 1955 = 28. 
Final Answer: 28",<num_years>
848,How old was Bev Francis when she turned pro?,28,body builder,778,"Bev Francis was born on February 15, 1955, and she made her pro-debut in 1983. To find out how old she was when she turned pro, subtract her birth year from the year she turned pro: 1983 - 1955 = 28. 
Final Answer: 28",<num_years>
849,How many months ago was the Vermont General Assembly general election of 2020?,25,legislature,936,"The current year is 2022, and the month is December. To determine how many months ago the Vermont General Assembly general election of 2020 occurred, first calculate the number of months between December 2022 and December 2020, which is 24 months. Then, calculate the number of months between the election date (November 2020) and December 2020, which is 1 month. Subtract this from the total to find the number of months between the election date and the current date: 24 - 1 = 23 months, but since the current month is December and the election was in November, it would be 23 + 1 = 24 - 1 (for the month after November) + 1 (for being in the next month after the election) -1 (to account for the initial subtraction of 1) = 24 -1 +1 = 24 months -1 month = 23 months, but the election occurred 1 month before the end of the year, so add 1, for a total of 24 months -1 month = 23 months +1 month = 24 months, but since we are calculating from the month after the election, subtract 1, which is 24",<num_months>
850,How old was Bill Hosket when he received the NBA champion award in 1970?,24,basketball,569,"Bill Hosket was born on December 20, 1946. He received the NBA champion award in 1970. To find his age, subtract his birth year from the year he received the award: 1970 - 1946 = 24. Since his birthday is in December, he would have been 23 years old for most of 1970, but would turn 24 by the end of the year.
Final Answer: 23",<num_years>
851,How old was Blaze Riorden when he won the America East Defensive Player of the Year in 2016?,2,lacrosse,642,"Blaze Riorden was born on February 13, 1994, and won the America East Defensive Player of the Year award in 2016. To find his age in 2016, subtract his birth year from the award year: 2016 - 1994 = 22. Since the award was given out in the same year, we must consider if the award was given before or after his birthday. However, we can calculate his age at the time of his birthday in 2016. On February 13, 2016, he would have been 22 years old. 
Final Answer: 22",<num_years>
852,What was Shabalin's age when he won his sole Olympic medal?,28,figure skating,748,"Shabalin won his sole Olympic medal, a bronze medal, at the 2010 Winter Olympics. He was born on January 25, 1982. The 2010 Winter Olympics took place in Vancouver. To determine his age at the time, subtract his birth year from the year of the Olympics: 2010 - 1982 = 28. Since the Olympics took place before his birthday in 2010, he was 27 years old when he won the medal.
Final Answer: 27",<num_years>
853,What year was Eli Manning drafted into the NFL?,2004,rugby,75,"Eli Manning was drafted into the NFL in 2004, specifically in the first round as the first overall pick.
Final Answer: 2004",yyyy
854,"How many months before ""Price to Play"" was ""How About You"" released?",8,album,942,"To determine how many months before ""Price to Play"" was ""How About You"" released, first find the release dates of the two songs. ""Price to Play"" was released on April 1, 2003, and ""How About You"" was released on December 23, 2003. 

Since ""How About You"" was released after ""Price to Play"", it is not before ""Price to Play"". To answer the question, we must find the difference in months between the two dates. 

From April 1 to December 23 is 8 months and 22 days (or approximately 9 months, if not exact), but since ""How About You"" was released after ""Price to Play"", the question's condition is not met.

However, if we interpret ""before"" as the difference between the dates (in either direction), we get 8-9 months.

But if we interpret ""before"" literally, as ""How About You"" being released prior to ""Price to Play"", the answer would be that ""How About You"" was not released before ""Price to Play"".

Final Answer: ""How About You"" was not released before ""Price to Play"".",<num_months>
855,How old was Boltasseva when she won Young Elite-Researcher Award from the Danish Councils for Independent Research?,30,scientist,315,"Alexandra Boltasseva was born on January 11, 1978, and she won the Young Elite-Researcher Award in 2008. To find her age in 2008, subtract her birth year from the award year: 2008 - 1978 = 30. Since her birthday is in January, she would have been 30 years old for most of 2008.
Final Answer: 30",<num_years>
856,How old was Brandon Miller when he won the NLL All-Star award in 2007?,28,lacrosse,644,"Brandon Miller was born on May 4, 1979. He won the NLL All-Star award in 2007. To find out how old he was, subtract his birth year from the year he won the award: 2007-1979=28. However, since his birthday is in May, we must consider if the award was given before or after his birthday in 2007. Assuming the award was given after May 2007, he would have been 28 years old. If it was given before May 2007, he would have been 27 years old. 
Final Answer: 28",<num_years>
857,How old was Braxton when she won a silver medal in Rio de Janeiro?,21,ice hockey,577,"Janice Lawrence Braxton was born on June 7, 1962. She won the silver medal in Rio de Janeiro in 1983. To find her age at the time, subtract her birth year from the year she won the medal: 1983 - 1962 = 21.
Final Answer: 21",<num_years>
858,How old was Carolijn Brouwer when she first competed in the ISAF World Youth Championships?,18,sailor,668,"Carolijn Brouwer was born on 25 July 1973. She first competed in the ISAF World Youth Championships in 1991. To find her age at that time, subtract her birth year from the competition year: 1991 - 1973 = 18. 
Final Answer: 18",<num_years>
859,What was the date of the last flight of the Space Shuttle program?,"July 21, 2011",space program,1062,"The last flight of the Space Shuttle program is listed as STS-135, which occurred on July 21, 2011.
Final Answer: July 21, 2011","%B %d, %Y"
860,What year was FATE most recently published?,2013,game,1175,"The table shows the publication history of FATE, with different editions published in various years. To find the most recent publication year, we need to look for the latest year listed. The years listed are 2003 (1.0 and 2.0), 2006 (3.0/Spirit of the Century), and 2013 (4.0). The latest year among these is 2013.
Final Answer: 2013",yyyy
861,How many months after the release of the first single did the album Confessions of a Dangerous Mind release?,4,album,948,"The first single, ""Keanu Reeves"", was released on January 18, 2019. The album Confessions of a Dangerous Mind was released on May 10, 2019. To find the number of months between these two dates, calculate the difference: January to May is 4 months.
Final Answer: 4",<num_months>
862,How old was Carolijn Brouwer when she won her first gold medal at the ISAF World Youth Championships in 1991?,18,sailor,668,"Carolijn Brouwer was born on July 25, 1973, and she won her gold medal at the ISAF World Youth Championships in 1991. To find her age in 1991, subtract her birth year from 1991: 1991-1973=18.
Final Answer: 18",<num_years>
863,What was the difference in days between planned and elapsed time of the Vikram Lander mission duration?,14,space probe,457,"The planned mission duration for the Vikram lander was ≤ 14 days. The elapsed time was 0 days due to a landing failure. To find the difference, subtract the elapsed time from the planned time. Since the planned time is given as a maximum (≤ 14 days), we can consider the planned time as 14 days for this calculation.
Difference = Planned time - Elapsed time
Difference = 14 days - 0 days
Difference = 14 days
Final Answer: 14 days",<num_days>
864,How old was Carolijn Brouwer when she won her last gold medal in the World Championships?,25,sailor,668,"The table does not mention Carolijn Brouwer winning a gold medal in the World Championships. It mentions her winning a gold medal in the ISAF World Youth Championships in 1991, and a silver medal in the World Championships in 2007. 
Since she did not win a gold medal in the World Championships, we cannot determine her age at the time of winning.
Final Answer: There is no information to answer the question.",<num_years>
865,How old was Charlotte Atkinson when she won the gold medal in the European Championships?,22,swimming,669,"Charlotte Atkinson won the gold medal in the European Championships in 2018. She was born on November 29, 1996. To determine her age in 2018, subtract her birth year from the year she won the gold medal: 2018 - 1996 = 22.
Final Answer: 22",<num_years>
866,How old was Chuck Howley when his NFL career began?,22,rugby,74,"Chuck Howley was born on June 28, 1936. His NFL career began in 1958. To find out how old he was when his career began, subtract the birth year from the start year: 1958 - 1936 = 22.
Final Answer: 22",<num_years>
867,How many months after the start of the protests was the death toll 47 police officers and 7 soldiers?,3,current war,964,"The protests started on 2 February 2021. The death toll of 47 police officers and 7 soldiers was reported as of 23 May 2021. To find out how many months this is, first calculate the number of months from February to May, which is 3 months.
Final Answer: 3 months",<num_months>
868,How old was Claire Leroy when she won gold at the 2007 World Championships?,27,sailor,671,"Claire Leroy was born on 9 March 1980. She won gold at the 2007 World Championships. To find her age at that time, subtract her birth year from the year she won the gold: 2007-1980=27. Since the World Championships took place at some point in 2007, and her birthday is on March 9, she would have been 26 or 27 years old when she won. Because the exact date of the World Championships in 2007 is not provided, it is not possible to determine her exact age at the time of the event. However, it can be determined that she was either 26 or 27.
Final Answer: 27",<num_years>
869,How many months ago could the earliest detainees of the Myanmar Spring Revolution have been detained?,16,current war,964,"The current year is 2022, and the question asks how many months ago the earliest detainees of the Myanmar Spring Revolution could have been detained. The protests started on 2 February 2021. To calculate how many months ago this was, first calculate the number of months from February 2021 to December 2022: 
From February 2021 to December 2021 is 10 months, and from January 2022 to December 2022 is 12 months. In total, that is 10 + 12 = 22 months.
Final Answer: 22 months",<num_months>
870,How old was Claire Leroy when she won her first gold medal at the 2007 World Championships?,27,sailor,671,"Claire Leroy was born on 9 March 1980. She won her first gold medal in 2007. To find her age, subtract her birth year from the year she won the medal: 2007 - 1980 = 27. Since the medal was won after her birthday (March 9), she was 27 years old when she won it.
Final Answer: 27",<num_years>
871,"How many months after the start of the 2021 Myanmar protests did the death toll reach 2,091?",3,current war,964,"The table does not mention when the death toll reached 2,091. However, it does mention that as of 23 May 2021, the death toll was 2,037 protesters. Since the protests started on 2 February 2021, the time elapsed until 23 May 2021 is approximately 3 months and 21 days, or roughly 4 months if rounded to the nearest month, but the death toll at that time was 2,037, not 2,091.
Final Answer: The information is not available in the table.",<num_months>
872,How old was Claire Leroy when she won her first World Championships medal?,27,sailor,671,"Claire Leroy was born on 9 March 1980. Her first World Championships medal was a Bronze medal in 2004. To find her age in 2004, subtract her birth year from the year she won the medal: 2004 - 1980 = 24. 
Final Answer: 24",<num_years>
873,How many months after the war started was the Croatian Army formed?,2,military conflict,966,"The 1991 Yugoslav campaign in Croatia started on 20 September 1991. The Croatian Army was formed in November 1991. To find out how many months after the war started the Croatian Army was formed, calculate the difference between the two dates: November - September = 2 months.
Final Answer: 2 months",<num_months>
874,How old was Cody Ware when he competed in the NASCAR PEAK Mexico Series?,19,racing,265,"Cody Ware was born on November 7, 1995, and competed in the NASCAR PEAK Mexico Series in 2014. To find Cody Ware's age in 2014, subtract his birth year from the year he competed: 2014 - 1995 = 19. 
Final Answer: 19",<num_years>
875,How many days after the formation of the Belarusian People's Republic did Belarus gain independence from Russia?,17,country,438,"The Belarusian People's Republic was formed on 9 March 1918, and Belarus gained independence from Russia on 25 March 1918. To find the number of days between these two dates, subtract the earlier date from the later date. 
March has 31 days. 
25 March - 9 March = 16 days.
Final Answer: 16 days",<num_days>
876,What year was Jeffrey Epstein apprehended?,2019,person,340,"The table mentions that Jeffrey Epstein was apprehended on July 6, 2019, which is the date of his second criminal case apprehension. 
Final Answer: 2019",yyyy
877,How old was Cody Ware when he debuted in the NASCAR Cup Series?,22,racing,265,"Cody Ware was born on November 7, 1995. He debuted in the NASCAR Cup Series in 2017. To find his age at the time of his debut, subtract his birth year from the debut year: 2017 - 1995 = 22. 
Final Answer: 22",<num_years>
878,How old was Cody Ware when he first raced in the NASCAR PEAK Mexico Series in 2014?,19,racing,265,"Cody Ware was born on November 7, 1995. He first raced in the NASCAR PEAK Mexico Series in 2014. To find his age in 2014, subtract his birth year from the year he first raced: 2014 - 1995 = 19.
Final Answer: 19",<num_years>
879,How old was Cumberbatch when his career began?,22,actor,3,"Benedict Cumberbatch's career began in 1998, and he was born in 1976. To find out how old he was when his career began, subtract his birth year from the year his career started: 1998 - 1976 = 22.
Final Answer: 22",<num_years>
880,How old was Daria Timoshenko when she began skating?,5,figure skating,735,"Daria Timoshenko was born on August 1, 1980, and she began skating in 1985. To find her age when she began skating, subtract her birth year from the year she started skating: 1985 - 1980 = 5.
Final Answer: 5",<num_years>
881,How old was Dario Franchitti when he won the BRDC Gold Star in 2009?,36,car driver,516,"Dario Franchitti was born on May 19, 1973, and won the BRDC Gold Star in 2009. To find his age in 2009, subtract his birth year from 2009: 2009 - 1973 = 36. 
Final Answer: 36",<num_years>
882,How old was Davy Jones when he made his first Daytona 500 appearance?,31,racing,517,"Davy Jones made his first Daytona 500 appearance in 1995. He was born on June 1, 1964. To calculate his age at the time of the Daytona 500, subtract his birth year from the year of the event: 1995-1964=31. Since the Daytona 500 typically takes place in February, and his birthday is in June, he would have been 30 years old at the time of the event.
Final Answer: 30",<num_years>
883,How old was Dawn McEwen when she won the gold at the 2014 Sochi Olympics?,34,curling,288,"Dawn McEwen was born on July 3, 1980. The 2014 Sochi Olympics took place in 2014. To find her age at the time, subtract her birth year from the year of the Olympics: 2014 - 1980 = 34.
Final Answer: 34",<num_years>
884,How old was Dennis Erickson when he won the Big Sky Championship in 1985?,38,nfl,540,"Dennis Erickson was born on March 24, 1947, and won the Big Sky Championship in 1985. To find his age in 1985, subtract his birth year from 1985: 1985-1947=38.
Final Answer: 38 years old",<num_years>
885,How old was Derick Brooks when he was drafted?,22,nfl,547,"Derrick Brooks was born on April 18, 1973, and was drafted in 1995. To find his age at the time of the draft, subtract his birth year from the draft year: 1995 - 1973 = 22. Since the draft likely occurred before his birthday in 1995, he was 21 years old when drafted.
Final Answer: 21",<num_years>
886,How old was Derrell Palmer when he entered the NFL draft?,21,nfl,546,"Derrell Palmer was born on August 27, 1922, and entered the NFL draft in 1943. To find Palmer's age at the time of the draft, subtract the birth year from the draft year: 1943 - 1922 = 21.
Final Answer: 21",<num_years>
887,How old was Derrell Palmer when he was inducted into the TCU Hall of Fame in 1978?,56,nfl,546,"Derrell Palmer was born on August 27, 1922. He was inducted into the TCU Hall of Fame in 1978. To find Palmer's age at the time of induction, subtract his birth year from the induction year: 1978 - 1922 = 56.
Final Answer: 56",<num_years>
888,How old was Derrick Brooks when he won NFL Defensive Player of the Year in 2002?,29,nfl,547,"Derrick Brooks was born on April 18, 1973, and he won the NFL Defensive Player of the Year award in 2002. To find his age in 2002, subtract his birth year from the year he won the award: 2002 - 1973 = 29. Since he was born in April and the award is given at the end of the year, he was 29 years old when he won the award.
Final Answer: 29",<num_years>
889,How old was Derrick Summers when he played for the Jacksonville Sharks in 2011?,23,nfl,551,"Derrick Summers was born on June 19, 1988. He played for the Jacksonville Sharks in 2011. To find his age in 2011, subtract his birth year from 2011: 2011-1988=23. Since his birthday is June 19, he would have been 22 years old for most of 2011, and turned 23 in June.
Final Answer: 23",<num_years>
890,How old was Draško Nenadić when he started playing for the national team?,22,handball,492,"Draško Nenadić started playing for the national team in 2012. He was born on 15 February 1990. To find out how old he was, subtract his birth year from the year he started playing for the national team: 2012 - 1990 = 22. Since his birthday is in February, he would have been 21 years old when the year started and turned 22 later that year.
Final Answer: 22",<num_years>
891,How old was Dwayne Johnson when he began his wrestling career?,24,wrestling,7,"Dwayne Johnson was born on May 2, 1972, and began his wrestling career in 1996. To find his age at the start of his wrestling career, subtract his birth year from the year he started wrestling: 1996 - 1972 = 24.
Final Answer: 24",<num_years>
892,How old was Dwayne Johnson when he made his acting debut?,27,wrestling,7,"Dwayne Johnson made his acting debut in 1999. Dwayne Johnson was born on May 2, 1972. To find his age in 1999, subtract his birth year from 1999: 1999-1972=27.
Final Answer: 27",<num_years>
893,How old was Emma Kathryn Miskew when she made her first Hearts appearance?,22,curling,291,"Emma Miskew was born on February 14, 1989. Her first Hearts appearance was in 2011. To find her age at that time, subtract her birth year from the year of her first Hearts appearance: 2011 - 1989 = 22. Since her birthday is in February, she would have been 21 years old for most of 2011, but turned 22 in February 2011. 
Final Answer: 22",<num_years>
894,How old was Emma Miskew when she appeared in the 2018 Olympic Games?,29,curling,291,"Emma Miskew was born on February 14, 1989. The 2018 Olympic Games took place in the year 2018. To find Emma's age in 2018, subtract her birth year from the year of the Olympic Games: 2018 - 1989 = 29. Since the Olympic Games took place before her birthday in 2018, she was 28 years old during the games.
Final Answer: 28",<num_years>
895,How old was Emmitt Smith when he began playing for the Dallas Cowboys?,21,rugby,558,"Emmitt Smith was born on May 15, 1969, and began playing for the Dallas Cowboys in 1990. To find his age at the start of his career with the Cowboys, subtract his birth year from the year he started playing: 1990 - 1969 = 21. Since he was born in May and the NFL season typically starts in September, he was 21 years old when he started playing.
Final Answer: 21",<num_years>
896,How old was Emmitt Smith when he graduated from college?,20,rugby,558,"Emmitt Smith was born on May 15, 1969, and attended the University of Florida from 1987 to 1989. To find his age at graduation, we need to determine the year he graduated, which is 1989. 
Smith's age at the end of 1989 would be 20 years old.
Final Answer: 20",<num_years>
897,How old was Emmitt Smith when he last played in the Pro Bowl?,30,rugby,558,"Emmitt Smith's last Pro Bowl appearance was in 1999. He was born on May 15, 1969. To find his age in 1999, subtract his birth year from 1999: 1999 - 1969 = 30. Since his birthday is in May, he would have been 29 years old for most of 1999 and turned 30 in May.
Final Answer: 30",<num_years>
898,How old was Emmitt Smith when he received the NFL Most Valuable Player Award in 1993?,24,rugby,558,"Emmitt Smith was born on May 15, 1969. He received the NFL Most Valuable Player Award in 1993. To find his age in 1993, subtract his birth year from 1993: 1993 - 1969 = 24. Since his birthday is May 15, he would have been 23 years old when the award was given at the end of the 1992 season but before his birthday in 1993, and 24 years old after his birthday in 1993.
Final Answer: 24",<num_years>
899,What year was Jeffrey Epstein first convicted of sex trafficking?,2008,person,340,"The table does not explicitly state that Jeffrey Epstein was convicted of sex trafficking. However, it does mention that one of his criminal charges was ""sex trafficking"" and that in 2008, he received a penalty of ""13 months with work release"" for the charge ""Procuring an underage girl for prostitution"". Although the table does mention a second criminal case in 2019, it does not provide information about the outcome of that case. 
Given the information provided, the year Jeffrey Epstein was penalized for a crime related to sex trafficking is 2008.
Final Answer: 2008",yyyy
900,What year was Judah Ben-Hur last portrayed?,2016,character,1101,"The last appearance of Judah Ben-Hur was in the 2016 film, and he was portrayed by Jack Huston in that film. 
Final Answer: 2016",yyyy
901,What year was Marina Alabau's most recent appearance in the European Championships?,2012,sailor,688,"According to the table, Marina Alabau's appearances in the European Championships were in the following years: 2007, 2008, 2009, 2010, and 2012. The most recent year listed is 2012.
Final Answer: 2012",yyyy
902,How old was Epstein when he was apprehended?,66,person,340,"Epstein was born on January 20, 1953, and apprehended on July 6, 2019. To find his age at the time of apprehension, subtract his birth year from the year of apprehension: 2019 - 1953 = 66. Since his birthday (January 20) is before the date of apprehension (July 6), he was already 66 years old at the time of apprehension.
Final Answer: 66",<num_years>
903,What was the duration of the 2020 Aegean Sea earthquake in seconds?,16,earthquake,1047,"The duration of the 2020 Aegean Sea earthquake is given in the table as 16 seconds.
Final Answer: 16 seconds",<num_seconds>
904,How old was Glock during his last entry in the Formula One World Championship?,30,car driver,523,"Timo Glock's last entry in the Formula One World Championship was at the 2012 Brazilian Grand Prix. Glock was born on March 18, 1982. The 2012 Brazilian Grand Prix took place in 2012. To find Glock's age in 2012, subtract his birth year from 2012: 2012-1982=30. 
Final Answer: 30",<num_years>
905,How old was Gordon during his first race in the ARCA Menards Series?,21,car driver,518,"Robby Gordon's first race in the ARCA Menards Series was in 1990 at the Atlanta Journal ARCA 500k. Gordon was born on January 2, 1969. To find his age in 1990, subtract his birth year from the year of the race: 1990 - 1969 = 21.
Final Answer: 21",<num_years>
906,How long in months did the 12th Annual Honda Civic Tour last?,2,concert,1034,"The 12th Annual Honda Civic Tour started on August 1, 2013, and ended on October 6, 2013. To find out how long it lasted in months, we need to calculate the difference between these two dates. 

August to September is 1 month, and September to October is another month, but since the tour ended on October 6, which is only 6 days into October, we can consider it as roughly 2 months (August and September) plus a fraction of a month (the first 6 days of October). However, for simplicity, since the tour did not last the full month of October, we often round such periods to the nearest whole month or calculate the exact duration in days and then convert it to months.

The tour lasted from August 1 to October 6, which is approximately 2 months and 6 days. Since a month is roughly 30 days, 6 days is one-fifth of a month (6 days / 30 days per month = 0.2 months). Therefore, the total duration in months is approximately 2 months + 0.2 months = 2.2 months.

However, the question seems to be asking for a simpler, possibly rounded answer. Given",<num_months>
907,What date did the 12th Annual Honda Civic Tour start?,"August 1, 2013",concert,1034,"The start date of the 12th Annual Honda Civic Tour is August 1, 2013.
Final Answer: August 1, 2013","%B %d, %Y"
908,What date did the 12th Annual Honda Civic Tour end?,"October 6, 2013",concert,1034,"The 12th Annual Honda Civic Tour ended on October 6, 2013.
Final Answer: October 6, 2013","%B %d, %Y"
909,How old was Gorshkova when she won a gold medal?,22,figure skating,743,"Gorshkova won a gold medal at the 2011 Winter Universiade in Erzurum. She was born on 18 February 1989. To find her age in 2011, subtract her birth year from the year she won the medal: 2011 - 1989 = 22. 
Final Answer: 22",<num_years>
910,How old was Hasanefendić when he managed his first team?,31,handball,503,"Sead Hasanefendić was born on 1 August 1948. He managed his first team, Yugoslavia, in 1979. To find out how old he was, subtract his birth year from the year he managed his first team: 1979 - 1948 = 31.
Final Answer: 31",<num_years>
911,How many days after the groundbreaking on 11 July 1939 was the construction of All Hallows Twickenham completed?,487,church,719,"The groundbreaking for All Hallows Twickenham was on 11 July 1939, and it was consecrated on 9 November 1940. To find the number of days between these two dates, first find the number of days between 11 July 1939 and 31 December 1939. There are 31 days in July, so 31 - 11 = 20 days in July. There are also 31 days in August, 30 days in September, 31 days in October, 30 days in November, and 31 days in December. 20 + 31 + 30 + 31 + 30 + 31 = 173 days from 11 July 1939 to 31 December 1939. Then, from 1 January 1940 to 9 November 1940, there are 31 days in January, 29 days in February, 31 days in March, 30 days in April, 31 days in May, 30 days in June, 31 days in July, 31 days in August, 30 days in September, and 9 days in November. 31 + 29 + 31 + 30 + 31 + 30 + 31 + ",<num_days>
912,What year was Monks first released?,1922,character,1104,"The table does not explicitly state the year Monks was first released. However, it mentions that Monks was portrayed by Carl Stockdale in the 1922 film. This implies that the character of Monks was first depicted in a film in 1922, but it does not necessarily mean that the character was created in 1922. Since the table does not provide information on when the character was first introduced in a book or other medium, we can only conclude that the first film portrayal of Monks was in 1922.
Final Answer: 1922",yyyy
913,How old was he when he got married?,33,nobel,369,"Adolf von Baeyer was born on October 31, 1835, and he got married in 1868. To find his age at the time of marriage, subtract his birth year from the year he got married: 1868 - 1835 = 33.
Final Answer: 33",<num_years>
914,How many months did 14 On Fire last?,9,concert,1035,"To determine the duration of the 14 On Fire tour in months, we first need to calculate the total duration in days or by finding the difference between the start and end dates. 

The start date is 21 February 2014, and the end date is 22 November 2014. 

February to November is 9 months (since February is the 2nd month and November is the 11th month), but we also need to account for the days within those months. 

The tour started on the 21st of February and ended on the 22nd of November. 

Since the start date is the 21st, we can consider the tour starting almost at the end of February. The tour ended on the 22nd of November, which is nearly at the end of November.

Given this information, we can approximate the duration to be roughly 9 months (from February to November), but since the tour started late in February and ended early in November (in terms of the month's progression), it's reasonable to consider it lasted approximately 9 months, considering the tour did indeed span the full months of March through October.

However, for a precise calculation:
- February has approximately 9 days of the tour (from the 21st",<num_months>
915,How old was he when he won the Nobel Prize?,55,nobel,370,"Albert A. Michelson was born on December 19, 1852, and won the Nobel Prize in Physics in 1907. To find his age when he won the Nobel Prize, subtract his birth year from the year he won the Nobel Prize: 1907 - 1852 = 55. Since his birthday is in December and the Nobel Prize is awarded earlier in the year, he was 54 years old when he won the Nobel Prize.
Final Answer: 54",<num_years>
916,"How many days after the London premiere on October 8, 1941, did the movie ""49th Parallel"" premiere in the USA (New York)?",148,movie,1078,"To calculate the number of days between the London premiere and the New York City premiere, first find the number of days in October and November after the 8th, then add the days in the subsequent months until the premiere date. 

The London premiere was on October 8, 1941. October has 31 days, so there were 31 - 8 = 23 days left in October. November has 30 days. 

So, from October 8 to November 30, there were 23 + 30 = 53 days. 

Then, December has 31 days, January has 31 days, and February has 28 days (since 1942 is not a leap year). 

So, from December 1 to February 28 (not including February 29, since it's not a leap year, but also not including March 1 and after), there were 31 + 31 + 28 = 90 days. 

Adding these days to the previous days, there were 53 + 90 = 143 days from October 8 to February 28. 

March 5 is the 5th day of the month after February 28, which had the last day of the previous count, so add 5",<num_days>
917,How old was he when he won the Nobel?,70,nobel,369,"Adolf von Baeyer was born on October 31, 1835, and won the Nobel Prize for Chemistry in 1905. To find his age at the time of winning the Nobel Prize, subtract his birth year from the year he won the Nobel Prize: 1905 - 1835 = 70. Since he won the Nobel Prize in the same year, his age would be the difference in years.
Final Answer: 70",<num_years>
918,"What was the longest span between championships in Cricket ODI for Australia, in years?",12,cricket team,1164,"To find the longest span between championships, we first need to identify the years when Australia won the championships. According to the table, Australia was the champion in 1987, 1999, 2003, 2007, and 2015.

The longest span can be found by looking at the differences between these years:
- 1999 - 1987 = 12 years
- 2003 - 1999 = 4 years
- 2007 - 2003 = 4 years
- 2015 - 2007 = 8 years

The longest span between championships is 12 years, which occurred between 1987 and 1999.
Final Answer: 12 years",<num_years>
919,How many days before his death was Jeffrey Edward Epstein apprehended?,35,person,340,"Jeffrey Epstein was apprehended on July 6, 2019, and died on August 10, 2019. To find out the number of days between these two dates, first calculate the number of days in July after his apprehension: 31 (total days in July) - 6 (day of apprehension) = 25 days. Then, add the number of days in August before his death: 10 (day of death). The total number of days is 25 + 10 = 35 days.
Final Answer: 35 days",<num_days>
920,How many days before the 1960 Agadir earthquake were the first foreshocks?,6,earthquake,1036,"The 1960 Agadir earthquake occurred on February 29, 1960. The first foreshock occurred on February 23, 1960. To find out how many days before the earthquake the first foreshock occurred, subtract the date of the foreshock from the date of the earthquake: February 29 - February 23 = 6 days.
Final Answer: 6 days",<num_days>
921,How many months did people experience the effects of the 1960 Agadir earthquake?,3,earthquake,1036,"The 1960 Agadir earthquake had foreshocks on 23 February and aftershocks on 22 March and 17 April, and the main earthquake occurred on 29 February. To determine how many months people experienced the effects of the earthquake, we need to calculate the time period between the earliest foreshock and the latest aftershock. 

The earliest foreshock occurred on 23 February, and the latest aftershock occurred on 17 April. February to April is 2 months, but since the foreshock occurred on the 23rd of February and the aftershock occurred on the 17th of April, it is almost 2 months (23 Feb to 29 Feb is a week, March is a month, and 1-17 April is about half a month), but since the question asks for the number of months, we round up to the nearest whole number of months that people experienced the effects of the earthquake. However, the question asks how many months people experienced the effects, not how many whole months. The effects started on the 23rd of February, and the last aftershock was on the 17th of April, so people experienced the effects of the earthquake for approximately 2 months (from the",<num_months>
922,How many months after the first foreshock was the last aftershock?,2,earthquake,1036,"The first foreshock occurred on 23 February 1960, and the last aftershock occurred on 17 April 1960. To find out how many months apart these dates are, first determine the month of each date. February is the 2nd month and April is the 4th month. Now, subtract the month of the first foreshock (2) from the month of the last aftershock (4): 4-2=2.
Final Answer: 2 months",<num_months>
923,On what date was the first foreshock of the 1960 Agadir earthquake?,"February 23, 1960",earthquake,1036,"The first foreshock of the 1960 Agadir earthquake occurred on 23 February, with an intensity of III (Weak).
Final Answer: 23 February","%B %d, %Y"
924,How many days did it take for Ingenuity from the date of deployment to its first flight?,16,space probe,1206,"Ingenuity was deployed on April 3, 2021, and its first flight was on April 19, 2021. To find the number of days between these dates, subtract the deployment date from the first flight date: April 19 - April 3 = 16 days.
Final Answer: 16 days",<num_days>
925,How many days did it take for Mars Express to reach Mars?,206,space probe,452,"Mars Express launched on June 2, 2003, and entered Mars' orbit on December 25, 2003. To calculate the number of days between these two dates, first calculate the number of days in June after the launch (30 - 2 = 28), then add the days in July (31), August (31), September (30), October (31), November (30), and the days in December before the orbital insertion (25). 
28 + 31 + 31 + 30 + 31 + 30 + 25 = 206 days.
Final Answer: 206 days",<num_days>
926,"How many days did it take to record ""2 of Amerikaz Most Wanted""?",1,music,1066,"The table does not provide the exact dates when the recording of ""2 of Amerikaz Most Wanted"" started and ended, only the month and year, which is October 1995. It is not possible to determine the number of days it took to record the song with the given information.
Final Answer: The information is not available.",<num_days>
927,"What was the maximum setup time required for Arkham Horror: The Card Game, in minutes?",15,game,1161,"The setup time for Arkham Horror: The Card Game is 10-15 minutes, excluding deck building. The maximum setup time is the higher end of this range.
Final Answer: 15",<num_minutes>
928,How old was Heiko Kroeger when he won a gold medal at the 2000 Olympics?,34,sailor,677,"Heiko Kroeger was born on 27 March 1966. He won a gold medal at the 2000 Olympics. To find out how old he was, subtract his birth year from the year he won the medal: 2000 - 1966 = 34. Since the Olympics took place at some point during the year 2000 and his birthday is on March 27, he was 33 years old when the year started and 34 years old when the year ended. The 2000 Olympics took place from September 15 to October 1, 2000, so he was 34 years old.
Final Answer: 34",<num_years>
929,What date was the last show of the Better Day World Tour?,"December 1, 2011",concert,1054,"The Better Day World Tour started on July 17, 2011, and ended on December 1, 2011. The last show of the tour would be on the end date.
Final Answer: December 1, 2011","%B %d, %Y"
930,What date was the first day you could attend a show on the Better Day World Tour?,"July 17, 2011",concert,1054,"The start date of the Better Day World Tour was July 17, 2011. This is the date when the tour began and the first show was held.
Final Answer: July 17, 2011","%B %d, %Y"
931,"How many days did Jeffrey Epstein live after he was apprehended on July 6, 2019?",35,person,340,"Jeffrey Epstein was apprehended on July 6, 2019, and died on August 10, 2019. To find the number of days between these dates, calculate the difference: 
July has 31 days. From July 6 to July 31 is 25 days. 
August 10 is 10 days into August. 
So, the total number of days is 25 + 10 = 35 days.
Final Answer: 35 days",<num_days>
932,How many days did the Better Day World Tour last?,137,concert,1054,"To find the number of days the Better Day World Tour lasted, we need to calculate the difference between the end date and the start date. 

The start date is July 17, 2011, and the end date is December 1, 2011. 

July has 31 days, so from July 17 to July 31, there are 14 days. 
August has 31 days, 
September has 30 days, 
October has 31 days, and 
November has 30 days. 
From December 1 to December 1, there is 1 day (since it ends on this day).

The total number of days from July 17 to July 31 is 14. 
The total number of days from August 1 to August 31 is 31. 
The total number of days from September 1 to September 30 is 30. 
The total number of days from October 1 to October 31 is 31. 
The total number of days from November 1 to November 30 is 30. 
The total number of days from December 1 to December 1 is 1.

Now, add these numbers together: 14 + 31 + 30 + 31 + ",<num_days>
933,How old was Heiko Kroeger when he won his first gold medal at the 2000 Paralympic Games?,34,sailor,677,"To find out how old Heiko Kroeger was when he won his first gold medal at the 2000 Paralympic Games, we need to subtract his birth year from the year he won the medal. Heiko Kroeger was born on March 27, 1966. The 2000 Paralympic Games took place in the year 2000. 

2000 - 1966 = 34 years old.

Since Heiko Kroeger's birthday is on March 27, and the 2000 Paralympic Games took place in September or October (the exact dates are not provided), Heiko would have already had his birthday in 2000, so he would have been 34 years old when he won the gold medal.
Final Answer: 34",<num_years>
934,What was the most recent year Frank Urso was on the All-American team?,1976,lacrosse,656,"To determine the most recent year Frank Urso was on the All-American team, we need to examine the years he was a First-team All-American. According to the table, Frank Urso was a First-team All-American in 1973, 1974, 1975, and 1976. The most recent year among these is 1976.
Final Answer: 1976",yyyy
935,How old was Henrieta Farkašová when she first competed in the IPC Alpine Skiing World Championships in 2009?,23,skier,791,"Henrieta Farkašová was born on May 3, 1986. The IPC Alpine Skiing World Championships where she first competed was in 2009. To find her age at that time, subtract her birth year from the year of the competition: 2009 - 1986 = 23.
Final Answer: 23",<num_years>
936,On what date did the dissolution of the Soviet Union begin?,"November 16, 1988",event,1056,"The dissolution of the Soviet Union began on 16 November 1988.
Final Answer: 16 November 1988","%B %d, %Y"
937,What year was Monks last portrayed in a television miniseries?,2007,character,1104,"Monks was portrayed by several actors in different film and television adaptations. The years he was portrayed in a television miniseries are 1985, 1999, and 2007. The most recent year is 2007.
Final Answer: 2007",yyyy
938,How old was Henrieta Farkašová when she won a gold medal at the 2022 Olympics?,36,skier,791,"Henrieta Farkašová was born on May 3, 1986. The 2022 Olympics took place in Beijing. To determine her age at the 2022 Olympics, subtract her birth year from 2022: 2022 - 1986 = 36. 
Final Answer: 36",<num_years>
939,What was the most recent year Roy Emerson won the Australian Open?,1969,tennis,50,"Roy Emerson won the Australian Open in the years 1961, 1963, 1964, 1965, 1966, and 1967. The most recent year among these is 1967.
Final Answer: 1967",yyyy
940,How old was Henrieta Farkašová when she won her last gold medal at the 2022 Beijing Games?,36,skier,791,"Henrieta Farkašová was born on May 3, 1986. The 2022 Beijing Games took place in 2022. To find her age at the 2022 Beijing Games, subtract her birth year from the year of the games: 2022-1986=36. 
Final Answer: 36",<num_years>
941,How old was Hewitt when he played for the Chicago Bulls?,30,basketball,568,"Bill Hewitt played for the Chicago Bulls in 1974. Hewitt was born on August 8, 1944. To find Hewitt's age in 1974, subtract his birth year from 1974: 1974 - 1944 = 30.
Final Answer: 30",<num_years>
942,What was the most recent year that Wang Xiaoli received a medal at the Asian Junior Championships?,2007,badminton,174,"Wang Xiaoli received medals at the Asian Junior Championships in the following years: 2006 and 2007. The most recent year of these is 2007.
Final Answer: 2007",yyyy
943,What year was Monks last released in film form?,1982,character,1104,"To determine the last year Monks was released in film form, we need to examine the years the character was portrayed in film or TV. The years are as follows: 
- 1922 film
- 1948 film
- 1982 TV film
- 1985 TV serial
- 1999 miniseries
- 2007 miniseries

Since a miniseries is a type of TV production and not a film, we should exclude the 1982, 1985, 1999, and 2007 releases. The last year Monks was released in film form is 1948.
Final Answer: 1948",yyyy
944,How many months after the first crewed flight was the last flight?,363,space program,1062,"The first crewed flight was on April 12, 1981, and the last flight was on July 21, 2011. To find out how many months after the first crewed flight the last flight was, first calculate the number of years between the two dates: 2011 - 1981 = 30 years. Then, calculate the number of months in 30 years: 30 years * 12 months/year = 360 months. Next, calculate the months between April and July: July is 3 months after April. So, the last flight was 360 months + 3 months = 363 months after the first crewed flight.
Final Answer: 363 months",<num_months>
945,What was the opening date of the New York Stock Exchange?,"May 17, 1792",monument,626,"The New York Stock Exchange was founded on May 17, 1792.
Final Answer: May 17, 1792","%B %d, %Y"
946,What year was Monks portrayed by Carl Stockdale?,1922,character,1104,"According to the table, Monks was portrayed by Carl Stockdale in the 1922 film.
Final Answer: 1922",yyyy
947,"What was the release date of ""8 Mile""?","November 8, 2002",movie,1077,"The release date of the movie ""8 Mile"" is given in the table as November 8, 2002.
Final Answer: November 8, 2002","%B %d, %Y"
948,How many days did the Ethiopian Civil War last?,6102,civil war,979,"The Ethiopian Civil War started on 12 September 1974 and ended on 28 May 1991. To find out how many days it lasted, first calculate the number of years: 1991 - 1974 = 17 years. However, the war lasted 16 years, 8 months, 3 weeks, and 2 days. There are 365.25 days in a year. Multiply 16 years by 365.25 days: 16 x 365.25 = 5844 days. There are approximately 30.44 days in a month. Multiply 8 months by 30.44 days: 8 x 30.44 = 243.52 days. There are 7 days in a week. Multiply 3 weeks by 7 days: 3 x 7 = 21 days. Now, add the days from the years, months, weeks, and the extra 2 days: 5844 + 243.52 + 21 + 2 = 6110.52 days.
Final Answer: 6111 days",<num_days>
949,"What was the release date of the single ""Homicide"" from the Confessions of a Dangerous Mind album?","May 3, 2019",album,948,"The single ""Homicide"" from the Confessions of a Dangerous Mind album was released on May 3, 2019.
Final Answer: May 3, 2019","%B %d, %Y"
950,"How many months after being recorded was ""2 of Amerikaz Most Wanted"" released?",7,music,1066,"""2 of Amerikaz Most Wanted"" was recorded in October 1995 and released on May 7, 1996. To find out how many months after being recorded it was released, calculate the number of months between these two dates. October to December is 2 months, and January to May is 5 months. So, the total number of months between the recording and release dates is 2 + 5 = 7 months.
Final Answer: 7 months",<num_months>
951,How old was Hulk Hogan when he married Linda Hogan?,30,wrestling,339,"Hulk Hogan was born on August 11, 1953, and he married Linda Hogan in 1983. To find out how old he was when he married Linda, subtract his birth year from the year he got married: 1983 - 1953 = 30.
Final Answer: 30",<num_years>
952,How old was Janice Lawrence Braxton when she entered the WNBA Draft?,35,ice hockey,577,"Janice Lawrence Braxton was born on June 7, 1962. The WNBA draft she was a part of occurred in 1997. To find her age at the time of the draft, subtract her birth year from the draft year: 1997 - 1962 = 35.
Final Answer: 35",<num_years>
953,How old was Janice Lawrence Braxton when she played in the Olympic Games?,22,ice hockey,577,"Janice Lawrence Braxton was born on June 7, 1962, and she played in the 1984 Olympic Games. To find her age at the time of the Olympic Games, subtract her birth year from the year of the Olympic Games: 1984 - 1962 = 22.
Final Answer: 22",<num_years>
954,What year was Percy Faith born?,1908,musician,472,"Percy Faith's birthdate is listed as April 7, 1908.
Final Answer: 1908",yyyy
955,What year was Probe originally released?,1964,board game,1188,"The table states that Probe was published in 1964 (#112 and #200), which indicates that 1964 is the original release year.
Final Answer: 1964",yyyy
956,How old was Jeelani when he first played for the Dallas Mavericks?,26,ice hockey,561,"Abdul Jeelani was born on February 10, 1954, and played for the Dallas Mavericks from 1980-1981. To find his age during this time, calculate his age for both 1980 and 1981. 
In 1980: 1980 - 1954 = 26 years old.
In 1981: 1981 - 1954 = 27 years old.
Since the question asks for his age when he first played, use the earlier year.
Final Answer: 26",<num_years>
957,How old was Jeffrey Edward Epstein at the time of his 13-month penalty?,55,person,340,"To determine Jeffrey Epstein's age at the time of his 13-month penalty, we need to know the year he received the penalty. According to the table, the penalty was in 2008. Epstein was born on January 20, 1953. 

To calculate his age in 2008, subtract his birth year from the year of the penalty: 2008 - 1953 = 55. Since the penalty was in 2008 and his birthday is on January 20, if the penalty occurred before January 20, 2008, he would have been 54 years old. If it occurred after January 20, 2008, he would have been 55 years old.

The table does not specify the exact date of the penalty, but it does mention that he died in 2019 at the age of 66. This information is not necessary to answer the question but confirms the calculation.

Given that the penalty was in 2008 and without the exact date, we can say that Jeffrey Epstein was either 54 or 55 years old at the time of his 13-month penalty.
Final Answer: 55",<num_years>
958,What year was Roy Emerson inducted into the International Tennis Hall of Fame?,1982,tennis,50,"Roy Emerson was inducted into the International Tennis Hall of Fame in 1982.
Final Answer: 1982",yyyy
959,How old was Jeffrey Epstein when he was apprehended in 2019?,66,person,340,"Jeffrey Epstein was born on January 20, 1953. He was apprehended on July 6, 2019. To find his age at the time of apprehension, calculate his age as of July 6, 2019. Since his birthday (January 20) had already passed in 2019, he was 66 years old when apprehended.
Final Answer: 66",<num_years>
960,"On what date was ""21st Century Breakdown"" released?","December 21, 2009",song,1070,"The release date of the song ""21st Century Breakdown"" is given in the table as December 21, 2009.
Final Answer: December 21, 2009","%B %d, %Y"
961,What was the span in years between his first and last win on the IndyCar circuit?,10,car driver,521,"Ryan Hunter-Reay's first win on the IndyCar circuit was in 2008, and his last win was in 2018. To find the span in years, subtract the year of the first win from the year of the last win: 2018 - 2008 = 10.
Final Answer: 10 years",<num_years>
962,What year was the B-24 Skua introduced?,1938,aircraft,226,"The introduction year of the B-24 Skua is listed in the table as November 1938. 
Final Answer: 1938",yyyy
963,How old was Jeffrey Epstein when he was convicted in 2008?,55,person,340,"Jeffrey Epstein was born on January 20, 1953. He was convicted in 2008. To find his age in 2008, subtract his birth year from the year of conviction: 2008-1953=55.
Final Answer: 55",<num_years>
964,What year was the book Catch-22 first published?,1961,book,702,"The publication date of the book Catch-22 is listed as November 10, 1961.
Final Answer: 1961",yyyy
965,How old was Kaija Parve when she went to her first World Cup?,20,skier,793,"Kaija Parve was born on June 14, 1964. Her World Cup career started in the 1984 season. To find her age at that time, subtract her birth year from the year she started her World Cup career: 1984 - 1964 = 20. 
Final Answer: 20",<num_years>
966,What was the time difference in years between the first and last Sri Lankan T20I?,16,national cricket team,1191,"The first Sri Lankan T20I was on 15 June 2006, and the last Sri Lankan T20I was on 11 June 2022. To find the time difference in years between these two dates, subtract the year of the first T20I from the year of the last T20I: 2022-2006=16.
Final Answer: 16 years",<num_years>
967,How old was Kaija Parve when she won her last gold medal at the 1988 Chamonix World Championships?,24,skier,793,"Kaija Parve was born on June 14, 1964. She won her last gold medal at the 1988 Chamonix World Championships. To find her age at that time, subtract her birth year from the year she won the medal: 1988 - 1964 = 24. Since the championship took place before her birthday (June 14), she was 23 years old when she won the medal.
Final Answer: 23",<num_years>
968,What were the first and last years Shabalin won a medal?,"2000, 2010",figure skating,748,"To determine the first and last years Maxim Shabalin won a medal, we need to look at the medal information provided in the table. 

The earliest medal won by Shabalin was in 2001, when he won a bronze medal at the World Junior Championships. 

The most recent medal won by Shabalin was in 2010, when he won a bronze medal at the Winter Olympics and a gold medal at the European Championships.

Final Answer: 2001 and 2010",
969,What year was the Delaware Extension closed for Penn Central?,1976,rail line,1094,"The Delaware Extension was closed for Penn Central in 1976.
Final Answer: 1976",yyyy
970,What year was the Delaware Extension opened for Penn Central?,1968,rail line,1094,"The table states that the Delaware Extension was opened for Penn Central in 1968.
Final Answer: 1968",yyyy
971,How old was Kristina Gorshkova when she began skating?,4,figure skating,743,"Kristina Gorshkova was born in 1989 and began skating in 1993. To find out how old she was when she began skating, subtract the birth year from the year she started skating: 1993 - 1989 = 4.
Final Answer: 4",<num_years>
972,What years did Brandon Miller win more than one award?,"2007, 2008, 2013, 2014",lacrosse,644,"To find the years Brandon Miller won more than one award, we need to examine the ""Career highlights"" section of the table. The years and corresponding awards are as follows:
- 2002: Mann Cup Champion, Harry Lumley Trophy
- 2007: NLL All-Star, Harry Lumley Trophy
- 2008: Mann Cup Champion, Harry Lumley Trophy
- 2013: Mann Cup Champion, 2nd Team All-Pro
- 2014: Mann Cup Champion, Harry Lumley Trophy, Mike Kelley Memorial Trophy

From this list, we can see that Brandon Miller won more than one award in the years 2002, 2007, 2008, 2013, and 2014.
Final Answer: 2002, 2007, 2008, 2013, 2014",
973,What year was the first edition hardback of Catch-22 released?,1961,book,702,"The publication date of Catch-22 is given as November 10, 1961. This is the date when the book was released, which includes the first edition hardback.
Final Answer: 1961",yyyy
974,What years did Carolina Albuquerque win medals in Asia?,"1999, 2005, 2006, 2008",volleyball,93,"To find the years Carolina Albuquerque won medals in Asia, look at the competitions and locations. The World Grand Champions Cup was held in Japan in 2005. The World Grand Prix was held in Sendai in 2005 and Yokohama in 2008. The World Championship was held in Japan in 2006. The Olympic Games were held in Beijing in 2008. 
The years she won medals in Asia are: 2005, 2006, and 2008.
Final Answer: 2005, 2006, 2008",
975,What years did Frank Urso earn more than one title?,"1974, 1975, 1976",lacrosse,656,"To determine the years Frank Urso earned more than one title, we need to examine the Career highlights section of the table. 

In 1973, Urso was an NCAA D-I Champion and a First-team All-American. 
In 1974, Urso was a First-team All-American and the Division I Midfielder of the Year, and also won a gold medal at the World Lacrosse Championship in Melbourne.
In 1975, Urso was an NCAA D-I Champion, a First-team All-American, and the Division I Player of the Year.
In 1976, Urso was a First-team All-American and the Division I Midfielder of the Year.

So, Urso earned more than one title in the years 1973, 1974, 1975, and 1976.
Final Answer: 1973, 1974, 1975, 1976",
976,When did OSC Metalist Stadium first open?,1926,stadium,627,"The OSC Metalist Stadium first opened on September 12, 1926.
Final Answer: September 12, 1926",yyyy
977,How many days longer was the period between the aftershocks compared to the foreshocks?,20,earthquake,1036,"To determine the number of days between the foreshocks and aftershocks, we first need to find the dates of the foreshocks and aftershocks. 

The first foreshock occurred on 23 February and the second foreshock occurred on 29 February. The difference between these dates is 6 days.

The first aftershock occurred on 22 March and the last aftershock occurred on 17 April. The difference between these dates is 26 days.

Now we subtract the number of days between the foreshocks from the number of days between the aftershocks to get the difference: 26 - 6 = 20.
Final Answer: 20 days",<num_days>
978,What date was the 49th Parallel first released in the US?,"April 15, 1942",movie,1078,"The 49th Parallel was first released in the United Kingdom on October 8, 1941, but in the United States, the release dates were different. The movie premiered in New York City on March 5, 1942, and was later released in the rest of the United States on April 15, 1942. Therefore, the first release date in the US was the New York City premiere.
Final Answer: March 5, 1942","%B %d, %Y"
979,How many months after the UK nationwide release was the US nationwide release?,5,movie,1078,"The UK nationwide release was on 24 November 1941, and the US nationwide release was on 15 April 1942. To find the number of months between these dates, first find the number of months from November to April, which is 5 months (December, January, February, March, April), and then consider the days. November has 30 days, so 24 November to 30 November is 6 days. Then, from 1 December to 15 April is the rest of December (31-1=30 days, since 1 December is included in the 6 days), all of January (31 days), all of February (28 days, since 1942 is not a leap year and February only has 28 days in non-leap years, but for the purpose of counting full months, the exact days do not matter), all of March (31 days), and 15 days of April. This is a total of 6+30+31+28+31+15=141 days. Since there are approximately 30 days per month (30.44 days on average), 141 days is approximately 141/30.44 = 4.63 months. However, since we are counting whole months (from",<num_months>
980,How many months after the New York City premiere was 49th Parallel released to the rest of the country?,1,movie,1078,"The New York City premiere was on 5 March 1942, and the release to the rest of the United States was on 15 April 1942. To find the number of months between these two dates, calculate the difference: April - March = 1 month.
Final Answer: 1",<num_months>
981,"When was ""2 of Amerikaz Most Wanted"" first available for purchase?","May 7, 1996",music,1066,"The table states that ""2 of Amerikaz Most Wanted"" was released on May 7, 1996. 
Final Answer: May 7, 1996","%B %d, %Y"
982,How many minutes shorter is an Access Hollywood episode on weekends compared to weekdays?,22,show,1085,"Access Hollywood episodes on weeknights are 20 minutes long, while episodes on weekends are 42 minutes long, but that is actually longer, not shorter. To find out how many minutes longer, subtract the weeknight length from the weekend length: 42-20=22 minutes. Since the question asks how many minutes shorter, the weekend episode is not shorter, it is longer, so the answer would be negative, but since the question is about how many minutes shorter, and it is actually longer, the correct interpretation of the question would result in a negative number, but since length can't be negative in this context, we must rephrase: the weekend episode is 22 minutes longer. 
However, following the instructions to the letter as requested:
Final Answer: 22",<num_minutes>
983,How old was Marina Alabau when she competed in the 2012 Olympic Games?,27,sailor,688,"Marina Alabau was born on August 31, 1985. The 2012 Olympic Games took place in London. Since the exact dates of the games are not provided, we can look at the year. Alabau was 26 years old in 2012 (2012 - 1985 = 27), but since her birthday is in August, she would have been 26 years old when the games started (assuming they started before August 31) and turned 27 years old during the games (assuming they lasted until after August 31). However, for the purpose of this calculation and without the exact dates, we consider her age at the start of the year.
Final Answer: 27",<num_years>
984,How old was Marina Alabau when she won the gold medal at the 2012 Olympics?,27,sailor,688,"Marina Alabau was born on August 31, 1985. The 2012 Olympics took place in London, and since the exact date of the Olympics is not provided, we will assume it took place in the year 2012. To determine Marina's age in 2012, subtract her birth year from 2012: 2012 - 1985 = 27. Since her birthday is August 31, and the Olympics likely took place before her birthday (as the Olympics typically occur from July to August), Marina would have been 26 years old when she won the gold medal.
Final Answer: 26",<num_years>
985,What year was the first edition of Arkham Horror: The Card Game released?,2016,game,1161,"The publication of Arkham Horror: The Card Game is listed as Q4 2016. Q4 refers to the fourth quarter of the year, which includes the months of October, November, and December. Since it was released in Q4 2016, the year of release is 2016.
Final Answer: 2016",yyyy
986,What year was the first edition of Atlantis released?,1984,board game,1163,"The table states that the publication years for Atlantis are as follows: 1984 (1st edition), 1985 (2nd edition), and so on. Therefore, the first edition of Atlantis was released in 1984.
Final Answer: 1984",yyyy
987,What year was the first edition of Catan published?,1995,board game,1147,"The first edition of Catan was published in 1995.
Final Answer: 1995",yyyy
988,How old was Marja-Liisa Kirvesniemi when she first won an Olympic gold medal?,29,skier,804,"Marja-Liisa Kirvesniemi was born on September 10, 1955. She first won an Olympic gold medal at the 1984 Sarajevo Olympics. To find her age at that time, subtract her birth year from the year she won the medal: 1984 - 1955 = 29. Since the Olympics took place before her birthday in 1984, she was 28 years old when she won her first Olympic gold medal.
Final Answer: 28",<num_years>
989,How old was Marja-Liisa Kirvesniemi when she got divorced?,56,skier,804,"Marja-Liisa Kirvesniemi was born on September 10, 1955, and got divorced in 2011. To find her age at the time of divorce, subtract her birth year from the year of divorce: 2011 - 1955 = 56.
Final Answer: 56",<num_years>
990,What year was the first renovation of the Birmingham–Jefferson Convention Complex?,2009,monument,751,"The Birmingham-Jefferson Convention Complex was renovated in 2009 and again from 2019-21. The first renovation is the one that occurred in 2009.
Final Answer: 2009",yyyy
991,What year was the first time that Dawn McEwen made an appearance at the World Championships?,2008,curling,288,"Dawn McEwen has made appearances at the World Championships in the years 2008, 2009, 2010, 2015, and 2018. The first of these years is 2008.
Final Answer: 2008",yyyy
992,What year was the first time that you could play Arkham Horror: The Card Game?,2016,game,1161,"The publication of Arkham Horror: The Card Game is listed as Q4 2016, which refers to the fourth quarter of 2016. This means the game was published between October and December of 2016. The ""Years active"" section also lists 2016 as the starting year.
Final Answer: 2016",yyyy
993,What year was the follow-up to Catch-22 published?,1994,book,702,"The follow-up to Catch-22 is Closing Time, which was published in 1994.
Final Answer: 1994",yyyy
994,What year was the last television special featuring Rudolph the Red-Nosed Reindeer?,2010,character,1095,"The table states that Billie Mae Richards voiced Rudolph in TV specials from 1964-2010. This indicates that the last television special featuring Rudolph the Red-Nosed Reindeer, with Billie Mae Richards as the voice, was in 2010.
Final Answer: 2010",yyyy
995,How old was Marja-Liisa Kirvesniemi when she won her first gold medal at the 1978 World Championships?,23,skier,804,"Marja-Liisa Kirvesniemi was born on September 10, 1955. She won her first gold medal at the 1978 World Championships. To find her age at the time, subtract her birth year from the year she won the gold medal: 1978 - 1955 = 23. Since the World Championships took place before her birthday in 1978, she was 22 years old when she won the gold medal.
Final Answer: 22",<num_years>
996,"What year was the live version of ""3 a.m. Eternal"" released?",1991,music,1071,"The live version of ""3 a.m. Eternal"" is denoted as ""Live at the S.S.L."" and was released on 7 January 1991.
Final Answer: 1991",yyyy
997,How old was Max Aaron when he began skating?,4,figure skating,747,"Max Aaron was born on February 25, 1992, and began skating in 1996. To find his age when he started skating, subtract his birth year from the year he began skating: 1996 - 1992 = 4. 
Final Answer: 4",<num_years>
998,What year was the most illustrious of Brooks's career?,2002,nfl,547,"To determine the most illustrious year of Brooks's career, we need to look at his awards and achievements. Brooks was the NFL Defensive Player of the Year in 2002 and the Super Bowl champion in 2003 (XXXVII). However, since the Super Bowl is typically played at the beginning of the year following the season, Super Bowl XXXVII was played on January 26, 2003, but it was for the 2002 season. Considering this, 2002 seems to be a peak year for Brooks, with significant recognition for his defensive performance and a championship win.
Final Answer: 2002",yyyy
999,What year was the most recent edition of Atlantis released?,2019,board game,1163,"To determine the most recent edition of Atlantis, we need to look at the publication years listed in the table. The years are: 1984 (1st edition), 1985 (2nd edition), 1996 (3rd edition), 2014 (Second Age), and 2019 (30th Anniversary Edition). The most recent year listed is 2019.
Final Answer: 2019",yyyy
1000,What year was the most recent edition of Catan published?,2015,board game,1147,"The table lists multiple editions of Catan, with their respective publication years. To find the most recent edition, look for the edition with the most recent year. The Fifth edition was published in June 2015.
Final Answer: 2015",yyyy
1001,How old was Maxim Shabalin when he began skating?,5,figure skating,748,"Maxim Shabalin began skating in 1987. He was born in 1982. To find out how old he was when he began skating, subtract the birth year from the year he started skating: 1987 - 1982 = 5.
Final Answer: 5",<num_years>
1002,"What year was the movie ""8 Mile"" released?",2002,movie,1077,"The release date of the movie ""8 Mile"" is listed as November 8, 2002. 
Final Answer: 2002",yyyy
1003,What year was the New York Stock Exchange founded?,1792,monument,626,"The New York Stock Exchange was founded on May 17, 1792.
Final Answer: 1792",yyyy
1004,How old was McCoy when he made his MLB debut?,23,baseball,405,"To find McCoy's age when he made his MLB debut, we need to calculate the difference between his debut year and his birth year. McCoy was born on November 9, 1915, and made his MLB debut on September 14, 1938. 

Since his debut occurred before his birthday in 1938, we can subtract his birth year from his debut year: 1938 - 1915 = 23. 
Final Answer: 23",<num_years>
1005,How old was Melissa L. Coates when her professional career started?,31,body builder,806,"Melissa L. Coates' professional career as a bodybuilder started with her pro-debut at the IFBB Jan Tana Classic in 1996. She was born on June 18, 1971. To find her age in 1996, subtract her birth year from 1996: 1996 - 1971 = 25. 
Final Answer: 25",<num_years>
1006,What year was the Palace of Westminster built?,1016,monument,726,"The Palace of Westminster was originally built in 1016. However, it was demolished in 1834 due to a fire and then rebuilt from 1840-1876.
Final Answer: 1016",yyyy
1007,"What year was the single ""2 of Amerikaz Most Wanted"" released?",1996,music,1066,"The single ""2 of Amerikaz Most Wanted"" was released on May 7, 1996. 
Final Answer: 1996",yyyy
1008,"What year was the single ""21st Century Breakdown"" released?",2009,music,1070,"The single ""21st Century Breakdown"" was released on December 21, 2009. 
Final Answer: 2009",yyyy
1009,What year was the University of Cambridge established?,1209,university,606,"The University of Cambridge was established circa 1209.
Final Answer: 1209",yyyy
1010,What date did the Indian Navy commission INS Vikramaditya?,"November 16, 2013",navy vessel,1109,"The INS Vikramaditya was commissioned by the Indian Navy on 16 November 2013.
Final Answer: 16 November 2013","%B %d, %Y"
1011,What date did the Russians sell the INS Vikramaditya to the Indian Navy?,"January 20, 2004",navy vessel,1109,"The INS Vikramaditya was sold to the Indian Navy by the Russians on 20 January 2004. At that time, the vessel was known as the Admiral Gorshkov.
Final Answer: 20 January 2004","%B %d, %Y"
1012,What date was the INS Vikramaditya launched?,"December 4, 2008",navy vessel,1109,"The INS Vikramaditya was launched on 4 December 2008.
Final Answer: December 4, 2008","%B %d, %Y"
1013,What date was the INS Vikramaditya commissioned?,"November 16, 2013",navy vessel,1109,"The INS Vikramaditya was commissioned on 16 November 2013.
Final Answer: 16 November 2013","%B %d, %Y"
1014,How old was Michael Owen when he joined Real Madrid?,25,footballer,479,"Michael Owen joined Real Madrid in 2004. He was born on December 14, 1979. To find his age in 2004, subtract his birth year from the year he joined Real Madrid: 2004 - 1979 = 25. Since his birthday is in December, he would have been 24 years old when he joined Real Madrid and turned 25 later that year.
Final Answer: 25",<num_years>
1015,How old was Minaj when her career began?,22,musician,347,"To find out how old Nicki Minaj was when her career began, we need to know her birth year and the year her career started. Minaj was born in 1982 and her career began in 2004. To get the age, subtract the birth year from the start year: 2004-1982=22.
Final Answer: 22",<num_years>
1016,How old was Mohammad Yamin when he became Minister of Information?,59,office holder,861,"Mohammad Yamin was born on 24 August 1903. He became the Minister of Information on 6 March 1962. To find his age at that time, calculate the difference between the year he became Minister of Information and his birth year: 1962 - 1903 = 59. However, since his birthday is in August and he became Minister of Information in March, he was still 58 years old at the time of his appointment.
Final Answer: 58",<num_years>
1017,How many months after its launch was INS Trishul officially commissioned?,19,navy vessel,1113,"INS Trishul was launched on 24 November 2000, and it was commissioned on 25 June 2003. To find the number of months between these two dates, first, find the number of months from November 2000 to June 2003. From November 2000 to December 2000 is 1 month. From January 2001 to December 2001 is 12 months. From January 2002 to December 2002 is 12 months. From January 2003 to June 2003 is 6 months. Now add these months together: 1 + 12 + 12 + 6 = 31 months.
Final Answer: 31 months",<num_months>
1018,How many months after INS Trishul was ordered was it officially commissioned?,67,navy vessel,1113,"INS Trishul was ordered on 17 November 1997 and commissioned on 25 June 2003. To find out the number of months between these dates, first find the number of years: 2003 - 1997 = 6 years. Then, find the number of months in 6 years: 6 * 12 = 72 months. Next, calculate the months from November 1997 to June 2003. November is the 11th month of the year, and June is the 6th month of the year. So from November 1997 to December 1997 is 1 month, from January 1998 to December 1998 is 12 months, from January 1999 to December 1999 is 12 months, from January 2000 to December 2000 is 12 months, from January 2001 to December 2001 is 12 months, from January 2002 to December 2002 is 12 months, and from January 2003 to June 2003 is 6 months. Now add these months together: 1 + 12 + 12 + 12 + 12 + 12 + 6 = 67 months. However, since we",<num_months>
1019,How old was Mohammad Yamin when he became Minister of National Education in 1953?,50,office holder,861,"Mohammad Yamin was born on 24 August 1903. He became the Minister of National Education on 30 July 1953. To find his age at that time, subtract his birth year from the year he became Minister of National Education: 1953 - 1903 = 50. Since his birthday (August 24) is after the date he became Minister (July 30), he was still 49 years old when he took office.
Final Answer: 49",<num_years>
1020,How old was Mohammad Yamin when he took office as the 6th Minister of Law?,47,office holder,861,"To determine how old Mohammad Yamin was when he took office as the 6th Minister of Law, we need to calculate the difference between his birth year and the year he took office. Mohammad Yamin was born on 24 August 1903, and he took office as the 6th Minister of Law on 27 April 1951. 

Since his birthday is in August and he took office in April, when calculating his age, we consider that his birthday for that year had not occurred yet. 

The year he took office (1951) minus his birth year (1903) equals 48. 
Final Answer: 47",<num_years>
1021,How many days passed between the launch date and landing date of Chandrayaan-2?,46,space probe,457,"To calculate the number of days between the launch date and landing date of Chandrayaan-2, we need to determine the launch date and landing date. 

The launch date of Chandrayaan-2 is 22 July 2019.
The landing date of Chandrayaan-2 is 6 September 2019 (although it was a landing failure, the question asks for the date).

Now we calculate the difference between the two dates:
July has 31 days. 31 - 22 = 9 days left in July.
August has 31 days.
September has 6 days until the 6th.

9 (remaining in July) + 31 (August) + 6 (September) = 46 days.

Final Answer: 46 days",<num_days>
1022,How old was Mohammad-Ali Foroughi the year he took office as Minister of Justice?,36,office holder,928,"Mohammad-Ali Foroughi was born in early August 1877. He took office as Minister of Justice on 3 June 1913. To find his age at that time, subtract his birth year from the year he took office: 1913 - 1877 = 36. Since he was born in August and took office in June, he was still 35 years old when he took office.
Final Answer: 35",<num_years>
1023,How old was Mohammad-Ali Foroughi when he became a member of the Parliament of Iran?,32,office holder,928,"Mohammad-Ali Foroughi was born in early August 1877. He became a member of the Parliament of Iran on 19 November 1909. To calculate his age at that time, subtract his birth year from the year he became a member of Parliament: 1909 - 1877 = 32. Since Foroughi was born in August and became a member of Parliament in November, he would have been 32 years old when he became a member of Parliament.
Final Answer: 32 years old",<num_years>
1024,How old was Murilo Bustamante when he began his MMA career?,25,martial artist,849,"Murilo Bustamante was born on July 30, 1966. He began his MMA career in 1991. To find his age at that time, subtract his birth year from the start of his career: 1991 - 1966 = 25.
Final Answer: 25",<num_years>
1025,How old was Murilo Bustamante when he won the gold medal at the 1999 Brazilian National Championship?,33,martial artist,849,"Murilo Bustamante was born on July 30, 1966. He won the gold medal at the 1999 Brazilian National Championship. To find his age at that time, subtract his birth year from the year he won the gold medal: 1999 - 1966 = 33. Since the championship took place before his birthday in 1999, he was 32 years old when he won the gold medal.
Final Answer: 32",<num_years>
1026,What date was the Firefly's first flight?,"December 22, 1941",aircraft,1128,"The Firefly's first flight occurred on 22 December 1941.
Final Answer: December 22, 1941","%B %d, %Y"
1027,How old was Nicki Minaj when she ended her partnership with Safaree Samuels?,32,musician,347,"Nicki Minaj was born on December 8, 1982. Her partnership with Safaree Samuels ended in 2014. To find her age at that time, subtract her birth year from the year the partnership ended: 2014 - 1982 = 32. Since her birthday is in December, she would have been 31 years old for most of 2014, turning 32 in December.
Final Answer: 31",<num_years>
1028,How old was Nicki Minaj when she got married?,36,musician,347,"Nicki Minaj was born on December 8, 1982, and got married in 2019. To find her age at the time of marriage, subtract her birth year from the year she got married: 2019 - 1982 = 37.
Final Answer: 37",<num_years>
1029,How old was Nicki Minaj when she married Kenneth Petty in 2019?,37,musician,347,"To find Nicki Minaj's age when she married Kenneth Petty in 2019, we need to subtract her birth year from the year she got married. 
Nicki Minaj was born in 1982 and married in 2019. 
2019 - 1982 = 37
Final Answer: 37",<num_years>
1030,How old was Novak Djokovic when he competed in the Olympic Games?,21,tennis,509,"Novak Djokovic was born on May 22, 1987. He competed in the Olympic Games in 2008 and 2016, and also in 2020. 

In 2008, he was 21 years old (2008 - 1987 = 21). 
In 2016, he was 29 years old (2016 - 1987 = 29). 
In 2020, he was 33 years old (2020 - 1987 = 33).

Since the question is asking for his age when he competed, and it does not specify which Olympic Games, we can conclude that he competed at the ages of 21, 29, and 33.
Final Answer: 21, 29, and 33",<num_years>
1031,How old was Owen when he began his senior career?,17,footballer,479,"Michael Owen began his senior career in 1996. He was born on 14 December 1979. To find his age in 1996, subtract his birth year from 1996: 1996 - 1979 = 17. 
Final Answer: 17",<num_years>
1032,How old was Percy Faith when he died?,67,musician,472,"To determine Percy Faith's age at the time of death, we need to subtract his birth year from his death year. 
Percy Faith was born on April 7, 1908, and died on February 9, 1976. 
1976 - 1908 = 68. However, since his birthday (April 7) is after the date he died (February 9), he had not yet had his 68th birthday. 
Therefore, Percy Faith was 67 years old when he died.
Final Answer: 67",<num_years>
1033,How old was Peter III when he became King of Aragon and Valencia?,37,emperor,122,"Peter III was born circa 1239. He became King of Aragon and Valencia on July 27, 1276. To find his age, subtract the birth year from the year he became king: 1276 - 1239 = 37.
Final Answer: 37",<num_years>
1034,How old was Peter III when he started his reign as King of Aragon and Valencia?,37,emperor,122,"To find Peter III's age when he started his reign as King of Aragon and Valencia, we need to know the year he started his reign and the year he was born. Peter III's reign as King of Aragon and Valencia started on 27 July 1276, and he was born circa 1239. 

To calculate his age, subtract the birth year from the start year: 1276 - 1239 = 37.

Final Answer: 37",<num_years>
1035,How old was Pierre Auguste Cot when he died?,46,painter,350,"Pierre Auguste Cot was born on 17 February 1837 and died on 2 August 1883. To find his age at death, we subtract the birth year from the death year: 1883 - 1837 = 46. 
Final Answer: 46",<num_years>
1036,How many days was 14 On Fire shown in 2014?,274,concert,1035,"To find out how many days the 14 On Fire tour was shown, first find the total number of days between the start and end dates. The start date is 21 February 2014, and the end date is 22 November 2014. 

February has 29 days in 2014 (leap year) and from the 21st to the end of February is 8 days. Then March (31 days) + April (30 days) + May (31 days) + June (30 days) + July (31 days) + August (31 days) + September (30 days) + October (31 days) + November (22 days) = 8 + 31 + 30 + 31 + 30 + 31 + 31 + 30 + 31 + 22 = 275 days.

The total number of days is 275.
Final Answer: 275 days",<num_days>
1037,"How old was Pierre Auguste Cot when he painted ""The Storm""?",43,painter,350,"Pierre Auguste Cot painted ""The Storm"" in 1880. He was born in 1837. To find his age when he painted ""The Storm"", subtract his birth year from the year he painted ""The Storm"": 1880 - 1837 = 43.
Final Answer: 43",<num_years>
1038,How many months separated the introduction of the X-15 from its first flight?,3,space program,1132,"The first flight of the X-15 was on 8 June 1959. The introduction of the X-15 was on 17 September 1959. To find the number of months between these dates, first find the number of months from June to September, which is 3 months.
Final Answer: 3",<num_months>
1039,How many months after the first flight was the X-15 introduced?,3,space program,1132,"The X-15 had its first flight on 8 June 1959. It was introduced on 17 September 1959. To find out how many months apart these dates are, first find the number of months from June to September, which is 3. 
Final Answer: 3",<num_months>
1040,How old was Pippen when he won his first Olympic gold?,27,nba,89,"Scottie Pippen won his first Olympic gold in 1992. He was born on September 25, 1965. To find his age in 1992, subtract his birth year from the year he won the gold: 1992-1965=27. Since the Olympics took place during the year, we must consider the month. The 1992 Olympics took place in the summer, and Pippen's birthday is in September, so he would have been 26 years old when he won the gold.
Final Answer: 27",<num_years>
1041,How old was Quadri when he won the silver at the Commonwealth Games?,30,tabletennis,710,"Aruna Quadri won the silver medal at the 2018 Commonwealth Games. He was born on August 9, 1988. To find his age in 2018, subtract his birth year from the year he won the medal: 2018 - 1988 = 30.
Final Answer: 30",<num_years>
1042,How old was Richard Caswell when he got married?,23,politician,904,"Richard Caswell was born on August 3, 1729, and got married twice: first in 1752 to Mary Mackilwean, and then in 1758 to Sarah Herritage. To find out how old he was when he got married, we need to calculate his age at the time of each marriage.

For his first marriage in 1752: 1752 - 1729 = 23 years old.

For his second marriage in 1758: 1758 - 1729 = 29 years old.

Since the question asks for his age when he got married, and it does not specify which marriage, we can provide the ages for both marriages.
Final Answer: 23 and 29 years old.",<num_years>
1043,How old was Richard Caswell when he married Sarah Herritage?,29,politician,904,"Richard Caswell was born on August 3, 1729, and married Sarah Herritage in 1758. To find out how old he was when he married Sarah, we need to subtract his birth year from the year he got married: 1758 - 1729 = 29.
Final Answer: 29",<num_years>
1044,What year was the University of Cambridge founded?,1209,university,606,"The University of Cambridge was established circa 1209.
Final Answer: 1209",yyyy
1045,How old was Riguccini when he became active as a fighter?,11,martial artist,840,"Alessandro Riguccini was born on March 25, 1988, and became active as a fighter in 1999. To find his age when he became active, subtract his birth year from the year he became active: 1999 - 1988 = 11. 
Final Answer: 11",<num_years>
1046,How old was Robby Gordon when he first raced in the NASCAR Cup Series?,22,car driver,518,"Robby Gordon was born on January 2, 1969. He first raced in the NASCAR Cup Series in 1991. To find his age at that time, subtract his birth year from the year he first raced: 1991 - 1969 = 22. Since his birthday is on January 2 and the Daytona 500 (his first NASCAR Cup Series race) is in February, he would have been 22 years old when he first raced.
Final Answer: 22",<num_years>
1047,What year was the V/Line Corporation formed as the State Transport Authority?,1983,agency,1141,"The V/Line Corporation was formed as the State Transport Authority brand on 1 July 1983.
Final Answer: 1983",yyyy
1048,How old was Roger Federer when he won his first Olympic gold medal?,27,tennis,512,"Roger Federer won his first Olympic gold medal in 2008. He was born on 8 August 1981. To find his age in 2008, subtract his birth year from 2008: 2008-1981=27. 
Final Answer: 27",<num_years>
1049,How old was Roy Emerson when he began to play professionally?,32,tennis,50,"To determine Roy Emerson's age when he began to play professionally, we need to know his birth year and the year he turned pro. Roy Emerson was born on November 3, 1936, and turned pro in 1968. To find his age, subtract his birth year from the year he turned pro: 1968 - 1936 = 32.
Final Answer: 32",<num_years>
1050,How old was Roy Emerson when he first won the French Open Doubles?,24,tennis,50,"Roy Emerson first won the French Open Doubles in 1960. He was born on November 3, 1936. To find out how old he was, subtract his birth year from the year he won: 1960 - 1936 = 24. Since he won in 1960 and his birthday is in November, he was 23 years old when he won the French Open Doubles for the first time.
Final Answer: 23",<num_years>
1051,How old was Roy Emerson when he retired from professional play?,47,tennis,50,"Roy Emerson was born on November 3, 1936. He retired from professional play in 1983. To find his age at retirement, subtract his birth year from the year he retired: 1983 - 1936 = 47.
Final Answer: 47",<num_years>
1052,What date was the Victorian Regional Channels Authority formed?,"April 1, 2004",agency,1143,"The Victorian Regional Channels Authority was formed on April 1, 2004.
Final Answer: April 1, 2004","%B %d, %Y"
1053,How old was Ryan Hunter-Reay when he won the IndyCar Rookie of the Year?,27,car driver,521,"Ryan Hunter-Reay won the IndyCar Rookie of the Year award in 2007 and the Verizon IndyCar Series Rookie of the Year award in 2007 and Indianapolis 500 Rookie of the Year award in 2008 and the Barber Dodge Pro Series Rookie of the Year award in 2000, but since the question asks about the IndyCar Rookie of the Year award, we will use 2007. 
Ryan Hunter-Reay was born on December 17, 1980. To determine his age in 2007, subtract his birth year from the year he won the award: 2007-1980=27.
Final Answer: 27",<num_years>
1054,What year was Wil Calhoun an executive producer of Friends?,2001,show,1088,"Wil Calhoun was an executive producer of Friends during season 7. The table does not explicitly state the year of season 7, but it does state the original release of the show as September 22, 1994, and the number of seasons as 10. Since the show premiered in 1994 and had 10 seasons, we can calculate the year of each season. Assuming the show had a consistent release schedule, season 7 would have been around 2000-2001.
Final Answer: 2000",yyyy
1055,What year would Percy Faith have had to die to live to be 100 years old?,2008,musician,472,"Percy Faith was born in 1908. To find the year he would have had to die to live to be 100 years old, add 100 to his birth year: 1908 + 100 = 2008.
Final Answer: 2008",yyyy
1056,How old was Ryan Hunter-Reay when he won the Skip Barber National Championship in 1999?,19,car driver,521,"Ryan Hunter-Reay was born on December 17, 1980. He won the Skip Barber National Championship in 1999. To find his age at that time, subtract his birth year from the year he won the championship: 1999 - 1980 = 19. 
Final Answer: 19",<num_years>
1057,How old was Sam Snead when he turned professional?,21,golf,70,"To find out how old Sam Snead was when he turned professional, we need to know his birth year and the year he turned professional. The table does not provide his birth year directly, but it does provide his age at the time of death (89 years old) and the year of death (2002). 

We can calculate his birth year by subtracting his age from the year of death: 2002 - 89 = 1913.

Now that we know his birth year (1913) and the year he turned professional (1934), we can calculate his age at the time: 1934 - 1913 = 21.

Final Answer: 21",<num_years>
1058,How old was Scottie Pippen when he won a gold medal at the 1996 Atlanta Olympic Games?,31,nba,89,"To determine Scottie Pippen's age when he won a gold medal at the 1996 Atlanta Olympic Games, we need to calculate the difference between the year of the Olympics (1996) and his birth year (1965). 

1996 - 1965 = 31

Since the Olympics took place in the same year, and his birthday is on September 25, we need to consider if the Olympics happened before or after his birthday. The 1996 Atlanta Olympics took place from July 19 to August 4, 1996, which is before his birthday (September 25). 

So, when Scottie Pippen won the gold medal, he was 30 years old.
Final Answer: 30",<num_years>
1059,How old was Sead Hasanefendić when he worked as manager for GWD Minden in 2013?,65,handball,503,"Sead Hasanefendić was born on August 1, 1948. He worked as manager for GWD Minden in 2013. To find his age in 2013, subtract his birth year from 2013: 2013 - 1948 = 65.
Final Answer: 65",<num_years>
1060,When was the last year that Chuck Howley played in the Pro Bowl?,1971,rugby,74,"To find the last year Chuck Howley played in the Pro Bowl, look at the years he played in the Pro Bowl, which are listed as 1965-1969 and 1971. The most recent year among these is 1971.
Final Answer: 1971",yyyy
1061,How old was Smawley when he started playing for the St. Louis Bombers?,28,basketball,566,"To find Smawley's age when he started playing for the St. Louis Bombers, first find the year he started playing for them, which is 1946. Smawley was born on March 18, 1918. To find his age in 1946, subtract his birth year from 1946: 1946-1918=28. Since Smawley was born in March, he would have been 27 years old for most of 1946, but turned 28 later in the year.
Final Answer: 28",<num_years>
1062,How old was Stéphane Antiga the year he medaled in Argentina?,26,volleyball,588,"There is no information about Stéphane Antiga medaling in Argentina. However, the table does mention that he medaled in several other locations: Poland (2014), Curitiba (2017), Germany (2003), Turkey (2009), and Japan (2015). 
Since there is no information about Argentina, we cannot determine Stéphane Antiga's age during that time.
Final Answer: There is no information about Stéphane Antiga medaling in Argentina.",<num_years>
1063,How old was Stéphane Antiga when he won the FIVB World Championship?,38,volleyball,588,"Stéphane Antiga won the FIVB World Championship in 2014. He was born on 3 February 1976. To determine his age in 2014, subtract his birth year from the year he won the championship: 2014 - 1976 = 38. 
Final Answer: 38",<num_years>
1064,How old was Stephen Hawking when he died?,76,nobel,352,"To find out how old Stephen Hawking was when he died, we need to subtract his birth year from his death year. 
He was born on 8 January 1942 and died on 14 March 2018. 
2018 - 1942 = 76 years old.
Final Answer: 76",<num_years>
1065,"When was ""3 a.m. Eternal"" first released?","May 1, 1989",music,1071,"The table states that ""3 a.m. Eternal"" was released in May 1989 as the Pure Trance 2 version. 
Final Answer: May 1989","%B %d, %Y"
1066,When was the last year that Davy Jones competed in the Le Mans division?,1996,racing,517,"Davy Jones participated in the 24 Hours of Le Mans from 1988-1991 and then again in 1996. The last year he competed is 1996.
Final Answer: 1996",yyyy
1067,When was the last year that Dennis Erickson coached for an NFL team?,2004,nfl,540,"Dennis Erickson coached for the San Francisco 49ers from 2003 to 2004, which is the most recent NFL team he coached for. The last year he coached for an NFL team is 2004.
Final Answer: 2004",yyyy
1068,When was the last year that Dwayne Johnson competed in the ring professionally?,2019,wrestling,7,"Dwayne Johnson's years of activity in wrestling are listed as 1996-2004, 2011-2013, and 2016. The most recent year listed is 2016. Additionally, it is stated that he retired in 2019, but this does not necessarily mean he competed in 2019, only that he officially retired that year. Therefore, the last year he competed is likely 2016, given the provided information on his active years, and not 2019.
Final Answer: 2016",yyyy
1069,Which year did Charlotte Atkinson win the most medals combined?,2015,swimming,669,"To find out which year Charlotte Atkinson won the most medals combined, we need to count the number of medals she won in each year.

In 2011, she won 1 gold, 2 silver, and 1 bronze, for a total of 4 medals.
In 2013, she won 2 gold, 4 silver, and 1 bronze, for a total of 7 medals.
In 2015, she won 7 gold and 2 silver, for a total of 9 medals.
In 2018, she won 1 gold, for a total of 1 medal.

Since 9 medals is the highest number, the year she won the most medals combined is 2015.
Final Answer: 2015",yyyy
1070,How old was Stephen Hawking when he married his first wife in 1965?,23,nobel,352,"To find out how old Stephen Hawking was when he married his first wife in 1965, we need to subtract his birth year from the year he got married. 
Stephen Hawking was born on January 8, 1942. 
1965 - 1942 = 23
However, since his birthday is in January and he got married in the same year, we should consider if his birthday had passed in 1965 when he got married. Since the problem doesn't provide the exact date of marriage, we'll assume it could be anytime in 1965. If he got married before January 8, 1965, he would be 22 years old. If he got married after January 8, 1965, he would be 23 years old. 
Given the information available, we can say he was either 22 or 23 years old when he married his first wife in 1965.
Final Answer: 22 or 23 years old",<num_years>
1071,How long in months was Argentina's Men's football team ranked number one for the longest time?,12,national football team,1160,"Argentina was ranked number one from October 2007 to June 2008. This is approximately 9 months (October to June, with 8 full months in between and parts of 2 additional months).
Final Answer: 9 months",<num_months>
1072,How old was Stephen Hawking when he was awarded the BBVA Foundation Frontiers of Knowledge Award in 2015?,73,nobel,352,"To find the age of Stephen Hawking when he was awarded the BBVA Foundation Frontiers of Knowledge Award in 2015, we need to subtract his birth year from the award year and then account for his birthdate. 

Stephen Hawking was born on January 8, 1942. The award was given in 2015. 

2015 - 1942 = 73 years old.

Since his birthday is on January 8, and the award was given in the same year, we need to consider if his birthday had passed in 2015 before the award was given. The BBVA Foundation Frontiers of Knowledge Award is given in January, so his birthday (January 8) would have passed, making him 73 years old at the time of the award.
Final Answer: 73",<num_years>
1073,How old was Stephen Hawking when he wrote his thesis in 1966?,24,nobel,352,"Stephen Hawking was born on 8 January 1942. To find out how old he was in 1966, subtract his birth year from 1966: 1966 - 1942 = 24. 
Final Answer: 24",<num_years>
1074,Which year did Marina Alabau win a gold medal in the Olympic Games?,2012,sailor,688,"According to the table, Marina Alabau won a gold medal in the Olympic Games in 2012, specifically at the 2012 London Olympic Games in the RS:X event.
Final Answer: 2012",yyyy
1075,"Which year was ""Money Don't Matter 2 Night"" released?",1992,song,1075,"The release date of ""Money Don't Matter 2 Night"" is March 3, 1992. 
Final Answer: 1992",yyyy
1076,How old was Steve Austin when he began his professional wrestling career?,25,wrestling,13,"To find the age of Steve Austin when he began his professional wrestling career, we need to know his birth year and the year he started wrestling. Steve Austin was born on December 18, 1964, and he started wrestling on September 30, 1989. 

Since his birthday is in December and he started wrestling in September, we can subtract the years: 1989 - 1964 = 25. However, because his birthday is after the month he started wrestling, we need to subtract one more year from the result. 

So, Steve Austin was 24 years old when he began his professional wrestling career.
Final Answer: 24",<num_years>
1077,How many hours is the difference between the maximum and minimum estimated playing time?,1,game,1161,"To find the difference between the maximum and minimum estimated playing time in hours, first convert the times to just hours. The minimum time is 60 minutes, which is 1 hour. The maximum time is 120 minutes, which is 2 hours. Then, subtract the minimum time from the maximum time to get the difference: 2-1=1 hour.
Final Answer: 1",<num_hours>
1078,When was the last season that Benny McCoy played professionally?,1941,baseball,405,"To determine the last season that Benny McCoy played professionally, we need to look at the years he played for his teams. McCoy played for the Detroit Tigers from 1938 to 1939 and the Philadelphia Athletics from 1940 to 1941. Since 1941 is the most recent year listed, it is the last season he played professionally.
Final Answer: 1941",yyyy
1079,How old was Steve Austin when he originally retired from professional wrestling?,38,wrestling,13,"To determine how old Steve Austin was when he originally retired, we need to know his birthdate and the date of his original retirement. Steve Austin was born on December 18, 1964, and he originally retired on March 30, 2003. 

To find the age, subtract the birth year from the retirement year: 2003 - 1964 = 39. However, since his birthday is on December 18 and he retired on March 30, he had not had his birthday in 2003 yet. 

So, at the time of his original retirement, Steve Austin was 38 years old.
Final Answer: 38",<num_years>
1080,When was the last time that B. J. Neufeld won any type of medal?,2022,curling,281,"To find the last time B. J. Neufeld won any type of medal, we need to look at the medal information provided in the table. 

B. J. Neufeld won a silver medal at the 2019 World Men's Curling Championship. 
He also won a bronze medal at the 2021 Canadian Olympic Curling Trials and a silver medal at the 2021 Tim Hortons Brier.

Since 2021 is more recent than 2019, the last time B. J. Neufeld won any type of medal was in 2021.
Final Answer: 2021",yyyy
1081,How old was Steve Austin when he started his wrestling career?,25,wrestling,13,"To determine how old Steve Austin was when he started his wrestling career, we need to know his birthdate and the date he started wrestling. Steve Austin was born on December 18, 1964, and he started his wrestling career on September 30, 1989. 

First, calculate the difference in years: 1989 - 1964 = 25 years.

Since his birthday is on December 18 and he started wrestling on September 30, he had not had his birthday in 1989 yet. Therefore, he was 24 years old when he started his wrestling career.
Final Answer: 24",<num_years>
1082,"Which year was Ambassadors Group, Inc. founded?",1967,website,600,"The table states that Ambassadors Group, Inc. was founded in 1967 in Spokane, Washington.
Final Answer: 1967",yyyy
1083,Which year was the 11th Annual Honda Civic Tour held?,2012,concert,1034,"The table lists the Honda Civic concert chronology, which includes the 11th Annual Honda Civic Tour, the 12th Annual Honda Civic Tour, and the 13th Annual Honda Civic Tours, along with their respective years. According to this chronology, the 11th Annual Honda Civic Tour was held in 2012.
Final Answer: 2012",yyyy
1084,How old was Steve Jobs when he married Laurene Powell in 1991?,36,person,353,"To determine Steve Jobs' age when he married Laurene Powell in 1991, we need to subtract his birth year from the year he got married. 
Steve Jobs was born on February 24, 1955. 
He married Laurene Powell in 1991. 
1991 - 1955 = 36.
Since Steve Jobs was born in February and got married in the same year, he was 36 years old when he married Laurene Powell.
Final Answer: 36",<num_years>
1085,How old was Steve Jobs when he married Laurene Powell?,36,person,353,"To find out how old Steve Jobs was when he married Laurene Powell, we need to know the year they got married and Steve Jobs' birth year. Steve Jobs was born in 1955 and married Laurene Powell in 1991. To get the age, subtract the birth year from the marriage year: 1991-1955=36.
Final Answer: 36",<num_years>
1086,How old was the church when it initially closed?,166,church,715,"The church was completed in 1707 and initially closed in 1873. To find the age of the church when it initially closed, subtract the completion year from the closure year: 1873 - 1707 = 166.
Final Answer: 166 years old",<num_years>
1087,Which year was the Coordination Center for Ethnic Germans formed?,1937,agency,1139,"The Coordination Center for Ethnic Germans was formed circa 1937.
Final Answer: 1937",yyyy
1088,How old was the church when it was consecrated?,242,church,715,"The church was founded in the 13th century and consecrated on July 31, 1949. To find the age of the church when it was consecrated, we need to calculate the number of years between the 13th century and 1949.

The 13th century started in 1201 and ended in 1300. Let's assume the church was founded around the middle of the century, which is approximately 1250.

Now, subtract the founding year from the consecration year: 1949 - 1250 = 699 years.

Final Answer: 699 years",<num_years>
1089,How old was the Constitution when the 2021 Myanmar Spring Revolution took place?,13,current war,964,"The 2021 Myanmar Spring Revolution took place starting on 2 February 2021. The Constitution in question is the 2008 Constitution. To find the age of the Constitution in 2021, subtract the year it was established (2008) from the year of the revolution (2021): 2021 - 2008 = 13.
Final Answer: 13",<num_years>
1090,How old was Theo Bot when he first served in active duty in the East Indies Army?,29,person,915,"To find out how old Theo Bot was when he first served in active duty, we need to know his birth year and the year he started active duty. Theo Bot was born on July 20, 1911. He served in active duty from 1940 to 1942. Therefore, when he started active duty in 1940, he was 29 years old.
Final Answer: 29",<num_years>
1091,When was the most recent year in which Shi Yuqi won a medal?,2021,badminton,166,"To find the most recent year in which Shi Yuqi won a medal, we need to examine the information provided for each competition. 

The World Championships section lists 2018 as the year Shi Yuqi won a medal. 
The Sudirman Cup section lists 2021 as the year Shi Yuqi won a medal.
The Thomas Cup section lists 2020 as the year Shi Yuqi won a medal.
The Asian Games section lists 2018 as the year Shi Yuqi won a medal.
The Asian Championships section lists 2019 as the year Shi Yuqi won a medal.
The Asia Mixed Team Championships section lists 2017 as the year Shi Yuqi won a medal.
The Asia Team Championships section lists 2018 as the year Shi Yuqi won a medal.
The Youth Olympic Games section lists 2014 as the year Shi Yuqi won a medal.
The World Junior Championships section lists 2014 as the year Shi Yuqi won a medal.
The Asian Youth Games section lists 2013 as the year Shi Yuqi won a medal.
The Asian Junior Championships section lists 2014 as the year Shi Yuqi won a medal.

Comparing all the years listed, the most recent year in which Shi Yuqi won a medal is ",yyyy
1092,How many months ago did Australia play their last ODI?,6,cricket team,1164,"The current date is assumed to be December 2022, and Australia played their last ODI on 24 June 2022. To calculate how many months ago the last ODI was played, we need to find the difference between December 2022 and June 2022. 
December - June = 6 months.
Final Answer: 6",<num_months>
1093,How old was Theo Bot when he last served as Permanent Representative of the Netherlands to the IAEA?,65,person,915,"Theo Bot was born on July 20, 1911, and served as Permanent Representative of the Netherlands to the IAEA from July 1, 1973, to August 1, 1976. To find his age when he last served in this position, calculate his age in 1976. 
1976 - 1911 = 65 years old. 
However, since his birthday is July 20 and he left the position on August 1, he would have had his birthday before leaving, so he was 65 years old.
Final Answer: 65",<num_years>
1094,How old was Theo Bot when he married Elisabeth van Hal?,25,person,915,"Theo Bot was born on 20 July 1911 and married Elisabeth van Hal in 1936. To find the age of Theo Bot at the time of marriage, subtract the birth year from the marriage year: 1936 - 1911 = 25.
Final Answer: 25",<num_years>
1095,How old was Thiago Alves when he won gold in the Pan American Games in 2011?,25,volleyball,96,"Thiago Alves was born on July 26, 1986. He won gold in the Pan American Games in 2011. To find his age in 2011, subtract his birth year from 2011: 2011-1986=25. Since his birthday is in July and the Pan American Games took place before or in July (it took place from October 14 to October 30 for volleyball but the question does not provide this information), he was 25 years old when he won gold.
Final Answer: 25",<num_years>
1096,How old was Thiago Alves when he won his first medal at the Olympic Games in 2012?,26,volleyball,96,"Thiago Alves was born on July 26, 1986. He won his first Olympic medal in 2012. To find his age in 2012, subtract his birth year from the year he won the medal: 2012 - 1986 = 26.
Final Answer: 26",<num_years>
1097,How old was Thomas Eakins when he died?,71,painter,356,"To find out how old Thomas Eakins was when he died, we need to subtract his birth year from his death year. Thomas Eakins was born on July 25, 1844, and died on June 25, 1916. 
1916 - 1844 = 72. However, since his birthday is July 25 and he died on June 25, he was 71 years old when he died.
Final Answer: 71",<num_years>
1098,Which year was the Delaware Extension closed for the Pennsylvania Railroad?,1968,rail line,1094,"The table states that the Delaware Extension was closed for the Pennsylvania Railroad in 1968.
Final Answer: 1968",yyyy
1099,Which year was the Delaware Extension first opened?,1862,rail line,1094,"The Delaware Extension was first opened in 1862 as part of the Pennsylvania Railroad.
Final Answer: 1862",yyyy
1100,"How old was Thomas Eakins when he painted ""Max Schmitt in a Single Scull""?",27,painter,356,"To determine how old Thomas Eakins was when he painted ""Max Schmitt in a Single Scull"", we need to know the year he painted it and his birth year. ""Max Schmitt in a Single Scull"" was painted in 1871, and Thomas Eakins was born in 1844. To find the age, subtract the birth year from the painting year: 1871 - 1844 = 27.
Final Answer: 27",<num_years>
1101,How old was Timo Glock when he participated in Formula BMW in 2001?,19,car driver,523,"Timo Glock was born on March 18, 1982. He participated in Formula BMW in 2001. To find his age in 2001, subtract his birth year from the year he participated in Formula BMW: 2001 - 1982 = 19. Since his birthday is in March, he would have been 18 for most of 2001 and turned 19 in March.
Final Answer: 18/19 years old",<num_years>
1102,How old was Timoshenko when he began skating?,5,figure skating,735,"Daria Timoshenko began skating in 1985. She was born on August 1, 1980. To find her age when she started skating, subtract her birth year from the year she began skating: 1985 - 1980 = 5.
Final Answer: 5",<num_years>
1103,How old was Tony Stewart when he began his IndyCar Series career?,25,racing,272,"Tony Stewart began his IndyCar Series career in 1996. He was born on May 20, 1971. To find his age in 1996, subtract his birth year from the year he started his IndyCar Series career: 1996 - 1971 = 25. 
Final Answer: 25",<num_years>
1104,How old was Tony Stewart when he won his first NASCAR Series race in 2002?,31,racing,272,"Tony Stewart won his first NASCAR Series race in 1999, not 2002. However, the table does mention that he won the Virginia Is For Lovers 200 in 2002, which is a NASCAR Camping World Truck Series race. 
To find out how old he was when he won his first NASCAR Series race, we should look at the year he won his first NASCAR Cup Series race. The first win was in 1999 at the Exide NASCAR Select Batteries 400. 
Tony Stewart was born on May 20, 1971. The Exide NASCAR Select Batteries 400 occurred in 1999. 
To find the age, subtract the birth year from the year of the first win: 1999 - 1971 = 28.
Then consider the month and day of birth and the month and day of the first win. The first win occurred before Stewart's birthday in 1999. Therefore, when he won his first NASCAR Cup Series race, he was 27 years old.
Final Answer: 27",<num_years>
1105,Which year was the first launch?,1977,launchpad,629,"There are two launchpads, Site 200/39 and Site 200/40, and each has its own first launch year. The first launch for Site 200/39 occurred on 20 February 1980, and the first launch for Site 200/40 occurred on 23 July 1977. Since 1977 is earlier than 1980, the first launch overall occurred in 1977.
Final Answer: 1977",yyyy
1106,How old was Wang Xiaoli when she won her first gold medal at the Asian Junior Championships in 2006?,17,badminton,174,"Wang Xiaoli was born on June 24, 1989. She won her first gold medal at the Asian Junior Championships in 2006. To find her age in 2006, subtract her birth year from the year she won the medal: 2006 - 1989 = 17. 
Final Answer: 17",<num_years>
1107,Which year was the last launch?,2021,launchpad,629,"To determine the year of the last launch, we need to look at the launch history of both Site 200/39 and Site 200/40. Site 200/39 had its last launch on 13 December 2021, while Site 200/40 had its last launch on 31 March 1991. Since 2021 is more recent than 1991, the last launch overall occurred in 2021.
Final Answer: 2021",yyyy
1108,How old was Watanjar when he took office as Minister of Defence?,44,office holder,913,"Aslam Watanjar took office as Minister of Defence on two separate occasions: April 1979 and 6 March 1990. 

In April 1979, Watanjar was born in 1946, so he was approximately 33 years old.

On 6 March 1990, Watanjar was approximately 44 years old.

Since the question asks for his age when he took office as Minister of Defence without specifying the occasion, both ages are possible answers. However, the question seems to be asking for a single age, so it is likely asking for his age at his first term as Minister of Defence.
Final Answer: 33 years old",<num_years>
1109,How old was Young when he made his MLB debut?,21,baseball,401,"Babe Young made his MLB debut on September 26, 1936. He was born on July 1, 1915. To find his age at the time of his debut, subtract his birth year from the year of his debut: 1936 - 1915 = 21. Then, consider the months: July (his birth month) comes before September (the month of his debut), so he was 21 years old when he made his debut.
Final Answer: 21",<num_years>
1110,How old was Zumla when he won the Mahathir Science Award?,65,scientist,364,"Alimuddin Zumla was born on May 15, 1955, and won the Mahathir Science Award in 2020. To determine his age at the time of the award, subtract his birth year from the award year: 2020 - 1955 = 65. Since the award was given in 2020, and his birthday is in May, he would have been 65 years old when he won the award.
Final Answer: 65",<num_years>
1111,"Which year was the movie ""Zoe Jane"" released?",2004,album,942,"There is no information in the table about a movie called ""Zoe Jane"". The table appears to be about the album ""14 Shades of Grey"" by Staind, and ""Zoe Jane"" is listed as one of the singles from the album, released on April 5, 2004. It is a song, not a movie.
Final Answer: There is no movie ""Zoe Jane"" mentioned in the table.",yyyy
1112,Over how many years did Antonio Mohamed play for the national team?,3,footballer,36,"Antonio Mohamed played for the Argentina U20 team in 1989 and the Argentina team in 1991. The difference between these years is 1991 - 1989 = 2 years.
Final Answer: 2 years",<num_years>
1113,When was the most recent year that Henrieta Farkašová won a medal at the World Championships?,2021,skier,791,"To determine the most recent year that Henrieta Farkašová won a medal at the World Championships, examine the years listed for the IPC Alpine Skiing World Championships. The years are: 2009, 2011, 2013, 2017, 2019, and 2021. The most recent year is 2021.
Final Answer: 2021",yyyy
1114,Over how many years did Casey Mears participate in the NASCAR Xfinity Series?,10,martial artist,264,"Casey Mears participated in the NASCAR Xfinity Series from 2001 to 2017. To find the number of years, subtract the start year from the end year and add 1 (since both years are inclusive): 2017 - 2001 + 1 = 17. However, the table also explicitly states he ran over 10 years in the NASCAR Xfinity Series, which directly answers the question.
Final Answer: 10 years",<num_years>
1115,Over how many years did Emmitt Smith play for the Dallas Cowboys?,13,rugby,558,"Emmitt Smith played for the Dallas Cowboys from 1990 to 2002. To find out how many years he played for the Cowboys, subtract the start year from the end year and then add 1: 2002-1990+1=13.
Final Answer: 13 years",<num_years>
1116,Which year was the Satish Dhawan Space Centre named?,2002,launchpad,628,"The table does not provide information on when the Satish Dhawan Space Centre was named. It does provide information on the first launch, which occurred on 9 August 1979, but it does not mention when the centre was named.
Final Answer: The table does not provide this information.",yyyy
1117,Which year was the Victorian Regional Channels Authority founded?,2004,agency,1143,"The Victorian Regional Channels Authority was formed on April 1, 2004.
Final Answer: 2004",yyyy
1118,Over how many years did Zinedine Zidane play in his senior career?,16,footballer,40,"To find out how many years Zinedine Zidane played in his senior career, we need to look at the years he played for each team. The years of his senior career are: 
1989-1992 (4 years, but only 3 years are completely within this range) 
1992-1996 (4 years) 
1996-2001 (5 years) 
2001-2006 (5 years)

Now, add the years of each range together: 
1989-1992 is 1989, 1990, 1991, and 1992, for 4 years (but only 3 are completely within the range). 
1992-1996 is 1992, 1993, 1994, 1995, and 1996, for 5 years. 
1996-2001 is 1996, 1997, 1998, 1999, 2000, and 2001, for 6 years. 
2001-2006 is 2001, 2002, 2003, 2004, 2005, and 2006, for 6 years.

However, simply adding the years in each range would",<num_years>
1119,"While at work in 1949, how old was Faith?",41,musician,472,"Percy Faith was born on April 7, 1908. In 1949, to find his age, subtract his birth year from the year in question: 1949-1908=41. Since the photo was taken while he was at work in 1949, his age at that time would be 41 years old.
Final Answer: 41",<num_years>
1120,How many months ago was Ingenuity deployed to Mars?,15,space probe,1206,"To find the number of months since Ingenuity was deployed, first find the difference in years between the current year and the deployment year. The current year is 2022 and the deployment year is 2021. The difference in years is 2022-2021=1 year. Since there are 12 months in a year, there are 1*12=12 months in 1 year. Next, find the difference in months between the current month and the deployment month. The deployment month is April and the current month is December. April is the 4th month and December is the 12th month. The difference in months is 12-4=8 months. Since 12 months have passed from the previous year, add the 8 months from this year and the 12 months from the previous year to get a total of 12+8=20 months, but since the deployment occurred in April, and the current month is December of the following year, the correct total is 12+8, but 4 months of the 12 have already passed in the deployment year before December, so we must subtract those 4, for 12-4=8, and then add the 8, for 8+8=20",<num_months>
1121,How many days was Mohammad Yamin Minister of Law?,342,office holder,861,"Mohammad Yamin was the Minister of Law from 27 April 1951 to 3 April 1952. To find the number of days, first calculate the number of days in 1951: from April 27 to December 31, there are 249 days (since 31-27+1 = 5 days in April, 31 days in May, 30 days in June, 31 days in July, 31 days in August, 30 days in September, 31 days in October, 30 days in November, and 31 days in December). Then, calculate the number of days in 1952: from January 1 to April 3, there are 94 days (since 31 days in January, 28 days in February (leap years have 29 days, but 1952 is a leap year and the time period only goes up to April, which is after February), 31 days in March, and 3 days in April). Now add the days in 1951 and 1952: 249+94=343 days.
Final Answer: 343 days",<num_days>
1122,How long in months did it take for Ingenuity to go from deployment to its last flight?,14,space probe,1206,"To calculate the time between deployment and the last flight in months, first determine the dates of these events. Ingenuity was deployed on April 3, 2021, and its last flight was on June 11, 2022. 

The time between April 3, 2021, and June 11, 2022, can be broken down as follows: 
- From April 3, 2021, to December 31, 2021, is approximately 9 months (the remaining 8 months of 2021).
- From January 1, 2022, to June 11, 2022, is approximately 5 months (since June is the 6th month and we're considering up to the 11th day).

So the total time is 9 months (for the rest of 2021) + 5 months (for the first part of 2022) = 14 months.

Final Answer: 14 months",<num_months>
1123,How long in months did it take for Ingenuity to go from deployment to its first flight?,16,space probe,1206,"Ingenuity was deployed on April 3, 2021, and its first flight was on April 19, 2021. To find the number of months between these two dates, first find the number of days: April has 30 days, so 19 - 3 = 16 days. Since the months are the same, the number of months is 0 (remaining within the same month) and the number of days is 16. However, to express the duration in months, convert the days into a fraction of a month by dividing the days by the total number of days in the month (30) and then simplify if needed. 
16 days / 30 days per month = 0.53 months, rounded to two decimal places.
Final Answer: 0.53 months",<num_months>
1124,How long in months was it between the day of Ingenuity's first flight and its last flight?,2,space probe,1206,"To find the number of months between Ingenuity's first and last flights, we need to calculate the time difference between the two dates.

The first flight occurred on 19 April 2021, and the last flight occurred on 11 June 2022.

From April 2021 to April 2022 is 12 months. Then from April 2022 to June 2022 is an additional 2 months.

So, in total, the time between the first and last flights is 12 + 2 = 14 months.
Final Answer: 14 months",<num_months>
1125,What age was Melissa Coates when she debuted at the IFBB Jan Tana Classic?,25,body builder,806,"Melissa Coates debuted at the IFBB Jan Tana Classic in 1996. She was born on June 18, 1971. To find her age in 1996, subtract her birth year from the year of the debut: 1996 - 1971 = 25. 
Final Answer: 25",<num_years>
1126,"How many days was the 12th Annual Honda Civic Tour held starting from August 1, 2013?",66,concert,1034,"To determine the number of days the tour was held, we need to calculate the difference between the start date (August 1, 2013) and the end date (October 6, 2013).

August has 31 days, so from August 1 to August 31, there are 31 days.
September has 30 days.
From October 1 to October 6, there are 6 days.

Total days = 31 (August) + 30 (September) + 6 (October) = 67 days

The 12th Annual Honda Civic Tour was held for 67 days, starting from August 1, 2013.
Final Answer: 67 days",<num_days>
1127,How many months after deployment did it take for Ingenuity to travel 7.17 km?,14,space probe,1206,"Ingenuity was deployed on April 3, 2021, and it traveled 7.17 km by June 11, 2022. To find the number of months between these two dates, first find the difference in years: 2022-2021 = 1 year. Then, find the difference in months from April to June, which is approximately 2 months (since April to December is 8 months and January to June is 6 months, 8 + 6 = 14 months for the whole year, and 14 - 12 = 2, for the 2 months from April to June, but also considering the whole year that has passed). Add these two numbers together: 12 months (1 year) + 2 months = 14 months.
Final Answer: 14 months",<num_months>
1128,How many days was the Better Day World Tour held in 2011?,137,concert,1054,"The tour started on July 17, 2011, and ended on December 1, 2011. To calculate the number of days, first find the number of days in July after the 17th: 31 - 17 + 1 = 15. Then add the days in the remaining months: August (31), September (30), October (31), November (30), and December (1). The total number of days is: 15 + 31 + 30 + 31 + 30 + 1 = 138.
Final Answer: 138 days",<num_days>
