id,question,answer,category,table_id,output,answer_format
0,At what age can an Australian both serve and be deployed in the Australian Defence Force?,18,army,1116,"To determine at what age an Australian can both serve and be deployed in the Australian Defence Force, we need to look at the ""Military age"" information provided in the Personnel section of the table.

The ""Military age"" row provides different ages for various stages:
- 16.5 years (for selection)
- 17 years (to serve)
- 18 years (to deploy)
- 19 years (for special forces deployment)

From this information, we see that:
- An individual can start serving at 17 years old.
- An individual can begin deploying at 18 years old.

Since the question asks for the age when one can both serve and be deployed, the relevant age here is the higher of these two, which is 18 years old.

Final Answer: 18 years old",<num_years>
1,"After 2024, what year after will the next celebration of Purim occur?",2025,holiday,206,"To determine the next year after 2024 when Purim will be celebrated, we need to understand that Purim is an annual event. This means it occurs every year without skipping any years.

The given dates for Purim show that it moves around within the Gregorian calendar due to its alignment with the Hebrew calendar, but it still happens once every year. Therefore, the next occurrence of Purim after 2024 will simply be in 2025.

Final Answer: The next celebration of Purim after 2024 will occur in 2025.",yyyy
2,"At what age can an Australian first be selected, serve, be deployed, and be eligible for selective service in the Australian Defence Force?",19,army,1116,"The question asks about four different ages related to joining and serving in the Australian Defence Force:

1. **Selection**: The table states that the military age for selection is 16.5 years.
2. **Serving**: To actually serve in the military, one must be 17 years old.
3. **Deployment**: For general deployment, the required age is 18 years.
4. **Special Forces Deployment**: For being eligible for special forces deployment, the required age is 19 years.

Combining these details:

- An Australian can first be selected at 16.5 years.
- They can start serving at 17 years.
- They become deployable at 18 years.
- They are eligible for special forces deployment at 19 years.

Final Answer: An Australian can first be selected at 16.5 years, start serving at 17 years, be deployed at 18 years, and be eligible for special forces deployment at 19 years.",<num_years>
3,At what age did Brian Lara play for Southern Rocks?,41,cricket,528,"To determine the age at which Brian Lara played for Southern Rocks, we need to follow these steps:

1. Identify when Brian Lara played for Southern Rocks.
2. Find out his birth year.
3. Calculate his age during that time.

Step 1: From the ""Domestic team information"" section, we can see that Brian Lara played for Southern Rocks in 2010.

Step 2: The ""Personal information"" section states that Brian Lara was born on 2 May 1969.

Step 3: To calculate his age in 2010:
   - Subtract the birth year from the year he played for Southern Rocks: 2010 - 1969 = 41 years
   - Since his birthday is on 2 May, and assuming the match or season started before May, we don't need to adjust for partial years.

Therefore, Brian Lara was 41 years old when he played for Southern Rocks.

Final Answer: Brian Lara was 41 years old when he played for Southern Rocks.",<num_years>
4,At what age did Brian Lara play his last ODI?,37,cricket,528,"To find out at what age Brian Lara played his last ODI, we need to follow these steps:

1. Identify the date of Brian Lara's last ODI.
2. Determine Brian Lara's birth year.
3. Calculate his age during his last ODI.

Step 1: The table provides the date of Lara's last ODI as 21 April 2007.

Step 2: According to the personal information section, Brian Lara was born on 2 May 1969.

Step 3: To calculate his age during his last ODI, we subtract his birth year from the year of the last ODI:
2007 - 1969 = 38 years

However, since his birthday is on May 2nd, and the ODI was played on April 21st, he had not yet turned 38 that year. Therefore, he was 37 years old when he played his last ODI.

Final Answer: Brian Lara was 37 years old when he played his last ODI.",<num_years>
5,What year did Jenson Button first participate in the Australian Grand Prix?,2000,f1,0,"The question asks for the year when Jenson Button first participated in the Australian Grand Prix.

From the information provided in the table under ""Formula One World Championship career,"" we can see the row labeled ""First entry"" which states ""2000 Australian Grand Prix.""

Therefore, the year Jenson Button first participated in the Australian Grand Prix was 2000.

Final Answer: 2000",yyyy
6,At what age did Chiyonofuji Mitsugu retire?,36,sumo,131,"To determine the age at which Chiyonofuji Mitsugu retired, we need to follow these steps:

1. Identify Chiyonofuji's birth year from the personal information.
   - Born: June 1, 1955

2. Determine the month and year of his retirement from the career information.
   - Retired: May, 1991

3. Calculate the age at retirement:
   - From June 1, 1955 to May, 1991, he would be 35 years old, but since he retired before his birthday in May, he was 35 years old when he retired.

Final Answer: Chiyonofuji Mitsugu retired at the age of 35.",<num_years>
7,After what age does the most common onset of gallbladder cancer occur?,65,disease,1201,"The question asks for the age above which gallbladder cancer usually begins to appear (""usual onset"").

From the information provided in the table under the ""Usual onset"" row, it states ""Above 65 years old"".

Therefore, the most common onset of gallbladder cancer occurs above the age of 65.

Final Answer: Above 65 years old",<num_years>
8,After what date was Hurricane Gaston on land?,"August 29, 2004",cyclone,957,"To determine when Hurricane Gaston made landfall, let's analyze the information provided in the table:

1. The hurricane formed on August 27, 2004.
2. It dissipated on September 3, 2004.
3. One of the images provided shows ""Gaston 2004-08-29 0710Z.jpg | Hurricane Gaston shortly after moving ashore on August 29"".
4. This image caption explicitly states that the hurricane moved ashore on August 29.

Based on this information, we can conclude that Hurricane Gaston was on land after August 29, 2004.

Final Answer: Hurricane Gaston was on land after August 29, 2004.","%B %d, %Y"
9,"After winning a bronze medal at the 2001 Mediterranean Games, in which year did Alejandro Valverde next win a medal at the World Championships?",2003,cycling,99,"First, we need to identify the relevant information from the table. We're looking for Alejandro Valverde's medal-winning years at the World Championships after his bronze medal at the 2001 Mediterranean Games.

From the ""World Championships"" section:
- The first medal listed after 2001 is a silver medal in 2003.
- This is the earliest subsequent medal he won after 2001.

Therefore, the answer is 2003.

Final Answer: 2003",yyyy
10,Around which year will the next orbital period begin starting from the time of perihelion?,2206,planet,1138,"To determine when the next orbital period will begin, we need to add one complete orbital period to the time of perihelion provided in the table.

Step 1: Identify the time of perihelion.
The time of perihelion is given as 2042-Sep-04.

Step 2: Identify the orbital period.
The orbital period is given as 164.8 years.

Step 3: Add the orbital period to the time of perihelion.
Since the orbital period is 164.8 years, we add this duration to the time of perihelion. The next orbital period will begin on 2042-Sep-04 + 164.8 years.

Step 4: Calculate the exact date.
Adding 164.8 years to 2042 results in 2206.8 years. Since we cannot have a fraction of a year in a calendar date, we round up to the next whole year, which is 2207.

Final Answer: The next orbital period will begin around the year 2207.",yyyy
11,"Between 2021 and 2024, how many years does Mardi Gras take place in February?",3,holiday,218,"To find out how many years between 2021 and 2024 Mardi Gras takes place in February, let's analyze the provided dates for each year:

- In 2021, Mardi Gras was on 16 February.
- In 2022, Mardi Gras was on 1 March.
- In 2023, Mardi Gras will be on 21 February.
- In 2024, Mardi Gras will be on 13 February.

Now, we count the number of times Mardi Gras falls in February:
- 2021: Yes
- 2022: No
- 2023: Yes
- 2024: Yes

So, Mardi Gras takes place in February in 2021, 2023, and 2024.

Final Answer: Between 2021 and 2024, Mardi Gras takes place in February in 3 years.",<num_years>
12,"Between 2021 and 2024, which year does Purim occur the earliest in the year?",2021,holiday,206,"To determine in which year between 2021 and 2024 Purim occurs the earliest in the year, we need to compare the dates provided for each year:

- In 2021, Purim was from Sunset, 25 February to nightfall, 26 February.
- In 2022, Purim was from Sunset, 16 March to nightfall, 17 March.
- In 2023, Purim was from Sunset, 6 March to nightfall, 7 March.
- In 2024, Purim was from Sunset, 23 March to nightfall, 24 March.

February comes before March in the calendar, so any dates in February will be earlier than those in March. Therefore, the earliest date among these is in February 2021.

Final Answer: The earliest occurrence of Purim between 2021 and 2024 is in 2021.",yyyy
13,"Between 2021 and 2024, which year does Purim occur the latest in the year?",2024,holiday,206,"To determine in which year between 2021 and 2024 Purim occurs the latest in the year, we need to compare the dates for each year provided in the table.

- For 2021, Purim was from Sunset, 25 February to nightfall, 26 February.
- For 2022, Purim was from Sunset, 16 March to nightfall, 17 March.
- For 2023, Purim was from Sunset, 6 March to nightfall, 7 March.
- For 2024, Purim was from Sunset, 23 March to nightfall, 24 March.

Comparing these dates:
- February 25-26 is earlier than any March date.
- Among the March dates, March 23-24 is the latest.

Therefore, Purim occurs the latest in the year 2024.

Final Answer: 2024",yyyy
14,"Between 2021 and 2024, which year does Sukkot occur earliest in the year?",2021,holiday,219,"To determine which year Sukkot occurs earliest in the year between 2021 and 2024, we need to compare the dates for each year provided in the table.

- For 2021, Sukkot begins on Sunset, 20 September.
- For 2022, Sukkot begins on Sunset, 9 October.
- For 2023, Sukkot begins on Sunset, 29 September.
- For 2024, Sukkot begins on Sunset, 16 October.

Now let's order these dates from earliest to latest:
1. 2021: 20 September
2. 2023: 29 September
3. 2022: 9 October
4. 2024: 16 October

From this comparison, it's clear that Sukkot occurs earliest in the year 2021.

Final Answer: 2021",yyyy
15,"Between 2021 and 2024, which year does Sukkot occur latest in the year?",2024,holiday,219,"To determine which year Sukkot occurs latest in the year between 2021 and 2024, we need to compare the end dates of Sukkot for each of these years.

- For 2021, Sukkot ends on nightfall, 27 September (or 28 September outside of Israel).
- For 2022, Sukkot ends on nightfall, 16 October (or 17 October outside of Israel).
- For 2023, Sukkot ends on nightfall, 6 October (or 7 October outside of Israel).
- For 2024, Sukkot ends on nightfall, 23 October (or 24 October outside of Israel).

Comparing these end dates:
- The earliest end date is 6 October 2023.
- The latest end date is 23 October 2024.

Therefore, Sukkot occurs latest in the year in 2024.

Final Answer: Sukkot occurs latest in the year in 2024.",yyyy
16,By how many days did the Black Friday dates differ between 2022 and 2021?,1,holiday,214,"To find out by how many days the Black Friday dates differed between 2022 and 2021, we need to compare the specific dates for each year.

From the table:
- The Black Friday date for 2021 was November 26.
- The Black Friday date for 2022 was November 25.

Now, let's calculate the difference:
- Both years fall in November.
- In 2021, it was on the 26th.
- In 2022, it was on the 25th.

The difference is one day.

Final Answer: The Black Friday dates differed by one day between 2022 and 2021.",<num_days>
17,By how many days did the National Election Day dates differ in 2022 and 2023?,1,holiday,209,"To find out by how many days the National Election Day dates differed between 2022 and 2023, we need to follow these steps:

1. Identify the date of National Election Day for both years.
   - For 2022, the date is November 8.
   - For 2023, the date is November 7.

2. Calculate the difference between the two dates.
   - Since both dates fall on different days of the same month, we can simply subtract one day from the other.
   - The difference is 8 - 7 = 1 day.

Therefore, the National Election Day dates differed by 1 day in 2022 and 2023.

Final Answer: The National Election Day dates differed by 1 day in 2022 and 2023.",<num_days>
18,At what age did Dhanraj Pillay compete in his first Asian Games?,22,hockey,485,"To determine at what age Dhanraj Pillay competed in his first Asian Games, we need to follow these steps:

1. Identify Dhanraj Pillay's birth year from the personal information.
2. Find the earliest mentioned Asian Games participation year.
3. Calculate the age based on the difference between the participation year and birth year.

Step 1: From the ""Personal information"" section:
- Full name: Dhanraj Pillay
- Born: 16 July 1968

Step 2: From the ""Asian Games"" section:
- The earliest mentioned Asian Games is the Silver medal in 1990 Beijing.

Step 3: Calculating the age:
- Birth year: 1968
- First Asian Games: 1990
- Age in 1990 = 1990 - 1968 = 22 years old

Since he was born on July 16th, he would have turned 22 in 1990 if the games were after that date. Given that the Asian Games in Beijing took place in 1990, it is safe to assume he was 22 during that event.

Final Answer: Dhanraj Pillay was 22 years old when he competed in his first Asian Games.",<num_years>
19,At what age did Dhanraj Pillay join the National team?,21,hockey,485,"To determine at what age Dhanraj Pillay joined the national team, we need to follow these steps:

1. Identify Dhanraj Pillay's birth year from the personal information section.
2. Determine when he started playing for the national team from the national team section.
3. Calculate his age at the start of his national team career.

Step 1: From the Personal Information section:
- Dhanraj Pillay was born on July 16, 1968.

Step 2: From the National Team section:
- The earliest mention of his participation in the national team is 1989.

Step 3: Calculate his age in 1989:
- He would have turned 21 years old in July 1989 since he was born in 1968.

Therefore, Dhanraj Pillay joined the national team at the age of 21.

Final Answer: Dhanraj Pillay joined the national team at the age of 21.",<num_years>
20,At what age did Dhanraj Pillay play for Indian Gymkhana?,24,hockey,485,"To determine the age at which Dhanraj Pillay played for Indian Gymkhana, we need to follow these steps:

1. Find out when Dhanraj Pillay started playing for Indian Gymkhana from the ""Senior career"" section.
   - From the table, it shows he played for Indian Gymkhana from 1992 to 1993.

2. Determine Dhanraj Pillay's birth year from his ""Personal information"".
   - The table indicates he was born on July 16, 1968.

3. Calculate Dhanraj Pillay's age during the period he played for Indian Gymkhana.
   - For 1992: 1992 - 1968 = 24 years old.
   - For 1993: 1993 - 1968 = 25 years old.

Therefore, Dhanraj Pillay was 24-25 years old when he played for Indian Gymkhana.

Final Answer: Dhanraj Pillay was 24-25 years old when he played for Indian Gymkhana.",<num_years>
21,At what age did Don Bradman join his second domestic team?,27,cricket,527,"To find out at what age Don Bradman joined his second domestic team, we need to follow these steps:

1. Identify Don Bradman's birth year from the personal information.
2. Determine the years he played for his first domestic team.
3. Find out when he started playing for his second domestic team.
4. Calculate his age when he began playing for his second team.

Step 1: From the personal information, we see that Don Bradman was born on 27 August 1908.

Step 2: According to the domestic team information, his first team was New South Wales, which he played for from 1927/28 to 1933/34.

Step 3: His second domestic team was South Australia, starting in the season 1935/36.

Step 4: To calculate his age when he joined South Australia, we need to consider that the seasons run from June to May. So, the 1935/36 season would start in June 1935. Since he was born in 1908, we can calculate his age in June 1935:
   - He would have had his 27th birthday in August 1935.
   - Therefore, he would be 26 years old in June 1935.

Final Answer: Don Bradman joined his second domestic team, South Australia, at the age of 26.",<num_years>
22,At what age did Don Bradman play for the national side?,20,cricket,527,"To determine at what age Don Bradman played for the national side, we need to follow these steps:

1. Identify when Don Bradman started playing for the national side.
2. Determine Don Bradman's birth year.
3. Calculate his age by subtracting his birth year from the year he started playing for the national side.

Step 1: From the ""International information"" section of the table, we can see that Don Bradman's Test debut (which means his first game for the national side) was on 30 November 1928.

Step 2: In the ""Personal information"" section, it states that Don Bradman was born on 27 August 1908.

Step 3: To calculate his age when he made his debut, we subtract his birth year from the year of his debut:
1928 - 1908 = 20 years

Therefore, Don Bradman was 20 years old when he started playing for the national side.

Final Answer: Don Bradman was 20 years old when he started playing for the national side.",<num_years>
23,At what age did Don Bradman play his last Test?,40,cricket,527,"To find out at what age Don Bradman played his last Test, we need to follow these steps:

1. Identify Don Bradman's date of birth.
2. Determine the date of his last Test match.
3. Calculate the age based on these dates.

Step 1: From the personal information section, we see that Don Bradman was born on 27 August 1908.

Step 2: From the international information section, we learn that his last Test match was played on 18 August 1948.

Step 3: To calculate his age during his last Test match:
- Subtract the year of birth from the year of the last Test: 1948 - 1908 = 40 years.
- Since both the month and day (August 27) fall before August 18, he had already turned 40 years old by the time of his last Test match.

Therefore, Don Bradman was 40 years old when he played his last Test match.

Final Answer: Don Bradman was 40 years old when he played his last Test.",<num_years>
24,At what age did Eddy Merckx last win 34 individual stages at the Tour de France?,30,cycling,635,"First, let's identify the key information we need from the table to answer this question:

1. We're looking for Eddy Merckx's last win of 34 individual stages at the Tour de France.
2. The table provides a list of his achievements in the Tour de France under the ""Grand Tours"" section.

Now, let's examine the relevant information:

- Under the Tour de France section, it lists individual stage wins as: ""(1969-1972, 1974, 1975)""
- This means that he won stages in those years, but it doesn't specify how many he won each year.
- The question specifies 34 individual stages, but the table doesn't break down the number of stage wins per year.
- However, based on the years provided, the latest year mentioned is 1975.

Since the exact year when he won the 34th stage isn't specified, we can only determine the latest year he was winning stages at the Tour de France based on the information given.

Finally, we need to calculate Eddy Merckx's age in 1975:
- Born on 17 June 1945
- In 1975, he would have been 30 years old (as of December 1975).

Final Answer: Eddy Merckx was 30 years old when he last won individual stages at the Tour de France according to the information provided, though the exact count of 34 stages isn't specified yearly.",<num_years>
25,At what age did Eddy Merckx win gold at the 1964 World Championships?,19,cycling,635,"To determine Eddy Merckx's age when he won gold at the 1964 World Championships, we need to follow these steps:

1. Identify Eddy Merckx's birth year from the personal information section.
2. Calculate his age in 1964.

Step 1: From the ""Personal information"" section, we see that Eddy Merckx was born on 17 June 1945.

Step 2: To calculate his age in 1964:
- The difference between 1964 and 1945 is 19 years.
- Since the exact date of the event (Sallanches World Championships) isn't specified but it took place in 1964, we can assume it happened sometime during that year. Given Merckx's birthday is in June, he would have turned 19 in June 1964, making him 19 years old for most of the year.

Therefore, Eddy Merckx was 19 years old when he won gold at the 1964 World Championships.

Final Answer: Eddy Merckx was 19 years old when he won gold at the 1964 World Championships.",<num_years>
26,What year did Rubens Barrichello have his best finish in his Stock Car Brasil career?,2014,f1,51,"To find the year when Rubens Barrichello had his best finish in his Stock Car Brasil career, we should look for information related to his performance in this specific racing series.

From the provided data:
- Under ""Stock Car Brasil career,"" there is a row labeled ""Best finish in the championship.""
- The value associated with this label is ""1st in 2014.""

This indicates that Rubens Barrichello's best finish in the Stock Car Brasil championship was first place, and it occurred in the year 2014.

Final Answer: 2014",yyyy
27,At what age did Farag turn professional?,17,squash,106,"To determine at what age Ali Farag turned professional, we need to follow these steps:

1. Find Ali Farag's birth year from the information provided.
2. Find the year he turned professional.
3. Calculate his age when he turned professional by subtracting his birth year from the year he turned professional.

Step 1: From the table, Ali Farag's birth date is listed as 22 April 1992.

Step 2: According to the table, Ali Farag turned pro in 2009.

Step 3: Subtract his birth year from the year he turned professional:
2009 (year turned professional) - 1992 (birth year) = 17 years old

Therefore, Ali Farag turned professional at the age of 17.

Final Answer: 17",<num_years>
28,At what age did Gagan Ajit Singh win a medal at the Asian Games?,22,hockey,486,"To determine at what age Gagan Ajit Singh won a medal at the Asian Games, we need to follow these steps:

1. Identify the year when he won a medal at the Asian Games.
2. Calculate his age during that year based on his birth date.

Step 1: From the table, under ""Asian Games"", it states:
- Silver medal - second place | 2002 Busan | Team

So, he won a medal at the Asian Games in 2002.

Step 2: His birth date is given as 9 December 1980. To calculate his age in 2002:
- In 2002, from January to December, he would be 21 years old for most of the year.
- Since the event took place in Busan in late October, he had already turned 22 that year.

Therefore, Gagan Ajit Singh was 22 years old when he won a medal at the Asian Games.

Final Answer: Gagan Ajit Singh was 22 years old when he won a medal at the Asian Games.",<num_years>
29,At what age did Gagan Ajit Singh win a medal at the Champions Challenge?,21,hockey,486,"To determine the age of Gagan Ajit Singh when he won a medal at the Champions Challenge, we need to follow these steps:

1. Identify the year Gagan Ajit Singh won a medal at the Champions Challenge.
2. Calculate his age based on his birth year and the year of the medal win.

Step 1: Identifying the year of the Champions Challenge medal win
From the table:
- Gagan Ajit Singh won a gold medal at the Champions Challenge in 2001.

Step 2: Calculating his age
- Gagan Ajit Singh was born on December 9, 1980.
- The event took place in 2001.
- Since the exact date within the year isn't provided for the event, we'll assume it occurred after his birthday for simplicity. Thus, he would have turned 21 in that year.

Final Answer: Gagan Ajit Singh was 21 years old when he won a medal at the Champions Challenge.",<num_years>
30,At what age did Haguroyama Masaji achieve his highest rank?,26,sumo,137,"To determine the age at which Haguroyama Masaji achieved his highest rank, we need to follow these steps:

1. Identify his birth year and calculate his age when he achieved his highest rank.
2. Determine his highest rank and the year it was achieved.
3. Calculate the age based on the birth year and the year he achieved his highest rank.

Step 1: Birth Year and Age Calculation
- Born: November 18, 1914

Step 2: Highest Rank and Year Achieved
- Highest rank: Yokozuna
- Date achieved: May, 1941

Step 3: Calculate Age
To calculate the age in May 1941:
- From November 18, 1914, to November 18, 1941, is 27 years.
- Since he became Yokozuna in May 1941, he had already turned 27 that year.

Final Answer: Haguroyama Masaji achieved his highest rank of Yokozuna at the age of 27.",<num_years>
31,At what age did Haguroyama Masaji receive his highest ranking?,27,sumo,137,"To determine the age at which Haguroyama Masaji received his highest ranking, we need to follow these steps:

1. Identify the highest rank he achieved.
2. Find out when he achieved this rank.
3. Calculate his age at that time based on his birth year.

Step 1: The highest rank mentioned in the career section is Yokozuna, which is noted as his highest rank.

Step 2: According to the table, he achieved the Yokozuna rank in May 1941.

Step 3: Now, we calculate his age in May 1941. He was born on November 18, 1914. From November 18, 1914, to May 1941, he would be 26 years old.

Therefore, the final answer is:
Final Answer: 26",<num_years>
32,By how many days do the dates of Black Friday differ between 2021 and 2024?,3,holiday,214,"To find out how many days the dates of Black Friday differ between 2021 and 2024, we need to follow these steps:

1. Identify the date for Black Friday in 2021.
2. Identify the date for Black Friday in 2024.
3. Calculate the difference in days between these two dates.

Step 1: The date for Black Friday in 2021 is November 26, as stated in the table.

Step 2: The date for Black Friday in 2024 is November 29, according to the table information.

Step 3: To calculate the difference in days:
- Both dates are in the same month (November).
- Subtract the smaller day number from the larger one: 29 - 26 = 3 days.

Therefore, the dates of Black Friday differ by 3 days between 2021 and 2024.

Final Answer: 3 days",<num_days>
33,How many days after being completed was the Maori commissioned?,5,ship,1111,"To find out how many days passed between the completion and commissioning of HMS Maori, we need to look at the dates provided for these events in the 'History' section of the table.

- The ship was completed on 30 November 1938.
- The ship was commissioned on 5 December 1938.

Now, let's calculate the number of days:

- From 30 November to 31 December is 5 days (including both start and end dates).

Final Answer: 5 days",<num_days>
34,At what age did Haguroyama Masaji retire?,39,sumo,137,"To determine at what age Haguroyama Masaji retired, we need to follow these steps:

1. Identify the retirement date: According to the career section, Haguroyama Masaji retired in September, 1953.
2. Identify the birth date: From the personal information section, we know that he was born on November 18, 1914.
3. Calculate his age at retirement: To do this, we subtract the birth year from the retirement year and adjust for the month and day if necessary.

Let's break down the calculation:
- Retirement year: 1953
- Birth year: 1914
- Age in years: 1953 - 1914 = 39 years
- Since the retirement month (September) comes before the birth month (November), we don't add another year to the age.

Therefore, Haguroyama Masaji retired at the age of 39.

Final Answer: 39",<num_years>
35,At what age did Jenson Button become active in his career?,20,f1,259,"To determine at what age Jenson Button became active in his Formula One career, we need to look at two key pieces of information from the table:

1. His birth date.
2. The start of his active years in Formula One.

Step 1: Identify Jenson Button's birth date.
From the ""Born"" section, we can see that Jenson Button was born on 19 January 1980.

Step 2: Identify when he started his active years in Formula One.
From the ""Formula One World Championship career"" section, under ""Active years"", it states ""2000-2017"".

Step 3: Calculate his age when he started his career.
Since Jenson Button was born on January 19, 1980, and his active years began in 2000, we calculate his age as follows:
- In 1980, he was 0 years old.
- By the end of 1999, he would have turned 19 years old.
- Therefore, when he started his career in 2000, he was 20 years old.

Final Answer: Jenson Button became active in his career at the age of 20.",<num_years>
36,At what age did Jenson Button win his first Hungarian Grand Prix?,26,f1,259,"To find out at what age Jenson Button won his first Hungarian Grand Prix, we need to follow these steps:

1. Identify the year he won his first Hungarian Grand Prix.
2. Calculate his age based on his birth year.

Step 1: According to the information provided in the table, under the Formula One World Championship career section:
- The ""First win"" is listed as ""2006 Hungarian Grand Prix"".

So, Jenson Button won his first Hungarian Grand Prix in 2006.

Step 2: To calculate his age in 2006, we look at his birth year, which is given as 1980.
- Age in 2006 = Year of winning - Birth year = 2006 - 1980 = 26 years old.

Final Answer: Jenson Button was 26 years old when he won his first Hungarian Grand Prix.",<num_years>
37,At what age did Jenson Button win his last Brazilian Grand Prix?,32,f1,259,"To find out the age of Jenson Button when he won his last Brazilian Grand Prix, we need to follow these steps:

1. Identify the year of Jenson Button's last Brazilian Grand Prix win.
2. Calculate Jenson Button's age that year.

Step 1: Identifying the year of the last Brazilian Grand Prix win:
From the information provided in the Formula One World Championship career section, we can see that the last win was the 2012 Brazilian Grand Prix.

Step 2: Calculating Jenson Button's age in 2012:
We know from the 'Born' section that Jenson Button was born on 19 January 1980. To calculate his age in 2012:
- In 2012, he would have turned 32 years old since he had already had his birthday in January before the Brazilian Grand Prix.

Final Answer: Jenson Button was 32 years old when he won his last Brazilian Grand Prix.",<num_years>
38,How many days after being launched was the Maori commissioned?,459,ship,1111,"To find out how many days after being launched the Maori was commissioned, we need to calculate the difference between the launch date and the commissioning date.

1. Launch date: 2 September 1937
2. Commissioning date: 5 December 1938

Let's break it down month by month from September 1937 to December 1938:

- From September 2, 1937, to September 30, 1937: 30 - 2 = 28 days
- October 1937: 31 days
- November 1937: 30 days
- December 1937: 31 days
- January 1938: 31 days
- February 1938: 28 days (assuming it's not a leap year)
- March 1938: 31 days
- April 1938: 30 days
- May 1938: 31 days
- June 1938: 30 days
- July 1938: 31 days
- August 1938: 31 days
- September 1938: 30 days
- October 1938: 31 days
- November 1938: 30 days
- From December 1, 1938, to December 5, 1938: 5 days

Now let's sum these up:
28 + 31 + 30 + 31 + 31 + 28 + 31 + 30 + 31 + 30 + 31 + 31 + 30 + 31 + 30 + 5 = 461 days

Final Answer: The Maori was commissioned 461 days after it was launched.",<num_days>
39,At what age did Kimi Räikkönen enter his first Formula One World Championship?,22,f1,344,"To determine at what age Kimi Räikkönen entered his first Formula One World Championship, we need to follow these steps:

1. Identify Kimi Räikkönen's birth date.
2. Find out when he made his first Formula One World Championship entry.

Step 1: From the 'Born' row of the 'Kimi Räikkönen' section, we see that Kimi Räikkönen was born on 17 October 1979.

Step 2: In the 'Formula One World Championship career' section, under the 'First entry' row, it states that his first entry was the 2001 Australian Grand Prix.

Now, let's calculate how old he was in 2001:
- He was born in 1979.
- His first entry into the championship was in 2001.
- Therefore, he was 2001 - 1979 = 22 years old when he entered his first Formula One World Championship.

Final Answer: Kimi Räikkönen was 22 years old when he entered his first Formula One World Championship.",<num_years>
40,At what age did Kimi Räikkönen get divorced?,35,f1,344,"To determine at what age Kimi Räikkönen got divorced, we need to follow these steps:

1. Identify the date of his divorce.
2. Calculate his age at that time.

Step 1: From the table, we can see that Kimi Räikkönen's divorce from Jenni Dahlman occurred in 2014.

Step 2: To calculate his age in 2014, we subtract his birth year (1979) from the year of divorce (2014).
Age in 2014 = 2014 - 1979 = 35

Therefore, Kimi Räikkönen was 35 years old when he got divorced.

Final Answer: Kimi Räikkönen was 35 years old when he got divorced.",<num_years>
41,At what age did Kimi Räikkönen win his first Formula One World Championship?,24,f1,344,"To determine the age at which Kimi Räikkönen won his first Formula One World Championship, we need to follow these steps:

1. Identify when he won his first Formula One World Championship.
2. Find out when he was born.
3. Calculate his age at that time.

Step 1: From the table, under ""Formula One World Championship career,"" it's mentioned that Räikkönen won one championship in 2007.

Step 2: In the ""category"" section, it's stated that Kimi Räikkönen was born on 17 October 1979.

Step 3: To calculate his age during the 2007 championship:
- He was born in 1979.
- The championship year was 2007.
- Therefore, he would have been 2007 - 1979 = 28 years old when he won his first Formula One World Championship.

Final Answer: Kimi Räikkönen was 28 years old when he won his first Formula One World Championship.",<num_years>
42,At what age did Mohamed El Shorbagy turn pro?,15,squash,108,"To determine at what age Mohamed El Shorbagy turned pro, we need to follow these steps:

1. Find his birth year from the information provided.
2. Find the year he turned professional.
3. Calculate the difference between these two years.

Step 1: From the table, we can see that Mohamed El Shorbagy was born on January 12, 1991.

Step 2: The table also provides the year when he turned pro, which is 2006.

Step 3: To find out how old he was when he turned pro, we subtract his birth year from the year he turned pro:
2006 - 1991 = 15

So, Mohamed El Shorbagy turned pro at the age of 15.

Final Answer: Mohamed El Shorbagy turned pro at the age of 15.",<num_years>
43,At what age did Mohamed El Shorbagy win the World Team Championship?,20,squash,108,"To find out at what age Mohamed El Shorbagy won the World Team Championship, we need to follow these steps:

1. Identify when he won the World Team Championship from the table.
2. Calculate his age at that time based on his birth year.

Step 1: From the table, under ""World Team Championships"", we can see that El Shorbagy won a Gold medal in the Team event in 2011 in Paderborn.

Step 2: His birth year is given as 1991. To calculate his age in 2011:
Age = Year of winning - Birth year
     = 2011 - 1991
     = 20 years old

Therefore, Mohamed El Shorbagy was 20 years old when he won the World Team Championship.

Final Answer: Mohamed El Shorbagy was 20 years old when he won the World Team Championship.",<num_years>
44,How long in months did it last as Adal?,17,political party,932,"To find out how long the Adal political party lasted as Adal, we need to look at two dates:
1. The date when it became Adal.
2. The date when it was dissolved.

From the table:
1. Adal became Adal on 5 November 2020 (""(as Adal)"").
2. It was dissolved on 26 April 2022 (""Dissolved"").

Now let's calculate the duration from November 5, 2020, to April 26, 2022:
- From November 5, 2020, to November 5, 2021, is exactly one year.
- From November 5, 2021, to April 26, 2022, is about 5 months and 21 days.

So, the total duration is approximately 1 year and 5 months. Converting this into months:
- 1 year = 12 months
- Adding 5 months gives us a total of 17 months.

Final Answer: Adal lasted for 17 months as Adal.",<num_months>
45,At what age did Riccardo Patrese first win the Monaco Grand Prix?,28,f1,261,"To find out at what age Riccardo Patrese first won the Monaco Grand Prix, we need to follow these steps:

1. Identify the year Riccardo Patrese was born.
2. Determine the year he first won the Monaco Grand Prix.
3. Calculate his age by subtracting his birth year from the year of his first win.

Step 1: From the ""Born"" row, we see that Riccardo Gabriele Patrese was born on 17 April 1954.

Step 2: The ""First win"" row indicates that his first win was at the 1982 Monaco Grand Prix.

Step 3: To calculate his age when he won the 1982 Monaco Grand Prix:
   - Subtract the birth year from the year of the first win: 1982 - 1954 = 28

Therefore, Riccardo Patrese was 28 years old when he first won the Monaco Grand Prix.

Final Answer: 28",<num_years>
46,At what age did Riccardo Patrese start his career?,23,f1,261,"To find out at what age Riccardo Patrese started his career, we need to follow these steps:

1. Identify Riccardo Patrese's birth year from the ""Born"" section.
2. Determine the year he started his Formula One World Championship career from the ""Formula One World Championship career"" section.
3. Calculate the difference between the start year of his career and his birth year.

Step 1: From the ""Born"" section, we see that Riccardo Patrese was born on 17 April 1954.

Step 2: From the ""Formula One World Championship career"" section, under ""Active years"", it states that his active years were from 1977 to 1993. Therefore, he started his career in 1977.

Step 3: To calculate his age when he started his career, subtract his birth year from the year he started his career:
1977 - 1954 = 23

Therefore, Riccardo Patrese started his career at the age of 23.

Final Answer: Riccardo Patrese started his career at the age of 23.",<num_years>
47,At what age did Riccardo Patrese win the Japanese Grand Prix?,38,f1,261,"To determine Riccardo Patrese's age when he won the Japanese Grand Prix in 1992, we need to follow these steps:

1. Identify the year Riccardo Patrese won the Japanese Grand Prix.
   - From the table, we see that his last win was in the 1992 Japanese Grand Prix.

2. Find out Riccardo Patrese's birth year.
   - The table states that he was born on 17 April 1954.

3. Calculate his age at the time of winning the 1992 Japanese Grand Prix.
   - Subtract the birth year from the year of the win: 1992 - 1954 = 38

Therefore, Riccardo Patrese was 38 years old when he won the Japanese Grand Prix in 1992.

Final Answer: 38",<num_years>
48,At what age did Roger De Vlaeminck win his first World Championships gold medal?,28,cycling,637,"To determine at what age Roger De Vlaeminck won his first World Championships gold medal, let's follow these steps:

1. Locate the relevant information in the table about De Vlaeminck's achievements.
2. Identify any World Championship medals he has won.
3. Determine if there's a gold medal among those listed.
4. Find out when he won that medal.
5. Calculate his age at the time of winning the gold medal.

Step 1: The relevant information can be found in the ""Major wins"" section under ""Men's cyclo-cross"".

Step 2 & 3: Under World Championships, we see:
- Silver medal - second place | 1975 Yvoir | Elite road race

There is no mention of a gold medal here.

Step 4: Since there is no gold medal mentioned, we cannot calculate his age for winning a gold medal.

Step 5: Given that there's no gold medal to calculate his age for, this question cannot be answered based on the provided information.

Final Answer: Based on the given information, Roger De Vlaeminck did not win a World Championships gold medal, so we cannot determine the age at which he won his first World Championships gold medal.",<num_years>
49,At what age did Roger De Vlaeminck win the Vuelta a España in 1984?,37,cycling,637,"To find out at what age Roger De Vlaeminck won the Vuelta a España in 1984, we need to follow these steps:

1. Identify Roger De Vlaeminck's birth year from the personal information section.
   - The table states he was born on 24 August 1947.

2. Determine the year he won the Vuelta a España.
   - According to the major wins section, he won an individual stage in the Vuelta a España in 1984.

3. Calculate his age when he won the Vuelta a España in 1984.
   - Subtract his birth year (1947) from the year he won (1984).
   - 1984 - 1947 = 37

Therefore, Roger De Vlaeminck was 37 years old when he won the Vuelta a España in 1984.

Final Answer: 37",<num_years>
50,At what age did Roger De Vlaeminck win the Vuelta a España?,37,cycling,637,"To determine at what age Roger De Vlaeminck won the Vuelta a España, we need to follow these steps:

1. Find out when he won the Vuelta a España.
2. Calculate his age at that time.

Step 1: From the ""Major wins"" section of the table:
- Vuelta a España: 1 individual stage (1984)

So, Roger De Vlaeminck won an individual stage in the Vuelta a España in 1984.

Step 2: Calculate his age in 1984:
- Roger De Vlaeminck was born on 24 August 1947.
- To find his age in 1984, subtract his birth year from 1984: 
  1984 - 1947 = 37 years old.
- Since he won in 1984 and his birthday is on 24 August, he had already turned 37 by the time of the Vuelta a España.

Final Answer: Roger De Vlaeminck was 37 years old when he won the Vuelta a España.",<num_years>
51,At what age did Sebastian Vettel win his first Italian Grand Prix?,21,f1,262,"To find out the age of Sebastian Vettel when he won his first Italian Grand Prix, we need to follow these steps:

1. Identify the year Sebastian Vettel won his first Italian Grand Prix.
   - From the table, under ""First win"", it's mentioned that he won the 2008 Italian Grand Prix.

2. Determine Sebastian Vettel's birth year.
   - The table states he was born on 3 July 1987.

3. Calculate Sebastian Vettel's age in 2008.
   - To do this, subtract his birth year from the year he won his first Italian Grand Prix: 2008 - 1987 = 21 years old.

Therefore, Sebastian Vettel was 21 years old when he won his first Italian Grand Prix.

Final Answer: 21",<num_years>
52,At what age did Sebastian Vettel win his last race at the Singapore Grand Prix?,32,f1,262,"To determine the age at which Sebastian Vettel won his last race at the Singapore Grand Prix, we need to follow these steps:

1. Identify the date of Vettel's last win.
   - The table states that his last win was the 2019 Singapore Grand Prix.

2. Find out when Sebastian Vettel was born.
   - The table provides his birthdate: 3 July 1987.

3. Calculate Vettel's age during the 2019 Singapore Grand Prix.
   - From 3 July 1987 to 3 July 2019 is 32 years.
   - Since the Singapore Grand Prix typically takes place in September, Vettel would have turned 32 before the race and would be 32 during the event.

Therefore, Sebastian Vettel was 32 years old when he won his last race at the Singapore Grand Prix.

Final Answer: 32",<num_years>
53,For how many years did Dhanraj Pillay play for the national side?,15,hockey,485,"To find out how many years Dhanraj Pillay played for the national side, we need to look at the ""National team"" section of the table.

The ""National team"" section shows:
Years | Team | Apps | (Gls)
1989-2004 | India | 339 | (170)

This indicates that Dhanraj Pillay played for India from 1989 to 2004.

Now, let's calculate the number of years:
End year: 2004
Start year: 1989
Number of years = End year - Start year + 1 (to include both start and end years)
                 = 2004 - 1989 + 1
                 = 16

Therefore, Dhanraj Pillay played for the national side for 16 years.

Final Answer: 16 years",<num_years>
54,For how many years did Jenson Button's professional career last?,17,f1,0,"To determine the duration of Jenson Button's professional career, we need to identify his starting year and ending year in professional racing.

From the Formula One World Championship career section:
- Active years: 2000-2017
- Last entry: 2017 Monaco Grand Prix

This indicates that Jenson Button started his professional career in 2000 and ended it in 2017.

Now, let's calculate the total number of years:

Ending year - Starting year + 1 = Career length
2017 - 2000 + 1 = 18

Therefore, Jenson Button's professional career lasted for 18 years.

Final Answer: 18 years",<num_years>
55,For how many years did Raymond Poulidor belong to a professional team?,17,cycling,104,"To determine for how many years Raymond Poulidor belonged to a professional team, we need to look at his career timeline provided in the table.

From the ""Professional team"" section of the table, we can see that Raymond Poulidor was part of the Mercier-BP-Hutchinson team from 1960 to 1977.

To calculate the number of years he was with this team:
- End year: 1977
- Start year: 1960
- Number of years = End year - Start year + 1 = 1977 - 1960 + 1 = 18 years

Therefore, Raymond Poulidor belonged to a professional team for 18 years.

Final Answer: 18 years",<num_years>
56,During what year did Ciriello win the most overall gold medals?,2014,hockey,670,"To determine the year Chris Ciriello won the most overall gold medals, let's analyze each event he participated in:

1. Olympic Games:
   - No gold medal mentioned for any Olympic Games participation.

2. World Cup:
   - Won 1 gold medal in 2014.

3. Champions Trophy:
   - Won 2 gold medals in 2010 and 2012.

4. Commonwealth Games:
   - Won 2 gold medals in 2010 and 2014.

By comparing the years across all events:
- In 2010, he won 1 gold medal at the Champions Trophy and 1 gold medal at the Commonwealth Games, totaling 2 gold medals.
- In 2012, he won 1 gold medal at the Champions Trophy.
- In 2014, he won 1 gold medal at the World Cup and 1 gold medal at the Commonwealth Games, totaling 2 gold medals.

Thus, Chris Ciriello won the most overall gold medals in both 2010 and 2014, with 2 gold medals each year.

Final Answer: 2010 and 2014 (both years he won the most overall gold medals with 2 each).",yyyy
57,For how many years did Sanath Jayasuriya play for Bloomfield?,17,cricket,56,"To determine how many years Sanath Jayasuriya played for Bloomfield, we need to look at the domestic team information provided in the table.

From the table, we can see:
- The entry for Bloomfield spans from 1994 to 2011.

Now, let's calculate the number of years he played for Bloomfield:
- Start year: 1994
- End year: 2011

To find the duration, subtract the start year from the end year and add one (since both the start and end years are inclusive):
\[ 2011 - 1994 + 1 = 18 \]

Therefore, Sanath Jayasuriya played for Bloomfield for 18 years.

Final Answer: 18 years",<num_years>
58,For how many years did Shohei Yamamoto play in the senior division?,18,boxing,484,"To determine for how many years Shohei Yamamoto played in the senior division, we need to examine the ""Senior career"" section of the table. We can identify the start year of his senior career and the end year of his last entry in the senior career.

Step 1: Identify the start year of the senior career.
The earliest year mentioned in the senior career is 2001 when he joined Kyoto Purple Sanga.

Step 2: Identify the end year of the senior career.
The latest year mentioned in the senior career is 2018 when he was with Ocacias Kyoto AC.

Step 3: Calculate the number of years in the senior division.
Subtract the start year from the end year and add one (since both start and end years count).
2018 - 2001 + 1 = 18 years

Final Answer: Shohei Yamamoto played in the senior division for 18 years.",<num_years>
59,For how many years did Viv Richards play domestically?,22,cricket,57,"To determine for how many years Viv Richards played domestically, we need to look at the domestic team information provided in the table. The table lists the teams he played for during specific years:

1. Combined Islands: 1971-1981 (10 years)
2. Leeward Islands: 1971-1991 (20 years)
3. Somerset: 1974-1986 (12 years)
4. Queensland: 1976/77 (1 year)
5. Glamorgan: 1990-1993 (3 years)

Since some of these periods overlap, we cannot simply add them up. Instead, we should identify the overall start and end dates of his domestic career from this list.

The earliest start year is 1971 (Combined Islands and Leeward Islands), and the latest end year is 1993 (Glamorgan).

Therefore, Viv Richards' total domestic playing career spans from 1971 to 1993.

Now, let's calculate the duration:
1993 - 1971 = 22 years

Final Answer: Viv Richards played domestically for 22 years.",<num_years>
60,In which year did Alejandro Valverde achieve his first Tour de France victory?,2005,cycling,99,"First, we need to locate the information about Alejandro Valverde's Tour de France victories in the given table. Under the ""Major wins"" section, there is a part dedicated to ""Grand Tours"", where Tour de France achievements are listed.

Looking at the Tour de France section, it states:
- 4 individual stages (2005, 2008, 2012)

This means Alejandro Valverde won four individual stages during his Tour de France participation, but not a general classification victory. The question asks for his first Tour de France victory, but based on the provided information, he hasn't won the general classification of the Tour de France.

However, if we interpret this question to mean his first stage win, then the earliest year mentioned for a stage win is 2005.

Therefore, the earliest year Alejandro Valverde achieved a Tour de France victory (stage win) was 2005.

Final Answer: 2005",yyyy
61,For how many years had Chiyonofuji been a sumo wrestler since 1970?,21,sumo,131,"To determine for how many years Chiyonofuji Mitsugu was a sumo wrestler since his debut in September 1970, we need to follow these steps:

1. Identify the start year of his career: According to the table, Chiyonofuji debuted in September 1970.
2. Identify the end year of his career: The table states he retired in May 1991.
3. Calculate the duration: To find out the number of years he was active, subtract the start year from the end year:
   - End year (retirement): 1991
   - Start year (debut): 1970
   - Duration = 1991 - 1970 = 21 years

Therefore, Chiyonofuji Mitsugu was a sumo wrestler for 21 years since 1970.

Final Answer: 21 years",<num_years>
62,For how many days is Diwali celebrated?,5,holiday,216,"To determine the number of days Diwali is celebrated, let's follow these steps:

1. Look at the ""2022 date"" row in the table.
2. Identify the different celebration names listed under this row.
3. Count the distinct dates mentioned.

From the ""2022 date"" row:
- October 21 (Dhanteras/Yama Deepam)
- October 22 (Naraka Chaturdashi/Kali Chaudas/Hanuman Puja/Chhoti Diwali)
- October 23 (Lakshmi Puja/Kali Puja/Sharda Puja/Kedar Gauri Vrat)
- October 24 (Govardhan Puja/Balipratipada/Gujarati New Year)
- October 25 (Bhai Dooj/Vishwakarma Puja)

We can see that Diwali celebrations span from October 21 to October 25, which is a total of 5 days.

Final Answer: Diwali is celebrated for 5 days.",<num_days>
63,For how many years has the current form of the Saudi Arabian Armed Forces been in effect?,79,army,1122,"To determine for how many years the current form of the Saudi Arabian Armed Forces has been in effect, we need to:

1. Identify when the current form was established.
2. Calculate the number of years from that date until now (December 2022).

Step 1: From the table, under the ""Current form"" row, it's stated that the current form of the Saudi Arabian Armed Forces was established in 1943.

Step 2: To calculate the duration, we subtract the year 1943 from the current year 2022:
2022 - 1943 = 79 years

Final Answer: The current form of the Saudi Arabian Armed Forces has been in effect for 79 years.",<num_years>
64,What year did Felice Gimondi win his first medal?,1970,cycling,100,"To determine the year Felice Gimondi won his first medal, we should look at the medals listed under the ""UCI Road World Championships"" section of the table.

The medals listed are:
1. Gold medal - first place | 1973 Barcelona | Elite road race
2. Silver medal - second place | 1971 Mendrisio | Elite road race
3. Bronze medal - third place | 1970 Leicester | Elite road race

Among these, the earliest year mentioned is 1970 when he won a bronze medal.

Therefore, Felice Gimondi won his first medal in 1970.

Final Answer: 1970",yyyy
65,For how many years was ExoMars launched?,6,orbitor,461,"To determine how long ExoMars has been launched, we need to look at the launch date provided in the table and compare it to the current date, which is given as December 2022.

Step 1: Identify the launch date.
The table states that the launch date was ""14 March 2016"".

Step 2: Calculate the time elapsed since the launch.
From March 14, 2016, to December 2022, we can count the years:
- Full years from 2016 to 2021: 5 years
- From January to December 2022: 1 year
Adding these together gives us a total of 6 years.

Therefore, the ExoMars was launched 6 years ago.

Final Answer: 6 years",<num_years>
66,How long in years did Kapil Dev play ODI cricket?,16,cricket,52,"To determine how long Kapil Dev played ODI (One Day International) cricket, we need to look at his ODI debut and last ODI dates provided in the ""International information"" section of the table.

1. His ODI debut was on 1 October 1978.
2. His last ODI was on 17 October 1994.

Now let's calculate the duration:
- From 1 October 1978 to 17 October 1994 spans 16 full years (from 1978 to 1993), plus an additional partial year in 1994.

Therefore, Kapil Dev played ODI cricket for approximately 16 years and a fraction of another year.

Final Answer: Kapil Dev played ODI cricket for about 16 years.",<num_years>
67,How long in years did Sachin Tendulkar play for Mumbai?,25,cricket,526,"To determine how long Sachin Tendulkar played for Mumbai, we need to identify the start and end dates of his career with this team from the provided information.

From the ""Domestic team information"" section:
- He played for Mumbai from 1988 to 2013.

Now let's calculate the duration:
- Start year: 1988
- End year: 2013

Duration = End year - Start year + 1 (to include both the starting and ending years in the count)
= 2013 - 1988 + 1
= 26 years

Therefore, Sachin Tendulkar played for Mumbai for 26 years.

Final Answer: 26 years",<num_years>
68,For how many days was Hurricane Gaston over the water?,3,cyclone,957,"To determine for how many days Hurricane Gaston was over the water, we need to identify when it formed and when it dissipated. 

From the information provided:
- Formed: August 27, 2004
- Dissipated: September 3, 2004

We can count the number of days from August 27 to September 3 inclusive. This includes:

1. August 27
2. August 28
3. August 29
4. August 30
5. August 31
6. September 1
7. September 2
8. September 3

However, we need to exclude the day it dissipated if it's not considered being over the water anymore. Therefore, we count from August 27 to September 2, which gives us 6 full days over the water.

Final Answer: Hurricane Gaston was over the water for 6 days.",<num_days>
69,What year did Gino Bartali first join the amateur team?,1931,cycling,102,"To determine the year Gino Bartali first joined the amateur team, we need to look at the ""Amateur team"" section of the provided table.

The ""Amateur team"" section shows:
1931-1934	-

This indicates that Bartali was on an amateur team from 1931 to 1934.

Therefore, the earliest year mentioned for his involvement with an amateur team is 1931.

Final Answer: Gino Bartali first joined the amateur team in 1931.",yyyy
70,How long in years did Sanath Jayasuriya play for his national team?,22,cricket,56,"To determine how long Sanath Jayasuriya played for his national team, we need to identify the start and end dates of his international career.

From the ""International information"" section:
- National side: Sri Lanka (1989-2011)

This indicates that he started playing for Sri Lanka in 1989 and ended in 2011.

Let's calculate the duration:
End year - Start year = 2011 - 1989 = 22 years

Therefore, the number of years Sanath Jayasuriya played for his national team is 22 years.

Final Answer: 22 years",<num_years>
71,How long in years did Sean Kelly compete in professional teams?,17,cycling,105,"To determine how long Sean Kelly competed in professional teams, we need to look at his career timeline listed under ""Professional teams.""

The earliest year mentioned for his professional career is 1977 when he was part of Flandria-Velda-Latina Assicurazioni. The latest year mentioned is 1994 when he rode for Catavana.

Now, let's calculate the duration:
End year: 1994
Start year: 1977
Duration = End year - Start year + 1 (since both start and end years count)
Duration = 1994 - 1977 + 1 = 18 years

Therefore, Sean Kelly competed in professional teams for 18 years.

Final Answer: Sean Kelly competed in professional teams for 18 years.",<num_years>
72,How long in years did Shohei Yamamoto's youth career last?,5,boxing,484,"The youth career section of the table shows that Shohei Yamamoto played for Kyoto Purple Sanga from 1995 to 2000. To find out how long his youth career lasted, we need to calculate the difference between these two years:

End year of youth career: 2000
Start year of youth career: 1995

Duration of youth career = End year - Start year
Duration of youth career = 2000 - 1995
Duration of youth career = 5 years

Final Answer: Shohei Yamamoto's youth career lasted 5 years.",<num_years>
73,How long in years did the USA support the Insurgency in Laos starting from 1975?,15,proxy war,987,"The United States supported the Hmong insurgents and other anti-government forces in Laos until 1990. The insurgency started in December 1975. Therefore, the period of US support lasted from 1975 to 1990.

To calculate the number of years:
1. Identify the start year: 1975
2. Identify the end year: 1990
3. Subtract the start year from the end year: 1990 - 1975 = 15 years

Final Answer: 15 years",<num_years>
74,What year did Joop Zoetemelk win gold at the World Championships?,1985,cycling,103,"First, we need to identify where in the table the information about World Championships is located. 

The relevant section of the table is:

World Championships
[""Gold medal - first place | 1985 Giavera di Montello | Men's road race""]

From this information, we can see that Joop Zoetemelk won a gold medal at the World Championships in 1985.

Final Answer: Joop Zoetemelk won gold at the World Championships in 1985.",yyyy
75,"Given she swam 4 laps, what was the average number of seconds it took Alia Atkinson to swim a lap, rounded to the nearest integer?",16,sports event,1031,"To find the average number of seconds it took Alia Atkinson to swim one lap in the Women's 100 metre breaststroke, we need to follow these steps:

1. Convert the winning time to seconds.
2. Divide the total time by the number of laps.

Step 1: Convert the winning time to seconds.
- The winning time is 1:03.03, which means 1 minute and 3.03 seconds.
- There are 60 seconds in a minute, so the total time in seconds is:
  60 + 3.03 = 63.03 seconds

Step 2: Divide the total time by the number of laps.
- The race consists of 4 laps.
- To find the average time per lap, divide the total time by the number of laps:
  63.03 / 4 = 15.7575 seconds per lap

Rounding 15.7575 to the nearest integer gives us 16.

Final Answer: 16",<num_seconds>
76,How long in years did the Years of Lead last in Italy?,26,proxy war,1020,"The table provides information about the duration of the ""Years of Lead"" in Italy. According to the table, the period covered is ""Late 1968 - mid 1988 (20 years)"". However, there's also mention of a resurgence that lasted from ""1999 - 2005 (6 years)"".

To find out how long the entire conflict lasted, we need to add these periods together:

1. Main period: 1968 - 1988 = 20 years
2. Resurgence: 1999 - 2005 = 6 years

Adding these durations gives us:
20 years + 6 years = 26 years

Therefore, the total duration of the ""Years of Lead"" in Italy was 26 years.

Final Answer: 26 years",<num_years>
77,In which year did Poulidor win a silver medal at the World Championships?,1974,cycling,104,"To find the year Raymond Poulidor won a silver medal at the World Championships, we need to examine the ""World Championships"" section of the provided information.

Looking at this section:
- Silver medal - second place | 1974 Montréal | Road race
- Bronze medal - third place | 1961 Bern | Road race
- Bronze medal - third place | 1964 Sallanches | Road race
- Bronze medal - third place | 1966 Nürburgring | Road race

From these entries, we can see that Poulidor won a silver medal in the Road race event at the 1974 World Championships held in Montreal.

Final Answer: Raymond Poulidor won a silver medal at the World Championships in 1974.",yyyy
78,In what year did Poulidor join a professional team?,1960,cycling,104,"To find the year Raymond Poulidor joined a professional team, we need to look at the ""Professional team"" section of the table.

The ""Professional team"" section shows:
1960-1977	Mercier-BP-Hutchinson

This indicates that Raymond Poulidor started his professional career with Mercier-BP-Hutchinson in 1960.

Final Answer: Raymond Poulidor joined a professional team in 1960.",yyyy
79,In what year was Raymond Poulidor's best finish in a championship?,1974,cycling,104,"To determine the year of Raymond Poulidor's best finish in a championship, we need to analyze his World Championship results listed in the table:

1. He won a silver medal in 1974 in Montreal.
2. He got bronze medals in 1961, 1964, and 1966.

Among these finishes, the highest position he achieved was second place, which corresponds to the silver medal in 1974. 

Therefore, Raymond Poulidor's best finish in a championship was in 1974.

Final Answer: Raymond Poulidor's best finish in a championship was in 1974.",yyyy
80,In what year did Raymond Poulidor first receive a medal in a championship?,1961,cycling,104,"To find the year when Raymond Poulidor first received a medal in a championship, let's examine the World Championships section of the table:

1. He won a silver medal in 1974 in Montreal.
2. He won a bronze medal in 1961 in Bern.
3. He won another bronze medal in 1964 in Sallanches.
4. He also won a bronze medal in 1966 in Nürburgring.

Among these years, 1961 is the earliest one. 

Final Answer: Raymond Poulidor first received a medal in a championship in 1961.",yyyy
81,How long in years has Paul Coll been active in his career?,12,squash,109,"To find out how long Paul Coll has been active in his career, we need to look at the year he turned pro and compare it to the current date.

1. From the table, we can see that Paul Coll turned pro in 2010.
2. The current date provided is December, 2022.

Now, let's calculate the number of years since he turned pro:
3. Subtract the year he turned pro from the current year: 
   2022 - 2010 = 12 years

Therefore, Paul Coll has been active in his career for 12 years.

Final Answer: Paul Coll has been active in his career for 12 years.",<num_years>
82,How long in years has the Saudi Arabian Armed Forces been in existence?,277,army,1122,"To determine how long the Saudi Arabian Armed Forces have been in existence, we need to look at the year they were founded and calculate the difference between that year and the current year, which is 2022.

From the table, we can see that the Saudi Arabian Armed Forces were founded in 1745.

Now, let's calculate:
- Current Year: 2022
- Founded Year: 1745
- Years in Existence: 2022 - 1745 = 277 years

Therefore, the Saudi Arabian Armed Forces have been in existence for 277 years.

Final Answer: The Saudi Arabian Armed Forces have been in existence for 277 years.",<num_years>
83,How long in years has the United Sabah Party been affilliated with Barisan Nasional?,21,political party,184,"To determine how long the United Sabah Party (PBS) has been affiliated with Barisan Nasional (BN), we need to identify the periods when they were together and calculate the total duration.

From the information given:
- The first period of affiliation was from 1985 to 1990.
- The second period of affiliation began in 2002 and ended in 2018.
- Since 2021, PBS has again joined BN.

Let's break down these periods:
1. From 1985 to 1990: This period lasted for 5 years.
2. From 2002 to 2018: This period lasted for 16 years.
3. Since 2021: As of December 2022, this period has lasted for 1 year.

Now, sum up the durations:
5 years + 16 years + 1 year = 22 years

Therefore, the total time the United Sabah Party has been affiliated with Barisan Nasional is 22 years.

Final Answer: 22 years",<num_years>
84,How long in years was Sachin Tendulkar a member of parliament?,6,cricket,526,"To determine how long Sachin Tendulkar was a member of parliament, we need to look at the dates he served in the Rajya Sabha.

From the provided information:
- In office: 27 April 2012 - 26 April 2018

We can calculate the duration by subtracting the start year from the end year:
End year (2018) - Start year (2012) = 6 years

Therefore, Sachin Tendulkar was a member of parliament for 6 years.

Final Answer: 6 years",<num_years>
85,In what year did Sean Kelly last win a medal at the World Championships?,1989,cycling,105,"To find out the year Sean Kelly last won a medal at the World Championships, we need to:

1. Identify all the years he won medals.
2. Determine which of those years is the latest.

From the information provided:

- He won a bronze medal in 1982 at Goodwood.
- He also won a bronze medal in 1989 at Chambéry.

Comparing these two years, 1989 is later than 1982.

Therefore, Sean Kelly's last medal at the World Championships was in 1989.

Final Answer: Sean Kelly last won a medal at the World Championships in 1989.",yyyy
86,How long in years was Sachin Tendulkar a part of the national side?,24,cricket,526,"To determine how long Sachin Tendulkar was a part of the national side, we need to identify his start and end dates for playing for India.

From the ""International information"" section:
- Test debut (cap 187): 15 November 1989 v Pakistan
- Last Test: 14 November 2013 v West Indies
- Last ODI: 18 March 2012 v Pakistan

The period from his Test debut to his last Test match is the longest continuous span provided here. So, we'll use these dates to calculate his career duration.

Now, let's calculate the difference between these two dates:
- Start date: 15 November 1989
- End date: 14 November 2013

The difference is 23 years and 30 days (since he started on the 15th and ended on the 14th of the same month).

For simplicity, we can round this to 23 years, since the additional 30 days do not constitute a full year.

Final Answer: Sachin Tendulkar was a part of the national side for 23 years.",<num_years>
87,In what year did Sean Kelly attend his first World Championships?,1982,cycling,105,"To find out the year Sean Kelly attended his first World Championships, we need to look at the list of his World Championship appearances provided in the table.

The table shows:
- 1982 Goodwood, Road race (Bronze medal)
- 1989 Chambéry, Road race (Bronze medal)

From this information, we can see that Sean Kelly's earliest appearance at the World Championships was in 1982.

Final Answer: Sean Kelly attended his first World Championships in 1982.",yyyy
88,In what year did Ali Farag win his first team gold at the World Team Championships?,2017,squash,106,"To find out the year Ali Farag won his first team gold at the World Team Championships, we need to look at the list of achievements provided for the World Team Championships in the table.

The list shows:
1. Gold medal - first place | 2017 Marseille | Team
2. Gold medal - first place | 2019 Washington D.C. | Team

From this information, we can see that Ali Farag's earliest team gold at the World Team Championships was in 2017 in Marseille.

Therefore, the year Ali Farag won his first team gold at the World Team Championships is 2017.

Final Answer: 2017",yyyy
89,How many more years did Alejandro Valverde spend with Illes Balears–Banesto than with Kelme–Costa Blanca?,3,cycling,99,"To determine how many more years Alejandro Valverde spent with Illes Balears–Banesto compared to Kelme–Costa Blanca, we need to follow these steps:

1. Identify the years he was with each team.
2. Calculate the number of years for each team.
3. Subtract the number of years with Kelme–Costa Blanca from the number of years with Illes Balears–Banesto.

Step 1: Identifying the years with each team:
- Kelme–Costa Blanca: 2002-2004
- Illes Balears–Banesto: 2005-2010

Step 2: Calculating the number of years for each team:
- Years with Kelme–Costa Blanca = 2004 - 2002 + 1 = 3 years
- Years with Illes Balears–Banesto = 2010 - 2005 + 1 = 6 years

Step 3: Subtracting the number of years with Kelme–Costa Blanca from the number of years with Illes Balears–Banesto:
- Difference = 6 years - 3 years = 3 years

Final Answer: Alejandro Valverde spent 3 more years with Illes Balears–Banesto than with Kelme–Costa Blanca.",<num_years>
90,How many more years did Lal play for Delhi than for Punjab?,4,cricket,53,"To find out how many more years Madan Lal played for Delhi than for Punjab, let's follow these steps:

1. Identify the years Madan Lal played for Punjab:
   - From the table, we see that he played for Punjab from 1968 to 1972.
   
2. Calculate the number of years he played for Punjab:
   - 1972 (last year) - 1968 (first year) + 1 = 5 years
   
3. Identify the years Madan Lal played for Delhi:
   - According to the table, he played for Delhi from 1973 to 1991.
   
4. Calculate the number of years he played for Delhi:
   - 1991 (last year) - 1973 (first year) + 1 = 19 years
   
5. Determine the difference between the years he played for Delhi and Punjab:
   - Years for Delhi - Years for Punjab = 19 - 5 = 14 years

Final Answer: Madan Lal played for 14 more years for Delhi than for Punjab.",<num_years>
91,How many more years did Madan Lal spend at Delhi than in Punjab?,14,cricket,53,"To find out how many more years Madan Lal spent at Delhi than in Punjab, we need to follow these steps:

1. Identify the years Madan Lal played for Punjab.
   - The table shows that he played for Punjab from 1968 to 1972.
   
2. Calculate the number of years he was with Punjab:
   - From 1968 to 1972 is 1972 - 1968 = 4 years.
   
3. Identify the years Madan Lal played for Delhi.
   - According to the table, he played for Delhi from 1973 to 1991.
   
4. Calculate the number of years he was with Delhi:
   - From 1973 to 1991 is 1991 - 1973 + 1 = 19 years (including both start and end years).
   
5. Subtract the number of years he played for Punjab from the number of years he played for Delhi:
   - 19 years (Delhi) - 4 years (Punjab) = 15 years.

Therefore, Madan Lal spent 15 more years at Delhi than in Punjab.

Final Answer: 15 years",<num_years>
92,How many more years did Richards play for the Leeward Islands than for Glamorgan?,17,cricket,57,"To find out how many more years Richards played for the Leeward Islands than for Glamorgan, we need to follow these steps:

1. Identify the years Richards played for the Leeward Islands.
2. Identify the years Richards played for Glamorgan.
3. Calculate the duration of his career for each team.
4. Subtract the duration of his career for Glamorgan from the duration of his career for the Leeward Islands.

Step 1: The Leeward Islands entry shows:
""1971-1991	Leeward Islands""
Duration: 1991 - 1971 = 20 years

Step 2: The Glamorgan entry shows:
""1990-1993	Glamorgan""
Duration: 1993 - 1990 = 3 years

Step 3 & 4: Subtract the duration for Glamorgan from the duration for the Leeward Islands:
20 years (Leeward Islands) - 3 years (Glamorgan) = 17 years

Final Answer: Richards played 17 more years for the Leeward Islands than for Glamorgan.",<num_years>
93,How many more years did the Malayan Emergency last after the independence of the Federation of Malaya?,3,proxy war,997,"To find out how many more years the Malayan Emergency lasted after the independence of the Federation of Malaya, we need to follow these steps:

1. Identify the start and end dates of the Malayan Emergency.
2. Identify the date of the independence of the Federation of Malaya.
3. Calculate the difference between the end date of the Malayan Emergency and the date of the independence.

Step 1: The Malayan Emergency started on 16 June 1948 and ended on 31 July 1960.

Step 2: The Federation of Malaya gained independence on 31 August 1957.

Step 3: We now calculate the duration between 31 August 1957 and 31 July 1960:
- From 31 August 1957 to 31 July 1960 is exactly 2 years and 11 months.

Final Answer: The Malayan Emergency lasted for 2 years and 11 months after the independence of the Federation of Malaya.",<num_years>
94,How many more years did Winston Churchill serve as a leader than Harold Macmillan?,1,proxy war,997,"From the information provided in the table, we can determine the time each person served as a leader:

1. Winston Churchill was in office from 1951 to 1955.
   - Duration: 1955 - 1951 = 4 years

2. Harold Macmillan was in office from 1957 to 1960.
   - Duration: 1960 - 1957 = 3 years

Now, let's calculate how many more years Winston Churchill served compared to Harold Macmillan:
- Difference: 4 years - 3 years = 1 year

Therefore, Winston Churchill served for one more year as a leader than Harold Macmillan.

Final Answer: 1 year",<num_years>
95,How many more years did Younis play for Surrey than for Glamorgan?,2,cricket,55,"To determine how many more years Waqar Younis played for Surrey compared to Glamorgan, we need to identify the duration he played for each team from the provided domestic team information.

For Surrey:
The entry shows ""1990-1993"", which means he played for Surrey from 1990 to 1993, inclusive. To calculate the number of years, subtract the start year from the end year and add one because both the start and end years count as full seasons.
Number of years for Surrey = 1993 - 1990 + 1 = 4 years

For Glamorgan:
The entry shows ""1997-1998"", which means he played for Glamorgan from 1997 to 1998, inclusive.
Number of years for Glamorgan = 1998 - 1997 + 1 = 2 years

Now, subtract the number of years played for Glamorgan from the number of years played for Surrey to find out how many more years he played for Surrey.
Difference = Number of years for Surrey - Number of years for Glamorgan = 4 - 2 = 2 years

Final Answer: Younis played 2 more years for Surrey than for Glamorgan.",<num_years>
96,What year did Joel Makin reach his highest ranking?,2021,squash,107,"To determine the year Joel Makin reached his highest ranking, let's follow these steps:

1. Identify the relevant information from the provided table.
2. Locate the section that contains ranking details.
3. Find the specific information about the highest ranking.

Step 1: The relevant information is found in the ""Men's singles"" section of the table.

Step 2: In the ""Men's singles"" section, we can see:
- Highest ranking: No. 8 (December 2021)
- Current ranking: No. 8 (January 2022)

Step 3: The highest ranking mentioned is No. 8, which occurred in December 2021.

Final Answer: Joel Makin reached his highest ranking of No. 8 in 2021.",yyyy
97,What year did Joel Makin turn professional?,2014,squash,107,"The table provides information about Joel Makin's career in squash. To find out when he turned professional, we should look for the row that mentions his transition to being a professional player.

In the table, under the section labeled ""Turned Pro"", it states ""2014"".

Final Answer: Joel Makin turned professional in 2014.",yyyy
98,How many more years until the next IBSF World Championships?,2,sports event,203,"The table provides information about the IBSF World Championships for the two-man event held in 2017. It also mentions that there was a previous championship in 2016 and a subsequent one in 2019. 

To determine how many more years until the next IBSF World Championships after the provided data, we need to identify the most recent year mentioned and consider if a pattern can be discerned.

1. The most recent year given in the table for the championships is 2019.
2. Since no other years are provided and we're looking for the next championship, we have to assume that the championships occur regularly but the exact frequency isn't explicitly stated beyond these three instances.
3. However, since the question asks about the next championships and based on the provided timeline of 2016, 2017, and 2019, it seems plausible to infer that the championships might not follow a strict yearly schedule but rather occur every two years.

Given that the last mentioned championship was in 2019 and the current date is December 2022, and assuming the pattern of every two years continues:
- The next championship would logically be expected in 2023 if it follows a biennial schedule starting from 2019.

However, since the question specifically asks for ""how many more years until the next,"" and considering we are already past the presumed next occurrence (2023) based on the pattern, we should look ahead to the next logical year after 2023, which would be 2025 if following a consistent two-year interval.

Final Answer: 2 years until the next IBSF World Championships, assuming a biennial schedule starting from 2019. Given the current date is December 2022, the next championship would be in 2025.",<num_years>
99,How many more years was Arnaldo Schulz a leader or commander than Filipe Samuel Magaia?,2,proxy war,1000,"To find out how many more years Arnaldo Schulz was a leader or commander compared to Filipe Samuel Magaia, we need to follow these steps:

1. Identify the period Arnaldo Schulz was a leader or commander:
   - According to the table, Arnaldo Schulz was the commander in Portuguese Guinea from 1964 to 1968.
   
2. Calculate the duration Arnaldo Schulz was a leader or commander:
   - Duration = End year - Start year
   - Duration for Arnaldo Schulz = 1968 - 1964 = 4 years

3. Identify the period Filipe Samuel Magaia was a leader or commander:
   - According to the table, Filipe Samuel Magaia was a commander in Mozambique from 1964 to 1966.
   
4. Calculate the duration Filipe Samuel Magaia was a leader or commander:
   - Duration = End year - Start year
   - Duration for Filipe Samuel Magaia = 1966 - 1964 = 2 years

5. Find the difference in their durations:
   - Difference = Duration of Arnaldo Schulz - Duration of Filipe Samuel Magaia
   - Difference = 4 years - 2 years = 2 years

Therefore, Arnaldo Schulz was a leader or commander for 2 more years than Filipe Samuel Magaia.

Final Answer: Arnaldo Schulz was a leader or commander for 2 more years than Filipe Samuel Magaia.",<num_years>
100,How long in months did the 2002 Atlantic hurricane season last?,3,cyclone,1090,"To determine how long the 2002 Atlantic hurricane season lasted, we need to identify the start and end dates provided in the table.

1. The first system formed on July 14, 2002.
2. The last system dissipated on October 16, 2002.

Now, let's calculate the duration:

- From July 14 to July 31 is 18 days.
- August has 31 days.
- September has 30 days.
- From October 1 to October 16 is 16 days.

Adding these up:
18 + 31 + 30 + 16 = 95 days.

Since there are approximately 30 days in a month, we can approximate this period to be around three months (as 95 days is roughly three months).

However, since the season started mid-July and ended mid-October, it covers parts of four calendar months (July, August, September, and October).

Therefore, the 2002 Atlantic hurricane season lasted for about four months.

Final Answer: The 2002 Atlantic hurricane season lasted for four months.",<num_months>
101,How many more years was Rhodesia a belligerent than FROLIZI?,13,proxy war,1001,"To determine how many more years Rhodesia was a belligerent compared to FROLIZI, we need to identify the time periods during which each was involved in the conflict.

From the Belligerents section:
- Rhodesia was involved from 1965 to 1979.
- FROLIZI was involved from 1978 to 1979.

Step 1: Calculate the duration of involvement for Rhodesia.
Duration = End year - Start year + 1
Duration for Rhodesia = 1979 - 1965 + 1 = 15 years

Step 2: Calculate the duration of involvement for FROLIZI.
Duration for FROLIZI = 1979 - 1978 + 1 = 2 years

Step 3: Determine the difference in years between Rhodesia and FROLIZI.
Difference = Duration for Rhodesia - Duration for FROLIZI
Difference = 15 - 2 = 13 years

Final Answer: Rhodesia was a belligerent for 13 more years than FROLIZI.",<num_years>
102,How many more years was Valverde with the Puente Tocinos team than with Illes Balears–Banesto?,4,cycling,99,"To determine how many more years Valverde was with the Puente Tocinos team compared to the Illes Balears–Banesto team, we'll follow these steps:

1. Identify the duration Valverde spent on each team.
2. Subtract the number of years he was with Illes Balears–Banesto from the number of years with Puente Tocinos.

Step 1:
Puente Tocinos: From 1989 to 1998
Duration = 1998 - 1989 + 1 = 10 years (adding 1 because both start and end years are inclusive)

Illes Balears–Banesto: From 2005 to 2010
Duration = 2010 - 2005 + 1 = 6 years

Step 2:
Difference in years = Duration with Puente Tocinos - Duration with Illes Balears–Banesto
= 10 - 6 = 4 years

Therefore, Valverde was with Puente Tocinos for 4 more years than with Illes Balears–Banesto.

Final Answer: 4 years",<num_years>
103,How many total years did Gino Bartali ride for professional teams?,19,cycling,102,"To determine how many total years Gino Bartali rode for professional teams, we need to count the number of years listed under each team he was associated with.

Let's break down his career by each team:
- Fréjus: 1935 (1 year)
- Legnano: 1936-1945 (10 years)
- Tebag and Legnano: 1946-1947 (2 years)
- Legnano: 1948 (1 year)
- Bartali-Gardiol: 1949-50 (2 years)
- Bartali-Ursus: 1951 (1 year)
- Tebag and Bartali: 1952 (1 year)
- Bartali: 1953 (1 year)
- Bartali-Brooklin: 1954 (1 year)

Now let's sum these up:
1 + 10 + 2 + 1 + 2 + 1 + 1 + 1 + 1 = 20 years

Final Answer: Gino Bartali rode for professional teams for a total of 20 years.",<num_years>
104,How many total years did Kimi Räikkönen compete?,17,f1,344,"To determine how many total years Kimi Räikkönen competed, we need to look at his active years in both Formula One and World Rally Championship.

For Formula One:
- Active years: 2001-2009, 2012-2021
  - From 2001 to 2009: 2009 - 2001 + 1 = 9 years
  - From 2012 to 2021: 2021 - 2012 + 1 = 10 years
  - Total Formula One years: 9 + 10 = 19 years

For World Rally Championship:
- Active years: 2009-2011
  - From 2009 to 2011: 2011 - 2009 + 1 = 3 years

Now, let's add the years from both championships:
- Total years competing: 19 (Formula One) + 3 (World Rally Championship) = 22 years

However, there is some overlap between Formula One and World Rally Championship during the years 2009-2011. We should not count these years twice.
- Overlap years: 2009-2011 = 3 years

Subtracting the overlap from the total:
- Adjusted total years competing: 22 - 3 = 19 years

Therefore, the total number of years Kimi Räikkönen competed is 19 years.

Final Answer: 19 years",<num_years>
105,How many total years did Yamamoto play in his senior career?,17,boxing,484,"To determine how many total years Yamamoto played in his senior career, we need to look at the start year of his first senior team appearance and the end year of his last senior team appearance.

From the ""Senior career*"" section:
- His first senior club was Kyoto Purple Sanga in 2001.
- His last senior club was Ococias Kyoto AC until 2018.

So, he started playing for senior teams in 2001 and finished in 2018.

Now, let's calculate the number of years:
2018 - 2001 = 17 years

However, since he began playing in 2001 but didn't complete a full year that season, we should subtract one year from our calculation:

17 - 1 = 16 years

Final Answer: 16 years",<num_years>
106,How many total years was Michael Schumacher active in his career?,17,f1,345,"To determine the total number of years Michael Schumacher was active in his career, we need to identify the start and end dates of his active years from the given information.

From the table:
- His first entry into Formula One was in 1991 (Belgian Grand Prix).
- His last entry was in 2012 (Brazilian Grand Prix).

His active years are listed as two periods:
1. 1991-2006
2. 2010-2012

However, since he started in 1991 and stopped in 2006 before coming back in 2010, we should calculate the total duration across these two periods.

For the period 1991-2006:
- Start year: 1991
- End year: 2006
- Duration: 2006 - 1991 + 1 = 16 years (adding 1 because both start and end years count)

For the period 2010-2012:
- Start year: 2010
- End year: 2012
- Duration: 2012 - 2010 + 1 = 3 years

Adding these durations together gives us the total active years:
- Total active years: 16 years + 3 years = 19 years

Final Answer: Michael Schumacher was active for a total of 19 years in his career.",<num_years>
107,What year did Paul Coll win a silver medal at the Commonwealth Games?,2018,squash,109,"First, we need to look for information about Commonwealth Games medals in the given data. Under the ""Commonwealth Games"" section of the table, there are two entries:

1. Silver medal - second place | 2018 Gold Coast | Singles
2. Bronze medal - third place | 2018 Gold Coast | Mixed doubles

From these entries, we can see that Paul Coll won a silver medal in the Singles event at the 2018 Commonwealth Games held in Gold Coast.

Final Answer: Paul Coll won a silver medal at the Commonwealth Games in 2018.",yyyy
108,In what year did Paul Coll receive his first silver medal?,2018,squash,109,"To determine the year Paul Coll received his first silver medal, we need to look at all of the medals he has won and identify which one was the earliest silver medal.

Looking at the World Championships:
- Silver medal - second place | 2019-20 Doha | Singles

Looking at the Commonwealth Games:
- Silver medal - second place | 2018 Gold Coast | Singles

From these entries, we can see that Paul Coll received two silver medals, one in 2018 and another in 2019-2020. Since we're looking for the first silver medal, we should choose the earlier date.

Therefore, the year Paul Coll received his first silver medal was 2018.

Final Answer: 2018",yyyy
109,How many years after achieving his highest rank did Kaiō Hiroyuki retire?,11,sumo,145,"To determine how many years passed between Kaiō Hiroyuki achieving his highest rank and his retirement, we need to follow these steps:

1. Identify when Kaiō Hiroyuki achieved his highest rank.
   - The table states that his highest rank was Ōzeki in September 2000.

2. Identify when Kaiō Hiroyuki retired.
   - The table indicates that he retired in July 2011.

3. Calculate the difference between these two dates.
   - From September 2000 to July 2011:
     * From September 2000 to September 2010 is 10 years.
     * Adding the months from September 2010 to July 2011 gives us 10 months.
   - Therefore, the total time span is 10 years and 10 months.

Since the question asks for the number of years, we can say it's approximately 11 years, but more precisely, it's 10 years and 10 months.

Final Answer: 10 years and 10 months",<num_years>
110,In what year did Paul Coll first win a gold medal in the World Doubles Championships?,2016,squash,109,"To find out the year Paul Coll first won a gold medal in the World Doubles Championships, let's examine the relevant information provided in the table under the ""World Doubles Championships"" section:

1. The table lists Paul Coll's achievements in the World Doubles Championships.
2. Among these achievements, we're looking for gold medals specifically.
3. There are two gold medals listed:
   - Gold medal - first place | 2016 Darwin | Mixed doubles
   - Gold medal - first place | 2017 Manchester | Mixed doubles

4. We need to determine which of these is the earliest:
   - The first entry is from 2016.
   - The second entry is from 2017.

5. Since 2016 comes before 2017, this is the earliest (and therefore the first) gold medal win mentioned for Paul Coll in the World Doubles Championships.

Final Answer: 2016",yyyy
111,In what year did Paul Coll win his first bronze medal?,2016,squash,109,"To determine the year Paul Coll won his first bronze medal, we need to look at all the medals he has won according to the provided information and identify the earliest bronze medal.

The World Championships section lists:
- 2019-20 Doha: Silver medal in Singles
- 2020-21 Chicago: Bronze medal in Singles

The World Doubles Championships section lists:
- 2016 Darwin: Gold medal in Mixed doubles, Bronze medal in Doubles
- 2017 Manchester: Gold medal in Mixed doubles, Bronze medal in Doubles

The Commonwealth Games section lists:
- 2018 Gold Coast: Silver medal in Singles, Bronze medal in Mixed doubles

From these entries, the earliest bronze medal is from the World Doubles Championships in 2016 Darwin, where Paul Coll won a bronze medal in Doubles.

Final Answer: 2016",yyyy
112,How many years after Barisan Nasional was first part of the United Sabah Party did Gabungan Rakyat Sabah become regional allies of the United Sabah Party?,35,political party,184,"To find out how many years passed between when the United Sabah Party (PBS) first joined Barisan Nasional and when it became regional allies with Gabungan Rakyat Sabah, we need to follow these steps:

1. Identify the year PBS first joined Barisan Nasional.
2. Identify the year PBS became regional allies with Gabungan Rakyat Sabah.
3. Calculate the difference between these two years.

Step 1: The table shows that PBS was part of Barisan Nasional from 1985 to 1990, and again from 2002 to 2018. Since the question asks about the first time PBS joined Barisan Nasional, we use the initial period:
   - First joining of Barisan Nasional: 1985

Step 2: According to the table, PBS became regional allies with Gabungan Rakyat Sabah in 2020:
   - Becoming regional allies with Gabungan Rakyat Sabah: 2020

Step 3: Calculate the difference between these years:
   - Years passed = 2020 - 1985 = 35 years

Final Answer: 35 years",<num_years>
113,How many years after being founded as Birlik was the political party founded as Ada?,7,political party,932,"The information provided states that the party was originally founded as Birlik on 26 April 2013, and it changed its name to Adal on 5 November 2020.

To find how many years passed from the founding as Birlik to changing the name to Adal, we need to calculate the difference between these two dates.

From 26 April 2013 to 5 November 2020:
- From 26 April 2013 to 26 April 2020 is exactly 7 years.
- Then, from 26 April 2020 to 5 November 2020 is 6 months and 10 days.

Since the question asks for the number of years, we can approximate this additional period as approximately half a year (0.5 years).

Therefore, the total time elapsed is approximately 7 years + 0.5 years = 7.5 years.

Final Answer: 7.5 years",<num_years>
114,What year did Paul Coll achieve his highest ranking?,2022,squash,109,"To find out the year Paul Coll achieved his highest ranking, we need to look at the information provided under ""Men's singles"" in the table.

The ""Highest ranking"" entry states ""No. 1 (1 March 2022)"". This tells us that on March 1, 2022, Paul Coll was ranked number one.

Therefore, the year Paul Coll achieved his highest ranking of No. 1 was 2022.

Final Answer: 2022",yyyy
115,How many years after being laid down did HMS Somerset launch?,2,ship,224,"To find out how many years after being laid down did HMS Somerset launch, we need to look at the dates provided for both events.

1. The ship was laid down on 12 October 1992.
2. The ship was launched on 25 June 1994.

Now, let's calculate the difference between these two dates:

- From 12 October 1992 to 12 October 1993 is one year.
- From 12 October 1993 to 12 October 1994 is another year.
- Since the launch happened on 25 June 1994, which is before 12 October 1994, we need to add the fraction of the third year from 12 October 1993 to 25 June 1994. However, since we're looking for the full years that have passed, we only count complete years.

Therefore, the total number of years between the laying down and launching of HMS Somerset is 1 year and part of the second year, but since we are counting full years, it's 1 + 1 = 2 years.

Final Answer: 2 years",<num_years>
116,How many years after being laid down was the HMS Astute launched?,6,ship,1114,"To find out how many years after being laid down the HMS Astute was launched, we need to look at the dates provided for these two events.

From the table:
- Laid down: 31 January 2001
- Launched: 8 June 2007

Now, let's calculate the difference between these two dates.

1. From January 31, 2001, to January 31, 2007, is exactly 6 years.
2. Then from January 31, 2007, to June 8, 2007, is an additional period within the same year.

Since we're calculating the time in years, we can consider this additional period as less than a full year but more than zero years. Thus, it adds only a fraction of a year to our total, which we generally round to whole years unless specified otherwise.

Therefore, the HMS Astute was launched approximately 6 years after it was laid down.

Final Answer: 6 years",<num_years>
117,How many years after being laid down was the HMS Victory launched?,7,ship,1115,"To determine how many years after being laid down the HMS Victory was launched, we need to identify the dates for both events and calculate the difference between them.

From the provided information:
- The HMS Victory was laid down on 23 July 1759.
- The HMS Victory was launched on 7 May 1765.

Now let's calculate the time difference:
1. From 23 July 1759 to 23 July 1765 is exactly 6 years.
2. Since the launch date (7 May 1765) is earlier than 23 July 1765 within the same year, we need to subtract one year from our initial calculation.

Therefore, the HMS Victory was launched 6 - 1 = 5 years after it was laid down.

Final Answer: 5 years",<num_years>
118,How many years after being laid down was the I-179 completed?,2,ship,1112,"To determine how many years after being laid down the I-179 was completed, we need to look at the dates for when the ship was laid down and when it was completed.

From the table:
- Laid down: 21 August 1941
- Completed: 18 June 1943

Now, let's calculate the time difference between these two dates.

1. From 21 August 1941 to 18 June 1943 spans over parts of two calendar years, 1941 and 1943.
2. First, calculate the remaining days from 21 August 1941 until the end of 1941:
   - Days from 21 August to 31 December 1941 = (31 - 21 + 1) + 30 + 31 = 11 + 30 + 31 = 72 days
3. The entire year of 1942 is included.
4. Then, calculate the days from the start of 1943 until 18 June 1943:
   - Days from 1 January to 18 June 1943 = 31 (Jan) + 28 (Feb) + 31 (Mar) + 30 (Apr) + 31 (May) + 18 (Jun) = 169 days

Adding these periods together:
- 72 days (remaining part of 1941) + 365 days (full year of 1942) + 169 days (part of 1943) = 606 days

Convert days into years:
- 606 days / 365 days/year ≈ 1.66 years

However, since we typically measure such durations in whole years for simplicity in historical contexts, we can say that the ship took about 2 years from being laid down to being completed.

Final Answer: The I-179 was completed approximately 2 years after it was laid down.",<num_years>
119,How long after the Tonnerre was ordered was it commissioned?,14,ship,1110,"To find out how long after the Tonnerre was ordered it was commissioned, we need to follow these steps:

1. Identify the date the Tonnerre was ordered.
2. Identify the date the Tonnerre was commissioned.
3. Calculate the time difference between these two dates.

Step 1: The Tonnerre was ordered on 16 April 1794.

Step 2: The Tonnerre was commissioned on 21 July 1808.

Step 3: Calculating the time difference:
- From 16 April 1794 to 16 April 1808 is exactly 14 years.
- From 16 April 1808 to 21 July 1808 is 3 months and 5 days.

Therefore, the total time from when the Tonnerre was ordered until it was commissioned is 14 years, 3 months, and 5 days.

Final Answer: 14 years, 3 months, and 5 days.",<num_years>
120,How many years after being launched did HMS Victory fight at Cape Spartel?,17,ship,1115,"To find out how many years after being launched HMS Victory fought at Cape Spartel, we need to follow these steps:

1. Identify the year HMS Victory was launched.
2. Identify the year HMS Victory fought at Cape Spartel.
3. Calculate the difference between these two years.

Step 1: The table shows that HMS Victory was launched on 7 May 1765.

Step 2: From the ""Honours and awards"" section, we see that HMS Victory participated in the Battle of Cape Spartel in 1782.

Step 3: To calculate the number of years between 1765 and 1782:
1782 - 1765 = 17 years

Therefore, HMS Victory fought at Cape Spartel 17 years after it was launched.

Final Answer: 17 years",<num_years>
121,How many years after being launched was the Maori Underway completed?,1,ship,1111,"To find out how many years after being launched the HMS Maori was completed, we need to look at the dates provided for launching and completion.

- Launched: 2 September 1937
- Completed: 30 November 1938

Now, let's calculate the time difference between these two dates.

Step 1: Identify the year of launch and completion.
- Launch: 1937
- Completion: 1938

Step 2: Calculate the time span.
Since the ship was launched in September 1937 and completed in November 1938, it took less than a full year. However, the question asks for the number of years, so we consider the full calendar years involved.

From September 1937 to September 1938 is exactly one year. Since the completion happened later in the same year (November), the ship was indeed completed within one year of its launch.

Therefore, the HMS Maori was completed 1 year after it was launched.

Final Answer: 1 year",<num_years>
122,How many years after being ordered did it take for the HMS Astute to be put into service?,17,ship,1114,"To determine how many years it took for the HMS Astute to be put into service after being ordered, we need to follow these steps:

1. Identify the date when the ship was ordered.
2. Identify the date when the ship was put into service.
3. Calculate the difference between these two dates.

Step 1: The date when the ship was ordered is March 1997.

Step 2: The date when the ship was put into service is May 2014.

Step 3: Calculating the difference:
- From March 1997 to March 2014 is exactly 17 years.
- Since the ship was put into service in May 2014, which is 2 months later than March 2014, we add this extra period to our calculation. However, since we're dealing with years and not months specifically, we can consider that the full 17 years have passed plus some additional time, but not enough to count as another year yet.

Therefore, it took approximately 17 years from the order date until the ship was put into service.

Final Answer: It took 17 years for the HMS Astute to be put into service after being ordered.",<num_years>
123,How many years after being ordered was HMS Victory launched?,7,ship,1115,"To find out how many years after being ordered HMS Victory was launched, we need to:

1. Identify the date when HMS Victory was ordered.
2. Identify the date when HMS Victory was launched.
3. Calculate the difference between these two dates.

Step 1: The date HMS Victory was ordered is given as 14 July 1758.

Step 2: The date HMS Victory was launched is given as 7 May 1765.

Step 3: To calculate the difference:
- From 14 July 1758 to 7 May 1765, we can break this down into full years plus additional days.
- From 14 July 1758 to 14 July 1765 is exactly 7 years.
- We then need to account for the additional period from 14 July 1765 to 7 May 1765. This is less than a year, so it does not add a full year to our count but completes the launch year.

Therefore, the total time from ordering to launching is 7 years minus the days from mid-July to early May, which doesn't affect the whole number of years.

Final Answer: HMS Victory was launched 7 years after being ordered.",<num_years>
124,How many years after being ordered was the HMS Astute laid down?,4,ship,1114,"To determine how many years after being ordered the HMS Astute was laid down, we need to follow these steps:

1. Identify the date when the ship was ordered.
2. Identify the date when the ship was laid down.
3. Calculate the difference between these two dates.

From the table:
- The ship was ordered in March 1997.
- The ship was laid down on 31 January 2001.

Now, let's calculate the difference:

1. From March 1997 to March 2001 is exactly 4 years.
2. Since the ship was laid down on 31 January 2001, which is before March 2001, we need to subtract one month from our calculation.

Therefore, the ship was laid down approximately 3 years and 10 months after it was ordered.

However, the question asks for the number of years, so we can round this to 4 years since the majority of the time has passed.

Final Answer: 4 years",<num_years>
125,How many years after being refounded was it dissolved?,2,political party,932,"To find out how many years after being refounded Adal was dissolved, we need to follow these steps:

1. Identify the date when Adal was refounded.
2. Identify the date when Adal was dissolved.
3. Calculate the difference between these two dates.

Step 1: The table shows that Adal was refounded on 5 November 2020.

Step 2: According to the table, Adal was dissolved on 26 April 2022.

Step 3: Calculating the time difference:
From 5 November 2020 to 26 April 2022 is approximately 1 year and 6 months (since from November to April is roughly 6 months, plus the full year).

Therefore, Adal was dissolved about 1 year and 6 months after it was refounded.

Final Answer: 1 year and 6 months",<num_years>
126,How many years after Button's Formula One career began did he have his first win?,6,f1,259,"To find out how many years after Button's Formula One career began he had his first win, we need to follow these steps:

1. Identify the start year of Button's Formula One career.
2. Identify the year of Button's first win.
3. Calculate the difference between these two years.

Step 1: Identifying the start year of Button's Formula One career
From the table, under ""Formula One World Championship career"", we can see that Button's active years were from 2000 to 2017. His first entry was the 2000 Australian Grand Prix, which indicates that his career began in 2000.

Step 2: Identifying the year of Button's first win
Again, from the ""Formula One World Championship career"" section, we can see that Button's first win was the 2006 Hungarian Grand Prix.

Step 3: Calculating the difference between these two years
The difference between 2006 and 2000 is:
2006 - 2000 = 6 years

Therefore, Jenson Button had his first Formula One win 6 years after the beginning of his career.

Final Answer: 6 years",<num_years>
127,How many years after Button's last win did he end his Formula One career?,5,f1,259,"To determine how many years passed between Jenson Button's last Formula One win and the end of his Formula One career, we need to follow these steps:

1. Identify Button's last Formula One win.
   - The table states that his last win was the 2012 Brazilian Grand Prix.

2. Determine when Button ended his Formula One career.
   - According to the table, his last entry in Formula One was the 2017 Monaco Grand Prix.

3. Calculate the difference in years between these two events.
   - His last win was in 2012.
   - He made his last appearance in 2017.
   - Therefore, 2017 - 2012 = 5 years.

Final Answer: 5 years",<num_years>
128,How many years after Chiyonofuji Mitsugu's debut did he die?,46,sumo,131,"To find out how many years after Chiyonofuji Mitsugu's debut he died, we need to calculate the difference between his death year and his debut year.

1. From the table, we see that Chiyonofuji Mitsugu's debut was in September 1970.
2. The table also indicates that he died on July 31, 2016.

Now, let's calculate the difference:

3. Subtract the debut year from the death year:
   2016 - 1970 = 46 years

Therefore, Chiyonofuji Mitsugu died 46 years after his debut.

Final Answer: 46 years",<num_years>
129,How many years after Copenhagen were the IBF World Championships in Calgary?,2,sports event,1030,"To determine how many years after Copenhagen the IBF World Championships were held in Calgary, we need to follow these steps:

1. Identify the year of the Copenhagen championships from the table.
2. Find the year when the Calgary championships took place.
3. Calculate the difference between these two years.

Step 1: The table shows that the Copenhagen championships took place in 1983.

Step 2: From the table, we see that the Calgary championships occurred in 1985, indicated by ""← 1980 Jakarta | 1985 Calgary →"".

Step 3: To find out how many years passed between 1983 and 1985:
1985 - 1983 = 2 years

Therefore, the Calgary championships were held 2 years after the Copenhagen championships.

Final Answer: 2 years",<num_years>
130,How many years after debuting did Haguroyama Masaji retire?,19,sumo,137,"To find out how many years after debuting Haguroyama Masaji retired, we need to follow these steps:

1. Identify the debut year from the table.
2. Identify the retirement year from the table.
3. Subtract the debut year from the retirement year.

Step 1: From the table, we can see that Haguroyama Masaji's debut was in January, 1934.

Step 2: According to the table, Haguroyama Masaji retired in September, 1953.

Step 3: To calculate the number of years between his debut and retirement:
- Retirement year: 1953
- Debut year: 1934
- Years between debut and retirement: 1953 - 1934 = 19 years

However, since he debuted in January 1934 and retired in September 1953, we need to consider if the full year of 1953 counts as a complete year of activity. Since he retired in September, it means he only competed for part of 1953. Therefore, we should subtract one year from our calculation.

Final Answer: Haguroyama Masaji retired 18 years after debuting.",<num_years>
131,How many years after Dhyan Chand joined the military did his hockey career begin?,4,hockey,524,"To determine how many years after Dhyan Chand joined the military his hockey career began, we need to follow these steps:

1. Identify when Dhyan Chand joined the military.
2. Identify when Dhyan Chand's hockey career began.
3. Calculate the difference between these two dates.

Step 1: Identifying when Dhyan Chand joined the military
From the information provided, Dhyan Chand's years of service in the military were from 1922 to 1956. Therefore, he joined the military in 1922.

Step 2: Identifying when Dhyan Chand's hockey career began
The table mentions that Dhyan Chand played for the national team from 1926 to 1949. So, his hockey career started in 1926.

Step 3: Calculating the difference
Now, subtract the year he joined the military from the year his hockey career began:
1926 (start of hockey career) - 1922 (start of military service) = 4 years

Therefore, Dhyan Chand's hockey career began 4 years after he joined the military.

Final Answer: 4 years",<num_years>
132,In what year did Futabayama Sadaji make his debut?,1927,sumo,134,"The question asks for the year when Futabayama Sadaji made his debut. In the ""Career"" section of the provided information, it states that his ""Debut"" was in March 1927.

Final Answer: 1927",yyyy
133,How many years after Dhyan Chand's hockey career ended did his military career end?,7,hockey,524,"To find out how many years after Dhyan Chand's hockey career ended his military career ended, we need to follow these steps:

1. Identify when Dhyan Chand's hockey career ended.
2. Identify when Dhyan Chand's military career ended.
3. Calculate the difference between these two dates.

Step 1: Identifying when Dhyan Chand's hockey career ended
From the ""National team"" section, we see that Dhyan Chand played for British India from 1926 to 1949. Therefore, his hockey career ended in 1949.

Step 2: Identifying when Dhyan Chand's military career ended
From the ""Service/branch"" section, we can see that Dhyan Chand's years of service were from 1922 to 1956. Thus, his military career ended in 1956.

Step 3: Calculating the difference
The difference between 1956 and 1949 is 1956 - 1949 = 7 years.

Final Answer: 7 years",<num_years>
134,How many years after Don Bradman's last Test was his death?,52,cricket,527,"To determine how many years passed between Don Bradman's last Test match and his death, we need to follow these steps:

1. Identify the date of Bradman's last Test match.
2. Identify the date of Bradman's death.
3. Calculate the difference in years between these two dates.

Step 1: According to the ""International information"" section, Bradman's last Test match was on 18 August 1948.

Step 2: From the ""Personal information"" section, we see that Bradman died on 25 February 2001.

Step 3: To calculate the number of years between these two dates:
- From 18 August 1948 to 18 August 2001 is 52 years and 11 months.
- Since his death occurred on 25 February 2001, which is within those 52 years and 11 months, we can conclude that it is less than one full year past 18 August 2001.
- Therefore, the total time from his last Test match to his death is 52 years and some additional days, but we're asked for the number of years, so the answer is 52 years.

Final Answer: 52 years",<num_years>
135,How many years after FAT was GUNT an Anti-Libyan Chadian faction?,7,proxy war,975,"First, let's identify the relevant information from the table:

1. The timeline for the Anti-Libyan Chadian factions:
   - FAT (1978-1979)
   - FAN (1978-1983)
   - FANT (1983-1987)
   - GUNT (1986-1987)

From this information, we can see that:
- FAT operated from 1978 to 1979.
- GUNT became an Anti-Libyan Chadian faction starting from 1986.

Now, let's calculate the number of years between these two periods:

- From 1979 (end of FAT's period) to 1986 (start of GUNT's period) = 7 years

Therefore, the answer is 7 years.

Final Answer: 7 years",<num_years>
136,How many years after Gagan Ajit Singh began playing for the national team did he win a medal at Hobart?,4,hockey,486,"To find out how many years after Gagan Ajit Singh began playing for the national team he won a medal at Hobart, we need to follow these steps:

1. Identify when Gagan Ajit Singh started playing for the national team.
2. Identify when he won a gold medal at Hobart.
3. Calculate the difference in years between these two events.

Step 1: From the table, we can see that Gagan Ajit Singh started playing for the national team in 1997.

Step 2: According to the table, he won a gold medal at the Junior World Cup in Hobart in 2001.

Step 3: Calculating the difference:
2001 - 1997 = 4 years

Therefore, Gagan Ajit Singh won a medal at Hobart 4 years after he began playing for the national team.

Final Answer: 4 years",<num_years>
137,How many years after going pro did Mohamed El Shorbagy become ranked number one in the world?,8,squash,108,"To determine how many years after turning professional Mohamed El Shorbagy became ranked number one in the world, we need to follow these steps:

1. Identify when Mohamed El Shorbagy turned professional.
2. Identify when he was ranked World No. 1.
3. Calculate the difference between these two dates.

Step 1: Turning Professional
From the table, it is mentioned that Mohamed El Shorbagy ""Turned Pro"" in 2006.

Step 2: Becoming World No. 1
The table states that his ""Highest ranking"" was ""World No. 1 (November 2014)"".

Step 3: Calculating the Difference
To calculate the number of years from 2006 to November 2014:
- From 2006 to 2014 is 8 years.
- Since the exact month isn't specified for when he turned pro within 2006, we can assume it happened before November, which means the full 8 years include the period until November 2014.

Therefore, the number of years after turning professional that Mohamed El Shorbagy became ranked number one in the world is 8 years.

Final Answer: 8 years",<num_years>
138,How many years after his debut did Aminishiki Ryūji achieve the rank of Sekiwake?,10,sumo,180,"To determine how many years after his debut Aminishiki Ryūji achieved the rank of Sekiwake, we need to follow these steps:

1. Identify the date of his debut.
2. Identify the date he achieved the rank of Sekiwake.
3. Calculate the difference between these two dates.

Step 1: The debut date is given as January, 1997.

Step 2: The highest rank achieved is mentioned as Sekiwake, which was attained in September, 2007.

Step 3: Now we calculate the difference:
- From January 1997 to December 1997 is nearly a full year.
- From January 1998 to December 2006 covers 9 full years.
- Adding the partial year from January 2007 to September 2007 is approximately 9 months, which rounds up to a full year for simplicity in this context.

Adding these periods together: 1 + 9 + 1 = 11 years.

Final Answer: 11 years",<num_years>
139,How many years after his debut did Futabayama Sadaji retire?,18,sumo,134,"To determine how many years passed between Futabayama Sadaji's debut and retirement, we need to follow these steps:

1. Identify the debut year from the table.
2. Identify the retirement year from the table.
3. Subtract the debut year from the retirement year.

Step 1: From the table, Futabayama Sadaji's debut was in March 1927.

Step 2: The table indicates that he retired in November 1945.

Step 3: To calculate the number of years between these two dates:
   - Start year: 1927
   - End year: 1945
   - Number of years = 1945 - 1927 = 18 years

However, since he debuted in March 1927 and retired in November 1945, we should consider whether he completed a full year in 1927. Since he debuted in March, he had not yet completed a full year in 1927. Therefore, the correct calculation would be considering his first full year as 1928.

So, the actual span is from 1928 to 1945, which is 18 years minus the partial year of 1927 plus the partial year of 1945, resulting in 18 complete years plus parts of 1927 and 1945.

But for simplicity in counting years as per common understanding in such contexts, we generally count the full years between the given dates, which gives us 18 years.

Final Answer: 18 years",<num_years>
140,How many years after his debut did Kaiō Hiroyuki retire?,23,sumo,145,"To find out how many years after his debut Kaiō Hiroyuki retired, we need to follow these steps:

1. Identify the year of his debut.
2. Identify the year he retired.
3. Subtract the year of his debut from the year he retired.

Step 1: The year of his debut is given as March 1988.

Step 2: The year he retired is given as July 2011.

Step 3: To calculate the number of years between 1988 and 2011:
2011 - 1988 = 23 years

Therefore, Kaiō Hiroyuki retired 23 years after his debut.

Final Answer: 23 years",<num_years>
141,How many years after his debut in 1970 did Chiyonofuji achieve his highest rank?,11,sumo,131,"To determine how many years passed between Chiyonofuji's debut and achieving his highest rank, we need to follow these steps:

1. Identify the year of Chiyonofuji's debut.
   - According to the table, his debut was in September, 1970.

2. Identify the month and year when he achieved his highest rank.
   - The table states that his highest rank was Yokozuna in July, 1981.

3. Calculate the difference in years between these two dates.
   - From September 1970 to July 1981, 10 full years have passed plus 10 months.

Since the question asks for the number of years, we can round down to the nearest whole year.

Final Answer: 10 years",<num_years>
142,How many years after his first year with Bloomfield did Jayasuriya play for the Khulna Royal Bengals?,18,cricket,56,"First, let's identify the key information we need from the provided data to answer this question:

1. The question asks about Jayasuriya's time with Bloomfield.
2. It also asks about his time with the Khulna Royal Bengals.
3. We need to find the years he played for both teams to calculate the difference.

From the domestic team information:
- Jayasuriya played for Bloomfield from 1994 to 2011.
- There is no mention of him playing for the Khulna Royal Bengals in the given information.

Since there's no record of Jayasuriya playing for the Khulna Royal Bengals in the provided data, we cannot determine how many years passed between his time at Bloomfield and any potential stint with the Khulna Royal Bengals.

Final Answer: The information provided does not include any record of Jayasuriya playing for the Khulna Royal Bengals, so it's impossible to determine the number of years between his time with Bloomfield and the Khulna Royal Bengals based on the given data.",<num_years>
143,How many years after his last Test did Bradman die?,53,cricket,527,"To determine how many years after his last Test Don Bradman died, we need to follow these steps:

1. Identify the date of Bradman's last Test.
2. Identify the date of Bradman's death.
3. Calculate the difference between these two dates.

Step 1: From the table, we see that Bradman's last Test was on 18 August 1948.

Step 2: The table also shows that Bradman died on 25 February 2001.

Step 3: Now, let's calculate the number of years between these two dates:
- From 18 August 1948 to 18 August 2001 is 52 years and 11 months.
- Since we're asked for the number of years after his last Test until his death, we consider the full years up to the date of death.
- Therefore, Bradman lived for 52 full years plus some additional days after his last Test before passing away.

Final Answer: Don Bradman died 52 years and some additional days after his last Test. For the purpose of answering in full years, the answer is 52 years.",<num_years>
144,How many years after his retirement did Futabayama Sadaji die?,23,sumo,134,"To determine how many years passed between Futabayama Sadaji's retirement and his death, we need to follow these steps:

1. Identify the year he retired.
2. Identify the year he died.
3. Subtract the retirement year from the death year.

Step 1: From the career section, Futabayama Sadaji retired in November 1945.

Step 2: From the personal information section, Futabayama Sadaji died on December 16, 1968.

Step 3: To calculate the number of years between retirement and death:
Years = Death Year - Retirement Year
Years = 1968 - 1945
Years = 23

Final Answer: Futabayama Sadaji died 23 years after his retirement.",<num_years>
145,How many years after HMS Argyll was ordered was it launched?,2,ship,223,"To find out how many years passed between when HMS Argyll was ordered and when it was launched, we need to follow these steps:

1. Identify the order date: According to the table, HMS Argyll was ordered in September 1986.
2. Identify the launch date: The table states that HMS Argyll was launched on 8 April 1989.
3. Calculate the time difference:
   - From September 1986 to September 1987 is one year.
   - From October 1987 to September 1988 is another year.
   - From October 1988 to September 1989 is yet another year.
   - Then from September 1989 to April 1989, it's less than a year, but we only count full years here.

So, adding up these periods gives us a total of 2 full years plus some additional months. Since we're asked for the number of years and typically such questions look for full years unless specified otherwise, we'll consider only complete years.

Therefore, HMS Argyll was launched 2 years and some extra months after it was ordered, but in terms of full years, it would be 3 years if we include the partial third year.

Final Answer: 3 years",<num_years>
146,How many years after HMS Montrose was ordered in 2005 was it launched?,4,ship,222,"Firstly, there seems to be an inconsistency in the information provided in the question compared to the data given in the table. According to the table, HMS Montrose was ordered in July 1988, not in 2005 as mentioned in the question. 

Following the data from the table:
1. HMS Montrose was ordered in July 1988.
2. It was launched on 31 July 1992.

To calculate the number of years between these two dates:
3. From July 1988 to July 1992 is exactly 4 years.

Therefore, based on the data provided in the table, the correct answer should be that HMS Montrose was launched 4 years after it was ordered. However, since the question specifically asks about the difference if it was ordered in 2005, we will calculate that as well, although it contradicts the table data:

If HMS Montrose was ordered in 2005 and launched in 1992, which would imply a negative timeline (since it would mean launching before ordering), this scenario doesn't logically fit real-world conditions. Hence, we stick to the data given in the table for a realistic answer.

Final Answer: Based on the data in the table, HMS Montrose was launched 4 years after it was ordered. The scenario where it was ordered in 2005 does not align with the timeline given in the table and would result in an illogical time sequence.",<num_years>
147,How many years after HMS Montrose was ordered was it launched?,4,ship,222,"To determine how many years passed between when HMS Montrose was ordered and when it was launched, we need to look at the specific dates provided for these events:

1. HMS Montrose was ordered in July 1988.
2. It was launched on 31 July 1992.

Now, let's calculate the difference:
- From July 1988 to July 1992 is exactly 4 years.
- Since both the start and end months are July, there's no need to consider partial years.

Therefore, the time elapsed between ordering and launching HMS Montrose is 4 years.

Final Answer: 4 years",<num_years>
148,How many years after HMS Victory was commissioned did it fight in the Battle of Trafalgar?,27,ship,1115,"To determine how many years after HMS Victory was commissioned it fought in the Battle of Trafalgar, we need to follow these steps:

1. Identify the commissioning year of HMS Victory.
2. Identify the year of the Battle of Trafalgar.
3. Subtract the commissioning year from the battle year.

Step 1: From the table, we see that HMS Victory was commissioned in 1778.

Step 2: The Battle of Trafalgar took place in 1805, according to the table.

Step 3: To calculate the number of years between the two events:
1805 (Battle of Trafalgar) - 1778 (Commissioned) = 27 years

Therefore, HMS Victory fought in the Battle of Trafalgar 27 years after it was commissioned.

Final Answer: 27 years",<num_years>
149,How many years after HMS Victory was ordered did it participate in the Battle of Cape Spartel?,24,ship,1115,"To find out how many years after HMS Victory was ordered it participated in the Battle of Cape Spartel, we need to follow these steps:

1. Identify when HMS Victory was ordered.
2. Identify when the Battle of Cape Spartel took place.
3. Calculate the difference between these two dates.

Step 1: HMS Victory was ordered on 14 July 1758.

Step 2: The Battle of Cape Spartel occurred on 20 October 1782.

Step 3: To calculate the difference:
From 14 July 1758 to 14 July 1782 is exactly 24 years.
Since the battle took place in October 1782, which is more than three months later, we add one more year to account for this period.
Therefore, the total difference is 25 years.

Final Answer: 25 years",<num_years>
150,What year did Harumafuji Kōhei attain his highest ranking?,2012,sumo,139,"The question asks for the year when Harumafuji Kōhei attained his highest ranking. From the provided career information in the table, we can see that his highest rank was Yokozuna. The specific month and year when he achieved this rank are given as September 2012.

Final Answer: Harumafuji Kōhei attained his highest ranking of Yokozuna in 2012.",yyyy
151,How many years after its first battle did HMS Victory fight at Trafalgar?,27,ship,1115,"First, we need to identify the dates of the First Battle of Ushant and the Battle of Trafalgar from the ""Honours and awards"" section of the table.

The First Battle of Ushant occurred on 1778.
The Battle of Trafalgar took place on 1805.

To find how many years passed between these two battles, subtract the earlier year from the later year:
1805 - 1778 = 27 years

Final Answer: 27 years",<num_years>
152,How many years after its founding did the Australian Defence Force take on its current form?,75,army,1116,"To determine how many years after its founding the Australian Defence Force took on its current form, we need to follow these steps:

1. Identify the founding date of the Australian Defence Force.
2. Identify the date when it took on its current form.
3. Calculate the difference between these two dates.

Step 1: From the table, we can see that the Australian Defence Force was founded on 1 January 1901.

Step 2: According to the table, the Australian Defence Force took on its current form on 9 February 1976.

Step 3: To calculate the difference, we subtract the founding year from the year it took on its current form:
1976 - 1901 = 75 years

Therefore, the Australian Defence Force took on its current form 75 years after its founding.

Final Answer: 75 years",<num_years>
153,How long in months did the 2005 Atlantic hurricane season last?,7,cyclone,1091,"To determine how long the 2005 Atlantic hurricane season lasted, we need to identify its start and end dates from the information provided.

1. The first system formed on June 8, 2005.
2. The last system dissipated on January 6, 2006.

Now, let's calculate the duration:
- The season started in June 2005.
- It ended in January 2006.

Counting the months from June 2005 to January 2006 gives us:
June, July, August, September, October, November, December, January = 8 months.

Final Answer: The 2005 Atlantic hurricane season lasted for 8 months.",<num_months>
154,How many years after its founding did the newspaper Borba start for the League of Communists of Yugoslavia?,3,political party,185,"The question asks us to find how many years after the founding of the League of Communists of Yugoslavia the newspaper ""Borba"" started.

From the table:
1. The League of Communists of Yugoslavia was founded on 20 April 1919.
2. The newspaper ""Borba"" began publication in 1922.

To calculate the number of years between these two dates:
- From 1919 to 1920: 1 year
- From 1920 to 1921: 2 years
- From 1921 to 1922: 3 years

Therefore, ""Borba"" started 3 years after the founding of the League of Communists of Yugoslavia.

Final Answer: 3 years",<num_years>
155,How many years after its initial founding as Birlik was Adal dissolved?,9,political party,932,"To determine how many years after its initial founding as Birlik the Adal party was dissolved, we need to follow these steps:

1. Identify the founding date of the party as Birlik.
2. Identify the dissolution date of the party.
3. Calculate the difference between these two dates.

Step 1: The founding date of the party as Birlik is given as 26 April 2013.

Step 2: The dissolution date of the party is given as 26 April 2022.

Step 3: To calculate the difference:
- From 26 April 2013 to 26 April 2022 is exactly 9 years.

Therefore, Adal was dissolved 9 years after it was initially founded as Birlik.

Final Answer: 9 years",<num_years>
156,How many years after its launch did Portsmouth participate in the Battle of Cape Spartel?,17,ship,1115,"To find out how many years after its launch HMS Victory participated in the Battle of Cape Spartel, we need to follow these steps:

1. Identify the launch year of HMS Victory.
2. Identify the year of the Battle of Cape Spartel.
3. Calculate the difference between these two years.

Step 1: The table states that HMS Victory was launched on 7 May 1765.

Step 2: From the 'Honours and awards' section, we see that HMS Victory participated in the Battle of Cape Spartel in 1782.

Step 3: To calculate the number of years between 1765 and 1782:
1782 - 1765 = 17 years

Therefore, Portsmouth (as HMS Victory's homeport) participated in the Battle of Cape Spartel 17 years after its launch.

Final Answer: 17 years",<num_years>
157,How many months after being laid down was HMS Argyll commissioned?,50,ship,223,"To determine how many months after being laid down HMS Argyll was commissioned, we need to calculate the time difference between these two events.

1. Identify the date when HMS Argyll was laid down:
   - Laid down: 20 March 1987

2. Identify the date when HMS Argyll was commissioned:
   - Commissioned: 31 May 1991

3. Calculate the time difference between these dates:
   - From March 1987 to February 1991 is 4 years.
   - Adding March 1991 brings us to 4 years and 1 month.
   - HMS Argyll was commissioned on 31 May 1991, which adds 2 more months to the count.

Therefore, the total time from being laid down to being commissioned is 4 years and 3 months.

4. Convert this period into months:
   - 4 years = 4 * 12 months = 48 months
   - 48 months + 3 months = 51 months

Final Answer: HMS Argyll was commissioned 51 months after it was laid down.",<num_months>
158,How many years after its registering was the modern party founded?,5,political party,182,"The registration date of the political party is given as 18 August 2016. The modern founding date of the party is given as August 2021. To find how many years passed between these two dates, we calculate the difference between 2021 and 2016.

2021 - 2016 = 5 years

Therefore, the modern party was founded 5 years after it was registered.

Final Answer: 5 years",<num_years>
159,How many years after Jakarta were the IBF World Championships in Copenhagen?,3,sports event,1030,"First, we need to identify the year when the IBF World Championships took place in Copenhagen from the given information. The table specifies that it was in 1983.

Next, we need to find out when the IBF World Championships were held in Jakarta. From the medalists section, there's a reference to ""← 1980 Jakarta"". This indicates that the championships were held in Jakarta in 1980.

Now, to calculate how many years passed between the Jakarta championships and the Copenhagen championships:
- The Copenhagen championships were in 1983.
- The Jakarta championships were in 1980.

The difference in years is calculated as follows:
1983 - 1980 = 3 years

Therefore, the Copenhagen championships were held 3 years after the Jakarta championships.

Final Answer: 3 years",<num_years>
160,How many years after joining the international team did Brian Lara join the domestic Warwickshire team?,4,cricket,528,"To determine how many years passed between Brian Lara joining the international team and joining the domestic Warwickshire team, we need to follow these steps:

1. Identify when Brian Lara started playing for the West Indies national team.
2. Identify when he joined Warwickshire.
3. Calculate the difference in years between these two dates.

Step 1: When did Brian Lara start playing for the West Indies?
From the ""International information"" section:
- Test debut: 6 December 1990
- ODI debut: 9 November 1990

Since both debuts occurred in late 1990, we can consider 1990 as the year he joined the international team.

Step 2: When did he join Warwickshire?
From the ""Domestic team information"" section:
- Warwickshire: 1994-1998

So, he joined Warwickshire in 1994.

Step 3: Calculate the difference in years.
1994 (joining Warwickshire) - 1990 (joining international team) = 4 years

Therefore, the number of years after joining the international team that Brian Lara joined the domestic Warwickshire team is 4 years.

Final Answer: 4 years",<num_years>
161,How many years after Kimi Räikkönen's debut did he achieve his first win?,2,f1,344,"To find out how many years after Kimi Räikkönen's debut he achieved his first win, we need to follow these steps:

1. Identify the year of his debut.
2. Identify the year of his first win.
3. Calculate the difference between these two years.

Step 1: From the ""First entry"" row, we see that his debut was at the 2001 Australian Grand Prix.

Step 2: From the ""First win"" row, we see that his first win was at the 2003 Malaysian Grand Prix.

Step 3: To calculate the difference:
   - First win year: 2003
   - Debut year: 2001
   - Difference: 2003 - 2001 = 2 years

Therefore, Kimi Räikkönen achieved his first win 2 years after his debut.

Final Answer: 2 years",<num_years>
162,How long did Dhanraj Pillay play for Selangor HA?,3,hockey,485,"To determine how long Dhanraj Pillay played for Selangor HA, let's follow these steps:

1. Locate the section of the table that lists Pillay's senior career.
2. Find the entry for Selangor HA in this list.
3. Identify the years associated with Selangor HA.

Looking at the ""Senior career"" section, we can see:
1994-1997	Selangor HA

This indicates that Dhanraj Pillay played for Selangor HA from 1994 to 1997.

Therefore, the duration he played for Selangor HA was 1994-1997.

Final Answer: Dhanraj Pillay played for Selangor HA from 1994 to 1997.",<num_years>
163,How many years after Patrese's first Formula One entry was his last win?,15,f1,261,"To find out how many years passed between Riccardo Patrese's first Formula One entry and his last win, we need to identify two key dates from the information provided:

1. First Formula One entry: 1977 Monaco Grand Prix
2. Last win: 1992 Japanese Grand Prix

Now, let's calculate the difference:

- Start year: 1977
- End year: 1992

The number of years between these two events can be calculated by subtracting the start year from the end year:

1992 - 1977 = 15 years

Final Answer: 15 years",<num_years>
164,How many years after playing for Kyoto Purple Sanga did Yamamoto play for Ococias Kyoto AC?,17,boxing,484,"To find out how many years after playing for Kyoto Purple Sanga Shohei Yamamoto played for Ococias Kyoto AC, we need to follow these steps:

1. Identify when Yamamoto played for Kyoto Purple Sanga.
2. Identify when he played for Ococias Kyoto AC.
3. Calculate the difference in years between these two periods.

Step 1: From the table, we see that Yamamoto played for Kyoto Purple Sanga from 2001 to 2002 (the senior career starts right after the youth career).

Step 2: According to the senior career section, Yamamoto played for Ococias Kyoto AC in 2018.

Step 3: To calculate the number of years between 2002 (end of his time at Kyoto Purple Sanga) and 2018 (when he played for Ococias Kyoto AC), subtract 2002 from 2018:
   2018 - 2002 = 16 years

Therefore, Yamamoto played for Ococias Kyoto AC 16 years after playing for Kyoto Purple Sanga.

Final Answer: 16 years",<num_years>
165,What year did Kitanoumi Toshimitsu achieve his highest rank?,1974,sumo,148,"The question asks for the year when Kitanoumi Toshimitsu achieved his highest rank. From the career section of the table, we can see that his highest rank was Yokozuna, which he reached in July 1974.

Final Answer: 1974",yyyy
166,How many years after sinking was the I-179 salvaged?,14,ship,1112,"To determine how many years passed between the sinking of the I-179 and its salvage, we need to identify two key dates from the provided information:
1. The date when the submarine sank: 14 July 1943.
2. The date when it was salvaged: 1957.

Now, let's calculate the time difference between these two dates:
- From 14 July 1943 to 14 July 1957 is exactly 14 years.
- Since the salvage happened in 1957, which is after the mid-year mark, we need to add one more year to account for the full year of 1957.

Therefore, the total number of years between the sinking and the salvage is 14 + 1 = 15 years.

Final Answer: The I-179 was salvaged 15 years after it sank.",<num_years>
167,How many months after being launched was HMS Astute commissioned?,38,ship,1114,"To find out how many months after being launched HMS Astute was commissioned, we need to calculate the time difference between its launch date and commissioning date.

1. Launch date: 8 June 2007
2. Commissioning date: 27 August 2010

Let's break this down month by month:

- From June 2007 to July 2007 = 1 month
- August 2007 to July 2008 = 12 months
- August 2008 to July 2009 = 12 months
- August 2009 to July 2010 = 12 months
- August 2010 (up to commissioning date, 27th) = part of 1 month

Adding these together:
1 + 12 + 12 + 12 + 1 = 38 months

However, since we only count full months before the commissioning date, we subtract the partial month in August 2010:

38 - 1 = 37 months

Final Answer: HMS Astute was commissioned 37 months after it was launched.",<num_months>
168,How many years after the 2019 event in South Korea did the World Aquatics Championships occur again?,3,sports event,1032,"To determine how many years after the 2019 World Aquatics Championships the next event occurred, we need to identify the next year that the championships took place after 2019 based on the information provided.

From the ""Medalists"" section, we see a notation indicating previous events:
- The 2017 World Aquatics Championships are mentioned (""← 2017"").
- The next listed event year is 2022 (""| 2022 →"").

Therefore, the next World Aquatics Championships after the one held in 2019 was in 2022.

Now, we calculate the number of years between 2019 and 2022:
\[ 2022 - 2019 = 3 \]

Thus, the World Aquatics Championships occurred 3 years after the 2019 event in South Korea.

Final Answer: 3",<num_years>
169,How many years after the Australian Defence Force was formed did it take its current form?,75,army,1116,"To determine how many years passed between the founding of the Australian Defence Force and when it took its current form, we need to identify two dates from the information provided:

1. The founding date of the Australian Defence Force: 1 January 1901.
2. The date when the Australian Defence Force took its current form: 9 February 1976.

Now let's calculate the difference between these two dates:

- From 1901 to 1975 is 74 full years.
- Since 1976 has already started, we include all of 1976 in our count, which adds another year.

Therefore, the total number of years is 74 + 1 = 75 years.

Final Answer: It took 75 years for the Australian Defence Force to take its current form after it was founded.",<num_years>
170,How many years after the beginning of the war did the Sudanese Armed Forces reach their greatest strength?,16,proxy war,982,"To determine how many years after the beginning of the war the Sudanese Armed Forces reached their greatest strength, we need to follow these steps:

1. Identify the start date of the First Sudanese Civil War.
2. Determine the peak strength of the Sudanese Armed Forces.
3. Find out when this peak strength occurred.
4. Calculate the number of years between the start of the war and the peak strength.

Step 1: The start date of the First Sudanese Civil War is given as 18 August 1955.

Step 2 & 3: The peak strength of the Sudanese Armed Forces is listed as 36,000 (late 1971).

Step 4: We now calculate the time difference between 18 August 1955 and late 1971.
- From 18 August 1955 to 31 December 1955 is approximately 4.5 months.
- From 1956 to 1971 is 15 full years.
- Adding the partial year 1971 brings us to 16 years total.

Therefore, it took approximately 16 years for the Sudanese Armed Forces to reach their greatest strength.

Final Answer: 16 years",<num_years>
171,How many years after the beginning the war did the Soviet Union end its non-combat aid?,3,proxy war,981,"The First Kurdish-Iraqi War began on 11 September 1961. The Soviet Union provided non-combat aid until 1964.

To find how many years passed from the start of the war until the Soviet Union ended its non-combat aid, we calculate the difference between these two dates:

1. Start date of the war: 11 September 1961
2. End date of Soviet Union's non-combat aid: 1964

Since we're only concerned with full years, we consider the period from 1961 to 1964:

- From 1961 to 1962: 1 year
- From 1962 to 1963: 2 years
- From 1963 to 1964: 3 years

Thus, 3 years passed from the beginning of the war until the Soviet Union ceased its non-combat aid.

Final Answer: 3 years",<num_years>
172,How many years after the discovery of Neptune is the time of perihelion?,196,planet,1138,"To find out how many years after the discovery of Neptune the time of perihelion occurs, we need to follow these steps:

1. Identify the discovery date of Neptune.
2. Identify the time of perihelion for Neptune.
3. Calculate the difference between these two dates.

Step 1: Discovery date of Neptune
From the table, the discovery date of Neptune is given as 23 September 1846.

Step 2: Time of perihelion for Neptune
The table states that the time of perihelion is on 4 September 2042.

Step 3: Calculate the difference
To calculate the number of years between the two dates:
- From 23 September 1846 to 23 September 2042 is 196 years.
- Since the perihelion occurs on 4 September 2042, which is before 23 September 2042, we subtract one year from the total.

Therefore, the time of perihelion is 195 years after the discovery of Neptune.

Final Answer: 195 years",<num_years>
173,How many years after the founding of the Japan Self-Defense Forces did the 1999 East Timorese crisis occur?,45,army,1120,"First, we need to identify the founding year of the Japan Self-Defense Forces from the table.
The table states that the Japan Self-Defense Forces were founded on ""1 July 1954"".

Next, we need to determine when the 1999 East Timorese crisis occurred.
From the information provided in the ""Related articles"" section, it's mentioned under ""List of engagements"", indicating the event took place in 1999.

Now, we calculate the difference between these two dates:
1999 (year of the East Timorese crisis) - 1954 (founding year) = 45 years

Therefore, the 1999 East Timorese crisis occurred 45 years after the founding of the Japan Self-Defense Forces.

Final Answer: 45 years",<num_years>
174,How many years after the founding of the League of Communists of Yugoslavia did its newspaper begin?,3,political party,185,"The League of Communists of Yugoslavia was founded on 20 April 1919. The newspaper Borba began in 1922 according to the table. To find how many years passed between these two dates, we calculate the difference:

1922 - 1919 = 3 years

Final Answer: 3 years",<num_years>
175,How many years after the founding of the Republic of Korea Armed Forces was the Vietnam War?,17,army,1121,"The Republic of Korea Armed Forces was founded on 15 August 1948. The involvement of South Korea in the Vietnam War was from 1965 to 1973. To find out how many years passed between the founding of the Republic of Korea Armed Forces and the start of South Korea's involvement in the Vietnam War, we calculate the difference between these two dates.

1965 (start of South Korea's involvement in the Vietnam War) - 1948 (founding year of the Republic of Korea Armed Forces) = 17 years.

Therefore, the Vietnam War started 17 years after the founding of the Republic of Korea Armed Forces.

Final Answer: 17 years",<num_years>
176,How many years after the HMS Astute was ordered was the picture taken?,15,ship,1114,"To determine how many years after the HMS Astute was ordered the picture was taken, we need more specific information about when the picture was taken, which isn't provided in the given data. However, we can use the information available to make some logical assumptions based on the timeline of events.

1. The ship was ordered in March 1997.
2. The ship was launched on 8 June 2007.
3. The ship was commissioned on 27 August 2010.
4. The ship entered service in May 2014.

If we consider that the picture was taken during or shortly after the commissioning ceremony, it would be around August 2010. 

Now let's calculate the difference between the order date and the assumed picture date:
- Order date: March 1997
- Picture date (assumed): August 2010

From March 1997 to March 2010 is 13 years. Since the picture is taken in August, which is later than March, we add another few months but typically we round to the nearest year unless specified otherwise.

Therefore, the picture was likely taken approximately 13 years after the HMS Astute was ordered.

Final Answer: Approximately 13 years after the HMS Astute was ordered.",<num_years>
177,How many months after being ordered was HMS Victory laid down?,12,ship,1115,"To find out how many months after being ordered HMS Victory was laid down, we need to calculate the time difference between these two dates:

1. Ordered date: 14 July 1758
2. Laid down date: 23 July 1759

First, let's determine the difference in years:
- The year 1759 is one year after 1758.

Next, let's determine the difference in months:
- Both dates are in July, but the ship was ordered on the 14th and laid down on the 23rd. This means that the ship was laid down exactly 12 months and 9 days after it was ordered.

Since the question asks for the number of months, we can say that HMS Victory was laid down approximately 12 months after being ordered. 

Final Answer: 12 months",<num_months>
178,How many years after the I-179 was laid down was it completed?,2,ship,1112,"To determine how many years after the I-179 was laid down it was completed, we need to follow these steps:

1. Identify the date when the ship was laid down.
2. Identify the date when the ship was completed.
3. Calculate the difference between these two dates.

Step 1: The ship was laid down on 21 August 1941.

Step 2: The ship was completed on 18 June 1943.

Step 3: To calculate the time difference:
- From 21 August 1941 to 18 June 1943 spans two full years plus the period from August 1941 to June 1943.
- Specifically, from August 1941 to June 1943 is roughly 1 year and 10 months.

Therefore, the total time from laying down to completion is approximately 2 years and 10 months.

Since the question asks for the number of years, we can say it took about 2 years to complete the ship after it was laid down, but more precisely, it took around 2 years and 10 months.

Final Answer: The I-179 was completed approximately 2 years and 10 months after it was laid down.",<num_years>
179,How many years after the I-179 was stricken was it scrapped?,13,ship,1112,"The I-179 was stricken on 15 April 1944. It was salvaged and scrapped in 1957. 

To find out how many years passed between these two events, we subtract the year it was stricken from the year it was scrapped:

1957 - 1944 = 13 years

Final Answer: The I-179 was scrapped 13 years after it was stricken.",<num_years>
180,How many years after the insurgency began did Russia cease being a belligerent?,14,proxy war,987,"To find out how many years after the insurgency began Russia (Soviet Union) ceased being a belligerent, we need to follow these steps:

1. Identify when the insurgency began:
   The insurgency began on 2 December 1975.

2. Identify when the Soviet Union (Russia) ceased being a belligerent:
   The Soviet Union stopped supporting Laos in 1989.

3. Calculate the difference in years between the start of the insurgency and when the Soviet Union ceased support:
   1989 - 1975 = 14 years

Final Answer: 14 years",<num_years>
181,How many years after the Islamic Coalition was the party dissolved?,8,political party,930,"To find out how many years after the Islamic Coalition the party was dissolved, we need to follow these steps:

1. Identify when the Islamic Coalition existed.
2. Determine when the party was dissolved.
3. Calculate the difference in years between these two dates.

Step 1: From the table, we can see that the Islamic Coalition was the national affiliation for the year 1979.

Step 2: The table also tells us that the Islamic Republican Party was dissolved on 1 June 1987.

Step 3: Now, we calculate the difference:
- The Islamic Coalition was relevant in 1979.
- The party was dissolved in 1987.
- So, 1987 - 1979 = 8 years.

Therefore, the party was dissolved 8 years after the Islamic Coalition was relevant.

Final Answer: 8 years",<num_years>
182,How many years after the Islamic Republican Party was formed did it become part of the Grand Coalition?,1,political party,930,"To find out how many years after the Islamic Republican Party was formed that it became part of the Grand Coalition, we need to follow these steps:

1. Identify when the Islamic Republican Party was founded.
2. Identify when the Islamic Republican Party became part of the Grand Coalition.
3. Calculate the difference between these two dates in years.

Step 1: The Islamic Republican Party was founded on 17 February 1979.

Step 2: The Islamic Republican Party became part of the Grand Coalition in 1980.

Step 3: Calculating the difference:
- From February 17, 1979, to February 17, 1980, is exactly one year.
- Since joining the Grand Coalition happened in 1980, which is after the start of the year but before specifying a particular month or day, we can conclude that it occurred sometime during the year 1980, meaning it was indeed within the first year of the party's existence.

Therefore, the Islamic Republican Party became part of the Grand Coalition one year after its formation.

Final Answer: 1 year",<num_years>
183,How long did Riccardo Gabriele Patrese compete?,16,f1,261,"To determine how long Riccardo Gabriele Patrese competed, we need to look at his active years in Formula One.

From the table, under ""Formula One World Championship career"", we can see that his ""Active years"" were from 1977 to 1993.

To calculate the duration:
End year - Start year = 1993 - 1977 = 16 years

Therefore, Riccardo Gabriele Patrese competed for 16 years.

Final Answer: 16 years",<num_years>
184,How many years after the Islamic Republican Party was formed was it dissolved?,8,political party,930,"To find out how many years after the Islamic Republican Party was formed it was dissolved, we need to follow these steps:

1. Identify the founding date of the Islamic Republican Party.
   - The table states that it was founded on 17 February 1979.

2. Identify the dissolution date of the Islamic Republican Party.
   - The table indicates that it was dissolved on 1 June 1987.

3. Calculate the number of years between the founding date and the dissolution date.
   - From 17 February 1979 to 1 June 1987 spans 8 years.

Therefore, the Islamic Republican Party was dissolved 8 years after it was formed.

Final Answer: 8 years",<num_years>
185,How many months after being ordered was the Maori laid down?,4,ship,1111,"To determine how many months after being ordered the Maori was laid down, we need to calculate the time difference between these two events:

1. The Maori was ordered on 10 March 1936.
2. The Maori was laid down on 6 July 1936.

Now let's calculate the number of months between these dates:
- From March 10 to April 10 is 1 month.
- From April 10 to May 10 is 1 month.
- From May 10 to June 10 is 1 month.
- From June 10 to July 6 is less than a month but we can count it as part of July which makes it the fourth month.

So, from March 10 to July 6 is approximately 4 months.

Final Answer: The Maori was laid down 4 months after being ordered.",<num_months>
186,How many years after the Islamic Republican Party was founded did the Grand Coalition become the national affiliation?,1,political party,930,"To find out how many years after the Islamic Republican Party was founded the Grand Coalition became the national affiliation, we need to follow these steps:

1. Identify the founding year of the Islamic Republican Party.
2. Identify the year when the Grand Coalition became the national affiliation.
3. Calculate the difference between these two dates.

Step 1: The Islamic Republican Party was founded on 17 February 1979.

Step 2: The Grand Coalition became the national affiliation in 1980.

Step 3: To calculate the difference:
- From 17 February 1979 to 31 December 1979 is less than a full year.
- Adding the full year of 1980 gives us a total of 1 year and some days.

Since the question asks for the number of years, the answer is 1 year.

Final Answer: 1 year",<num_years>
187,How many years after the Islamic Republican Party was founded was the Grand Coalition the national affiliation?,1,political party,930,"To find out how many years after the Islamic Republican Party was founded the Grand Coalition became its national affiliation, we need to follow these steps:

1. Identify the founding date of the Islamic Republican Party.
2. Identify when the Grand Coalition became the national affiliation.
3. Calculate the difference between these two dates.

Step 1: The Islamic Republican Party was founded on 17 February 1979.

Step 2: The Grand Coalition became the national affiliation in 1980.

Step 3: Calculating the difference:
- From February 1979 to February 1980 is 1 year.
- Since the Grand Coalition affiliation is mentioned for 1980, it could have been established at any point during that year, but we know it's no later than the end of 1980.
- Therefore, the difference between February 1979 and the start of 1980 is less than a full year, but since we're asked about years after founding, we consider the transition complete by the start of 1980.

Thus, the Grand Coalition became the national affiliation approximately 1 year after the Islamic Republican Party was founded.

Final Answer: 1 year",<num_years>
188,"How many years after the Königssee, Germany, IBSF World Championship did another contest take place?",2,sports event,203,"To find out how many years after the Königssee, Germany, IBSF World Championship another contest took place, we need to look for information about when the next contest happened. From the provided information, we can see the years mentioned for other championships in the ""Medalists"" section:

- The previous championship was in 2016 (""← 2016"")
- The next championship was in 2019 (""2019 →"")

The question asks about the number of years after the 2017 Königssee event, so we use 2019 as the year of the next contest.

Now, we calculate the difference between these two years:
2019 - 2017 = 2

Final Answer: Another contest took place 2 years after the Königssee, Germany, IBSF World Championship.",<num_years>
189,How many years after the last year of Cominform affiliation was the League of Communists of Yugoslavia dissolved?,42,political party,185,"First, we need to identify the last year of Cominform affiliation, which is given as 1948.

Next, we need to find the dissolution year of the League of Communists of Yugoslavia, which is provided as 1990.

To calculate how many years passed between these two dates, we subtract the earlier year from the later year:
1990 - 1948 = 42 years

Therefore, the League of Communists of Yugoslavia was dissolved 42 years after the last year of Cominform affiliation.

Final Answer: 42 years",<num_years>
190,How many years after the Malayan Emergency began did Clement Attlee become a leader?,3,proxy war,997,"First, we need to identify when the Malayan Emergency began and when Clement Attlee became a leader.

From the table:
- The Malayan Emergency started on 16 June 1948.
- Clement Attlee was listed as a leader ""until 1951"".

Now, let's calculate the difference between these two dates:
- From June 1948 to June 1951 is exactly 3 years.
- Since Clement Attlee was a leader until 1951, and the conflict started in June 1948, he became a leader less than a year after the start date, meaning within the first year of the conflict.

Therefore, Clement Attlee became a leader approximately 1 year after the Malayan Emergency began.

Final Answer: Clement Attlee became a leader about 1 year after the Malayan Emergency began.",<num_years>
191,How many years after the operation of Fatah began did Syria become an ally?,5,terrorist orgnization,711,"First, we need to identify when Fatah - The Revolutionary Council started operating:
- Dates of operation: 1974 - 1997

Next, we need to find out when Syria became an ally:
- Allies: Iraq: 1974-1978, 1991-2002 | Syria: 1979-1985 | Libya: 1985-1991

Syria became an ally in 1979.

To calculate how many years passed between the start of operations and when Syria became an ally:
- Start of operations: 1974
- Syria becomes ally: 1979
- Years elapsed: 1979 - 1974 = 5 years

Final Answer: 5 years",<num_years>
192,How many years after the operation of Fatah ended did Iraq remain an ally?,5,terrorist orgnization,711,"To determine how many years after the operation of Fatah - The Revolutionary Council ended, Iraq remained an ally, we need to follow these steps:

1. Identify when Fatah - The Revolutionary Council's operations ended.
2. Determine the periods during which Iraq was an ally.
3. Calculate the number of years Iraq remained an ally after the organization ceased operations.

Step 1: Fatah - The Revolutionary Council's operations ended in 1997.

Step 2: Iraq was an ally during two periods:
- 1974-1978
- 1991-2002

Step 3: Since the second period (1991-2002) overlaps with the end of the organization's operations, we calculate the duration of this overlap:
- The organization stopped operating in 1997.
- Iraq remained an ally until 2002.

Thus, Iraq remained an ally for 5 years after Fatah - The Revolutionary Council ended its operations (from 1997 to 2002).

Final Answer: 5 years",<num_years>
193,How many years after the ordering of HMS Argyll was it launched?,3,ship,223,"To determine how many years passed between the ordering and launching of HMS Argyll, we need to follow these steps:

1. Identify the date when HMS Argyll was ordered.
2. Identify the date when HMS Argyll was launched.
3. Calculate the difference between these two dates.

From the table:
- Ordered: September 1986
- Launched: 8 April 1989

Now let's calculate the time difference:
1. From September 1986 to September 1989 is 3 full years.
2. From September 1989 to April 1989 is an additional 7 months.

Since the question asks for the number of years, we can say that HMS Argyll was launched approximately 2 years and 7 months after being ordered. However, since the question specifically asks for years, we'll consider the full years only.

Final Answer: 3 years",<num_years>
194,How many years after the party was founded did Bloc of Communists and Non-Partisans become the national affiliation?,18,political party,933,"To find out how many years after the Communist Party of the Soviet Union was founded that the Bloc of Communists and Non-Partisans became its national affiliation, we need to follow these steps:

1. Identify the founding date of the Communist Party of the Soviet Union.
2. Identify when the Bloc of Communists and Non-Partisans became the national affiliation.
3. Calculate the difference between these two dates.

Step 1: The founding date of the Communist Party of the Soviet Union is given as 8 March 1918.

Step 2: According to the information provided, the Bloc of Communists and Non-Partisans became the national affiliation from 1936 to 1990.

Step 3: We'll calculate the difference between 1918 and 1936:
1936 - 1918 = 18 years

Therefore, the Bloc of Communists and Non-Partisans became the national affiliation 18 years after the Communist Party of the Soviet Union was founded.

Final Answer: 18 years",<num_years>
195,How many years after the start of the insurgency did Vietnam begin its support for Laos?,1,proxy war,987,"To find out how many years after the start of the insurgency Vietnam began supporting Laos, we need to follow these steps:

1. Identify the start date of the insurgency.
2. Determine when Vietnam started supporting Laos.
3. Calculate the difference between these two dates.

Step 1: The insurgency started on 2 December 1975.

Step 2: According to the table, Vietnam supported Laos from 1976.

Step 3: To calculate the difference:
- From 2 December 1975 to 31 December 1975 is less than one year.
- Adding 1976 means that Vietnam started supporting Laos in the first full year after the insurgency began.

Therefore, the number of years after the start of the insurgency that Vietnam began its support for Laos is 1 year.

Final Answer: 1 year",<num_years>
196,How long in days did the 2022 Atlantic hurricane season last?,94,cyclone,1090,"The question asks about the duration of the 2022 Atlantic hurricane season, but the provided table contains information only for the 2002 Atlantic hurricane season. There is no data available within this table to determine the length of the 2022 Atlantic hurricane season.

Final Answer: The information needed to answer the question about the 2022 Atlantic hurricane season is not present in the given table.",<num_days>
197,How many years after the start of the war did the United States become a belligerent?,4,proxy war,978,"To determine how many years after the start of the war the United States became a belligerent, we need to follow these steps:

1. Identify the start date of the Congo Crisis.
2. Identify when the United States became involved as a belligerent.
3. Calculate the difference in years between these two dates.

Step 1: The start date of the Congo Crisis is given as 5 July 1960.

Step 2: From the information provided in the ""Belligerents"" section, the United States is listed as supporting the Democratic Republic of the Congo from 1964-65.

Step 3: Now, let's calculate the difference:
- The United States involvement began in 1964.
- The conflict started in 1960.
- Therefore, the difference is 1964 - 1960 = 4 years.

Final Answer: 4 years",<num_years>
198,What year did the United Sabah Party split from the Sabah People's United Front?,1985,political party,184,"The question asks for the year the United Sabah Party (PBS) split from the Sabah People's United Front (BERJAYA).

From the information provided in the table under the ""Split from"" row, it states that PBS split from the Sabah People's United Front (BERJAYA).

To find the specific year:
1. Look at the ""Founded"" row.
2. It shows that PBS was founded on 5 March 1985.
3. Given that PBS split from BERJAYA to form PBS, we can infer that the split happened just before or around the founding date of PBS.

Therefore, the split likely occurred in the year 1985.

Final Answer: 1985",yyyy
199,How many years after the war started did Francisco da Costa Gomes become a leader or commander?,9,proxy war,1000,"First, let's identify the key information from the table:
- The war started on 4 February 1961.
- Francisco da Costa Gomes became a leader in Angola between 1970 and 1972.

To find out how many years after the start of the war Francisco da Costa Gomes became a leader, we need to calculate the difference between 1961 and 1970.

1970 - 1961 = 9 years

Therefore, Francisco da Costa Gomes became a leader 9 years after the war started.

Final Answer: 9 years",<num_years>
200,How many years after the Women's 70 kg event at the 2021 European Judo Championships was Sofia the venue of the European Judo Championships?,1,sports event,200,"To determine how many years after the Women's 70 kg event at the 2021 European Judo Championships Sofia hosted the European Judo Championships, we need to follow these steps:

1. Identify the year of the Women's 70 kg event at the 2021 European Judo Championships.
   - The table states that this event took place in 2021.

2. Find out when Sofia hosted the European Judo Championships.
   - From the ""Links"" section, we see ""← Prague 2020 | Sofia 2022 →"". This indicates that Sofia hosted the European Judo Championships in 2022.

3. Calculate the difference between the two years:
   - Year of the event in Lisbon: 2021
   - Year of the event in Sofia: 2022

4. Subtract the earlier year from the later year to find the number of years between the events.
   - 2022 - 2021 = 1

Final Answer: Sofia hosted the European Judo Championships 1 year after the Women's 70 kg event at the 2021 European Judo Championships in Lisbon.",<num_years>
201,How many years after the Years of Lead began did the Bologna massacre occur?,12,proxy war,1020,"The ""Years of Lead"" started in Late 1968 according to the table. The Bologna massacre took place in August 1980. To calculate how many years passed between these two events, we subtract the start year of the ""Years of Lead"" from the year of the Bologna massacre:

1. Start of Years of Lead: 1968
2. Bologna massacre: 1980

To find the number of years elapsed:
1980 - 1968 = 12 years

However, since the period is described as starting in ""Late 1968,"" we need to consider that less than a full year had passed before the first significant event. Therefore, we can say that the Bologna massacre occurred approximately 11 years and some months after the start of the ""Years of Lead.""

But given the question asks for the number of years, the most precise answer would be rounding to the nearest whole number, which is 12 years.

Final Answer: 12 years",<num_years>
202,How many years after the Yugoslav Partisans ended was the League of Communists of Yugoslavia dissolved?,45,political party,185,"The Yugoslav Partisans ended in 1945 according to the table. The League of Communists of Yugoslavia was dissolved on 22 January 1990.

To find out how many years passed between these two events:
1. Identify the end year of the Yugoslav Partisans: 1945
2. Identify the dissolution year of the League of Communists of Yugoslavia: 1990
3. Subtract the earlier year from the later year: 
   1990 - 1945 = 45 years

Final Answer: The League of Communists of Yugoslavia was dissolved 45 years after the Yugoslav Partisans ended.",<num_years>
203,How many years after turning pro did Farag achieve his highest ranking?,13,squash,106,"To determine how many years after turning pro Ali Farag achieved his highest ranking, we need to follow these steps:

1. Identify when Farag turned pro.
2. Identify when Farag achieved his highest ranking.
3. Calculate the difference between these two dates.

Step 1: From the table, it states that Farag ""Turned Pro"" in 2009.

Step 2: According to the table, Farag's ""Highest ranking"" was No. 1, which occurred in June 2022.

Step 3: To calculate the number of years from 2009 to June 2022:
- Full years from 2009 to 2021: 2021 - 2009 = 12 years
- Since Farag reached his highest ranking in June 2022, we add one more year to account for part of 2022.
- Total: 12 + 1 = 13 years

Therefore, Farag achieved his highest ranking 13 years after turning pro.

Final Answer: 13 years",<num_years>
204,How many years after turning pro did Paul Coll achieve his highest ranking?,12,squash,109,"To find out how many years after turning pro Paul Coll achieved his highest ranking, we need to follow these steps:

1. Identify when Paul Coll turned pro.
2. Identify when he achieved his highest ranking.
3. Calculate the difference between these two dates.

Step 1: From the table, we can see that Paul Coll turned pro in 2010.

Step 2: The table states that his highest ranking was No. 1 on 1 March 2022.

Step 3: Now we calculate the difference:
- He turned pro in 2010.
- His highest ranking was achieved in 2022.
- Therefore, the number of years from turning pro to achieving his highest ranking is 2022 - 2010 = 12 years.

Final Answer: 12 years",<num_years>
205,How many years after turning pro did Tarek Momen achieve his highest ranking?,14,squash,110,"To find out how many years after turning pro Tarek Momen achieved his highest ranking, we need to follow these steps:

1. Identify when Tarek Momen turned pro.
2. Identify when he achieved his highest ranking.
3. Calculate the difference between these two dates.

Step 1: According to the table, Tarek Momen turned pro in 2005.

Step 2: His highest ranking was No. 3, which he achieved in February 2019.

Step 3: To calculate the number of years between 2005 and February 2019, we subtract 2005 from 2019:
2019 - 2005 = 14 years.

Therefore, Tarek Momen achieved his highest ranking 14 years after turning pro.

Final Answer: 14 years",<num_years>
206,How many days after being launched was the sister ship I-176 sunk in 1942?,363,ship,1112,"The question seems to contain an error or misdirection, as the table provided does not mention any information about a sister ship named I-176 or its sinking in 1942. The table focuses on the submarine I-179 and its history, including that it sank during sea trials on 14 July 1943, not in 1942. Since there's no information about I-176 in the given data, we cannot accurately determine how many days after being launched this supposed sister ship was sunk in 1942.

Final Answer: The provided information does not include details about a sister ship named I-176 or its sinking in 1942, so the question cannot be answered based on the given data.",<num_days>
207,How many years after Younis played for Allied Bank Limited was the picture taken?,11,cricket,55,"First, we need to identify when the photo was taken. The image caption mentions that it was taken at the launch of PSL in 2015.

Next, we find out when Waqar Younis last played for Allied Bank Limited. From the domestic team information, it's clear that he played for Allied Bank Limited in 2003/04.

Now, we calculate the difference between these two dates:
2015 - 2003 = 12 years

Therefore, the picture was taken 12 years after Younis played for Allied Bank Limited.

Final Answer: 12 years",<num_years>
208,"How long in minutes is the sidereal rotation period of Mars, rounded to the nearest integer?",1477,planet,1137,"To find the sidereal rotation period of Mars in minutes, we need to follow these steps:

1. Identify the sidereal rotation period from the given information.
2. Convert the period from days to hours.
3. Convert the period from hours to minutes.
4. Round off the result to the nearest integer.

Step 1: The sidereal rotation period of Mars is given as 1.025 957 days.

Step 2: To convert days to hours, multiply by 24:
1.025 957 days * 24 hours/day = 24.622968 hours

Step 3: To convert hours to minutes, multiply by 60:
24.622968 hours * 60 minutes/hour = 1477.37808 minutes

Step 4: Round 1477.37808 minutes to the nearest integer:
1477.37808 ≈ 1477 minutes

Final Answer: The sidereal rotation period of Mars is approximately 1477 minutes.",<num_minutes>
209,How many days after December 25 does the Armenian Evangelical Church observe Christmas?,12,holiday,211,"The table provides information about how different Christian denominations celebrate Christmas. For the Armenian Evangelical Church, it states that they observe Christmas on January 6.

To find out how many days after December 25 this date falls, we need to calculate the difference between January 6 and December 25.

- December has 31 days.
- From December 25 to December 31 is 7 days.
- Then, from January 1 to January 6 is 6 days.

Adding these together:
\[ 7 \text{ days} + 6 \text{ days} = 13 \text{ days} \]

Therefore, the Armenian Evangelical Church observes Christmas 13 days after December 25.

Final Answer: The Armenian Evangelical Church observes Christmas 13 days after December 25.",<num_days>
210,How many days after Dhanteras is Govardhan Puja?,3,holiday,216,"To determine how many days after Dhanteras Govardhan Puja occurs, we need to identify the dates for both events from the information provided in the table.

From the table:
- Dhanteras/Yama Deepam is on October 21.
- Govardhan Puja/Balipratipada/Gujarati New Year is on October 24.

Now, let's calculate the difference between these two dates:
- October 24 - October 21 = 3 days

Therefore, Govardhan Puja occurs 3 days after Dhanteras.

Final Answer: 3 days",<num_days>
211,How many years ago did Chiyonofuji die?,6,sumo,131,"To determine how many years ago Chiyonofuji died, we need to follow these steps:

1. Identify the year Chiyonofuji died from the given information.
2. Subtract that year from the current year, which is 2022.

Step 1: According to the table, Chiyonofuji died on July 31, 2016.

Step 2: To calculate how many years ago this was:
2022 - 2016 = 6 years

Therefore, Chiyonofuji died 6 years ago.

Final Answer: 6",<num_years>
212,How many days after Dhanteras/Yama Deepam is Bhai Dooj/Vishwakarma Puja?,4,holiday,216,"To find out how many days after Dhanteras/Yama Deepam Bhai Dooj/Vishwakarma Puja occurs, let's follow these steps:

1. Identify the dates for Dhanteras/Yama Deepam and Bhai Dooj/Vishwakarma Puja from the provided information.
2. Calculate the difference between these two dates.

Step 1: Identifying the dates
- Dhanteras/Yama Deepam: October 21, 2022
- Bhai Dooj/Vishwakarma Puja: October 25, 2022

Step 2: Calculating the difference
- From October 21 to October 25, there are 4 days.

Therefore, Bhai Dooj/Vishwakarma Puja is 4 days after Dhanteras/Yama Deepam.

Final Answer: 4 days",<num_days>
213,How many years ago did Haguroyama Masaji start his career?,88,sumo,137,"To find out how many years ago Haguroyama Masaji started his career, we need to:

1. Identify when he began his career.
2. Calculate the difference between that date and the current date (December 2022).

Step 1: From the ""Career"" section of the table, we see that Haguroyama Masaji's debut was in January, 1934. This marks the beginning of his sumo career.

Step 2: To calculate the number of years since his debut, we subtract the year of his debut from the current year:
- Current year: 2022
- Year of debut: 1934

Number of years since debut = 2022 - 1934 = 88 years

Therefore, Haguroyama Masaji started his career 88 years ago.

Final Answer: 88 years ago",<num_years>
214,How many years ago did Harumafuji Kōhei debut as a Sumo Wrestler?,21,sumo,139,"To find out how many years ago Harumafuji Kōhei debuted as a sumo wrestler, we need to:

1. Identify his debut year from the table.
2. Calculate the difference between the current year (December 2022) and his debut year.

Step 1: According to the table, Harumafuji Kōhei's debut year was January 2001.

Step 2: To calculate the difference:
Current year (2022) - Debut year (2001) = 2022 - 2001 = 21 years.

Therefore, Harumafuji Kōhei debuted as a sumo wrestler 21 years ago.

Final Answer: 21 years",<num_years>
215,How many years ago did Jacques Anquetil die?,35,cycling,636,"To find out how many years ago Jacques Anquetil died, we need to:

1. Identify the year he died.
2. Subtract that year from the current year (December 2022).

Step 1: The table shows that Jacques Anquetil died on 18 November 1987.

Step 2: To calculate the number of years since his death:
Current year (2022) - Year of death (1987) = Number of years since death
2022 - 1987 = 35

Therefore, Jacques Anquetil died 35 years ago.

Final Answer: 35 years",<num_years>
216,How many years ago did Jenson Button last win the Brazilian Grand Prix in the Formula One World Championship?,10,f1,0,"To find out how many years ago Jenson Button last won the Brazilian Grand Prix in the Formula One World Championship, we need to follow these steps:

1. Identify the year when Jenson Button last won the Brazilian Grand Prix.
   - According to the table, his last win was in the 2012 Brazilian Grand Prix.

2. Determine the current year.
   - The problem specifies that the current date is December 2022.

3. Calculate the difference between the current year and the year of his last win.
   - Current Year: 2022
   - Last Win Year: 2012
   - Difference: 2022 - 2012 = 10 years

Therefore, the number of years since Jenson Button's last win in the Brazilian Grand Prix is 10 years.

Final Answer: 10 years",<num_years>
217,How many days after Dhanteras/Yama Deepam is Govardhan Puja/Balipratipada/Gujarati New Year?,3,holiday,216,"To determine how many days after Dhanteras/Yama Deepam Govardhan Puja/Balipratipada/Gujarati New Year occurs, we need to follow these steps:

1. Identify the date for Dhanteras/Yama Deepam.
2. Identify the date for Govardhan Puja/Balipratipada/Gujarati New Year.
3. Calculate the difference between these two dates.

From the table:
- Dhanteras/Yama Deepam is on October 21, 2022.
- Govardhan Puja/Balipratipada/Gujarati New Year is on October 24, 2022.

Now, let's calculate the difference:
- From October 21 to October 24 is 3 days.

Therefore, the final answer is:
Final Answer: 3 days",<num_days>
218,How many decades separate the commissioning of HMS Montrose from its refit?,2,ship,222,"To determine how many decades separate the commissioning of HMS Montrose from its refit, we need to follow these steps:

1. Identify the year HMS Montrose was commissioned.
2. Identify the period when HMS Montrose underwent its refit.
3. Calculate the difference in years between these two events.
4. Convert this difference into decades.

Step 1: HMS Montrose was commissioned on 2 June 1994.

Step 2: The refit period for HMS Montrose was from 2014 to 2017.

Step 3: To calculate the difference in years, we can use either the start or end of the refit period. Using the start of the refit period:
   - Difference = 2014 - 1994 = 20 years

Step 4: Convert the difference into decades:
   - Number of decades = 20 years / 10 years per decade = 2 decades

Therefore, the number of decades separating the commissioning of HMS Montrose from its refit is 2.

Final Answer: 2",<num_decades>
219,How many hours does Purim last?,24,holiday,206,"To determine how long Purim lasts, we need to look at the dates provided for the celebration in the table.

The table provides dates for Purim in different years, but we'll use the most recent one for clarity. For 2022, it says:
- Sunset, 16 March - nightfall, 17 March

This indicates that Purim begins at sunset on the 16th of March and ends at nightfall on the 17th of March.

Now, let's break this down:
1. From sunset on the 16th to midnight on the 16th: This is approximately half a day or about 12 hours.
2. Midnight to nightfall on the 17th: This is also approximately half a day or another 12 hours.

Adding these together, we get a total duration of about 24 hours.

Final Answer: Purim lasts approximately 24 hours.",<num_hours>
220,How many hours is NDT behind Coordinated Universal Time (UTC)?,2.5,time zone,35,"To determine how many hours Newfoundland Daylight Time (NDT) is behind Coordinated Universal Time (UTC), we need to look at the UTC offset for NDT given in the table.

1. The table provides the UTC offset for NDT as UTC−02:30.
   
This notation means that NDT is 2 hours and 30 minutes behind UTC.

Final Answer: NDT is 2.5 hours behind UTC.",<num_minutes>
221,How many minutes were the maximum winds of Hurricane Wilma sustained?,1,cyclone,1091,"The question asks for the duration in minutes that the maximum winds of Hurricane Wilma were sustained. From the information provided in the table under ""Strongest storm,"" we see the details of Hurricane Wilma listed as follows:

- Name: Wilma
- Maximum winds: 185 mph (295 km/h) | ( | 1-minute sustained | )

Here, it specifies ""( | 1-minute sustained | )"" which indicates that the recorded maximum wind speed was based on a 1-minute average measurement. However, this does not directly translate to the number of minutes the winds were sustained at this maximum level.

Since the data only confirms that the measurement is taken over a 1-minute period but doesn't provide information on how long the hurricane maintained its peak intensity, we can only conclude from the given data that the measurement itself is averaged over 1 minute.

Therefore, the information provided does not allow us to determine the exact number of minutes the maximum winds were sustained. The data only specifies the method of measuring the maximum wind speed, not the duration of the maximum wind conditions.

Final Answer: The provided information does not specify the number of minutes Hurricane Wilma's maximum winds were sustained. It only states that the maximum wind speed was measured over a 1-minute period.",<num_minutes>
222,How many months after his 27th birthday did Makin achieve his highest rank?,2,squash,107,"First, we need to identify Joel Makin's 27th birthday:
- Joel Makin was born on October 27, 1994.
- His 27th birthday would be October 27, 2021.

Next, we need to find out when he achieved his highest ranking:
- The highest ranking information states that Joel Makin reached No. 8 in December 2021.

Now, let's calculate the number of months from his 27th birthday to when he achieved his highest ranking:
- From October 27, 2021, to December 31, 2021, there are 2 months and 4 days.

Since we are asked for the number of months and not the exact days, we can round this to 2 months.

Final Answer: 2 months",<num_months>
223,How many days after formation did Hurricane Ivan reach peak intensity?,11,cyclone,958,"To find out how many days after formation Hurricane Ivan reached its peak intensity, we need to identify two dates from the information given:

1. The date when Hurricane Ivan formed.
2. The date when it reached its peak intensity.

From the table:
- Formation date: September 2, 2004
- Peak intensity date: September 13, 2004 (inferred from ""A picture of Hurricane Ivan | Hurricane Ivan at peak intensity in the Yucatán Channel on September 13"")

Now, let's calculate the number of days between these two dates:
- From September 2 to September 13 is 11 days (including both start and end dates).

Therefore, Hurricane Ivan reached its peak intensity 11 days after formation.

Final Answer: 11 days",<num_days>
224,How many more days were there between the Western and Eastern Easter dates in 2024 compared to 2022?,28,holiday,217,"To find out how many more days were there between the Western and Eastern Easter dates in 2024 compared to 2022, let's follow these steps:

1. Identify the dates for Western and Eastern Easter in 2022:
   - Western Easter: April 17
   - Eastern Easter: April 24

2. Calculate the difference between the two dates in 2022:
   - Difference = April 24 - April 17 = 7 days

3. Identify the dates for Western and Eastern Easter in 2024:
   - Western Easter: March 31
   - Eastern Easter: May 5

4. Calculate the difference between the two dates in 2024:
   - From March 31 to April 1: 1 day
   - From April 1 to May 5: 31 + 5 = 36 days total, but since we've already counted the first day of April, we subtract 1 day
   - Therefore, the difference = 36 - 1 = 35 days

5. Compare the differences:
   - 2022 difference: 7 days
   - 2024 difference: 35 days

6. Calculate the additional number of days in 2024 compared to 2022:
   - Additional days = 35 - 7 = 28 days

Final Answer: There were 28 more days between the Western and Eastern Easter dates in 2024 compared to 2022.",<num_days>
225,How many more months is the ExoMars mission planned to last?,9,orbitor,461,"To find out how many more months the ExoMars mission is planned to last, we need to follow these steps:

1. Identify the planned mission duration from the given information.
2. Calculate how much time has already passed since the start of the mission.
3. Subtract the elapsed time from the planned mission duration to determine the remaining time.

Step 1: The planned mission duration is stated as 7 years.

Step 2: The elapsed time is provided as 6 years, 3 months, and 18 days.

Step 3: To calculate the remaining time:
- Planned duration: 7 years = 7 * 12 = 84 months
- Elapsed time: 6 years 3 months = 6 * 12 + 3 = 75 + 3 = 78 months
- Remaining time: 84 - 78 = 6 months

Therefore, the ExoMars mission is planned to last 6 more months after December 2022.

Final Answer: 6 months",<num_months>
226,How many days after forming did it take for Hurricane Gaston to dissipate?,7,cyclone,957,"To determine how many days it took for Hurricane Gaston to dissipate after forming, we need to look at the dates provided for both events:

- Formed: August 27, 2004
- Dissipated: September 3, 2004

Now let's count the days:

1. August 27 to August 28: 1 day
2. August 28 to August 29: 2 days
3. August 29 to August 30: 3 days
4. August 30 to August 31: 4 days
5. August 31 to September 1: 5 days
6. September 1 to September 2: 6 days
7. September 2 to September 3: 7 days

So, from August 27 to September 3, there are 7 full days.

Final Answer: It took 7 days for Hurricane Gaston to dissipate after forming.",<num_days>
227,How many Neptunian solar days are there in one Neptunian orbital period?,89666,planet,1138,"To find out how many Neptunian solar days are in one Neptunian orbital period, we need to look at the information provided in the table regarding Neptune's rotation period and its orbital period.

First, let's identify the relevant information:
- The Orbital period of Neptune is given as 164.8 years or 60,195 days or 89,666 Neptunian solar days.
- The Sidereal rotation period of Neptune is 0.6713 day or 16 hours 6 minutes 36 seconds.

We're specifically asked for the number of Neptunian solar days in one Neptunian orbital period. From the table, it directly states that Neptune's orbital period is 89,666 Neptunian solar days.

Therefore, the answer can be stated without further calculation since it's directly provided in the table.

Final Answer: There are 89,666 Neptunian solar days in one Neptunian orbital period.",<num_days>
228,How many months after his 28th birthday did Harumafuji Kōhei achieve the rank of Yokozuna?,5,sumo,139,"To find out how many months after his 28th birthday Harumafuji Kōhei achieved the rank of Yokozuna, we need to follow these steps:

1. Determine Harumafuji's exact 28th birthday.
2. Find out when he became a Yokozuna.
3. Calculate the difference in months between these two dates.

Step 1: Determining Harumafuji's 28th birthday
Harumafuji was born on April 14, 1984. His 28th birthday would be April 14, 2012.

Step 2: Finding out when he became a Yokozuna
According to the information provided, Harumafuji achieved the rank of Yokozuna in September 2012.

Step 3: Calculating the difference in months
From April to September is 5 months.

Therefore, Harumafuji Kōhei achieved the rank of Yokozuna 5 months after his 28th birthday.

Final Answer: 5 months",<num_months>
229,How many days after launch did the ExoMars perform orbital insertion?,219,orbitor,461,"To find out how many days after launch the ExoMars performed its orbital insertion, we need to calculate the difference between the launch date and the orbital insertion date.

1. Launch date: 14 March 2016
2. Orbital insertion date: 19 October 2016

Now let's break it down month by month:
- From March 14 to March 31: 17 days
- April has 30 days
- May has 31 days
- June has 30 days
- July has 31 days
- August has 31 days
- September has 30 days
- From October 1 to October 19: 19 days

Adding these up:
17 + 30 + 31 + 30 + 31 + 31 + 30 + 19 = 229 days

Therefore, the ExoMars performed its orbital insertion 229 days after launch.

Final Answer: 229 days",<num_days>
230,How many days after New Year's Eve was Marguerite Martyn's sketch of a New Year's Eve celebration published?,4,holiday,210,"To determine how many days after New Year's Eve Marguerite Martyn's sketch of a New Year's Eve celebration was published, we need to follow these steps:

1. Identify the date of New Year's Eve.
2. Identify the date the sketch was published.
3. Calculate the difference between these two dates.

Step 1: The date of New Year's Eve is given as 31 December.

Step 2: According to the information provided, the sketch was published on 4 January 1914.

Step 3: Calculating the difference:
- From 31 December to 1 January is 1 day.
- Adding the remaining days until 4 January gives us 3 more days.
- Therefore, the total number of days is 1 + 3 = 4 days.

Final Answer: The sketch was published 4 days after New Year's Eve.",<num_days>
231,In what year does Yom Kippur occur the latest?,2024,holiday,208,"To determine the latest occurrence of Yom Kippur among the provided years, we need to identify the latest date within the given timeframe.

The dates provided are:
- 2021: Sunset, 15 September - nightfall, 16 September
- 2022: Sunset, 4 October - nightfall, 5 October
- 2023: Sunset, 24 September - nightfall, 25 September
- 2024: Sunset, 11 October - nightfall, 12 October

Let's compare these dates:
- The earliest in September is 24 September (2023).
- The earliest in October is 4 October (2022).
- The latest in October is 11 October (2024).

Since October dates are later than September dates, we can eliminate the September occurrences. Among the October dates, the latest is 11 October 2024.

Final Answer: Yom Kippur occurs the latest in the year 2024.",yyyy
232,In what year does Yom Kippur occur the earliest?,2021,holiday,208,"To find out in which year Yom Kippur occurs the earliest, we need to compare the dates provided for each year in the table.

The dates given are:
- 2021: Sunset, 15 September - nightfall, 16 September
- 2022: Sunset, 4 October - nightfall, 5 October
- 2023: Sunset, 24 September - nightfall, 25 September
- 2024: Sunset, 11 October - nightfall, 12 October

We need to identify the earliest date among these years. The earliest date is 15 September 2021.

Therefore, the year in which Yom Kippur occurs the earliest is 2021.

Final Answer: 2021",yyyy
233,How much longer did Kapil Dev play for Haryana than for Worcestershire?,6,cricket,52,"To determine how much longer Kapil Dev played for Haryana than for Worcestershire, we need to follow these steps:

1. Identify the years Kapil Dev played for each team:
   - Haryana: 1975-1992
   - Worcestershire: 1984-1985

2. Calculate the duration of his career for each team:
   - For Haryana: 1992 - 1975 + 1 = 18 years
   - For Worcestershire: 1985 - 1984 + 1 = 2 years

3. Subtract the duration of his Worcestershire career from his Haryana career:
   18 years - 2 years = 16 years

Final Answer: Kapil Dev played for Haryana 16 years longer than he played for Worcestershire.",<num_days>
234,"How much longer in days is Neptune's orbital period than its synodic period, rounded to the nearest integer?",59828,planet,1138,"To find out how much longer Neptune's orbital period is compared to its synodic period, we first need to identify both values from the given data:

- Orbital period of Neptune: 164.8 years or 60,195 days
- Synodic period of Neptune: 367.49 days

However, there seems to be a misunderstanding here because usually, an orbital period is shorter than a synodic period for outer planets like Neptune when comparing it to Earth's perspective. But since the question asks us to calculate the difference between these two periods, we can proceed with the provided figures.

Step 1: Convert the orbital period into days if not already done.
The orbital period is already given in days (60,195 days).

Step 2: Subtract the synodic period from the orbital period.
Difference = Orbital period - Synodic period
           = 60,195 days - 367.49 days
           ≈ 60,195 - 367.49
           ≈ 60,195 - 367 (rounded to the nearest integer)
           ≈ 60,828 days

Final Answer: The orbital period of Neptune is approximately 60,828 days longer than its synodic period when rounded to the nearest integer.",<num_days>
235,How many days after the 2022 celebration ended did the 2023 celebration begin?,354,holiday,206,"To find out how many days after the 2022 celebration ended the 2023 celebration began, we need to follow these steps:

1. Identify the dates for the 2022 and 2023 celebrations.
2. Calculate the number of days between the end of the 2022 celebration and the start of the 2023 celebration.

Step 1: Identifying the dates:
- The 2022 celebration ended at nightfall on March 17, 2022.
- The 2023 celebration started at sunset on March 6, 2023.

Step 2: Calculating the number of days:
- From March 18, 2022 (the day after the 2022 celebration ended) to March 6, 2023 (the start of the 2023 celebration), we have:
  - Full years: 1 year = 365 days
  - Days from March 18, 2022 to March 6, 2023:
    - In 2022: 18 days left in March
    - In 2023: 6 days in March
    - Total days excluding full years: 18 + 6 = 24 days

So, the total number of days is 365 (full year) + 24 (remaining days) = 389 days.

Final Answer: 389 days",<num_days>
236,How many days after the anniversary of Madan Lal's first Test did he play his last Test?,13,cricket,53,"To find out how many days after the anniversary of Madan Lal's first Test he played his last Test, we need to follow these steps:

1. Identify the date of Madan Lal's first Test.
2. Identify the date of Madan Lal's last Test.
3. Calculate the difference between the two dates.

Step 1: The date of Madan Lal's first Test was 6 June 1974.

Step 2: The date of Madan Lal's last Test was 19 June 1986.

Step 3: Calculating the difference:
- From 6 June 1974 to 6 June 1975 is 1 year.
- From 6 June 1975 to 6 June 1986 is 11 years.
- Adding both periods gives us 12 years.
- From 6 June 1986 to 19 June 1986 is 13 days.

Therefore, the total difference is 12 years and 13 days.

However, the question asks for the number of days after the anniversary of his first Test when he played his last Test. We need to calculate the number of days from 6 June 1986 (anniversary of his first Test) to 19 June 1986.

The difference is 13 days.

Final Answer: 13 days",<num_days>
237,How much longer in days is the time between the Western and Eastern dates in 2021 than in 2023?,21,holiday,212,"To find out how much longer the time between the Western and Eastern dates for Good Friday is in 2021 compared to 2023, we need to follow these steps:

1. Calculate the difference between the Western and Eastern dates for 2021.
2. Calculate the difference between the Western and Eastern dates for 2023.
3. Subtract the 2023 difference from the 2021 difference to see how much longer it was in 2021.

Step 1: For 2021:
- Western date: April 2
- Eastern date: April 30
The difference between these two dates is 28 days.

Step 2: For 2023:
- Western date: April 7
- Eastern date: April 14
The difference between these two dates is 7 days.

Step 3: To find out how much longer the 2021 difference was compared to 2023:
28 days (2021) - 7 days (2023) = 21 days

Final Answer: The time between the Western and Eastern dates in 2021 is 21 days longer than in 2023.",<num_days>
238,On what date is the next New Year's Eve?,"December 31, 2022",holiday,210,"The question asks for the date of the next New Year's Eve.

From the information provided in the table under the row labeled ""Next time,"" it states ""31 December 2022"".

Therefore, the next New Year's Eve is on December 31, 2022.

Final Answer: December 31, 2022","%B %d, %Y"
239,How many days after the heats and semifinals did the finals occur?,1,sports event,1032,"The information provided indicates that the heats and semifinals took place on 25 July, while the final occurred on 26 July. 

To find out how many days after the heats and semifinals the final took place, we need to calculate the difference between these two dates.

- Heats and semifinals: 25 July
- Final: 26 July

The difference between 25 July and 26 July is one day.

Final Answer: The final occurred 1 day after the heats and semifinals.",<num_days>
240,How many days after the Islamic Republican Party was dissolved?,3026,political party,930,"To find out how many days have passed since the dissolution of the Islamic Republican Party, we need to follow these steps:

1. Identify the dissolution date of the party.
2. Calculate the number of days from that date until December 2022.

Step 1: Identifying the dissolution date:
The table states that the Islamic Republican Party was dissolved on 1 June 1987.

Step 2: Calculating the number of days from June 1, 1987, to December 2022:
Since the exact day in December 2022 isn't specified, we'll consider it as December 31, 2022, for the maximum possible number of days.
- From June 1, 1987, to December 31, 2022, spans across 35 years and 6 months.
- In those 35 years, there are 9 leap years (1988, 1992, 1996, 2000, 2004, 2008, 2012, 2016, 2020).
- So, the total number of days would be: 
  (35 * 365) + 9 (leap days) + days from June 1 to December 31 in 1987 + days from January 1 to December 31 in 2022.

Let's break down the months:
- June has 30 days; so from June 1 to June 30 = 29 days.
- July = 31 days
- August = 31 days
- September = 30 days
- October = 31 days
- November = 30 days
- December = 31 days
So, the days from June 1 to December 31 in 1987 = 29 + 31 + 31 + 30 + 31 + 30 + 31 = 213 days.

And for the full years:
- 2022 is not a leap year, so it has 365 days.

Adding all these up:
(35 * 365) + 9 + 213 + 365 = 12775",<num_days>
241,How many days apart do the Armenian Patriarchate of Jerusalem (non-O.S.) and the Armenian Apostolic Church celebrate Christmas?,13,holiday,211,"To find out how many days apart the Armenian Patriarchate of Jerusalem (non-O.S.) and the Armenian Apostolic Church celebrate Christmas, we need to identify their respective celebration dates from the provided information.

From the table:
- The Armenian Patriarchate of Jerusalem celebrates Christmas on January 19 (non-O.S.).
- The Armenian Apostolic Church celebrates Christmas on January 6.

Now, let's calculate the difference between these two dates:
- January 19 - January 6 = 13 days

Therefore, the Armenian Patriarchate of Jerusalem and the Armenian Apostolic Church celebrate Christmas 13 days apart.

Final Answer: 13 days",<num_days>
242,How many days apart were the National Election Days of 2021 and 2022?,6,holiday,209,"To find out how many days apart the National Election Days of 2021 and 2022 were, we need to follow these steps:

1. Identify the dates for National Election Day in 2021 and 2022.
2. Calculate the difference between these two dates.

Step 1: Identifying the Dates
- The table shows that the National Election Day in 2021 was on November 2.
- For 2022, it was on November 8.

Step 2: Calculating the Difference
- From November 2 to November 8, there are 6 days.

Therefore, the National Election Days of 2021 and 2022 were 6 days apart.

Final Answer: 6 days",<num_days>
243,How many days apart were the Western and Eastern Easter dates in 2021?,28,holiday,217,"To find out how many days apart the Western and Eastern Easter dates were in 2021, we need to follow these steps:

1. Identify the Western Easter date for 2021.
2. Identify the Eastern Easter date for 2021.
3. Calculate the difference between these two dates.

Step 1: The Western Easter date for 2021 was April 4.

Step 2: The Eastern Easter date for 2021 was May 2.

Step 3: To calculate the difference:
- April has 30 days.
- From April 4 to April 30 = 30 - 4 + 1 = 27 days (including both start and end dates).
- Adding the days from May 1 to May 2 = 2 days.
- Total difference = 27 + 2 = 29 days.

Therefore, the Western and Eastern Easter dates in 2021 were 29 days apart.

Final Answer: 29 days",<num_days>
244,How many days are there between Halloween and Christmas for those who observe them?,55,holiday,213,"To determine how many days are there between Halloween and Christmas, we need to follow these steps:

1. Identify the date of Halloween from the information provided in the table.
   - The table states that Halloween is observed on 31 October.

2. Identify the date of Christmas.
   - Christmas is universally known to be celebrated on 25 December.

3. Calculate the number of days between these two dates:
   - From 31 October to 30 November (the day before December) is 30 days.
   - Adding the 25 days in December up to Christmas gives us an additional 25 days.
   
4. Sum up the total days:
   - 30 days (from October 31 to November 30) + 25 days (from December 1 to December 25) = 55 days.

Final Answer: There are 55 days between Halloween and Christmas for those who observe them.",<num_days>
245,How old does one have to be to serve in the Federal Defence Forces of Germany?,17,army,1118,"The question asks about the military age for serving in the Federal Defence Forces of Germany. From the information provided in the ""Personnel"" section of the table, we can see a line that states ""Military age 17"". 

Final Answer: One has to be 17 years old to serve in the Federal Defence Forces of Germany.",<num_years>
246,"If it's 4 p.m. in Los Angeles, California, what time is it in Chicago, Illinois?",6 p.m.,time zone,34,"First, we need to identify the time zones for both locations:

1. Los Angeles, California, is in the Pacific Time Zone (PT).
2. Chicago, Illinois, is in the Central Time Zone (CT).

Next, let's determine the relationship between these time zones:

3. The Central Time Zone is one hour ahead of the Mountain Time Zone.
4. The Mountain Time Zone is one hour ahead of the Pacific Time Zone.

Therefore, the Central Time Zone is two hours ahead of the Pacific Time Zone.

Now, if it's 4 p.m. in Los Angeles (Pacific Time Zone):

5. We add two hours to get the time in Chicago (Central Time Zone).

4 p.m. + 2 hours = 6 p.m.

So, when it's 4 p.m. in Los Angeles, it's 6 p.m. in Chicago.

Final Answer: It is 6 p.m. in Chicago, Illinois.",H %p
247,How many years ago did Kaiō Hiroyuki first debut in sumo wrestling?,34,sumo,145,"To determine how many years ago Kaiō Hiroyuki first debuted in sumo wrestling, we need to:

1. Identify his debut year from the given information.
2. Calculate the difference between the current year (December 2022) and his debut year.

Step 1: From the table, we can see that Kaiō Hiroyuki's debut was in March 1988.

Step 2: To calculate the number of years since his debut:
- Current year: 2022
- Debut year: 1988
- Difference: 2022 - 1988 = 34 years

Therefore, Kaiō Hiroyuki first debuted in sumo wrestling 34 years ago.

Final Answer: 34 years",<num_years>
248,"If the first report of the White House COVID-19 outbreak had occurred a month later than it actually did, on what date would it have occurred?","November 1, 2020",disease,1205,"The first reported date of the White House COVID-19 outbreak is given as October 1, 2020. To find out the date if the first report had occurred a month later, we need to add one month to this date.

Step 1: Identify the original date of the first report.
Original date = October 1, 2020

Step 2: Add one month to the original date.
Adding one month to October 1, 2020, results in November 1, 2020.

Therefore, if the first report had occurred a month later, it would have been on November 1, 2020.

Final Answer: November 1, 2020","%B %d, %Y"
249,How many days are there between the Christmas celebration of Western Christianity and the most common Oriental Orthodox celebration date?,13,holiday,211,"To find out how many days are there between the Christmas celebration dates for Western Christianity and the most common Oriental Orthodox celebration date, we need to follow these steps:

1. Identify the Christmas date for Western Christianity:
   - The table states that Western Christianity celebrates Christmas on December 25.

2. Identify the Christmas date for the most common Oriental Orthodox celebration:
   - The table mentions two Oriental Orthodox dates: January 7 and January 19.
   - Since January 7 is mentioned first and January 19 seems to be specific to the Armenian Patriarchate of Jerusalem, we'll consider January 7 as the most common Oriental Orthodox celebration date.

3. Calculate the number of days between December 25 and January 7:
   - From December 25 to December 31: 6 days
   - From January 1 to January 7: 7 days
   - Total: 6 + 7 = 13 days

Therefore, there are 13 days between the Christmas celebration of Western Christianity and the most common Oriental Orthodox celebration date.

Final Answer: 13 days",<num_days>
250,In how many months will the Arab Socialist Ba'ath Party celebrate its 76th anniversary?,4,political party,183,"To determine when the Arab Socialist Ba'ath Party will celebrate its 76th anniversary, we need to follow these steps:

1. Identify the founding date of the party: According to the table, it was founded on 7 April 1947.
2. Calculate the 76th anniversary date: This would be 7 April 2023, since 1947 + 76 = 2023.
3. Determine the number of months until the 76th anniversary from the current date (December 2022): From December 2022 to April 2023 is 4 months.

Therefore, the Arab Socialist Ba'ath Party will celebrate its 76th anniversary in 4 months.

Final Answer: 4",<num_months>
251,In what month and year did Aminishiki Ryūji have his first official fight?,January 1997,sumo,180,"To find out when Aminishiki Ryūji had his first official fight, we need to look at the ""Debut"" information provided in the career section of the table.

The table states:
Career
...
Debut	January, 1997

Final Answer: Aminishiki Ryūji had his first official fight in January 1997.",%B %Y
252,How many days are there between the dates of National Election Day in 2023 and 2024?,2,holiday,209,"To find out how many days are there between the dates of National Election Day in 2023 and 2024, let's follow these steps:

1. Identify the date of National Election Day in 2023 from the table:
   - The date is given as November 7.

2. Identify the date of National Election Day in 2024 from the table:
   - The date is given as November 5.

3. Calculate the number of days between these two dates:
   - First, calculate the number of days remaining in 2023 after November 7:
     - Days remaining in November 2023 = 30 - 7 = 23 days.
     - Total days remaining in 2023 = 23 days (remaining in November) + 31 (December) = 54 days.
   - Then, count the days up to November 5, 2024:
     - Days in January 2024 = 31
     - Days in February 2024 = 29 (leap year)
     - Days in March 2024 = 31
     - Days in April 2024 = 30
     - Days in May 2024 = 31
     - Days in June 2024 = 30
     - Days in July 2024 = 31
     - Days in August 2024 = 31
     - Days in September 2024 = 30
     - Days in October 2024 = 31
     - Days in November 2024 up to November 5 = 5
     - Total days until November 5, 2024 = 31 + 29 + 31 + 30 + 31 + 30 + 31 + 31 + 30 + 31 + 5 = 310 days.
   - Finally, add the days remaining in 2023 and the days until November 5, 2024:
     - Total days between 2023 and 2024 elections = 54 (remaining in 2023) + 310 (until November 5, 2",<num_days>
253,On what date will Thanksgiving be in 2024?,"November 28, 2024",holiday,214,"To determine the date of Thanksgiving in 2024, we need to use the information provided about Black Friday, which is always observed on the day after U.S. Thanksgiving.

From the table:
- The 2024 Black Friday date is listed as November 29.

Since Black Friday is the day after Thanksgiving, we can calculate the date of Thanksgiving by subtracting one day from the given Black Friday date.

2024 Black Friday: November 29
Therefore, 2024 Thanksgiving: November 28

Final Answer: Thanksgiving in 2024 will be on November 28.","%B %d, %Y"
254,On what date was Thanksgiving in 2021?,"November 25, 2021",holiday,214,"To determine the date of Thanksgiving in 2021, we need to understand the relationship between Thanksgiving and Black Friday. According to the information provided, Black Friday is observed on the day after U.S. Thanksgiving. For 2021, Black Friday was on November 26.

Since Black Friday falls the day after Thanksgiving, we can subtract one day from the Black Friday date to find the date of Thanksgiving.

2021 Black Friday date: November 26
Thanksgiving date: November 25

Final Answer: Thanksgiving was on November 25, 2021.","%B %d, %Y"
255,On what date will Thanksgiving be in 2023?,"November 23, 2023",holiday,214,"To determine the date of Thanksgiving in 2023, we need to understand that Black Friday is always the day after U.S. Thanksgiving. According to the information provided, Black Friday in 2023 falls on November 24.

Step 1: Identify the Black Friday date for 2023 from the table.
- Black Friday in 2023 is listed as November 24.

Step 2: Deduce the Thanksgiving date by subtracting one day from the Black Friday date.
- Since Black Friday is the day after Thanksgiving, we can conclude that Thanksgiving will be on the day before Black Friday.

Therefore:
- Thanksgiving in 2023 will be on November 23.

Final Answer: Thanksgiving in 2023 will be on November 23.","%B %d, %Y"
256,In what month and year did Kaiō Hiroyuki achieve his highest rank in sumo wrestling?,September 2000,sumo,145,"To find the month and year when Kaiō Hiroyuki achieved his highest rank in sumo wrestling, let's follow these steps:

1. Identify the highest rank achieved:
   - The career section mentions his highest rank as Ōzeki.

2. Find the specific date for achieving this rank:
   - The table provides the exact month and year for when he became Ōzeki: September 2000.

Therefore, Kaiō Hiroyuki achieved his highest rank of Ōzeki in September 2000.

Final Answer: September 2000",%B %Y
257,In what month and year did Tarek Momen achieve his highest ranking?,February 2019,squash,110,"From the information provided in the table under ""Men's singles"", we can see that Tarek Momen's highest ranking was No. 3. 

Next, we look for the specific time when he achieved this ranking. The table states ""(February 2019)"" right next to the highest ranking entry.

Therefore, Tarek Momen achieved his highest ranking of No. 3 in February 2019.

Final Answer: February 2019",%B %Y
258,In which year between 2021 and 2024 was the Western Easter date the earliest?,2024,holiday,217,"To determine in which year between 2021 and 2024 the Western Easter date was the earliest, we need to compare the dates provided for each year:

- In 2021, Easter (Western) was on April 4.
- In 2022, Easter (Western) was on April 17.
- In 2023, Easter (Western) was on April 9.
- In 2024, Easter (Western) was on March 31.

Among these dates, the earliest one is March 31, 2024.

However, since we're asked for the earliest date within the range 2021-2024 excluding 2024 itself, the earliest date would be April 4, 2021.

Final Answer: The Western Easter date was the earliest in 2021.",yyyy
259,In which year does Hanukkah occur earliest in the year?,2021,holiday,207,"To find out in which year Hanukkah occurs earliest in the year, we need to compare the start dates of Hanukkah for each provided year.

The given years and their respective start dates are:
- 2021: Sunset, 28 November
- 2022: Sunset, 18 December
- 2023: Sunset, 7 December
- 2024: Sunset, 25 December

Comparing these dates:
- The earliest date is on 28 November 2021.
- The next earliest is on 7 December 2023.
- Then comes 18 December 2022.
- And finally, 25 December 2024.

Thus, the earliest occurrence of Hanukkah among the provided years is in 2021.

Final Answer: 2021",yyyy
260,In which year does Hanukkah occur latest in the year?,2024,holiday,207,"To determine in which year Hanukkah occurs latest in the year, we need to compare the end dates of Hanukkah for each provided year.

- For 2021, Hanukkah ends on nightfall, 6 December.
- For 2022, Hanukkah ends on nightfall, 26 December.
- For 2023, Hanukkah ends on nightfall, 15 December.
- For 2024, Hanukkah ends on nightfall, 2 January (which is actually in the next year).

Among these years, 26 December is the latest end date.

Final Answer: Hanukkah occurs latest in the year 2022.",yyyy
261,On what month and day was the 16th of Tishrei celebrated in 2022?,October 10,holiday,219,"To find out on which month and day the 16th of Tishrei was celebrated in 2022, let's follow these steps:

1. Identify the relevant information from the table:
   The table provides dates for Sukkot in 2022 under the ""2022 date"" row.

2. Understand the date format:
   The format given is ""Sunset, 9 October - | nightfall, 16 October | (17 October outside of Israel)"".
   
3. Locate the specific date:
   We need to find the date that corresponds to the 16th of Tishrei.
   
4. Interpret the provided date range:
   The date range starts on the 9th of October and ends on the 16th of October (nightfall).

Therefore, the 16th of Tishrei in 2022 was celebrated in October on the 16th.

Final Answer: October 16th",%B %d
262,How many days are there from Christmas to New Year's Eve?,6,holiday,210,"To find out how many days are there from Christmas to New Year's Eve, let's follow these steps:

1. Identify the date of Christmas:
   - Christmas is on December 25th.

2. Identify the date of New Year's Eve:
   - New Year's Eve is on December 31st.

3. Calculate the number of days between December 25th and December 31st:
   - From December 25th to December 31st, we have:
     * 26th (1 day)
     * 27th (2 days)
     * 28th (3 days)
     * 29th (4 days)
     * 30th (5 days)
     * 31st (6 days)

Final Answer: There are 6 days from Christmas to New Year's Eve.",<num_days>
263,How many days before celebrating Christmas did Anna Tunnicliffe win the gold?,9,sports event,201,"First, we need to identify the key information provided in the table:
- The sports event mentioned is the 2011 ISAF Sailing World Championships.
- It took place in Perth, Western Australia.
- The dates of the event were from December 3rd to December 16th.
- Anna Tunnicliffe was part of the team that won the gold medal for the United States.

Now, let's determine when Anna Tunnicliffe won the gold medal:
- Since the table does not specify a particular day within the event for winning the gold medal, we can assume it was on the last day of the competition or very close to it.
- The event ended on December 16th.

Next, we calculate how many days before Christmas the gold medal was won:
- Christmas Day is celebrated on December 25th.
- The event concluded on December 16th.
- Therefore, the gold medal was won 9 days before Christmas (December 25th - December 16th = 9 days).

Final Answer: Anna Tunnicliffe won the gold medal 9 days before Christmas.",<num_days>
264,On what month and day will Good Friday be observed in 2024 in the Eastern Hemisphere?,May 3,holiday,212,"The question asks for the date of Good Friday in the Eastern Hemisphere in 2024. From the table provided, we can see a row specifically listing the dates for 2024 under the '2024 date' header. This row gives two dates:

- March 29 (Western)
- May 3 (Eastern)

Since we're interested in the Eastern Hemisphere, we select the date associated with ""Eastern,"" which is May 3.

Final Answer: Good Friday will be observed on May 3 in the Eastern Hemisphere in 2024.",%B %d
265,On which date did Hurricane Ivan reach peak intensity in the Yucatán Channel?,"September 13, 2004",cyclone,958,"To find the date when Hurricane Ivan reached its peak intensity in the Yucatán Channel, we need to look for any specific information about this event in the given table.

From the 'caption' field, we have a note saying ""A picture of Hurricane Ivan | Hurricane Ivan at peak intensity in the Yucatán Channel on September 13"". This indicates that Hurricane Ivan was at its peak intensity in the Yucatán Channel on September 13.

Therefore, the date when Hurricane Ivan reached peak intensity in the Yucatán Channel is September 13.

Final Answer: September 13, 2004","%B %d, %Y"
266,How many days before D-Day was the I-179 sunk?,328,ship,1112,"To determine how many days before D-Day the I-179 was sunk, we need to follow these steps:

1. Identify when D-Day took place.
2. Find out when the I-179 was sunk.
3. Calculate the difference in days between these two dates.

Step 1: D-Day occurred on June 6, 1944.

Step 2: According to the table, the I-179 was sunk during sea trials on July 14, 1943.

Step 3: Calculating the number of days between these dates:
- From July 14, 1943, to June 6, 1944, is more than one year.
- To calculate the exact number of days, we need to count from July 14, 1943, to June 6, 1944.
- Days remaining in July 1943: 17 days (from the 14th to the end of July)
- Full months from August 1943 to May 1944: 31 (Aug) + 30 (Sep) + 31 (Oct) + 30 (Nov) + 31 (Dec) + 28 (Jan, since it's not a leap year) + 28 (Feb) + 31 (Mar) + 30 (Apr) + 31 (May) = 301 days
- Days from June 1 to June 6, 1944: 6 days

Total days: 17 + 301 + 6 = 324 days

Therefore, the I-179 was sunk 324 days before D-Day.

Final Answer: 324 days",<num_days>
267,How many days before the finals were the semifinals?,1,sports event,1032,"To find out how many days before the finals were the semifinals, we need to look at the dates provided for each stage of the competition.

The heats and semifinals took place on 25 July.
The final was held on 26 July.

Now, let's calculate the difference between these two dates:
- The semifinals happened on 25 July.
- The finals happened on 26 July.

So, there is exactly one day between the semifinals and the finals.

Final Answer: 1 day",<num_days>
268,How many days did Hurricane Ivan last as a storm?,23,cyclone,958,"To determine how long Hurricane Ivan lasted as a storm, we need to identify its formation and dissipation dates.

From the information provided:
- Formed: September 2, 2004
- Dissipated: September 25, 2004

Now, let's calculate the duration:

1. Count the number of full days between September 2 and September 24 (since September 25 is the day it dissipated, it doesn't count as a full day).
   - From September 2 to September 24 is 23 days (inclusive counting from the start).

2. Add the partial day on September 25.
   - Total duration: 23 full days + 1 partial day = 24 days

Final Answer: Hurricane Ivan lasted for 24 days as a storm.",<num_days>
269,"Other than in 2022, in what year are the Western and Eastern Easter dates one week apart?",2023,holiday,217,"To determine in which year the Western and Eastern Easter dates are one week apart other than in 2022, we need to compare the given dates for both traditions across the provided years.

The dates given are:
- For 2021: Western - April 4, Eastern - May 2
- For 2022: Western - April 17, Eastern - April 24
- For 2023: Western - April 9, Eastern - April 16
- For 2024: Western - March 31, Eastern - May 5

Let's check each year:
- In 2021, there is more than a month between the two dates.
- In 2022, there is exactly one week between the two dates (April 17 and April 24).
- In 2023, the dates are April 9 and April 16, which is also one week apart.
- In 2024, the dates are March 31 and May 5, which is not one week apart.

Since we're asked for a year other than 2022, the correct answer would be 2023.

Final Answer: 2023",yyyy
270,How many years ago did Kitanoumi Toshimitsu retire?,37,sumo,148,"To find out how many years ago Kitanoumi Toshimitsu retired, we need to follow these steps:

1. Identify the retirement year from the table.
2. Calculate the difference between the current year (December 2022) and the retirement year.

Step 1: Identifying the retirement year
From the ""Retired"" row in the Career section, we see that Kitanoumi Toshimitsu retired in January 1985.

Step 2: Calculating the difference
Current year: 2022
Retirement year: 1985
Difference: 2022 - 1985 = 37 years

Therefore, Kitanoumi Toshimitsu retired 37 years ago.

Final Answer: 37 years",<num_years>
271,How many days did Mardi Gras last in 2022?,1,holiday,218,"The given information does not specify how long Mardi Gras lasts; it only provides the specific date for Mardi Gras in 2022, which is 1 March. Without additional context about the duration of celebrations, we cannot determine the length of the Mardi Gras event for 2022 from this data alone.

Final Answer: The provided information does not specify the duration of Mardi Gras celebrations in 2022.",<num_days>
272,Over how many months did Hurricane Gaston exist?,2,cyclone,957,"To determine over how many months Hurricane Gaston existed, we need to look at its formation and dissipation dates:

1. Formed: August 27, 2004
2. Dissipated: September 3, 2004

From these dates, we can see that Hurricane Gaston formed in August and dissipated in September. 

Therefore, Hurricane Gaston existed for parts of two months: August and September.

Final Answer: Hurricane Gaston existed over 2 months.",<num_months>
273,How many days did the 2021 European Judo Championships last?,1,sports event,200,"To determine how long the 2021 European Judo Championships lasted based on the information provided, we need to focus on the specific details given for the women's 70 kg event:

1. The table specifies that the Women's 70 kg event took place on 17 April.
2. However, the table only provides information about one day of competition for this particular category.
3. There's no additional information provided about other events or days within the championships.
4. Without more comprehensive data about the entire tournament schedule, it's impossible to conclude the total duration of the championships based solely on this single event's date.

Final Answer: The provided information is insufficient to determine the total duration of the 2021 European Judo Championships.",<num_days>
274,"Since its inception, what is the longest number of years the Israel Defense Forces have gone without a major military operation?",11,army,1119,"To find the longest period without a major military operation since the inception of the Israel Defense Forces (IDF), we need to examine the timeline of significant military operations listed in the ""Related articles"" section and identify the largest gap between these operations.

Here's a breakdown of the key dates from the list:
- 1948 Arab-Israeli War (1948-1949)
- Reprisal operations (1951-1956)
- Sinai War (1956)
- Six-Day War (1967)
- War of Attrition (1967-1970)
- Yom Kippur War (1973)
- Operation Litani (1978)
- First Lebanon War (1982-1985)
- South Lebanon conflict (1985-2000)
- First Intifada (1987-1993)
- Second Intifada (2000-2005)
- Second Lebanon War (2006)
- Operation Cast Lead (2008-2009)
- Pillar of Defense (2012)
- Protective Edge (2014)
- Guardian of the Walls (2021)

Let's calculate the gaps between these events:
- From the end of the Sinai War (1956) to the start of the Six-Day War (1967): 11 years
- From the end of the War of Attrition (1970) to the start of the Yom Kippur War (1973): 3 years
- From the end of the Yom Kippur War (1973) to the start of Operation Litani (1978): 5 years
- From the end of the First Lebanon War (1985) to the start of the First Intifada (1987): 2 years
- From the end of the Second Intifada (2005) to the start of the Second Lebanon War (2006): 1 year
- From the end of Operation Cast Lead (2009) to the start of Pillar of Defense (2012): 3 years
- From the end of Protective Edge (2014) to the start of Guardian of the Walls (2",<num_years>
275,How many days did the Women's 63 kg event at the 2021 African Judo Championships last?,1,sports event,199,"To determine how many days the Women's 63 kg event at the 2021 African Judo Championships lasted, we need to follow these steps:

1. Identify the specific information provided in the table regarding the event's duration.
2. Check if there's any mention of multiple days or a range of dates for the event.
3. If no specific duration is mentioned, we should assume that the event took place on the date provided unless stated otherwise.

Looking at the table, we can see:
- The event is listed under ""category"" as ""sports event.""
- There's a row for ""Date"" which specifies ""21 May 2021.""

Since only one date is given and there's no indication that the event spanned over multiple days, we can reasonably conclude that the event took place on a single day.

Final Answer: The Women's 63 kg event at the 2021 African Judo Championships lasted one day.",<num_days>
276,In what year will Mardi Gras occur latest in the year?,2022,holiday,218,"To determine in which year Mardi Gras occurs latest in the year, we need to compare the dates provided for each year in the table.

The dates given are:
- 2021: 16 February
- 2022: 1 March
- 2023: 21 February
- 2024: 13 February

Among these dates, the latest one in the year is 1 March 2022.

Therefore, the final answer is 2022.",yyyy
277,How many days does Sukkot last?,6,holiday,219,"To determine how many days Sukkot lasts, let's follow these steps:

1. Identify the start and end dates for Sukkot.
   - The table states that Sukkot begins on the 15th day of Tishrei and ends on the 21st day of Tishrei.

2. Calculate the duration between these dates.
   - From the 15th to the 21st inclusive means we need to count all these days:
     15th, 16th, 17th, 18th, 19th, 20th, 21st

3. Count the total number of days.
   - There are 7 days from the 15th to the 21st.

Therefore, Sukkot lasts for 7 days.

Final Answer: 7 days",<num_days>
278,In what year will Mardi Gras happen earliest in the year?,2024,holiday,218,"To determine in which year Mardi Gras happens earliest in the year, we need to compare the dates provided for each year from 2021 to 2024.

The given dates are:
- 2021: 16 February
- 2022: 1 March
- 2023: 21 February
- 2024: 13 February

Now let's compare these dates:
- 13 February (2024) is earlier than 16 February (2021) and 21 February (2023).
- 1 March (2022) is later than all other dates mentioned.

Thus, Mardi Gras happens earliest on 13 February, which falls in the year 2024.

Final Answer: The year 2024 will see Mardi Gras happening earliest in the year.",yyyy
279,What date did Mother's Day fall on in 2021?,"May 9, 2021",holiday,215,"The question asks for the date Mother's Day fell on in 2021.

From the table, we can find this information under the ""2021 date"" row, which states ""May 9"".

Therefore, Mother's Day in 2021 was observed on May 9th.

Final Answer: May 9, 2021","%B %d, %Y"
280,What date did Thanksgiving fall on in 2021?,"November 25, 2021",holiday,214,"To find out what date Thanksgiving fell on in 2021, we need to use the information provided about Black Friday dates since it's directly related to Thanksgiving.

1. The table shows that Black Friday in 2021 was observed on November 26.
2. Black Friday is described as being on the day after U.S. Thanksgiving.
3. Therefore, if Black Friday was on November 26, 2021, then Thanksgiving must have been on the day before.

Final Answer: Thanksgiving fell on November 25, 2021.","%B %d, %Y"
281,What date is the Gujarati New Year in 2022?,"October 24, 2022",holiday,216,"To find the date of the Gujarati New Year in 2022 based on the information provided:

1. First, identify the relevant information from the table. The table lists specific dates for various parts of Diwali celebrations.
2. Look for any mention of the Gujarati New Year within these listed dates.
3. We can see that ""Gujarati New Year"" is mentioned under the 24th of the month.
4. The full list of dates given for 2022 is:
   October 21 (Dhanteras/Yama Deepam)
   October 22 (Naraka Chaturdashi/Kali Chaudas/Hanuman Puja/Chhoti Diwali)
   October 23 (Lakshmi Puja/Kali Puja/Sharda Puja/Kedar Gauri Vrat)
   October 24 (Govardhan Puja/Balipratipada/Gujarati New Year)
   October 25 (Bhai Dooj/Vishwakarma Puja)

Based on this information:

Final Answer: The Gujarati New Year falls on October 24, 2022.","%B %d, %Y"
282,What date is the second Tuesday after the first Monday of November in 2023?,"November 14, 2023",holiday,209,"To find the second Tuesday after the first Monday of November in 2023, we need to follow these steps:

1. Identify the first Monday of November 2023.
2. Determine the Tuesday immediately following that Monday.
3. Find the Tuesday one week later.

Step 1: The provided table states that National Election Day in 2023 falls on November 7, which is described as ""The Tuesday after the first Monday of November."" This means that November 6, 2023, must be a Monday because it's the day before the Tuesday mentioned.

Step 2: Since November 6 is a Monday, the Tuesday immediately following it would be November 7, 2023.

Step 3: To find the second Tuesday after the first Monday, we need to add another week to November 7, which brings us to November 14, 2023.

Final Answer: The second Tuesday after the first Monday of November in 2023 is November 14, 2023.","%B %d, %Y"
283,How many days earlier was the heat from the final in the women's 100 metre breaststroke at the 2016 FINA World Swimming Championships?,1,sports event,1031,"To determine how many days earlier the heats were held compared to the final, let's break down the information provided:

1. The heats and semifinals of the Women's 100 metre breaststroke took place on 9 December.
2. The final of this event occurred on 10 December.

Now we can calculate the difference between these two dates:

- Final date: 10 December
- Heats/Semifinals date: 9 December

The difference is 1 day.

Therefore, the heats were held one day before the final.

Final Answer: 1 day",<num_days>
284,What date is the third Sunday of May in 2022?,"May 15, 2022",holiday,215,"The question asks for the date of the third Sunday in May 2022. From the table, we know that the second Sunday of May in 2022 was on May 8th. 

To find out when the third Sunday would be, we need to add one week (7 days) to the second Sunday's date. 

May 8th + 7 days = May 15th

Therefore, the third Sunday of May 2022 is on May 15th.

Final Answer: May 15th","%B %d, %Y"
285,What date was National Election Day celebrated in 2018?,"November 6, 2018",holiday,209,"The provided table gives us specific dates for National Election Day from 2021 to 2024. However, it does not directly state the date for 2018. But we can infer some useful information from the pattern and additional details given.

1. The table indicates that National Election Day occurs on the Tuesday following the first Monday in November.
2. There's an image reference mentioning ""San Francisco City Hall illuminated in special red, white, and blue LED lighting at night on November 6, 2018 to commemorate Election Day"".

Given that:
- The date mentioned for the image is November 6, 2018.
- This date falls on a Tuesday (as verified from any general calendar).
- It aligns with the rule that National Election Day is on the Tuesday after the first Monday in November.

Therefore, we can conclude that November 6, 2018 was indeed the date when National Election Day was celebrated.

Final Answer: National Election Day was celebrated on November 6, 2018.","%B %d, %Y"
286,How many years ago did Sebastian Vettel last win?,3,f1,262,"To find out how many years ago Sebastian Vettel last won, we need to follow these steps:

1. Identify the year Sebastian Vettel last won.
2. Calculate the difference between that year and the current year (December 2022).

Step 1: From the information provided in the table:
- Last win: 2019 Singapore Grand Prix

Step 2: Calculate the difference:
- Current year: 2022
- Last win year: 2019
- Difference: 2022 - 2019 = 3 years

Therefore, Sebastian Vettel's last win was 3 years ago from December 2022.

Final Answer: 3 years",<num_years>
287,How many years ago did Sebastian Vettel last win?,35,f1,262,"To determine how many years ago Sebastian Vettel last won, we need to follow these steps:

1. Identify the date of his last win.
2. Calculate the difference between that date and the current year (2022).

Step 1: From the table, we can see that Sebastian Vettel's last win was on the 2019 Singapore Grand Prix.

Step 2: Now we calculate the difference:
Current year: 2022
Last win year: 2019
Difference: 2022 - 2019 = 3 years

Therefore, Sebastian Vettel's last win was 3 years ago from 2022.

Final Answer: 3 years",<num_years>
288,How many years ago did Shaun Pollock play his last T20I?,14,cricket,54,"To find out how many years ago Shaun Pollock played his last T20I, we need to follow these steps:

1. Identify the date of Shaun Pollock's last T20I from the provided information.
2. Determine the current year for the calculation.
3. Subtract the year of the last T20I from the current year.

Step 1: The date of Shaun Pollock's last T20I is given as 18 January 2008.

Step 2: The current year mentioned in the instruction is December 2022.

Step 3: Calculate the difference between the current year and the year of the last T20I:
2022 - 2008 = 14 years

Therefore, Shaun Pollock played his last T20I 14 years ago.

Final Answer: 14 years",<num_years>
289,How many months after launch was the Mars orbiter insertion for ExoMars?,7,orbitor,461,"To find out how many months after launch the Mars orbiter insertion occurred for ExoMars, we need to calculate the time difference between the launch date and the orbital insertion date.

1. **Identify the Launch Date:** The launch date provided is 14 March 2016.
2. **Identify the Orbital Insertion Date:** The orbital insertion date provided is 19 October 2016.
3. **Calculate the Time Difference:**
   - From March 14th to March 31st: 17 days (March has 31 days)
   - April: 30 days
   - May: 31 days
   - June: 30 days
   - July: 31 days
   - August: 31 days
   - September: 30 days
   - October 1st to October 19th: 19 days

Adding these up:
\[ 17 + 30 + 31 + 30 + 31 + 31 + 30 + 19 = 249 \text{ days} \]

4. **Convert Days into Months:**
   - There are approximately 30.44 days in a month (considering the average length of a month).
   - Therefore, \( \frac{249}{30.44} \approx 8.18 \text{ months} \).

Rounding to the nearest whole number gives us 8 months.

**Final Answer:** The Mars orbiter insertion for ExoMars occurred about 8 months after the launch.",<num_months>
290,How many months after the 2022 celebration is the 2024 celebration?,24,holiday,206,"To determine how many months after the 2022 celebration the 2024 celebration is, let's follow these steps:

1. Identify the dates for both years:
   - 2022: Sunset, 16 March - nightfall, 17 March
   - 2024: Sunset, 23 March - nightfall, 24 March

2. Calculate the time difference between these two dates:
   - Both celebrations fall in March.
   - In 2022, it starts on March 16.
   - In 2024, it starts on March 23.

3. Determine the number of days between these two start dates:
   - From March 16 to March 23 is 7 days.

4. Convert this time difference into months:
   - Since there are approximately 30.44 days in a month (considering an average year),
   - 7 days is approximately 7 / 30.44 ≈ 0.23 months.

However, since we're looking for the difference in terms of full months and considering the calendar structure, it's more practical to note that the difference falls within the same month.

Therefore, the 2024 celebration starts less than one month after the 2022 celebration.

Final Answer: Less than one month.",<num_months>
291,How many years ago did the Federal Defence Forces of Germany take on its current form?,32,army,1118,"The question asks for how many years ago the Federal Defence Forces of Germany took on its current form. According to the information provided in the table, the Bundeswehr took on its current form on 3 October 1990. 

Now, we need to calculate the number of years from 3 October 1990 to December 2022.

First, let's find the difference between the years:
2022 - 1990 = 32 years

Since the month and day (December vs. October) don't affect the full year count significantly (as we're not considering days), we can conclude that it has been 32 years since 1990.

Final Answer: 32 years",<num_years>
292,How many years ago did the Insurgency in Laos start?,47,proxy war,987,"The insurgency in Laos began on 2 December 1975. The current date is given as December 2022.

To find out how many years ago the insurgency started:
1. Subtract the start year from the current year: 
   2022 - 1975 = 47 years

Therefore, the insurgency in Laos started 47 years ago.

Final Answer: 47 years",<num_years>
293,What date was the first Monday in November in 2018?,"November 5, 2018",holiday,209,"To find the date of the first Monday in November 2018, we need to know which day of the week November 1st fell on that year and then determine the date of the following Monday.

From the information provided in the table, we see that the 2018 Election Day was on November 6th. As Election Day always falls on the Tuesday after the first Monday of November, this means that the first Monday in November 2018 would be one day before November 6th.

So, if November 6th was a Tuesday, then November 5th must have been a Monday.

Final Answer: The first Monday in November 2018 was November 5th.","%B %d, %Y"
294,How many years ago did the Liberation Tigers of Tamil Eelam start?,46,terrorist orgnization,712,"To find out how many years ago the Liberation Tigers of Tamil Eelam started, we need to look at the ""Dates of operation"" row in the table. According to this information, the organization began on 5 May 1976.

The current date is given as December, 2022. To calculate how many years have passed since 1976, we subtract 1976 from 2022:

2022 - 1976 = 46 years

Therefore, the Liberation Tigers of Tamil Eelam started 46 years ago.

Final Answer: 46 years",<num_years>
295,How many years ago did Viv Richards make his ODI debut?,47,cricket,57,"To determine how many years ago Viv Richards made his ODI debut, we need to follow these steps:

1. Identify the date of Viv Richards' ODI debut from the table.
2. Calculate the difference between that date and the current date (December 2022).

Step 1: Identifying the ODI debut date
From the ""International information"" section of the table:
ODI debut (cap 14): 7 June 1975 v Sri Lanka

Step 2: Calculating the time difference
Current date: December 2022
ODI debut date: 7 June 1975

We can calculate the difference as follows:
2022 - 1975 = 47 years
Since the current month (December) is later than the debut month (June), we don't need to subtract another year.

Therefore, Viv Richards made his ODI debut 47 years ago.

Final Answer: 47 years",<num_years>
296,How many years ago did Waqar Younis play his last ODI?,19,cricket,55,"To find out how many years ago Waqar Younis played his last ODI, we need to follow these steps:

1. Identify the date of Waqar Younis's last ODI.
2. Calculate the number of years from that date to the current date (December 2022).

Step 1: From the table, we can see that Waqar Younis's last ODI was on 4 March 2003.

Step 2: Now, let's calculate the difference between 4 March 2003 and December 2022:
- From 4 March 2003 to 4 March 2022 is exactly 19 years.
- Since we're asked for the number of years up to December 2022, we add one more year because it has passed since March.

Therefore, the total number of years is 20.

Final Answer: 20 years",<num_years>
297,How many years ago was HMS Montrose ordered?,34,ship,222,"To find out how many years ago HMS Montrose was ordered, we need to:

1. Identify the order date from the table.
2. Calculate the difference between the current date (December 2022) and the order date.

Step 1: The order date for HMS Montrose is given as July 1988.

Step 2: Calculating the difference:
- From July 1988 to July 2022 is 34 years.
- Since the current date is December 2022, we need to account for the additional five months (from July to December).
- However, since the question asks for the number of years and not months, we can consider the full years only for a precise year count.

Therefore, HMS Montrose was ordered 34 years ago.

Final Answer: 34 years",<num_years>
298,How many months after the order was the Tonnerre laid down?,5,ship,1110,"To find out how many months after the order was the Tonnerre laid down, we need to calculate the difference between the dates when it was ordered and laid down.

The order date for Tonnerre is given as 16 April 1794.
The date when it was laid down is given as 22 September 1794.

Step 1: Calculate the number of days between these two dates.
- From 16 April to 30 April: 14 days
- May has 31 days
- June has 30 days
- July has 31 days
- August has 31 days
- From 1 September to 22 September: 22 days

Total number of days = 14 + 31 + 30 + 31 + 31 + 22 = 169 days

Step 2: Convert the number of days into months.
Since there's no fixed number of days in a month, we can approximate the number of months by dividing the total number of days by the average number of days in a month (approximately 30.44 days/month).

Number of months ≈ 169 / 30.44 ≈ 5.55 months

Final Answer: The Tonnerre was laid down approximately 5.55 months after it was ordered.",<num_months>
299,How many years ago was Mohamed El Shorbagy ranked as World No. 1?,8,squash,108,"To determine how many years ago Mohamed El Shorbagy was ranked as World No. 1, we need to follow these steps:

1. Identify when he was ranked World No. 1.
2. Determine the current year based on the given information.
3. Calculate the difference between the two years.

Step 1: From the table, we can see that Mohamed El Shorbagy achieved his highest ranking as World No. 1 in November 2014.

Step 2: The current year is given as December 2022.

Step 3: To find out how many years ago it was, we subtract 2014 from 2022:
2022 - 2014 = 8

Therefore, Mohamed El Shorbagy was ranked as World No. 1 8 years ago.

Final Answer: 8 years",<num_years>
300,How many years ago was the 2002 Atlantic hurricane season?,20,cyclone,1090,"To determine how many years ago the 2002 Atlantic hurricane season was, we need to follow these steps:

1. Identify the current year: The problem states that we should assume the current date is December 2022.
2. Identify the year of the hurricane season mentioned: According to the table, the hurricane season being discussed is from 2002.
3. Calculate the difference between the two years:
   - Current year: 2022
   - Year of the hurricane season: 2002
   - Difference: 2022 - 2002 = 20 years

Therefore, the 2002 Atlantic hurricane season occurred 20 years ago.

Final Answer: 20 years ago",<num_years>
301,How many months after the ordering of HMS Somerset was it laid down?,9,ship,224,"To find out how many months after the ordering of HMS Somerset it was laid down, we need to follow these steps:

1. Identify the date when HMS Somerset was ordered.
2. Identify the date when HMS Somerset was laid down.
3. Calculate the time difference between these two dates in months.

Step 1: HMS Somerset was ordered in January 1992.

Step 2: HMS Somerset was laid down on 12 October 1992.

Step 3: To calculate the time difference:
- From January to October is 9 full months.
- Since the ship was laid down on the 12th of October, which is after the start of the month, we can consider this as part of the 10th month since its order.

Therefore, the time difference is 10 months.

Final Answer: 10 months",<num_months>
302,How many years ago was the Communist Party of the Soviet Union banned?,31,political party,933,"To determine how many years ago the Communist Party of the Soviet Union was banned, we need to follow these steps:

1. Identify the banning date from the table.
2. Calculate the difference between the banning date and the current date (December 2022).

Step 1: The banning date for the Communist Party of the Soviet Union is given as 6 November 1991.

Step 2: To calculate the difference:
- Current year: 2022
- Banning year: 1991
- Difference: 2022 - 1991 = 31 years

Therefore, the Communist Party of the Soviet Union was banned 31 years ago.

Final Answer: 31 years",<num_years>
303,How many years ago was the Federal Defence Forces of Germany founded?,67,army,1118,"To determine how many years ago the Federal Defence Forces of Germany was founded, we need to follow these steps:

1. Identify the founding date from the table.
2. Calculate the difference between the current year (December 2022) and the founding year.

Step 1: The table states that the Federal Defence Forces of Germany was founded on 12 November 1955.

Step 2: To calculate the number of years since its foundation:
- Current year: 2022
- Founding year: 1955
- Years since foundation = 2022 - 1955 = 67 years

Therefore, the Federal Defence Forces of Germany was founded 67 years ago.

Final Answer: 67 years",<num_years>
304,How many years ago was the Indian National Congress established?,136,political party,931,"To find out how many years ago the Indian National Congress was established, we need to look at the ""Founded"" information provided in the table.

1. The table states that the Indian National Congress was founded on 28 December 1885.
2. We need to calculate the number of years from 1885 to 2022.
3. To do this, subtract 1885 from 2022:
   2022 - 1885 = 137 years

However, the table mentions ""136 years ago"", which suggests the calculation might be based on the date up to the end of the previous year (2021).

Therefore, considering the context given in the table, the correct answer aligns with the stated information.

Final Answer: 136 years",<num_years>
305,How many years ago was the Indian National Congress founded?,137,political party,931,"To find out how many years ago the Indian National Congress was founded, we need to follow these steps:

1. Identify the founding year of the Indian National Congress from the given information.
2. Calculate the number of years since its founding until the current date (December 2022).

Step 1: From the table, the founding year of the Indian National Congress is mentioned as ""28 December 1885"".

Step 2: To calculate the number of years since its founding:
- Current year: 2022
- Founding year: 1885
- Number of years = 2022 - 1885 = 137 years

Therefore, the Indian National Congress was founded 137 years ago.

Final Answer: 137 years",<num_years>
306,How many years ago was the Islamic Republican Party founded?,43,political party,930,"To find out how many years ago the Islamic Republican Party was founded, we need to look at the ""Founded"" information provided in the table and calculate the difference between that date and the current date (December 2022).

The table states that the party was founded on 17 February 1979.

Now, let's calculate the number of years from 17 February 1979 to December 2022:

1. First, calculate the full years from 1979 to 2021:
   - 2021 - 1979 = 42 years

2. Since we're currently in December 2022, we need to add one more year to account for the full year of 2022:
   - 42 + 1 = 43 years

However, we should also consider if we've passed the founding date in 2022 or not. Since the party was founded on February 17 and we're considering December, we have already passed that date in 2022.

Therefore, the correct calculation is indeed 43 years.

Final Answer: The Islamic Republican Party was founded 43 years ago.",<num_years>
307,How many years ago was the Israel Defense Forces founded?,74,army,1119,"The table provides the founding date of the Israel Defense Forces as 26 May 1948. The question asks how many years ago this event occurred, assuming the current date is December 2022.

To find out how many years have passed since 1948 to 2022:
1. Subtract the founding year from the current year: 2022 - 1948 = 74 years.
   
Therefore, the Israel Defense Forces were founded 74 years ago.

Final Answer: 74 years",<num_years>
308,How many years ago was the Japan Self-Defense Forces founded?,68,army,1120,"The table states that the Japan Self-Defense Forces were founded on ""1 July 1954 | ; 68 years ago"". 

To verify this:
1. Current year: 2022
2. Subtract the founding year from the current year: 2022 - 1954 = 68 years

Therefore, the Japan Self-Defense Forces were indeed founded 68 years ago.

Final Answer: The Japan Self-Defense Forces were founded 68 years ago.",<num_years>
309,What year did Fernando Alonso enter the Australian Grand Prix?,2001,f1,258,"The question asks for the year Fernando Alonso entered the Australian Grand Prix. From the Formula One World Championship career section of the table, we can find this information under ""First entry"".

Step 1: Locate the ""First entry"" row in the Formula One World Championship career section.
Step 2: Read the value associated with ""First entry"".
Step 3: The value given is ""2001 Australian Grand Prix"".

Therefore, Fernando Alonso entered the Australian Grand Prix in 2001.

Final Answer: 2001",yyyy
310,What date will Thanksgiving fall on in 2023?,"November 23, 2023",holiday,214,"To determine the date of Thanksgiving in 2023, we need to use the provided information about Black Friday dates. 

1. Black Friday is always observed on the day after U.S. Thanksgiving.
2. For 2023, Black Friday falls on November 24.

Since Black Friday is the day following Thanksgiving, we can subtract one day from the Black Friday date to find the Thanksgiving date.

Therefore, Thanksgiving in 2023 will be on November 23.

Final Answer: November 23","%B %d, %Y"
311,What hurricane season did Hurricane Gaston form?,2004,cyclone,957,"The question asks about the hurricane season during which Hurricane Gaston formed. From the provided information in the table, we can see that Hurricane Gaston formed on August 27, 2004. The table also mentions that this event is ""Part of the | 2004 Atlantic hurricane season.""

Step 1: Identify the formation date of Hurricane Gaston.
- Formation date: August 27, 2004

Step 2: Determine the hurricane season based on the formation date.
- Since it formed in August 2004, it belongs to the 2004 Atlantic hurricane season.

Final Answer: Hurricane Gaston formed during the 2004 Atlantic hurricane season.",yyyy
312,How many years ago was the last IBSF World Championships?,1,sports event,203,"To find out how many years ago the last IBSF World Championships mentioned in the table took place, we need to look at the dates provided for this specific event.

1. The table specifies that the event discussed here is the ""IBSF World Championships 2017"".
2. Since the current date is December 2022, we need to calculate the difference between 2022 and 2017.

Now, let's do the subtraction:
2022 - 2017 = 5

Therefore, the last IBSF World Championships mentioned in the table took place 5 years ago.

Final Answer: 5 years",<num_years>
313,How many years ago was the sister ship I-176 salvaged and scrapped?,65,ship,1112,"To find out how many years ago the sister ship I-176 was salvaged and scrapped, we need to follow these steps:

1. Identify if there's any direct information about I-176 in the given data.
2. If not, infer from the information provided for I-179.
3. Determine the year I-176 was salvaged and scrapped based on the closest available information.
4. Calculate the difference between that year and the current year (2022).

Step 1: There's no specific information about I-176 in the given data.

Step 2 & 3: The closest information we have is about I-179 being salvaged and scrapped in 1957. Since I-176 and I-179 are part of the same class and type (Kaidai/KD7), it's reasonable to assume they might have similar fates. However, this assumption may not be entirely accurate, but without further details, it's the best we can do.

Step 4: To calculate how many years ago I-179 (and by inference, possibly I-176) was salvaged and scrapped:
   Current Year (2022) - Year Salvaged and Scrapped (1957) = 2022 - 1957 = 65 years

Final Answer: Based on the available information and assumptions, it has been approximately 65 years since the sister ship I-176 was salvaged and scrapped. Please note that this is an estimation and actual dates could differ.",<num_years>
314,What year did Jenson Button win his first championship?,2009,f1,259,"To find out what year Jenson Button won his first championship, we need to look at both of his major racing careers mentioned in the table: Formula One World Championship and Super GT GT500 Championship.

For the Formula One World Championship:
- The table states that he has 1 Championship, which occurred in 2009.
- There's no mention of any other championships before this one in his Formula One career.

For the Super GT GT500 Championship:
- He joined this series in 2017, much later than his Formula One career.
- His only championship in Super GT was in 2018.

Considering these points, Jenson Button's first championship was in Formula One in 2009.

Final Answer: 2009",yyyy
315,How many years ago was the United States Armed Forces formed?,247,army,1123,"To find out how many years ago the United States Armed Forces were formed, we need to follow these steps:

1. Identify the founding date of the United States Armed Forces from the provided information.
2. Calculate the difference between the founding date and the current date (December 2022).

Step 1: From the table, the founding date of the United States Armed Forces is given as 14 June 1775.

Step 2: To calculate the number of years that have passed since 14 June 1775 until December 2022:
- The current year is 2022.
- Subtract the founding year from the current year: 2022 - 1775 = 247 years.

Therefore, the United States Armed Forces were formed 247 years ago.

Final Answer: 247 years",<num_years>
316,How many years ago were the Liberation Tigers of Tamil Eelam defeated?,13,terrorist orgnization,712,"To find out how many years ago the Liberation Tigers of Tamil Eelam were defeated, we need to follow these steps:

1. Identify the date when the organization was defeated: According to the table, the Liberation Tigers of Tamil Eelam were militarily defeated on 18 May 2009.
2. Calculate the time difference between that date and the current date (December 2022):
   - From 18 May 2009 to 18 May 2022 is exactly 13 years.
   - Since it's now December 2022, we're past the 18th of May, so we need to add one more year to account for the full period since their defeat.

Therefore, the Liberation Tigers of Tamil Eelam were defeated 14 years ago.

Final Answer: 14 years",<num_years>
317,How many years are between Jacques Anquetil's first and last medal wins?,14,cycling,636,"To find out how many years are between Jacques Anquetil's first and last medal wins, we need to identify the years he won his medals and calculate the difference between these years.

From the table:
- The first medal win is from the 1952 Olympic Games in Helsinki, where he won a bronze medal.
- The last medal win is from the 1966 World Championships in Nürburgring, where he won a silver medal.

Now, let's calculate the difference:
- Last medal year (1966) minus First medal year (1952) equals 1966 - 1952 = 14 years.

Therefore, the number of years between Jacques Anquetil's first and last medal wins is 14 years.

Final Answer: 14 years",<num_years>
318,How many years are between Madan Lal's last Test and his ODI debut?,12,cricket,53,"To find out how many years are between Madan Lal's last Test and his ODI debut, we need to follow these steps:

1. Identify the date of Madan Lal's last Test.
2. Identify the date of Madan Lal's ODI debut.
3. Calculate the difference in years between these two dates.

Step 1: The date of Madan Lal's last Test is given as 19 June 1986.

Step 2: The date of Madan Lal's ODI debut is given as 13 July 1974.

Step 3: Calculating the difference:
- From 13 July 1974 to 13 July 1986 is exactly 12 years.
- Since his last Test was on 19 June 1986, which is before 13 July 1986, we add one more year to account for the period from 13 July 1985 to 19 June 1986.
- Therefore, the total difference is 12 + 1 = 13 years.

Final Answer: 13 years",<num_years>
319,How many years are between Makin's current rank and when he won bronze at the World Team Championships?,3,squash,107,"To find out how many years are between Joel Makin's current rank and when he won bronze at the World Team Championships, we need to follow these steps:

1. Identify the year of his current ranking.
2. Identify the year he won bronze at the World Team Championships.
3. Calculate the difference in years between these two events.

Step 1: The table states that Joel Makin's current ranking is No. 8 (January 2022).

Step 2: According to the information provided, Joel Makin won a bronze medal at the World Team Championships in 2019 in Washington D.C.

Step 3: Now we calculate the difference:
- Current ranking year: January 2022
- Year of bronze medal win: 2019
- Difference: 2022 - 2019 = 3 years

Therefore, the number of years between Joel Makin's current rank and when he won bronze at the World Team Championships is 3 years.

Final Answer: 3 years",<num_years>
320,How many years are there between Barrichello's best finish in his Stock Car Brasil career and his best finish in his IndyCar Series career?,2,f1,51,"To find the number of years between Rubens Barrichello's best finishes in his Stock Car Brasil career and his IndyCar Series career, let's follow these steps:

1. Identify the best finish in the Stock Car Brasil career:
   - Best finish: 1st place in 2014

2. Identify the best finish in the IndyCar Series career:
   - Best finish: 12th place in 2012

3. Calculate the difference in years:
   - Difference = 2014 - 2012 = 2 years

Therefore, the difference between Barrichello's best finishes in his Stock Car Brasil career and his IndyCar Series career is 2 years.

Final Answer: 2 years",<num_years>
321,In what year was Jenson Button's last entry in the Formula One World Championship?,2017,f1,259,"The question asks for the year of Jenson Button's last entry in the Formula One World Championship. To find this information, we need to look at the relevant section of the table, which is ""Formula One World Championship career"".

From this section, there is a row labeled ""Last entry"" which states ""2017 Monaco Grand Prix"". This indicates that his last participation or entry into a Formula One race was during the 2017 Monaco Grand Prix.

Therefore, based on the provided information:

Final Answer: Jenson Button's last entry in the Formula One World Championship was in 2017.",yyyy
322,In what year did Jenson Button make his first entry in the Formula One World Championship?,2000,f1,259,"To determine the year of Jenson Button's first entry into the Formula One World Championship, we need to look for information related to his debut or initial participation in this championship. 

From the provided table under the ""Formula One World Championship career"" section, there is a row labeled ""First entry"" which specifies the date of his first Formula One race.

The table states:
- First entry: 2000 Australian Grand Prix

Since the event name includes the year 2000, it indicates that Jenson Button made his first entry into the Formula One World Championship in the year 2000.

Final Answer: Jenson Button made his first entry in the Formula One World Championship in 2000.",yyyy
323,How many years are there between Barrichello's last win and his last entry into a Grand Prix for Formula One?,2,f1,51,"To determine how many years are there between Rubens Barrichello's last win and his last entry into a Grand Prix for Formula One, we need to follow these steps:

1. Identify Barrichello's last win in Formula One.
   - From the table, it's stated that his last win was in the 2009 Italian Grand Prix.

2. Identify Barrichello's last entry into a Formula One Grand Prix.
   - The table shows that his last entry was in the 2011 Brazilian Grand Prix.

3. Calculate the difference in years between these two events.
   - Last win: 2009
   - Last entry: 2011
   - Difference: 2011 - 2009 = 2 years

Therefore, the number of years between Barrichello's last win and his last entry into a Grand Prix for Formula One is 2 years.

Final Answer: 2 years",<num_years>
324,How many years are there between Farag winning gold at the Cairo World Championships and at the Marseille World Team Championships?,4,squash,106,"To find out how many years there are between Ali Farag winning gold at the Cairo World Championships and at the Marseille World Team Championships, we need to identify the specific years for each event from the information provided.

1. **Identify the year of the Cairo World Championships gold medal:**
   - From the information given, the gold medal at the Cairo World Championships was won in 2021-22.
   
2. **Identify the year of the Marseille World Team Championships gold medal:**
   - According to the data, the gold medal at the Marseille World Team Championships was won in 2017.

3. **Calculate the difference in years:**
   - The Cairo event took place in 2021-22 which we can consider as 2022.
   - The Marseille event took place in 2017.
   - Therefore, the difference in years is 2022 - 2017 = 5 years.

Final Answer: There are 5 years between Farag winning gold at the Cairo World Championships and at the Marseille World Team Championships.",<num_years>
325,What is the average number of months are soldiers conscripted to the Republic of Korea Armed Forces across all branches?,20,army,1121,"To find the average number of months soldiers are conscripted to the Republic of Korea Armed Forces across all branches, we need to follow these steps:

1. Identify the conscription periods for each branch.
2. Sum up these periods.
3. Divide the total by the number of branches.

Step 1: Identifying conscription periods:
- Army: 18 months
- Navy: 20 months
- Air Force: 22 months
- Marine Corps: Not explicitly stated in the given data

Since the Marine Corps' conscription period is not provided, we'll assume it's similar to the other branches and use only the provided data.

Step 2: Sum up the conscription periods:
Total = 18 + 20 + 22 = 60 months

Step 3: Calculate the average:
There are 3 branches with provided conscription periods.
Average = Total / Number of branches = 60 / 3 = 20 months

Final Answer: The average number of months soldiers are conscripted to the Republic of Korea Armed Forces across all branches (excluding Marine Corps due to missing data) is 20 months.",<num_months>
326,How many years are there between Rubens Barrichello's first and last win in Formula One?,9,f1,51,"To find out how many years there are between Rubens Barrichello's first and last win in Formula One, we need to identify these two dates from the information provided:

1. First win: The table states that his first win was at the 2000 German Grand Prix.
2. Last win: According to the table, his last win was at the 2009 Italian Grand Prix.

Now, let's calculate the difference between these two years:
- Last win year: 2009
- First win year: 2000

The number of years between them is calculated as follows:
2009 - 2000 = 9 years

Final Answer: There are 9 years between Rubens Barrichello's first and last win in Formula One.",<num_years>
327,How many years before achieving his highest ranking did Paul Coll win gold at the Manchester World Doubles Championships?,5,squash,109,"To find out how many years before achieving his highest ranking Paul Coll won gold at the Manchester World Doubles Championships, we need to follow these steps:

1. Identify when Paul Coll achieved his highest ranking.
2. Determine the year he won gold at the Manchester World Doubles Championships.
3. Calculate the difference between these two dates.

Step 1: From the information provided in the table under ""Men's singles"", the highest ranking for Paul Coll was No. 1, which he achieved on 1 March 2022.

Step 2: Looking at the ""World Doubles Championships"" section of the table, we see that Paul Coll won a gold medal at the Manchester World Doubles Championships in 2017.

Step 3: Now we calculate the time difference:
- Highest ranking achievement: 1 March 2022
- Gold medal win at Manchester World Doubles Championships: 2017

The difference between 2022 and 2017 is 5 years.

Therefore, Paul Coll won gold at the Manchester World Doubles Championships 5 years before achieving his highest ranking.

Final Answer: 5 years",<num_years>
328,How many years before he retired did Daisuke Shiga achieve his highest rank?,5,sumo,169,"First, we need to identify the key dates from the information provided:
- Tochiazuma Daisuke's highest rank was achieved in January, 2002.
- He retired in May, 2007.

Next, we calculate the difference between these two dates:
- From January 2002 to January 2007 is exactly 5 years.
- Since he retired in May 2007, this adds an additional 4 months to the period.

However, the question asks for the number of years before retirement, so we focus on full years:
- The time span from achieving his highest rank until retirement spans 5 years and 4 months.

Therefore, rounding down to the nearest whole year, it took him 5 years before retiring after achieving his highest rank.

Final Answer: 5 years",<num_years>
329,How many years before his career ended was Patrese's first win?,11,f1,261,"To find out how many years before his career ended Riccardo Patrese's first win occurred, we need to follow these steps:

1. Identify the year of Patrese's first win.
2. Identify the year his Formula One career ended.
3. Subtract the year of the first win from the year the career ended.

Step 1: The table states that Patrese's first win was at the 1982 Monaco Grand Prix.

Step 2: According to the table, Patrese's last entry into a race was the 1993 Australian Grand Prix, which marks the end of his active years in Formula One.

Step 3: To calculate how many years passed between his first win and the end of his career:
1993 - 1982 = 11 years

Therefore, Riccardo Patrese's first win occurred 11 years before the end of his Formula One career.

Final Answer: 11 years",<num_years>
330,How many years before his death did Obata retire?,30,sumo,148,"To find out how many years before his death Obata retired, we need to follow these steps:

1. Identify when Obata retired.
2. Identify when Obata died.
3. Calculate the difference between these two dates.

Step 1: From the career section, we see that Obata retired in January 1985.

Step 2: From the personal information section, we know that Obata died on November 20, 2015.

Step 3: To calculate the number of years between these two dates:
- The year difference is 2015 - 1985 = 30 years.
- Since he retired in January and died in November, he lived more than 30 full years after retirement.

Therefore, Obata retired 30 years before his death.

Final Answer: 30 years",<num_years>
331,How many years before his death did Raymond Poulidor win the silver medal for France?,45,cycling,104,"To find out how many years before his death Raymond Poulidor won the silver medal for France, we need to follow these steps:

1. Identify the year Raymond Poulidor won the silver medal.
2. Identify the year Raymond Poulidor died.
3. Calculate the difference between these two years.

Step 1: From the World Championships section of the table, we can see that Raymond Poulidor won a Silver medal in 1974 in Montreal.

Step 2: According to the Personal Information section, Raymond Poulidor died on 13 November 2019.

Step 3: Now, let's calculate the difference between these two years:
   2019 (year of death) - 1974 (year of winning the silver medal) = 45 years

Therefore, Raymond Poulidor won the silver medal for France 45 years before his death.

Final Answer: 45 years",<num_years>
332,How many years before Kapil Dev's last ODI did he start playing for Worcestershire?,10,cricket,52,"To find out how many years before Kapil Dev's last ODI he started playing for Worcestershire, we need to follow these steps:

1. Identify the year of Kapil Dev's last ODI.
2. Identify the year Kapil Dev started playing for Worcestershire.
3. Calculate the difference between these two years.

Step 1: From the International information section, we can see that Kapil Dev's last ODI was on 17 October 1994.

Step 2: From the Domestic team information section, we can see that Kapil Dev played for Worcestershire from 1984 to 1985.

Step 3: To calculate the number of years between his last ODI and when he started playing for Worcestershire, we subtract the starting year of Worcestershire from the year of his last ODI:
1994 - 1984 = 10 years

Therefore, Kapil Dev started playing for Worcestershire 10 years before his last ODI.

Final Answer: 10 years",<num_years>
333,How many years before Singh played for HC Klein Zwitserland did he play for the Indian national team?,8,hockey,486,"To find out how many years before Singh played for HC Klein Zwitserland he played for the Indian national team, we need to follow these steps:

1. Identify when Singh played for HC Klein Zwitserland.
2. Determine the period during which Singh played for the Indian national team.
3. Calculate the difference between the start of his national team career and the year he started playing for HC Klein Zwitserland.

Step 1: From the Senior Career section, we can see that Singh played for HC Klein Zwitserland from 2005 to 2007.

Step 2: In the National team section, it states that Singh played for India from 1997 to 2007. 

Step 3: Since Singh began playing for the Indian national team in 1997 and started playing for HC Klein Zwitserland in 2005, the number of years before he played for HC Klein Zwitserland that he was on the national team would be:
2005 - 1997 = 8 years

However, this calculation represents the gap between the start of his national team career and the start of his HC Klein Zwitserland career, but the question asks how many years before he played for HC Klein Zwitserland, which means the full duration of his national team career until 2005.

Therefore, he had been playing for the national team for 8 years before starting at HC Klein Zwitserland.

Final Answer: 8 years",<num_years>
334,What is the average of the minimum and maximum military age in the Republic of Korea Armed Forces?,23,army,1121,"The military age range for conscription in the Republic of Korea Armed Forces is given as 18 to 28 years of age.

To find the average of the minimum and maximum ages:
1. Identify the minimum age: 18 years.
2. Identify the maximum age: 28 years.
3. Add these two numbers together: 18 + 28 = 46.
4. Divide the sum by 2 to get the average: 46 / 2 = 23.

Final Answer: The average of the minimum and maximum military age is 23 years.",<num_years>
335,How many years before the 2019 World Aquatics Championships did the previous World Aquatics Championships occur?,2,sports event,1032,"To find out how many years before the 2019 World Aquatics Championships the previous one occurred, we need to identify the year of the previous championships mentioned in the table.

From the ""Medalists"" section, we can see two years listed:
- 2017 (← 2017)
- 2022 (2022 →)

Since 2022 is after 2019, it must be referring to future or subsequent championships. Therefore, the previous championships before 2019 would have been in 2017.

Now, let's calculate the difference between 2019 and 2017:
2019 - 2017 = 2 years

Final Answer: The previous World Aquatics Championships occurred 2 years before the 2019 World Aquatics Championships.",<num_years>
336,In what year did Riccardo Gabriele Patrese compete in the Japanese Grand Prix?,1992,f1,261,"To find out in which year Riccardo Gabriele Patrese competed in the Japanese Grand Prix, we need to look for information about his last win, as it might provide a clue to when he was still active in races like the Japanese Grand Prix.

From the table, we can see that Riccardo Gabriele Patrese's:
- Last win was at the 1992 Japanese Grand Prix.
- His active years were from 1977 to 1993.

Since his last win was at the Japanese Grand Prix in 1992, it indicates that he competed in the Japanese Grand Prix during this year.

Final Answer: Riccardo Gabriele Patrese competed in the Japanese Grand Prix in 1992.",yyyy
337,How many years before the commissioning of HMS Argyll was it laid down?,4,ship,223,"To find out how many years before the commissioning of HMS Argyll it was laid down, we need to look at the dates provided for these two events.

From the table:
- Commissioned: 31 May 1991
- Laid down: 20 March 1987

Next, we calculate the difference between these two dates.

First, let's determine the difference in years:
- The ship was commissioned in 1991.
- It was laid down in 1987.
  
The difference in years is 1991 - 1987 = 4 years.

However, we should check if the months and days also affect this calculation. Since the ship was laid down on March 20, 1987, and commissioned on May 31, 1991, we see that the commissioning date is later than the laying down date within the same year. Therefore, the ship was indeed laid down 4 full years before its commissioning.

Final Answer: 4 years",<num_years>
338,How many years before the end of the emergency did Southern Rhodesia cease being a belligerent?,7,proxy war,997,"To find out how many years before the end of the Malayan Emergency Southern Rhodesia ceased being a belligerent, we need to follow these steps:

1. Identify the end date of the Malayan Emergency.
2. Determine when Southern Rhodesia stopped participating as a belligerent.
3. Calculate the difference in years between these two dates.

Step 1: The Malayan Emergency ended on 31 July 1960.

Step 2: According to the table, Southern Rhodesia was a belligerent ""until 1953.""

Step 3: We calculate the difference:
- End date of the Malayan Emergency: 31 July 1960
- Date Southern Rhodesia ceased being a belligerent: 1953

1960 - 1953 = 7 years

Therefore, Southern Rhodesia ceased being a belligerent 7 years before the end of the Malayan Emergency.

Final Answer: 7 years",<num_years>
339,How many years before the end of the war did DR Sudan end its support?,2,proxy war,975,"To find out how many years before the end of the war DR Sudan ended its support, we need to identify two key pieces of information from the given data:

1. The end date of the war.
2. When DR Sudan ceased supporting one of the belligerent sides.

From the table:
1. The war ended on 11 September 1987.
2. DR Sudan supported the Anti-Libyan Chadian factions from 1978 until 1985.

Now, let's calculate the difference between these dates:

- The war ended on 11 September 1987.
- DR Sudan stopped supporting in 1985.

The time difference between these two dates is 2 years.

Therefore, DR Sudan ended its support 2 years before the end of the war.

Final Answer: 2 years",<num_years>
340,How many years before the end of the war was the Third Liberation Army formed?,11,proxy war,974,"The Third Liberation Army was formed ""from 1968"" according to the table.

The war ended in November 1979.

To find out how many years before the end of the war the Third Liberation Army was formed, we subtract 1968 from 1979:
1979 - 1968 = 11 years

Final Answer: The Third Liberation Army was formed 11 years before the end of the war.",<num_years>
341,How many years before the Königssee bobsleigh Two-man at the IBSF World Championships was a similar contest held?,1,sports event,203,"To determine how many years before the Königssee bobsleigh Two-man at the IBSF World Championships 2017 was a similar contest held, we need to follow these steps:

1. Identify the year of the mentioned championship: The table mentions ""IBSF World Championships 2017"".
2. Find information about the previous championship: Looking at the ""Medalists"" section, there's a reference to ""<2016|2019>"", which suggests that the 2016 championships were held before the 2017 event.
3. Calculate the difference between the years: Since the 2017 championships are mentioned and 2016 is noted as the previous event, we can calculate the difference: 2017 - 2016 = 1 year.

Therefore, a similar contest was held one year before the 2017 Königssee bobsleigh Two-man at the IBSF World Championships.

Final Answer: 1 year",<num_years>
342,How many years before the war began did Abdul Karim Qasim become a leader?,3,proxy war,981,"To determine how many years before the war began that Abdul Karim Qasim became a leader, we need to follow these steps:

1. Identify when Abdul Karim Qasim became a leader.
2. Determine the start date of the First Kurdish-Iraqi War.
3. Calculate the difference between these two dates.

Step 1: From the information given in the ""Commanders and leaders"" section, Abdul Karim Qasim was listed as a commander for the period ""1958-1963"".

Step 2: The start date of the First Kurdish-Iraqi War is given as ""11 September 1961"".

Step 3: Abdul Karim Qasim became a leader in 1958, and the war started on 11 September 1961. To find out how many years before the war began he became a leader, we calculate the difference between these two years:
1961 - 1958 = 3 years

Therefore, Abdul Karim Qasim became a leader 3 years before the war began.

Final Answer: 3 years",<num_years>
343,How many years before the war ended did Southern Rhodesia cease being a belligerent?,14,proxy war,1001,"To find out how many years before the war ended Southern Rhodesia ceased being a belligerent, we need to follow these steps:

1. Identify when Southern Rhodesia ceased being a belligerent.
2. Identify when the war ended.
3. Calculate the difference in years between these two dates.

Step 1: According to the Belligerents section, Southern Rhodesia was active from 1964 to 1965.

Step 2: From the Date row in the table, we know that the war ended on 12 December 1979.

Step 3: Calculating the difference:
- Southern Rhodesia ceased being a belligerent at the end of 1965.
- The war ended in December 1979.
- Therefore, the number of years between these dates is 1979 - 1965 = 14 years.

So, Southern Rhodesia ceased being a belligerent 14 years before the war ended.

Final Answer: 14 years",<num_years>
344,How many years before the war ended did the Republic of the Congo stop being a belligerent?,2,proxy war,978,"To determine how many years before the war ended the Republic of the Congo stopped being a belligerent, we need to follow these steps:

1. Identify when the war ended.
2. Identify when the Republic of the Congo stopped being a belligerent.
3. Calculate the difference between these two dates.

Step 1: The war ended on 25 November 1965.

Step 2: From the Belligerents section:
- In 1960-63, the Democratic Republic of the Congo and the Republic of the Congo were listed as belligerents.
- By 1964-65, only the Democratic Republic of the Congo is mentioned, not the Republic of the Congo.

This suggests that the Republic of the Congo stopped being a belligerent sometime between 1963 and 1964.

Step 3: Since the exact month isn't specified, we'll assume it happened at the end of 1963 for our calculation.
- War ended: 25 November 1965
- Republic of the Congo stopped being a belligerent: End of 1963

The time difference is 1 year and 11 months (approximately 2 years).

Final Answer: The Republic of the Congo stopped being a belligerent about 1 year and 11 months before the war ended. For simplicity, we can say approximately 2 years.",<num_years>
345,How many years before the war ended did the Republic of the Sudan stop being a belligerent?,3,proxy war,982,"To find out how many years before the war ended the Republic of the Sudan stopped being a belligerent, we need to identify when the Republic of the Sudan was last mentioned as a belligerent and compare it to the end date of the war.

1. The end date of the First Sudanese Civil War is given as 27 March 1972.
2. Looking at the ""Belligerents"" section, we see that the Republic of the Sudan is listed under the pro-government forces until 1969: ""Sudan | Sudan | Democratic Republic of the Sudan | (from 1969)"".
3. After 1969, there's no mention of the Republic of the Sudan as a belligerent in the provided information.
4. This means that the Republic of the Sudan stopped being a belligerent sometime in 1969 or shortly thereafter.
5. To calculate the number of years between when the Republic of the Sudan stopped being a belligerent (1969) and the end of the war (1972), we subtract:
   1972 - 1969 = 3 years

Final Answer: The Republic of the Sudan stopped being a belligerent 3 years before the war ended.",<num_years>
346,How many years before Zoetemelk first won the Paris–Nice stage race did he win gold at the Olympics?,6,cycling,103,"To determine how many years before Zoetemelk first won the Paris–Nice stage race he won gold at the Olympics, we need to identify two key pieces of information from the table:

1. The year he won gold at the Olympics.
2. The earliest year he won the Paris–Nice stage race.

Step 1: Identify the Olympic gold medal year.
From the ""Olympic Games"" section:
- Gold medal in the Team time trial event in 1968 Mexico City.

Step 2: Identify the earliest Paris–Nice win year.
From the ""Major wins"" section under ""Stage Races"":
- Paris-Nice is listed with three years: 1974, 1975, 1979.

The earliest year Zoetemelk won Paris–Nice is 1974.

Step 3: Calculate the difference between the two years.
1974 (first Paris–Nice win) - 1968 (Olympic gold medal) = 6 years.

Final Answer: Joop Zoetemelk won gold at the Olympics 6 years before his first win at the Paris–Nice stage race.",<num_years>
347,How many years did Brian Lara play for Team Trinidad and Tobago?,21,cricket,528,"To determine how many years Brian Lara played for Team Trinidad and Tobago, let's follow these steps:

1. Look for information about his domestic teams in the given data.
2. Identify Trinidad and Tobago in the list of teams.
3. Check if there's any specific timeframe mentioned for his stint with Trinidad and Tobago.
4. If no specific timeframe is provided, consider his overall career timeline.

Step 1 & 2: In the ""Domestic team information"" section, we can see that Trinidad and Tobago is listed.

Step 3: The entry for Trinidad and Tobago does not provide a specific timeframe but shows the years 1987-2008.

Step 4: Given only the years 1987-2008 without any breaks or other teams mentioned for this period, we can conclude that he played for Trinidad and Tobago during this entire span.

Now, let's calculate the number of years:
From 1987 to 2008 inclusive means:
2008 - 1987 = 21 years

Final Answer: Brian Lara played for Team Trinidad and Tobago for 21 years.",<num_years>
348,How many years did Chiyonofuji Mitsugu compete?,21,sumo,131,"To determine how many years Chiyonofuji Mitsugu competed, we need to look at his career timeline provided in the table:

1. His debut was in September, 1970.
2. He retired in May, 1991.

To calculate the number of years he competed:
- From 1970 to 1990 is 20 years.
- Since he debuted in September 1970 and retired in May 1991, he competed for part of the year 1970 and part of the year 1991.
- Therefore, we count both the partial year of 1970 and the partial year of 1991 as full years of competition.

Thus, Chiyonofuji Mitsugu competed for 21 years.

Final Answer: 21 years",<num_years>
349,How many years did Dhyan Chand serve in the army?,34,hockey,524,"To determine how long Dhyan Chand served in the army, we need to look at the ""Years of service"" information provided in the table.

From the table:
- Years of service: 1922-1956

Now, let's calculate the duration:
- Start year: 1922
- End year: 1956

Subtract the start year from the end year:
1956 - 1922 = 34 years

Therefore, Dhyan Chand served in the army for 34 years.

Final Answer: 34 years",<num_years>
350,How many years did Don Bradman play for the national side?,20,cricket,527,"To determine how many years Don Bradman played for the national side, we need to identify his test debut year and the last year he played for the national team.

From the table:
- His Test debut was on 30 November 1928.
- His Last Test was on 18 August 1948.

Now, let's calculate the duration of his career:

1. Start year: 1928
2. End year: 1948

To find out how many years this period spans:
\[ \text{End year} - \text{Start year} = 1948 - 1928 = 20 \]

Therefore, Don Bradman played for the national side for 20 years.

Final Answer: 20 years",<num_years>
351,What year did Kimi Räikkönen marry Jenni Dahlman?,2004,f1,344,"The information we need can be found in the 'Spouse(s)' section of the provided table. It states that Kimi Räikkönen was married to Jenni Dahlman from 2004 to 2014. 

Therefore, Kimi Räikkönen married Jenni Dahlman in 2004.

Final Answer: 2004",yyyy
352,How many years did DR Sudan support the Chadian–Libyan conflict?,7,proxy war,975,"The information provided states that DR Sudan supported the Anti-Libyan Chadian factions from 1978 to 1985.

To calculate how many years this support lasted:
1. Identify the start year: 1978
2. Identify the end year: 1985
3. Subtract the start year from the end year: 1985 - 1978 = 7 years

Therefore, DR Sudan supported the Chadian–Libyan conflict for 7 years.

Final Answer: 7 years",<num_years>
353,How many years did Harumafuji Kōhei compete before retiring in 2017?,16,sumo,139,"To find out how many years Harumafuji Kōhei competed before retiring in 2017, we need to follow these steps:

1. Identify his debut year from the table.
2. Calculate the difference between the retirement year (2017) and the debut year.

Step 1: From the table, we can see that Harumafuji's debut was in January 2001.

Step 2: To calculate the number of years he competed:
   - Retirement year: 2017
   - Debut year: 2001
   - Number of years competed = 2017 - 2001 = 16 years

However, since he retired in November 2017, it would be more accurate to say he completed 16 full years plus part of the 17th year. But typically, such calculations consider the complete period up until the end of the year before retirement unless specified otherwise.

Final Answer: Harumafuji Kōhei competed for 16 years before retiring in 2017.",<num_years>
354,How many years did it take for HMS Somerset to be commissioned after being ordered?,4,ship,224,"To find out how many years it took for HMS Somerset to be commissioned after being ordered, we need to follow these steps:

1. Identify the date when HMS Somerset was ordered.
2. Identify the date when HMS Somerset was commissioned.
3. Calculate the difference between these two dates.

Step 1: From the table, we can see that HMS Somerset was ordered in January 1992.

Step 2: The table also indicates that HMS Somerset was commissioned on 20 September 1996.

Step 3: To calculate the difference:
- From January 1992 to January 1996 is 4 full years.
- From January 1996 to September 1996 is approximately 9 months.

Since the question asks for the number of years, we typically round this to the nearest whole number. Given that it's more than 4 years but less than 5 years, we can say it took about 4 years and 9 months, which would generally be rounded up to 5 years if rounding rules were strictly applied. However, without specific rounding instructions, the most precise answer remains 4 years and 9 months, but typically questions like this expect a whole number of years.

Final Answer: 4 years and 9 months (typically rounded to 5 years if rounding is required).",<num_years>
355,How many years did it take for HMS Somerset to be commissioned after its launch?,2,ship,224,"To determine how many years it took for HMS Somerset to be commissioned after its launch, we need to identify two key dates from the information provided:

1. The launch date of HMS Somerset.
2. The commissioning date of HMS Somerset.

From the table:
- The launch date is given as 25 June 1994.
- The commissioning date is given as 20 September 1996.

Now, let's calculate the time difference between these two dates:

- From 25 June 1994 to 25 June 1996 is exactly 2 years.
- From 25 June 1996 to 20 September 1996 is approximately 3 months.

Therefore, the total time from the launch to the commissioning is 2 years and 3 months.

Since the question asks for the number of years, we can round this to the nearest whole year, which is 2 years plus an additional year due to the extra 3 months, making it 3 years.

Final Answer: It took 3 years for HMS Somerset to be commissioned after its launch.",<num_years>
356,How many years did it take for HMS Victory to be launched after being laid down?,6,ship,1115,"To determine how many years it took for HMS Victory to be launched after being laid down, we need to look at the dates provided in the table.

1. The ""Laid down"" date is given as 23 July 1759.
2. The ""Launched"" date is given as 7 May 1765.

Now, let's calculate the difference between these two dates:

- From 23 July 1759 to 23 July 1765 is exactly 6 years.
- Since the launch date (7 May 1765) is before the end of the year (23 July 1765), we do not add another full year.

Therefore, it took 6 years from the time HMS Victory was laid down until it was launched.

Final Answer: 6 years",<num_years>
357,How many years did it take for Rubens Barrichello to get his first win in Formula One?,7,f1,51,"To find out how many years it took Rubens Barrichello to get his first win in Formula One, we need to look at two key pieces of information from the table:

1. The year he started competing in Formula One.
2. The year he achieved his first win in Formula One.

From the ""Formula One World Championship career"" section:
- His active years are listed as 1993-2011.
- His first entry was the 1993 South African Grand Prix.
- His first win was the 2000 German Grand Prix.

Now let's calculate the difference between these two years:
- First entry: 1993
- First win: 2000

The difference is 2000 - 1993 = 7 years.

However, since the first entry and the first win occurred within the same year would mean it took less than a full year, but since they're separate events and the first win is explicitly mentioned in the following year, we can conclude it took him 7 years from his first entry to achieve his first win.

Final Answer: It took Rubens Barrichello 7 years to get his first win in Formula One.",<num_years>
358,How many years did it take for the Ba'ath Brigades to become the paramilitary wing of the Arab Socialist Ba'ath Party – Syria Region?,6,political party,183,"To find out how long it took for the Ba'ath Brigades to become the paramilitary wing of the Arab Socialist Ba'ath Party - Syria Region, we need to follow these steps:

1. Identify when the Ba'ath Brigades became the paramilitary wing.
2. Determine when the Arab Socialist Ba'ath Party - Syria Region was founded.
3. Calculate the difference between these two dates.

Step 1: According to the table, the Ba'ath Brigades were the paramilitary wing from 2012 to 2018.

Step 2: The table states that the party was founded on 7 April 1947.

Step 3: To calculate the time taken, we subtract the founding year from the start year of the Ba'ath Brigades:
   2012 - 1947 = 65 years

Therefore, the Ba'ath Brigades became the paramilitary wing 65 years after the party was founded.

Final Answer: 65 years",<num_years>
359,What year did Michael Schumacher win his first championship?,1994,f1,345,"To find out the year Michael Schumacher won his first championship, we need to look at the information provided about his Formula One World Championship career.

From the table:
- The row ""Championships"" lists the years when he won championships.
- The earliest year listed there is 1994.

Therefore, Michael Schumacher won his first championship in 1994.

Final Answer: 1994",yyyy
360,How many days elapsed between the first reported COVID-19 case and the first hospitalization?,14,disease,1205,"To find out how many days elapsed between the first reported COVID-19 case and the first hospitalization, we need to look at the dates provided for these events:

1. The first reported case was on October 1, 2020.
2. The earliest mention of hospitalized cases is ""At least one, by October 15"".

Therefore, from October 1 to October 15, there are 15 - 1 = 14 days.

Final Answer: 14 days",<num_days>
361,How many months after turning 28 did Kaiō Hiroyuki achieve Ōzeki?,2,sumo,145,"To find out how many months after turning 28 Kaiō Hiroyuki achieved Ōzeki, we need to follow these steps:

1. Calculate when Kaiō Hiroyuki turned 28.
2. Find out when he achieved Ōzeki.
3. Calculate the difference in months between these two dates.

Step 1: Calculate when Kaiō Hiroyuki turned 28.
- Born on July 24, 1972.
- Turned 28 years old on July 24, 2000 (1972 + 28 = 2000).

Step 2: Find out when he achieved Ōzeki.
- Achieved Ōzeki in September 2000.

Step 3: Calculate the difference in months between July 2000 and September 2000.
- From July to August is 1 month.
- Adding September makes it 2 months.

Therefore, Kaiō Hiroyuki achieved Ōzeki 2 months after turning 28.

Final Answer: 2 months",<num_months>
362,What is the current time in the Newfoundland Time Zone?,11:26 p.m.,time zone,35,"To find the current time in the Newfoundland Time Zone, we need to follow these steps:

1. Identify if the current date falls within Daylight Saving Time (DST) or Standard Time.
2. Check the provided information for the current time during both DST and Standard Time.
3. Determine which time applies based on the current date.

Step 1: The table indicates that DST is observed in the Newfoundland Time Zone. However, it does not specify when DST starts and ends.

Step 2: According to the table, the current time provided is:
- 08:25, 28 June 2022 NST (Standard New Foundland Time)
- 09:25, 28 June 2022 NDT (Newfoundland Daylight Saving Time)

Step 3: Since the question asks for the current time in December 2022, we can infer that Daylight Saving Time would not be in effect. Therefore, we should use the time given for Standard New Foundland Time (NST).

Final Answer: The current time in the Newfoundland Time Zone in December 2022 is 08:25 NST. Please note that the exact current time may have changed since the provided date of 28 June 2022, but the format and method to determine the time remains the same.",H:MM %p
363,How many months ago did COVID-19 arrive in Johor?,35,disease,1204,"To find out how many months ago COVID-19 arrived in Johor, we need to follow these steps:

1. Identify the arrival date of COVID-19 in Johor.
2. Calculate the time difference between the arrival date and the current date.
3. Convert the time difference into months.

Step 1: The arrival date of COVID-19 in Johor is given as 25 January 2020.

Step 2: The current date is assumed to be December 2022. To calculate the time difference:
- From January 2020 to December 2022 is a total of 36 months (2 years and 11 months).

Step 3: Since the question asks for the number of months from the arrival date up to now, we can directly use the calculated time difference in months.

Final Answer: 36 months",<num_months>
364,What is the difference in days between Black Friday in 2024 and 2022?,4,holiday,214,"To find the difference in days between Black Friday in 2024 and 2022, we need to follow these steps:

1. Identify the dates for Black Friday in both years from the table.
   - For 2022, the date is November 25.
   - For 2024, the date is November 29.

2. Calculate the number of days between these two dates.
   - Both dates fall within the same month (November), so we can directly subtract the smaller day number from the larger one.
   - 29 - 25 = 4

Therefore, the difference in days between Black Friday in 2024 and 2022 is 4 days.

Final Answer: 4 days",<num_days>
365,How many years did it take for the Citizen Revolution Movement to be registered after its founding?,6,political party,182,"To find out how many years it took for the Citizen Revolution Movement to be registered after its founding, we need to identify two key dates:

1. The founding date of the historical movement.
2. The registration date of the modern movement.

From the information provided:
1. Founding (historical): August 2021
2. Registration: 18 August 2016

However, there seems to be a contradiction here since the historical founding date (August 2021) is more recent than the registration date (August 2016). We should consider the modern founding date which is August 2021, but the registration happened before that in 2016. Therefore, we'll use the modern founding date for context and the registration date for calculation.

Let's calculate the time difference between August 2021 (when the modern movement was founded) and August 2016 (when it was registered):

- From August 2016 to August 2021 is exactly 5 years.

Therefore, it took 5 years from the modern founding to reach the registration date if we interpret the question as asking about the timeline from modern founding to registration.

But strictly speaking, the registration happened before the modern founding, so the actual time from registration to modern founding is 5 years. 

Final Answer: 5 years",<num_years>
366,How many years did it take for the HMS Astute to be ordered and then launched?,10,ship,1114,"To determine how many years it took for the HMS Astute to go from being ordered to being launched, we need to follow these steps:

1. Identify the date when the HMS Astute was ordered.
2. Identify the date when the HMS Astute was launched.
3. Calculate the difference between these two dates.

Step 1: The HMS Astute was ordered in March 1997.

Step 2: The HMS Astute was launched on 8 June 2007.

Step 3: Calculating the difference:
- From March 1997 to March 2007 is exactly 10 years.
- From March 2007 to June 2007 is 3 months.
- Therefore, the total time taken is 10 years and 3 months.

However, the question asks for the number of years, so we'll round this to the nearest whole year. Since 3 months is less than half a year, we round down to 10 years.

Final Answer: 10 years",<num_years>
367,How many years did it take from the founding of the party until it was formally registered?,6,political party,182,"To determine how many years it took for the Citizen Revolution Movement to be formally registered after its founding, we need to follow these steps:

1. Identify the founding date: The historical founding date is given as 2010, but the modern founding date is specified as August 2021.
2. Identify the registration date: The registration date is given as 18 August 2016.
3. Calculate the time difference between the founding and registration dates:
   - Using the modern founding date (August 2021): This option doesn't make sense because the registration happened in 2016, which is before 2021.
   - Therefore, we use the historical founding date (2010).
   
4. Calculate the difference in years between 2010 and 2016:
   - 2016 - 2010 = 6 years

Therefore, it took 6 years from the founding of the party until it was formally registered.

Final Answer: 6 years",<num_years>
368,How many years did it take Jenson Button to win his second championship?,9,f1,0,"To determine how many years it took Jenson Button to win his second championship, we need to identify both championships he won and calculate the time difference between them.

From the given information:
- First Formula One World Championship was in 2009.
- His first and only Super GT GT500 Championship was in 2018.

Since the question asks for the second championship and Jenson Button has only one Formula One World Championship and one Super GT GT500 Championship, his second championship would be his Super GT GT500 Championship in 2018.

Now, let's calculate the time difference between his first Formula One World Championship (2009) and his Super GT GT500 Championship (2018):
- 2018 - 2009 = 9 years

Final Answer: It took Jenson Button 9 years to win his second championship.",<num_years>
369,What year did Shohei Yamamoto begin playing for Mito Hollyhock?,2002,boxing,484,"The question asks for the year Shohei Yamamoto began playing for Mito HollyHock. From the table, we can see under the Senior career section that Mito HollyHock appears from 2002 to 2003. Therefore, the year he started playing for Mito HollyHock was 2002.

Final Answer: 2002",yyyy
370,How many years did it take the Saudi Arabian Armed Forces to assume their current form after their founding?,198,army,1122,"To determine how many years it took for the Saudi Arabian Armed Forces to assume their current form after their founding, we need to follow these steps:

1. Identify the founding year of the Saudi Arabian Armed Forces.
2. Identify the year when the Saudi Arabian Armed Forces assumed their current form.
3. Calculate the difference between these two years.

Step 1: The founding year of the Saudi Arabian Armed Forces is given as 1745.

Step 2: The current form of the Saudi Arabian Armed Forces was established in 1943.

Step 3: To calculate the number of years it took to reach the current form:
- Subtract the founding year from the year when the current form was established:
  1943 - 1745 = 198 years

Therefore, it took 198 years for the Saudi Arabian Armed Forces to assume their current form after their founding.

Final Answer: 198 years",<num_years>
371,"What is the difference of the rotation period between Mars and Earth in minutes, rounded to the nearest integer?",40,planet,1137,"To find the difference in rotation periods between Mars and Earth in minutes, we'll follow these steps:

1. Identify the rotation period for Mars.
2. Identify the rotation period for Earth.
3. Convert the rotation periods to minutes.
4. Calculate the difference.
5. Round the result to the nearest integer.

Step 1: The rotation period for Mars is given as:
1.02749125 days, which is 24 hours 39 minutes 36 seconds.

Step 2: The rotation period for Earth is approximately 24 hours or 1 day.

Step 3: Converting both rotation periods to minutes:
- Mars: 24 hours * 60 minutes/hour + 39 minutes + 36 seconds / 60 = 1439.6 minutes
- Earth: 24 hours * 60 minutes/hour = 1440 minutes

Step 4: Calculating the difference:
1440 - 1439.6 = 0.4 minutes

Step 5: Rounding 0.4 minutes to the nearest integer gives us 0.

Final Answer: The difference in rotation periods between Mars and Earth is 0 minutes when rounded to the nearest integer.",<num_minutes>
372,How many years did it take the Saudi Arabian Armed Forces to deploy personnel to Yemen after deploying to Bahrain?,4,army,1122,"To find out how many years it took for the Saudi Arabian Armed Forces to deploy personnel to Yemen after deploying to Bahrain, we need to follow these steps:

1. Identify the deployment date to Bahrain.
2. Identify the deployment date to Yemen.
3. Calculate the difference between these two dates.

Step 1: The deployment date to Bahrain is given as 14 March 2011.

Step 2: The deployment date to Yemen is given as 26 March 2015.

Step 3: To calculate the difference:
- From 14 March 2011 to 14 March 2015 is exactly 4 years.
- From 14 March 2015 to 26 March 2015 is 12 days.

Adding these together gives us a total of 4 years and 12 days.

Since the question asks for the number of years, we can say that it took approximately 4 years for the Saudi Arabian Armed Forces to deploy personnel to Yemen after deploying to Bahrain.

Final Answer: 4 years",<num_years>
373,How many years did it take to build HMS Somerset?,2,ship,224,"To determine how many years it took to build HMS Somerset, we need to identify the start and end dates of its construction process.

From the table:
- The ship was ""Ordered"" in January 1992.
- It was ""Laid down"" on 12 October 1992.
- It was ""Launched"" on 25 June 1994.
- It was ""Commissioned"" on 20 September 1996.

The actual building period starts when the ship was laid down and ends when it was launched. So we use these two dates to calculate the duration:

1. Start Date: 12 October 1992
2. End Date: 25 June 1994

Now let's calculate the time between these dates:
- From 12 October 1992 to 12 October 1993 is exactly one year.
- From 12 October 1993 to 25 June 1994 is about 8 months and 13 days.

Adding these together, we get approximately 1 year and 8 months. 

For simplicity and since specific days aren't crucial for this calculation, we can round this to about 1.75 years.

Final Answer: It took approximately 1.75 years to build HMS Somerset.",<num_years>
374,How many years did Jenson Button race?,17,f1,259,"To determine how many years Jenson Button raced, we need to look at his active years in Formula One and any other racing careers mentioned in the table.

1. First, let's examine his Formula One career:
   - Active years: 2000-2017
   - This indicates he started racing in Formula One in 2000 and ended in 2017.
   
2. Next, let's check for any other racing careers:
   - Super GT GT500 Championship career:
     - Debut season: 2017
     - Last entry: Not explicitly stated, but since he debuted in 2017 and had results listed, it's reasonable to assume he raced until at least the end of the 2017 season.

Since the primary racing career mentioned spans from 2000 to 2017, we calculate the total number of years by subtracting the start year from the end year and adding one (to include both the start and end years):

2017 - 2000 + 1 = 18 years

Therefore, Jenson Button raced for 18 years.

Final Answer: Jenson Button raced for 18 years.",<num_years>
375,How many years did Neo Hom support belligerents in the Insurgency in Laos?,26,proxy war,987,"To find out how many years Neo Hom supported belligerents in the Insurgency in Laos, we need to look at the information provided about Neo Hom's involvement and compare it with the overall timeline of the insurgency.

Step 1: Identify Neo Hom's involvement period.
The table states that Neo Hom supported belligerents from 1981 to 2007.

Step 2: Calculate the number of years Neo Hom was involved.
From 1981 to 2007, we can calculate the duration by subtracting the start year from the end year:
2007 - 1981 = 26 years

Therefore, Neo Hom supported belligerents in the Insurgency in Laos for 26 years.

Final Answer: 26 years",<num_years>
376,How many years did Pau Quemada play for Real Club de Polo?,2,hockey,41,"To find out how many years Pau Quemada played for Real Club de Polo, we need to look at his senior career timeline provided in the table.

1. The senior career section lists all the teams he has been associated with over the years.
2. We can see that he was with Real Club de Polo from 2009 to 2011.
3. To calculate the number of years he played there, we subtract the start year from the end year:
   2011 - 2009 = 2 years

Final Answer: Pau Quemada played for Real Club de Polo for 2 years.",<num_years>
377,How many years did Pau Quemada play in the senior division?,16,hockey,41,"To determine how many years Pau Quemada played in the senior division, we need to look at the ""Senior career"" section of the table.

Step 1: Identify the start and end years for each team.
- 0000-2005: Club Egara
- 2005-2006: Laren
- 2006-2009: Leuven
- 2009-2011: Real Club de Polo
- 2011-2016: Leuven
- 2016-2021: Club Egara
- 2021-present: Leuven

Step 2: Calculate the number of years for each stint.
- 0000-2005: 2005 - 0000 = 2005 years (Note: The starting year is listed as ""0000"", which seems unusual. For calculation purposes, we will treat it as 2000.)
- 2005-2006: 2006 - 2005 = 1 year
- 2006-2009: 2009 - 2006 = 3 years
- 2009-2011: 2011 - 2009 = 2 years
- 2011-2016: 2016 - 2011 = 5 years
- 2016-2021: 2021 - 2016 = 5 years
- 2021-present: As of December 2022, this is 2022 - 2021 = 1 year

Step 3: Sum up all the years.
Total years = 5 + 1 + 3 + 2 + 5 + 5 + 1 = 22 years

Therefore, Pau Quemada has played in the senior division for a total of 22 years.

Final Answer: Pau Quemada played in the senior division for 22 years.",<num_years>
378,How many years did Sachin Tendulkar play for the national side?,24,cricket,526,"To determine how many years Sachin Tendulkar played for the national side, we need to look at his international career timeline provided in the ""International information"" section of the table.

1. Identify the start of his international career:
   - Test debut: 15 November 1989 vs Pakistan
   - ODI debut: 18 December 1989 vs Pakistan

2. Identify the end of his international career:
   - Last Test: 14 November 2013 vs West Indies
   - Last ODI: 18 March 2012 vs Pakistan

3. Calculate the duration based on the last appearance (which is generally more inclusive):
   - From 15 November 1989 to 14 November 2013

Now, let's calculate the number of years:

- Start year: 1989
- End year: 2013

Subtracting the start year from the end year gives us:
2013 - 1989 = 24 years

However, since he started playing in November 1989 and ended in November 2013, we need to subtract one year because he didn't complete a full year in 1989.

Therefore, the total number of years he played for the national side is 24 - 1 = 23 years.

Final Answer: Sachin Tendulkar played for the national side for 23 years.",<num_years>
379,What is the difference of the synodic period between Mars and Earth in years?,1.135,planet,1137,"To find the difference in synodic periods between Mars and Earth in years, we first need to understand what a synodic period is and how it's measured for each planet. 

The synodic period of Mars is given directly in the table as 779.96 days, which is approximately 2.1354 years.

Earth's synodic period relative to another planet is the time interval between two successive conjunctions with that planet, as seen from the Sun. For Earth itself, however, the synodic period would be the same as its orbital period around the Sun, which is one year.

So, the synodic period for Earth is 1 year.

Now, to find the difference in synodic periods between Mars and Earth:
Difference = Synodic period of Mars - Synodic period of Earth
Difference = 2.1354 years - 1 year
Difference = 1.1354 years

Final Answer: The difference in the synodic period between Mars and Earth is 1.1354 years.",<num_years>
380,How many years did the Chadian Civil War last?,14,proxy war,974,"To determine how many years the Chadian Civil War lasted, we need to identify the start and end dates of the conflict.

From the table, we can see that the Chadian Civil War took place between:
- Date: 1 November 1965 - November 1979

Now, let's calculate the duration:

1. The war started on November 1, 1965.
2. It ended in November 1979 (the exact day isn't specified, but it ended sometime in that month).

To find out the number of years:
- From November 1965 to November 1979 is exactly 14 years.

Therefore, the Chadian Civil War lasted for 14 years.

Final Answer: The Chadian Civil War lasted for 14 years.",<num_years>
381,How many years did the civil war in Chad last?,14,proxy war,974,"To determine how many years the civil war in Chad lasted, we need to look at the dates provided for the conflict.

From the table, we can see that the Chadian Civil War (1965-1979) started on 1 November 1965 and ended in November 1979.

Now, let's calculate the duration:
- Start year: 1965
- End year: 1979

The number of years the civil war lasted can be calculated by subtracting the start year from the end year and adding one year because both the start and end years are part of the conflict period.

\[ \text{Duration} = 1979 - 1965 + 1 = 15 \]

Therefore, the Chadian Civil War lasted for 15 years.

Final Answer: The civil war in Chad lasted for 15 years.",<num_years>
382,How many years did the Defence Force last before its current form?,35,army,1118,"To find out how many years the Federal Defence Forces of Germany lasted before its current form, we need to:

1. Identify the founding date of the Federal Defence Forces of Germany.
2. Identify the date when it took its current form.
3. Calculate the difference between these two dates.

From the table:
- The Federal Defence Forces of Germany was founded on 12 November 1955.
- It took its current form on 3 October 1990.

Now let's calculate the difference:
- From 12 November 1955 to 3 October 1990 is 34 years and 10 months and 22 days.

However, the question asks for the number of years, so we can round down to the nearest whole year.

Therefore, the Federal Defence Forces of Germany lasted 34 years before taking its current form.

Final Answer: 34 years",<num_years>
383,"How many years did the First Lebanon War, starting in 1982, last?",3,army,1119,"To determine how long the First Lebanon War lasted, we need to identify its start and end dates from the information provided in the related articles section.

Step 1: Identify the start year of the First Lebanon War.
The table mentions that the First Lebanon War started in 1982.

Step 2: Identify the end year of the First Lebanon War.
Looking at the table again, we can see that the First Lebanon War is listed as ""(1982-1985)"".

Step 3: Calculate the duration of the war.
Subtract the start year from the end year:
1985 - 1982 = 3 years

Final Answer: The First Lebanon War lasted 3 years.",<num_years>
384,In what year did Singh win the most gold medals in international competition?,2001,hockey,486,"To determine the year Gagan Ajit Singh won the most gold medals in international competitions, we need to identify all the gold medals he has won and their respective years.

From the table, we can see that Gagan Ajit Singh has won gold medals in the following events:
1. Asia Cup in 2003 Kuala Lumpur.
2. Champions Challenge in 2001 Kuala Lumpur.
3. Junior World Cup in 2001 Hobart.

So, we have two years with one gold medal each (2003 and 2001), but 2001 stands out as it has two gold medals.

Final Answer: 2001",yyyy
385,How many years did the First Sudanese Civil War last?,16,proxy war,982,"The duration of the First Sudanese Civil War is given as 18 August 1955 to 27 March 1972. To determine how many years this period spans, we need to calculate the difference between these two dates.

From August 18, 1955, to August 18, 1972, is exactly 17 years. Since the end date is March 27, 1972, which is before August 18, 1972, we do not add another full year to the count. Therefore, the total duration is 17 years plus the time from March 27 to August 18, which is less than a full year.

However, the table already provides the exact duration as ""16 years, 7 months, 1 week and 2 days"". This confirms that the war lasted more than 16 but less than 17 full years.

Therefore, the First Sudanese Civil War lasted for 16 years when considering whole years.

Final Answer: The First Sudanese Civil War lasted for 16 years.",<num_years>
386,How many years did the Second Liberation Army exist?,8,proxy war,974,"The question asks for the duration of the Second Liberation Army's existence within the context of the Chadian Civil War (1965-1979).

From the provided information:
- The Second Liberation Army is listed under Belligerents for FROLINAT.
- Its time frame is explicitly stated as ""(1968-76)"".

To calculate how many years the Second Liberation Army existed:
1. Identify the start year: 1968.
2. Identify the end year: 1976.
3. Subtract the start year from the end year to find the duration: 1976 - 1968 = 8 years.

Final Answer: The Second Liberation Army existed for 8 years.",<num_years>
387,How many years did the Tonnerre sail before it was burned down?,1,ship,1110,"To find out how many years the Tonnerre sailed before it was burned down, we need to look at two specific dates from the information provided:

1. The commissioning date: 21 July 1808
2. The fate date: Burned and exploded 12 April 1809

Now, let's calculate the time between these two dates.

- From 21 July 1808 to 12 April 1809:
  - First, count the days remaining in July after 21 July: 10 days (from 22 July to 31 July).
  - Then, add all the days in August (31 days), September (30 days), October (31 days), November (30 days), and December (31 days).
  - Finally, add the days from January to April: 31 (January) + 29 (February, assuming it's not a leap year) + 31 (March) + 12 (April up to the 12th).

Let's sum these up:
- Days remaining in July: 10
- Days in August: 31
- Days in September: 30
- Days in October: 31
- Days in November: 30
- Days in December: 31
- Days in January: 31
- Days in February: 29
- Days in March: 31
- Days in April (up to 12): 12

Total = 10 + 31 + 30 + 31 + 30 + 31 + 31 + 29 + 31 + 12 = 276 days

Since there are approximately 365 days in a non-leap year, we can see that this period is less than one full year but more than 9 months.

Therefore, the Tonnerre sailed for less than a full year but more than 9 months before it was burned down. Given the exact dates, we can say it was slightly more than 9 months.

Final Answer: The Tonnerre sailed for slightly more than 9 months before it was burned down.",<num_years>
388,How many years did Tochiazuma Daisuke wrestle?,13,sumo,169,"To determine how many years Tochiazuma Daisuke wrestled, we need to look at his debut and retirement dates.

1. From the table, we see that Tochiazuma Daisuke's debut was in November, 1994.
2. The table also indicates he retired in May, 2007.
3. To calculate the number of years he wrestled, we subtract the debut year from the retirement year:
   - 2007 - 1994 = 13 years.
4. Since he debuted in November 1994 and retired in May 2007, he wrestled parts of both the start month of his career and the end month of his career. However, since we're calculating full years of wrestling, we don't need to adjust for partial years at the beginning or end.

Therefore, Tochiazuma Daisuke wrestled for 13 years.

Final Answer: 13 years",<num_years>
389,How many years did Viv Richards play for the West Indies?,17,cricket,57,"To determine how many years Viv Richards played for the West Indies, we need to look at his international career span provided in the ""International information"" section of the table.

1. Find the start year of his Test debut:
   - Test debut (cap 151): 22 November 1974 v India

2. Find the end year of his last Test match:
   - Last Test: 8 August 1991 v England

3. Calculate the duration:
   - From 1974 to 1991 inclusive means we count both the starting year and ending year.
   - 1991 - 1974 = 17 years
   - Since both years are included, we don't subtract one year.

Therefore, Viv Richards played for the West Indies for 17 years.

Final Answer: 17 years",<num_years>
390,How many years elapsed between Merckx's first General Classification win and his last Combination Classification win at the Tour de France?,5,cycling,635,"First, we need to find the years of Merckx's first General Classification win and his last Combination Classification win at the Tour de France.

From the table:
- The first General Classification win for Tour de France was in 1969.
- The last Combination Classification win for Tour de France was in 1975.

Now, we calculate the number of years between these two events:
1975 (last Combination Classification win) - 1969 (first General Classification win) = 6 years

However, this calculation includes both the start year (1969) and the end year (1975). To find the number of years that elapsed between these two events, we subtract one from the result:

6 years - 1 = 5 years

Final Answer: 5 years",<num_years>
391,How many years elapsed between the laying down and the launching of the Tonnerre?,14,ship,1110,"To find out how many years elapsed between the laying down and the launching of the Tonnerre, we need to look at the dates provided for these events in the table:

- Laid down: 22 September 1794
- Launched: 9 June 1808

Step 1: Identify the start year and end year.
Start year: 1794
End year: 1808

Step 2: Calculate the difference in years.
1808 - 1794 = 14 years

However, we also need to consider the specific months and days to ensure that we're not counting a partial year. 

Step 3: Compare the months and days.
The ship was laid down on September 22, 1794, and launched on June 9, 1808. Since the launch date occurs before the anniversary date of when it was laid down, we need to subtract one year from our initial calculation.

Therefore, the actual number of years elapsed is:
14 years - 1 year = 13 years

Final Answer: 13 years",<num_years>
392,How many years elapsed from when Dhanraj Pillay won his first medal in Kuala Lumpur to his last in Kuala Lumpur?,4,hockey,485,"First, we need to identify the medals won in Kuala Lumpur:
- Gold medal in Champions Challenge in 2001 Kuala Lumpur
- Bronze medal in Asia Cup in 1999 Kuala Lumpur

Next, we determine the years of these events:
- First medal in Kuala Lumpur: 1999 (Bronze medal in Asia Cup)
- Last medal in Kuala Lumpur: 2001 (Gold medal in Champions Challenge)

Now, we calculate the number of years between these two events:
2001 - 1999 = 2 years

However, since we're looking for the number of years that elapsed, we include both the starting year (1999) and the ending year (2001), which means there were 2 years in total.

Final Answer: 2 years",<num_years>
393,How many years had Adal been known as Birlik before it changed its name in 2020?,7,political party,932,"To determine how many years Adal was known as Birlik before changing its name to Adal in 2020, we need to look at two key pieces of information from the table:

1. The date when Adal was originally founded under the name Birlik.
2. The date when Adal officially changed its name to Adal.

From the table:
- Founded: 26 April 2013 (as Birlik)
- Name change to Adal: 5 November 2020

Now, let's calculate the time difference between these two dates:
- From 26 April 2013 to 5 November 2020 is approximately 7 years and 6 months.

Therefore, Adal was known as Birlik for about 7 years and 6 months before changing its name to Adal in 2020.

Final Answer: Adal had been known as Birlik for about 7 years and 6 months before it changed its name in 2020.",<num_years>
394,How many years had it been since the creation of the Israel Defense Forces before the Sinai War?,8,army,1119,"To determine how many years had passed since the creation of the Israel Defense Forces (IDF) before the Sinai War, we need to follow these steps:

1. Identify the founding year of the IDF.
2. Identify the start year of the Sinai War.
3. Subtract the founding year from the start year of the Sinai War.

Step 1: The IDF was founded on 26 May 1948.

Step 2: The Sinai War began in 1956.

Step 3: Calculate the difference between the two years:
1956 - 1948 = 8 years

Therefore, Final Answer: It had been 8 years since the creation of the IDF before the Sinai War.",<num_years>
395,How many years had the Chadian Civil War been ongoing when Félix Malloum was overthrown in 1979?,14,proxy war,974,"The Chadian Civil War began on 1 November 1965 and ended in November 1979. Félix Malloum was overthrown in 1979.

To find out how many years the war had been going on when Félix Malloum was overthrown in 1979, we need to calculate the difference between the start year (1965) and the year of his overthrow (1979).

1979 - 1965 = 14 years

Final Answer: The Chadian Civil War had been ongoing for 14 years when Félix Malloum was overthrown in 1979.",<num_years>
396,How many years had the Chadian Civil War been ongoing when François Tombalbaye was overthrown and killed in 1975?,10,proxy war,974,"To determine how many years the Chadian Civil War had been ongoing when François Tombalbaye was overthrown and killed in 1975, we need to follow these steps:

1. Identify the start date of the Chadian Civil War.
2. Calculate the number of years between the start date and the year 1975.

Step 1: From the information provided in the table:
- The Chadian Civil War began on 1 November 1965.

Step 2: Calculate the duration:
- Start date: 1 November 1965
- End date for our calculation: 1975

The difference between these two dates is 1975 - 1965 = 10 years.

Therefore, the Chadian Civil War had been ongoing for 10 years when François Tombalbaye was overthrown and killed in 1975.

Final Answer: 10 years",<num_years>
397,How many years had the New Order been fighting when the National Vanguard joined?,3,proxy war,1020,"To determine how many years the New Order had been fighting when the National Vanguard joined, we need to identify the start year for both organizations and calculate the difference between those years.

1. From the information provided:
   - New Order (Flag of Ordine Nuovo.svg): Active period was 1957-1973.
   - National Vanguard (Flag of National Vanguard.svg): Active period was 1960-1976.

2. We can see that the New Order began its activities in 1957.

3. The National Vanguard started its activities in 1960.

4. To find out how long the New Order had been active before the National Vanguard joined, subtract the start year of the National Vanguard from the start year of the New Order:
   - Duration = 1960 - 1957 = 3 years

Therefore, the New Order had been fighting for 3 years when the National Vanguard joined.

Final Answer: 3 years",<num_years>
398,How many years has HMS Astute been in service in the UK Navy?,8,ship,1114,"To determine how many years HMS Astute has been in service in the UK Navy, we need to follow these steps:

1. Identify the start date of service for HMS Astute.
2. Calculate the time elapsed from that date until now (December 2022).

Step 1: The table indicates that HMS Astute entered service (""In service"") in May 2014.

Step 2: We need to calculate the number of years between May 2014 and December 2022:
- From May 2014 to December 2022 is 8 full years plus some additional months.
- Since the question asks for the number of years and not months, we count the complete years.

Final Answer: HMS Astute has been in service for 8 years in the UK Navy as of December 2022.",<num_years>
399,How many years has HMS Astute been in service with the UK Navy?,26,ship,224,"First, let's identify any issues with the question based on the information provided in the table.

The question asks about HMS Astute, but the table contains details about HMS Somerset. There seems to be a mismatch between the ship mentioned in the question and the ship described in the table.

Since the question cannot be answered accurately with the given data, we need to clarify this discrepancy before proceeding.

However, if we were to answer a similar question about HMS Somerset, we would follow these steps:

1. Identify the commission date from the table: HMS Somerset was commissioned on 20 September 1996.
2. Determine the current date: The problem statement suggests the current date is December 2022.
3. Calculate the time in service: From September 1996 to December 2022.

But since the question specifically asks about HMS Astute, which is not detailed in this table, we cannot provide an accurate answer without the correct information.

Final Answer: The question cannot be answered accurately with the given information because it refers to HMS Astute, while the table provides details about HMS Somerset.",<num_years>
400,How many years has it been since Paul Coll last received a bronze medal in any competition?,4,squash,109,"To determine how many years have passed since Paul Coll last received a bronze medal in any competition, we need to identify his most recent bronze medal and calculate the difference between that year and the current year (December 2022).

Looking at the World Championships section:
- Bronze medal - third place | 2020-2021 Chicago | Singles

And the World Doubles Championships section:
- Bronze medal - third place | 2016 Darwin | Doubles
- Bronze medal - third place | 2017 Manchester | Doubles

And the Commonwealth Games section:
- Bronze medal - third place | 2018 Gold Coast | Mixed doubles

The most recent bronze medals occurred in 2020-2021 for the World Championships and in 2018 for the Commonwealth Games. The most recent of these is from 2020-2021, which we can consider as happening in late 2020 or early 2021.

From 2021 to 2022 is 1 year.

Final Answer: It has been 1 year since Paul Coll last received a bronze medal in any competition as of December 2022.",<num_years>
401,How many years has it been since the First Sudanese Civil War began?,67,proxy war,982,"The First Sudanese Civil War started on 18 August 1955. The current date is given as December 2022. 

To calculate the number of years that have passed since the start of the war:
1. Determine the difference in years between 1955 and 2022.
   2022 - 1955 = 67 years.

Since we're asked for the number of years since the war began, and we're currently in December 2022 (after August), we don't need to subtract any partial year.

Final Answer: 67 years",<num_years>
402,How many years has it been since the Insurgency in Laos?,47,proxy war,987,"To determine how many years have passed since the Insurgency in Laos began, we need to follow these steps:

1. Identify the start date of the insurgency from the table.
2. Calculate the number of years from that start date to the current date (December 2022).

Step 1: From the table, the start date of the insurgency is given as ""2 December 1975"".

Step 2: Calculating the number of years:
- The current year is 2022.
- Subtract the start year from the current year: 2022 - 1975 = 47 years.

Since the insurgency is ongoing, we do not subtract another year for the current year not being fully completed yet.

Final Answer: It has been 47 years since the Insurgency in Laos started.",<num_years>
403,How many years has Pau Quemada been playing in his senior career?,17,hockey,41,"To find out how long Pau Quemada has been playing in his senior career, we need to look at the timeline of his senior career from the given table.

The senior career starts in the year 2000 when he joined Club Egara and continues up until the present time according to the table. 

Let's calculate the duration for each segment of his senior career:
- From 2000 to 2005: 2005 - 2000 = 5 years
- From 2005 to 2006: 2006 - 2005 = 1 year
- From 2006 to 2009: 2009 - 2006 = 3 years
- From 2009 to 2011: 2011 - 2009 = 2 years
- From 2011 to 2016: 2016 - 2011 = 5 years
- From 2016 to 2021: 2021 - 2016 = 5 years
- From 2021 to the present: As of December 2022, it's approximately 1 year (since the table indicates ""present"" and we're assuming the current date is December 2022).

Now let's sum these durations:
5 + 1 + 3 + 2 + 5 + 5 + 1 = 22 years

Therefore, Pau Quemada has been playing in his senior career for 22 years.

Final Answer: 22 years",<num_years>
404,How many years has the Australian Defence Force been in its current form?,46,army,1116,"To find out how many years the Australian Defence Force has been in its current form, we need to follow these steps:

1. Identify the date when the Australian Defence Force took its current form.
2. Calculate the number of years from that date to the current date (December 2022).

Step 1: From the table, under ""Current form,"" we see that the Australian Defence Force took its current form on 9 February 1976.

Step 2: Now, let's calculate the number of years from 9 February 1976 to December 2022.
- From 9 February 1976 to 9 February 2022 is exactly 46 years.
- Since it's now December 2022, we have already passed the 46-year mark this year.

Therefore, the Australian Defence Force has been in its current form for more than 46 years but less than 47 years as of December 2022.

Final Answer: The Australian Defence Force has been in its current form for 46 years as of December 2022.",<num_years>
405,How many years have passed since the First Sudanese Civil War ended?,50,proxy war,982,"The First Sudanese Civil War ended on 27 March 1972. As of now, we're in December 2022.

To calculate how many years have passed:
1. From March 1972 to December 1972: 9 months.
2. From January 1973 to December 2022: 50 years.

So, the total time that has passed since the end of the First Sudanese Civil War is 50 years and 9 months.

However, the question asks for the number of years. Since 9 months is less than a full year, we can say it's approximately 50 years.

Final Answer: 50 years",<num_years>
406,How many years into his career did Tochiazuma Daisuke achieve his highest rank?,8,sumo,169,"To determine how many years into his career Tochiazuma Daisuke achieved his highest rank, we need to follow these steps:

1. Identify Tochiazuma Daisuke's debut year.
2. Identify when he achieved his highest rank.
3. Calculate the difference between these two dates.

Step 1: From the ""Career"" section of the table, we see that Tochiazuma Daisuke's debut was in November, 1994.

Step 2: The highest rank achieved is listed as Ōzeki, which occurred in January, 2002.

Step 3: We calculate the number of years between these two dates:
From November 1994 to December 1994 is less than a year.
From January 1995 to December 2001 is 7 full years.
Adding the partial year from January 2002 gives us 7 years and 0 months, or simply 7 years.

Therefore, Tochiazuma Daisuke achieved his highest rank 7 years into his career.

Final Answer: 7 years",<num_years>
407,How many years is one eligible for enlistment in the Japan Self-Defense Forces?,14,army,1120,"The information provided states that the military age for enlistment eligibility in the Japan Self-Defense Forces is from 18 to 32.

To determine how many years one is eligible for enlistment:
1. Identify the start age: 18 years old.
2. Identify the end age: 32 years old.
3. Calculate the difference between these ages: 32 - 18 = 14 years.

Therefore, one is eligible for enlistment for 14 years.

Final Answer: One is eligible for enlistment in the Japan Self-Defense Forces for 14 years.",<num_years>
408,How many years longer did the People's Front national affiliation last than the Cominform international affiliation?,8,political party,185,"First, let's identify the duration of each affiliation from the information provided:

1. **People's Front National Affiliation**:
   - Started: 1944
   - Ended: 1953
   - Duration: 1953 - 1944 = 9 years

2. **Cominform International Affiliation**:
   - Started: 1947
   - Ended: 1948
   - Duration: 1948 - 1947 = 1 year

Now, we calculate the difference between these durations:
- Difference: 9 years - 1 year = 8 years

Therefore, the People's Front national affiliation lasted 8 years longer than the Cominform international affiliation.

Final Answer: The People's Front national affiliation lasted 8 years longer than the Cominform international affiliation.",<num_years>
409,How many years longer has the Arab Socialist Ba'ath Party existed than its paramilitary wing?,69,political party,183,"To find out how many years longer the Arab Socialist Ba'ath Party has existed compared to its paramilitary wing, we need to follow these steps:

1. Determine the founding year of the Arab Socialist Ba'ath Party.
2. Determine the establishment year of the paramilitary wing.
3. Calculate the difference between these two dates.

Step 1: The table indicates that the Arab Socialist Ba'ath Party was founded on 7 April 1947.

Step 2: According to the information provided, the paramilitary wing, called the Ba'ath Brigades, was active from 2012 to 2018.

Step 3: We calculate the difference between the founding year of the party (1947) and the start year of the paramilitary wing (2012).

The calculation is:
2012 - 1947 = 65 years

Therefore, the Arab Socialist Ba'ath Party existed for 65 years longer than its paramilitary wing.

Final Answer: 65 years",<num_years>
410,How many years longer was GUNT part of the Pro-Libyan Chadian faction than Codos?,4,proxy war,975,"To find out how many years longer GUNT was part of the Pro-Libyan Chadian faction compared to Codos, we need to determine the duration each group was associated with this faction based on the information provided in the table.

1. **GUNT's involvement with the Pro-Libyan Chadian faction**:
   - According to the table, GUNT was part of the Pro-Libyan Chadian factions from 1979 to 1986.

2. **Codos' involvement with the Pro-Libyan Chadian faction**:
   - The table indicates that Codos was involved with the Pro-Libyan Chadian factions from 1983 to 1986.

Now, let's calculate the duration for each group:

- **Duration of GUNT's involvement**: 
  - Start year: 1979
  - End year: 1986
  - Duration = 1986 - 1979 = 7 years

- **Duration of Codos' involvement**:
  - Start year: 1983
  - End year: 1986
  - Duration = 1986 - 1983 = 3 years

Finally, we need to find the difference between these durations:

- Difference in duration: 7 years (GUNT) - 3 years (Codos) = 4 years

Thus, GUNT was part of the Pro-Libyan Chadian faction for 4 years longer than Codos.

Final Answer: GUNT was part of the Pro-Libyan Chadian faction for 4 years longer than Codos.",<num_years>
411,What year did Brian Lara join Team Transvaal?,1992,cricket,528,"To find out when Brian Lara joined Team Transvaal, let's follow these steps:

1. Look for any mention of Transvaal in the given information.
2. Identify the specific section that lists teams he played for.
3. Find the entry related to Transvaal and note the year(s).

Step 1: Scanning through the text, we see Transvaal mentioned under ""Domestic team information"".

Step 2: The ""Domestic team information"" section appears to list the years and teams Brian Lara played for.

Step 3: Under this section, we can see:
1992-1993	Transvaal

This indicates that Brian Lara played for Transvaal from 1992 to 1993.

Therefore, based on the provided information, Brian Lara joined Team Transvaal in 1992.

Final Answer: 1992",yyyy
412,How many years longer was Katanga a belligerent than Kwilu and Simba rebels?,2,proxy war,978,"To determine how many years longer Katanga was a belligerent compared to the Kwilu and Simba rebels, we need to identify their respective time periods as belligerents.

From the table:
- **Katanga** was involved from 1960 to 1962.
- **Kwilu and Simba rebels** were involved from 1964 to 1965.

Now let's calculate the duration for each:
- **Katanga**: 1962 - 1960 = 2 years
- **Kwilu and Simba rebels**: 1965 - 1964 = 1 year

Subtracting the shorter period from the longer one gives us:
- Difference: 2 years (Katanga) - 1 year (Kwilu and Simba rebels) = 1 year

Therefore, Katanga was a belligerent for 1 year longer than the Kwilu and Simba rebels.

Final Answer: 1 year",<num_years>
413,How many years longer was Neo Hom a belligerent than the Party of Democratic Kampuchea?,17,proxy war,987,"To find out how many years longer Neo Hom was a belligerent compared to the Party of Democratic Kampuchea, we need to identify their start and end dates as belligerents.

From the provided information:
- Neo Hom was active from 1981 to 2007.
- The Party of Democratic Kampuchea was active from 1981 to 1990.

Now let's calculate the duration each was active:
- Duration of Neo Hom: 2007 - 1981 = 26 years
- Duration of the Party of Democratic Kampuchea: 1990 - 1981 = 9 years

Finally, subtract the shorter duration from the longer one:
- Difference: 26 years - 9 years = 17 years

Final Answer: Neo Hom was a belligerent for 17 years longer than the Party of Democratic Kampuchea.",<num_years>
414,How many years longer was the command of Abdul Salam Arif than Abdul Rahman Arif's?,1,proxy war,981,"To determine how many years longer Abdul Salam Arif commanded compared to Abdul Rahman Arif, we need to follow these steps:

1. Identify the period each individual served.
2. Calculate the duration of each command.
3. Subtract the shorter duration from the longer one.

Step 1: Identifying the periods:
- Abdul Salam Arif: 1963-1966
- Abdul Rahman Arif: 1966-1968

Step 2: Calculating the durations:
- Abdul Salam Arif: 1966 - 1963 = 3 years
- Abdul Rahman Arif: 1968 - 1966 = 2 years

Step 3: Subtracting the shorter duration from the longer one:
3 years - 2 years = 1 year

Therefore, Abdul Salam Arif's command was 1 year longer than Abdul Rahman Arif's.

Final Answer: Abdul Salam Arif's command was 1 year longer than Abdul Rahman Arif's.",<num_years>
415,How many years longer were the Red Brigades belligerents than the Workers' Autonomy?,12,proxy war,1020,"To determine how many more years the Red Brigades were active compared to Workers' Autonomy, we need to identify their respective operational periods from the information provided in the table.

From the ""Belligerents"" section:
- The Red Brigades (BR) operated from 1970 to 1988.
- Workers' Autonomy operated from 1973 to 1979.

Now let's calculate the duration of each group's operation:
- Duration of Red Brigades: 1988 - 1970 = 18 years
- Duration of Workers' Autonomy: 1979 - 1973 = 6 years

Finally, we subtract the duration of Workers' Autonomy from that of the Red Brigades to find the difference:
18 years (Red Brigades) - 6 years (Workers' Autonomy) = 12 years

Final Answer: The Red Brigades were active for 12 years longer than Workers' Autonomy.",<num_years>
416,How many years must you wait from the earliest you can serve to being eligible for special forces?,2,army,1116,"To determine how many years one must wait from the earliest they can serve to being eligible for special forces deployment, we need to extract the relevant ages from the information provided:

1. The earliest one can serve in the military: 17 years
2. The age required for special forces deployment: 19 years

Now, we calculate the difference between these two ages:
\[ \text{Difference} = \text{Age for special forces deployment} - \text{Earliest age to serve} \]
\[ \text{Difference} = 19 - 17 \]

This gives us:
\[ \text{Difference} = 2 \]

Therefore, the number of years one must wait from the earliest they can serve to being eligible for special forces deployment is 2 years.

Final Answer: 2 years",<num_years>
417,How many years old is the Ba'ath Party?,75,political party,183,"To determine how many years old the Ba'ath Party is, we need to look at the founding date provided in the table.

1. The founding date given for the Arab Socialist Ba'ath Party - Syria Region is 7 April 1947.
2. We now need to calculate the difference between this date and the current year, which is 2022.

Calculation:
Current Year (2022) - Founding Year (1947) = Age of the Party

2022 - 1947 = 75 years

Therefore, the Ba'ath Party is 75 years old.

Final Answer: 75 years old",<num_years>
418,How many years old was the Communist Party of the Soviet Union when it became affiliated with Comintern?,1,political party,933,"To find out how many years old the Communist Party of the Soviet Union (CPSU) was when it became affiliated with Comintern, we need to follow these steps:

1. Identify the founding year of the CPSU.
2. Identify the year the CPSU became affiliated with Comintern.
3. Subtract the founding year from the affiliation year.

Step 1: The CPSU was founded on 8 March 1918.

Step 2: The CPSU became affiliated with Comintern in 1919.

Step 3: Subtract the founding year from the affiliation year:
1919 - 1918 = 1 year

Therefore, the CPSU was 1 year old when it became affiliated with Comintern.

Final Answer: 1 year",<num_years>
419,How many years old was the Communist Party of the Soviet Union when it had over 19 million members?,71,political party,933,"To determine how many years old the Communist Party of the Soviet Union (CPSU) was when it had over 19 million members, we need to follow these steps:

1. Identify the date when the CPSU had over 19 million members.
2. Identify the founding date of the CPSU.
3. Calculate the difference between these two dates.

Step 1: The membership figure given is ""19,487,822 (early 1989 | estimation | )"". So, we can use early 1989 as the relevant date for this membership count.

Step 2: The CPSU was founded on 8 March 1918.

Step 3: Calculate the difference between early 1989 and 8 March 1918:
- From 8 March 1918 to 8 March 1989 is 71 years.
- Since we're considering ""early 1989"", which would be before 8 March 1989, the CPSU would have been slightly less than 71 years old when it reached over 19 million members, but for simplicity and since the exact date within 1989 isn't specified, we'll consider it 71 years.

Therefore, the CPSU was approximately 71 years old when it had over 19 million members.

Final Answer: 71 years",<num_years>
420,What year did Eddy Merckx win his first gold at the World Championships?,1964,cycling,635,"To find out when Eddy Merckx won his first gold at the World Championships, we need to look at the World Championships section of the provided information.

The World Championships list shows:
1. Gold medal - first place | 1964 Sallanches | Amateurs' road race
2. Gold medal - first place | 1967 Heerlen | Professional road race
3. Gold medal - first place | 1971 Mendrisio | Professional road race
4. Gold medal - first place | 1974 Montréal | Professional road race

Among these entries, the earliest gold medal win for Eddy Merckx was in 1964 during the amateurs' road race category.

Final Answer: 1964",yyyy
421,How many years old was the Communist Party of the Soviet Union when it stopped being affiliated with Cominform?,38,political party,933,"To find out how many years old the Communist Party of the Soviet Union was when it stopped being affiliated with Cominform, we need to follow these steps:

1. Identify the founding year of the Communist Party of the Soviet Union.
2. Identify the year the party stopped being affiliated with Cominform.
3. Subtract the founding year from the year it stopped being affiliated with Cominform.

Step 1: The founding year of the Communist Party of the Soviet Union is given as 8 March 1918.

Step 2: According to the information provided, the Communist Party of the Soviet Union stopped being affiliated with Cominform on 1956 (Cominform (1947-1956)).

Step 3: To calculate the age of the party at that point:
1956 - 1918 = 38 years

Final Answer: The Communist Party of the Soviet Union was 38 years old when it stopped being affiliated with Cominform.",<num_years>
422,What year did Eddy Merckx go professional?,1965,cycling,635,"To determine the year Eddy Merckx went professional, we need to look at his career timeline provided in the table.

1. Under ""Amateur team,"" it lists ""1961-1964 Evere Kerkhoek Sportif.""
2. Moving on to ""Professional teams,"" the earliest entry is for 1965 with ""Solo-Superia.""

Therefore, Eddy Merckx transitioned from amateur to professional cycling in 1965.

Final Answer: Eddy Merckx went professional in 1965.",yyyy
423,How many years older is the highest military age compared to the youngest in the Republic of Korea Armed Forces?,10,army,1121,"The military age range for conscription in the Republic of Korea Armed Forces is given as 18-28 years of age.

To find out how many years older the highest military age is compared to the lowest, we simply subtract the lower bound from the upper bound:

28 - 18 = 10

Therefore, the highest military age is 10 years older than the lowest.

Final Answer: The highest military age is 10 years older than the lowest in the Republic of Korea Armed Forces.",<num_years>
424,How many years passed between Riccardo Gabriele Patrese's first and last entries?,16,f1,261,"To determine how many years passed between Riccardo Gabriele Patrese's first and last entries, we need to identify the dates of his first and last entries and then calculate the difference.

From the information provided:
- First entry: 1977 Monaco Grand Prix
- Last entry: 1993 Australian Grand Prix

Step 1: Identify the year of the first entry.
The first entry occurred in 1977.

Step 2: Identify the year of the last entry.
The last entry occurred in 1993.

Step 3: Calculate the difference between these two years.
1993 - 1977 = 16 years

Therefore, the number of years that passed between Riccardo Gabriele Patrese's first and last entries is 16 years.

Final Answer: 16 years",<num_years>
425,What year did Jacques Anquetil begin riding professionally?,1953,cycling,636,"To determine when Jacques Anquetil began his professional cycling career, we should look for the earliest entry under the ""Professional teams"" section of the table.

The ""Professional teams"" section lists Jacques Anquetil's teams from 1953 to 1969. The first entry shows he rode for La Perle from 1953 to 1955.

Therefore, Jacques Anquetil began riding professionally in 1953.

Final Answer: Jacques Anquetil began riding professionally in 1953.",yyyy
426,How many years passed between Riccardo Gabriele Patrese's first and last wins?,10,f1,261,"To find out how many years passed between Riccardo Gabriele Patrese's first and last wins, we need to identify the dates of his first and last wins from the information provided in the table.

From the table:
- First win: 1982 Monaco Grand Prix
- Last win: 1992 Japanese Grand Prix

Now, let's calculate the difference in years between these two events:
- Last win year: 1992
- First win year: 1982

Subtract the first win year from the last win year:
1992 - 1982 = 10 years

Therefore, the number of years that passed between Riccardo Gabriele Patrese's first and last wins is 10 years.

Final Answer: 10 years",<num_years>
427,How many years passed between Richard's ODI debut and his last year playing for Somerset?,11,cricket,57,"To find out how many years passed between Richard's ODI debut and his last year playing for Somerset, we need to follow these steps:

1. Identify the year of Richard's ODI debut.
2. Identify the last year Richard played for Somerset.
3. Calculate the difference between these two years.

Step 1: From the ""International information"" section, we can see that Richard's ODI debut was on 7 June 1975.

Step 2: From the ""Domestic team information"" section, we see that Richard played for Somerset from 1974 to 1986.

Step 3: To calculate the number of years that passed:
- Start year: 1975 (ODI debut year)
- End year: 1986 (last year playing for Somerset)

1986 - 1975 = 11 years

However, since the question asks about the ""last year playing for Somerset,"" we should consider whether he actually played for Somerset in 1986 or if it was just listed as the end year of his tenure there. Given no specific mention that he didn't play in 1986, we'll count this year.

Final Answer: 11 years",<num_years>
428,How many years passed between Sebastian Vettel's first and last entries?,15,f1,262,"To find out how many years passed between Sebastian Vettel's first and last entries, we need to identify the dates of his first and last entries and calculate the difference.

1. First entry: The table states that the first entry was on the 2007 United States Grand Prix.
2. Last entry: According to the table, the last entry was on the 2022 Canadian Grand Prix.

Now, we can calculate the difference in years:
- Last entry year: 2022
- First entry year: 2007

Subtracting the first entry year from the last entry year gives us:
2022 - 2007 = 15 years

Therefore, the number of years that passed between Sebastian Vettel's first and last entries is 15.

Final Answer: 15 years",<num_years>
429,How many years passed between the HMS Montrose being ordered and commissioned?,6,ship,222,"To find out how many years passed between the HMS Montrose being ordered and commissioned, we need to look at the dates provided for these events in the table.

1. The ship was ordered in July 1988.
2. The ship was commissioned on 2 June 1994.

Now, let's calculate the difference in years:

- From July 1988 to June 1994 is exactly 5 years and 11 months.
- Since we are asked for the number of years, we can consider this as approximately 6 years (since it's more than 5 years and less than 7 years, rounding to the nearest whole year gives us 6).

Therefore, the number of years that passed between the HMS Montrose being ordered and commissioned is approximately 6 years.

Final Answer: 6 years",<num_years>
430,What year did Roger De Vlaeminck win the gold medal at the World Championships?,1975,cycling,637,"First, we need to locate the relevant information in the table about Roger De Vlaeminck's achievements in the World Championships.

Looking at the ""World Championships"" section under ""Men's cyclo-cross"", we see:

['Silver medal - second place | 1975 Yvoir | Elite road race']

This indicates that Roger De Vlaeminck won a silver medal in 1975, not a gold medal.

Since there is no mention of a gold medal in any other part of the table, we can conclude that Roger De Vlaeminck never won a gold medal at the World Championships according to this information.

Final Answer: Roger De Vlaeminck did not win a gold medal at the World Championships.",yyyy
431,How many years passed between the laying down and the launch of the Tonnerre?,14,ship,1110,"To find out how many years passed between the laying down and the launch of the Tonnerre, we need to identify these two dates from the information provided in the table:

- Laid down: 22 September 1794
- Launched: 9 June 1808

Next, we calculate the difference between these two dates:

1. From 22 September 1794 to 22 September 1808 is exactly 14 years.
2. Now we need to account for the remaining days:
   - From 22 September 1808 to 9 June 1809 is about 8 months and 17 days.

Since we're asked for the number of years, we can approximate this period as less than a full year but more than 8 months. For simplicity, we consider it as part of the next year since the exact number of days isn't critical for determining the number of completed years.

Therefore, the total time span is approximately 14 years plus nearly one year, which rounds up to 15 years.

Final Answer: 15 years",<num_years>
432,How many years passed from the ordering to the launching of HMS Montrose?,4,ship,222,"To find out how many years passed from the ordering to the launching of HMS Montrose, we need to identify the dates of these two events and calculate the difference between them.

From the table:
- Ordered: July 1988
- Launched: 31 July 1992

Now, let's calculate the difference:
- From July 1988 to July 1992 is exactly 4 years.
- Since the launching occurred on 31 July 1992, which is later than the ordering date in the same month but different year, it means that 4 full years have passed plus a few days in July.

For the purpose of this question, we're looking for the number of complete years that have passed, so we don't need to account for those extra days.

Final Answer: 4 years",<num_years>
433,How many years separate Pau Quemada's start at Leuven from the beginning of his current team membership?,15,hockey,41,"First, we need to identify the first time Pau Quemada joined Leuven and when he rejoined the club most recently.

From the ""Senior career"" section:
- First period at Leuven: 2006-2009
- Second period at Leuven: 2011-2016
- Current period at Leuven: 2021-present

The question asks about the years separating his first stint at Leuven from his current one.

His first stint started in 2006.
His current stint began in 2021.

To calculate the number of years between these two periods:
2021 - 2006 = 15 years

Therefore, the answer is 15 years.

Final Answer: 15 years",<num_years>
434,In which year did Roger De Vlaeminck win a silver medal in the World Championships?,1975,cycling,637,"The question asks for the specific year when Roger De Vlaeminck won a silver medal in the World Championships.

From the table, we can find this information under the ""World Championships"" section:

['Silver medal - second place | 1975 Yvoir | Elite road race']

This entry tells us that Roger De Vlaeminck received a silver medal in the Elite road race category at the World Championships held in Yvoir in 1975.

Final Answer: Roger De Vlaeminck won a silver medal in the World Championships in 1975.",yyyy
435,How many years separate Sean Kelly's first and last World Championship appearances?,7,cycling,105,"To find out how many years separate Sean Kelly's first and last World Championship appearances, we need to identify the years of these appearances from the provided information.

From the ""World Championships"" section:
1. First appearance: 1982 Goodwood
2. Last appearance: 1989 Chambéry

Now, let's calculate the difference between these two years:
1989 - 1982 = 7 years

Therefore, the number of years separating Sean Kelly's first and last World Championship appearances is 7 years.

Final Answer: 7 years",<num_years>
436,What is the first year after 2005 with at least 31 total depressions?,2020,cyclone,1091,"To find the first year after 2005 with at least 31 total depressions, we need to follow these steps:

1. Understand that we're looking for information about total depressions for different years.
2. Note that the data provided is specifically for the 2005 Atlantic hurricane season, which had 31 total depressions, a record high.
3. We need to look for data from subsequent years to see if any have 31 or more depressions.
4. The table doesn't provide this information directly; it only shows the 2005 season and related years (2003, 2004, 2006, 2007) without specific depression counts.
5. Since the table doesn't give us the necessary information for those years, we can't determine the exact year based solely on the given data.

However, we know from the information provided that 2005 had a record high number of depressions (31), and it's noted that 2020 also tied this record. Therefore, the first year after 2005 with at least 31 total depressions would be 2020.

Final Answer: 2020",yyyy
437,How many years separate the founding and the current form of the Saudi Arabian Armed Forces?,198,army,1122,"To find out how many years separate the founding and the current form of the Saudi Arabian Armed Forces, we need to identify two dates:

1. The founding date of the Saudi Arabian Armed Forces.
2. The date when the current form was established.

From the table:
- The founding date is given as 1745.
- The current form was established in 1943.

Now, let's calculate the difference between these two dates:

1943 - 1745 = 198 years

Therefore, there are 198 years separating the founding and the current form of the Saudi Arabian Armed Forces.

Final Answer: 198 years",<num_years>
438,How many years separated the two gold medals that Joop Zoetemelk won in his career?,17,cycling,103,"To find out how many years separated the two gold medals Joop Zoetemelk won in his career, we need to identify these two gold medals from the information provided and then calculate the difference between their respective years.

From the table, we can see the following gold medals:
1. Olympic Games: Gold medal for Team time trial in 1968, Mexico City.
2. World Championships: Gold medal for Men's road race in 1985, Giavera di Montello.

Now, let's calculate the difference in years between these two gold medals:
1985 (World Championships gold medal year) - 1968 (Olympic Games gold medal year) = 17 years

Final Answer: The two gold medals Joop Zoetemelk won in his career were separated by 17 years.",<num_years>
439,In what year did Lombi win the most gold medals?,2007,hockey,680,"To determine in which year Jorge Lombi won the most gold medals, let's analyze the information provided in the table:

1. Champions Challenge:
   - 2001: No gold medal
   - 2005: 1 gold medal
   - 2007: 1 gold medal

2. Pan American Games:
   - 1995: 1 gold medal
   - 1999: No gold medal
   - 2003: 1 gold medal
   - 2007: 1 gold medal

Now, let's count the number of gold medals won in each year:

- 1995: 1 gold medal
- 1999: 0 gold medals
- 2001: 0 gold medals
- 2003: 1 gold medal
- 2005: 1 gold medal
- 2007: 2 gold medals (both from Champions Challenge and Pan American Games)

Based on this analysis, Jorge Lombi won the most gold medals in 2007, with a total of 2 gold medals.

Final Answer: 2007",yyyy
440,How many years was Ahmed Hassan al-Bakr a leader and commander of Ba'athist Iraq?,1,proxy war,981,"To determine how many years Ahmed Hassan al-Bakr was a leader and commander of Ba'athist Iraq during the First Kurdish-Iraqi War, we need to identify his involvement period from the provided information.

From the table:
- The conflict's duration is given as 11 September 1961 - March 1970.
- Ahmed Hassan al-Bakr is listed under ""Commanders and leaders"" with the period (1963).

Since the conflict lasted until March 1970, and al-Bakr is noted to have been involved starting in 1963, we can calculate his tenure as follows:
- From 1963 to March 1970 is a span of 7 years.

Thus, Ahmed Hassan al-Bakr was a leader and commander for 7 years during the First Kurdish-Iraqi War.

Final Answer: 7 years",<num_years>
441,How many years was Aminishiki Ryūji active in his career before retiring in 2019?,22,sumo,180,"To determine how many years Aminishiki Ryūji was active in his sumo career before retiring in 2019, we need to identify his debut year and calculate the difference between his retirement year and his debut year.

From the table, we can see that:
- His debut was in January, 1997.
- He retired in July, 2019.

Now let's calculate the number of years he was active:
- From 1997 to 2019 is 22 years.

Since he debuted in January 1997 and retired in July 2019, he was active for the full year of 1997 but only part of the year 2019. However, since the question asks for the number of years of activity, we count the complete years he was active.

Therefore, Aminishiki Ryūji was active for 22 years before retiring in 2019.

Final Answer: 22 years",<num_years>
442,How many years was Aminishiki Ryūji involved in sumo before retiring?,22,sumo,180,"To determine how many years Aminishiki Ryūji was involved in sumo before retiring, we need to find two pieces of information from the provided data:
1. The year he started his career (debut).
2. The year he retired.

From the table, we can see that:
1. His debut was in January, 1997.
2. He retired in July, 2019.

Now, let's calculate the number of years he was active:
- From 1997 to 2019 is 22 years.
- Since his retirement was in July 2019, and he debuted in January 1997, we should consider if he had a full year of activity in 2019. However, since the question asks about involvement before retiring, we count the entire period from 1997 to 2018 plus part of 2019, which effectively rounds down to 22 full years of involvement.

Therefore, Aminishiki Ryūji was involved in sumo for 22 years before retiring.

Final Answer: 22 years",<num_years>
443,In what year did Jorge Lombi win a silver medal at the Pan American Games?,1999,hockey,680,"To find the year Jorge Lombi won a silver medal at the Pan American Games, we need to look at the ""Pan American Games"" section of the provided information.

Let's review each entry:
- Gold medal - first place | 1995 Mar del Plata
- Silver medal - second place | 1999 Winnipeg
- Gold medal - first place | 2003 Santo Domingo
- Gold medal - first place | 2007 Rio de Janeiro

From these entries, we can see that Jorge Lombi won a silver medal in 1999 at the Pan American Games held in Winnipeg.

Final Answer: Jorge Lombi won a silver medal at the Pan American Games in 1999.",yyyy
444,In what year was his first medal?,2005,hockey,686,"To find out in which year Luke Doerner won his first medal, let's examine the earliest mentioned achievements chronologically:

1. The earliest Olympic Games achievement mentioned is from 2008 Beijing.
2. For World Cup medals:
   - 2006 Mönchengladbach: Silver medal
   - 2010 New Delhi: Gold medal
3. For Champions Trophy medals:
   - 2005 Chennai: Gold medal
4. Commonwealth Games:
   - 2006 Melbourne: Gold medal

Among these achievements, the earliest year mentioned is 2005 for the Champions Trophy in Chennai.

Final Answer: His first medal was in 2005.",yyyy
445,In which year did Luke Doerner compete in the Olympic Games?,2008,hockey,686,"To find out the year Luke Doerner competed in the Olympic Games, let's follow these steps:

1. Identify the relevant section in the table: The ""Olympic Games"" section.
2. Look for any entries related to Luke Doerner: There is one entry listed under ""Olympic Games"".
3. Extract the year from that entry: The entry shows ""Bronze medal - third place | 2008 Beijing | Team"".

Based on this information, we can conclude that Luke Doerner competed in the Olympic Games in 2008.

Final Answer: 2008",yyyy
446,What year did Luke Doerner win gold at the World Cup?,2010,hockey,686,"To find the year Luke Doerner won gold at the World Cup, we need to look at the World Cup section of the provided information.

The World Cup section lists:
- Gold medal - first place | 2010 New Delhi | Team
- Silver medal - second place | 2006 Mönchengladbach | Team

From this information, we can see that Luke Doerner won gold for the World Cup in 2010 in New Delhi.

Final Answer: Luke Doerner won gold at the World Cup in 2010.",yyyy
447,How many years was Codos involved in the Chadian-Libyan conflict?,3,proxy war,975,"First, we need to identify when Codos was involved in the conflict from the given information in the table.

From the ""Belligerents"" section, we can see that Codos is listed under ""Pro-Libyan Chadian factions"" and its involvement period is specified as ""(1983-1986)"".

To calculate how many years Codos was involved:
- Start year: 1983
- End year: 1986

Now, subtract the start year from the end year to find the duration:
1986 - 1983 = 3 years

Therefore, Codos was involved in the Chadian-Libyan conflict for 3 years.

Final Answer: 3 years",<num_years>
448,How many years was Futabayama Sadaji actively involved in his sport?,18,sumo,134,"To determine how many years Futabayama Sadaji was actively involved in sumo wrestling, we need to look at his career timeline provided in the table.

1. His debut date is given as March 1927.
2. His retirement date is listed as November 1945.

Now, let's calculate the number of years between these two dates:
- From March 1927 to December 1945 is exactly 18 full years.
- Since he retired in November 1945, he was active for part of that year as well, which adds one more year to the total.

Therefore, Futabayama Sadaji was actively involved in sumo wrestling for 19 years.

Final Answer: 19 years",<num_years>
449,How many years was Haguroyama Masaji's sumo career?,19,sumo,137,"To find out how many years Haguroyama Masaji's sumo career lasted, we need to look at the dates for his debut and retirement.

From the ""Career"" section of the table:
- Debut: January, 1934
- Retired: September, 1953

We can calculate the duration of his career by subtracting the debut year from the retirement year.

1953 - 1934 = 19 years

However, since he debuted in January 1934 and retired in September 1953, we need to account for the partial years at the beginning and end of his career. He had less than a full year of activity in 1934 and also less than a full year in 1953.

Therefore, his career spanned 19 complete years plus parts of two additional years.

Final Answer: Haguroyama Masaji's sumo career lasted approximately 19 years.",<num_years>
450,How many years was Jenson Button active?,17,f1,259,"To determine how many years Jenson Button was active, we need to look at his ""Active years"" in the Formula One World Championship career section of the table.

The ""Active years"" for Jenson Button are listed as 2000-2017.

Now, let's calculate the number of years he was active:
- Start year: 2000
- End year: 2017

We can find the duration by subtracting the start year from the end year and adding one (since both the start and end years count as part of the active period):

\[ \text{Duration} = 2017 - 2000 + 1 = 18 \]

So, Jenson Button was active for 18 years.

Final Answer: Jenson Button was active for 18 years.",<num_years>
451,How many years was Kitanoumi Toshimitsu a sumo wrestler?,18,sumo,148,"To find out how many years Kitanoumi Toshimitsu was a sumo wrestler, we need to identify his debut year and retirement year from the table.

From the ""Career"" section of the table:
- Debut: January 1967
- Retired: January 1985

Now, let's calculate the number of years he was active:
- Retirement year (1985) - Debut year (1967) = 18 years

However, this calculation gives us the total number of years between the debut and retirement, but doesn't account for partial years at either end. Since both the debut and retirement are in January, we can consider that the first and last years were full years of activity.

Therefore, Kitanoumi Toshimitsu was a sumo wrestler for 18 years.

Final Answer: 18 years",<num_years>
452,How many years was Riccardo Gabriele Patrese active?,16,f1,261,"To find out how many years Riccardo Gabriele Patrese was active, we need to look at his active years in Formula One as mentioned in the table.

From the table:
- Active years: 1977-1993

Now, let's calculate the number of years he was active:

1. Start year: 1977
2. End year: 1993
3. Subtract start year from end year to get the duration of activity: 
   1993 - 1977 = 16 years

Therefore, Riccardo Gabriele Patrese was active for 16 years.

Final Answer: 16 years",<num_years>
453,How many years was Rubens Barrichello active in his career?,18,f1,51,"To determine how many years Rubens Barrichello was active in his career, we need to look at the start and end years mentioned in his Formula One World Championship career details.

1. The ""Active years"" for his Formula One career is listed as ""1993-2011"".
2. To calculate the number of years he was active, subtract the start year from the end year and add one (since both the start and end years are inclusive).

Calculation:
\[ 2011 - 1993 + 1 = 19 \]

Therefore, Rubens Barrichello was active for 19 years in his Formula One World Championship career.

Final Answer: 19 years",<num_years>
454,How many years was the Comintern organization in Russia?,24,political party,933,"To determine how many years the Comintern organization was active in Russia, we need to identify the relevant information from the table and calculate the duration based on that information.

Step 1: Identify the period during which Comintern was associated with the Communist Party of the Soviet Union.
The table shows under ""International affiliation"": Comintern (1919-1943).

Step 2: Calculate the duration.
From 1919 to 1943:
End year - Start year = 1943 - 1919 = 24 years

Final Answer: The Comintern organization was in Russia for 24 years.",<num_years>
455,How many years was the League of Communists of Yugoslavia active?,71,political party,185,"To find out how many years the League of Communists of Yugoslavia was active, we need to subtract its founding year from its dissolution year.

1. The League of Communists of Yugoslavia was founded on 20 April 1919.
2. It was dissolved on 22 January 1990.

Now let's calculate the duration:

- From 1919 to 1989: 70 years
- Adding the days between April 20, 1919, and January 22, 1990:
  - From April 20, 1919, to December 31, 1919: 255 days
  - From January 1, 1990, to January 22, 1990: 22 days
  - Total additional days: 255 + 22 = 277 days

Since we're asked for the number of years, and 277 days is less than a full year, it doesn't affect the count of full years. Therefore, the League of Communists of Yugoslavia was active for 70 + 1 = 71 years.

Final Answer: The League of Communists of Yugoslavia was active for 71 years.",<num_years>
456,How many days elapsed from arrival to the first report?,5,disease,1205,"To determine the number of days that elapsed from the arrival date to the first reported date of the White House COVID-19 outbreak, we need to follow these steps:

1. Identify the arrival date.
2. Identify the first reported date.
3. Calculate the difference between these two dates.

Step 1: The arrival date is given as September 26, 2020.

Step 2: The first reported date is provided as October 1, 2020.

Step 3: Calculating the difference:
- From September 26 to September 30 is 4 days.
- Adding the day it was first reported, October 1, makes it 5 days in total.

Therefore, the number of days that elapsed from the arrival date to the first reported date is 5 days.

Final Answer: 5 days",<num_days>
457,How many years was there between the founding of Birlik and the dissolution of Adal?,9,political party,932,"First, we need to identify the dates relevant to the founding of Birlik and the dissolution of Adal.

The table mentions that Adal was founded on 26 April 2013 (as Birlik). It also states that Adal was dissolved on 26 April 2022.

Now, let's calculate the time span between these two events:
- From 26 April 2013 to 26 April 2022 is exactly 9 years.

Therefore, the number of years between the founding of Birlik and the dissolution of Adal is 9 years.

Final Answer: 9 years",<num_years>
458,How many years was Tochiazuma Daisuke a sumo wrestler?,13,sumo,169,"To determine how many years Tochiazuma Daisuke was a sumo wrestler, we need to identify his debut and retirement dates from the provided table.

1. Debut: The table states that Tochiazuma Daisuke's debut was in November, 1994.
2. Retirement: According to the table, he retired in May, 2007.

Now, let's calculate the duration:
- From November 1994 to November 2007 is exactly 13 years.
- Since he retired in May 2007, he had wrestled for part of the 14th year.

Therefore, Tochiazuma Daisuke was a sumo wrestler for 13 full years plus part of the 14th year.

Final Answer: Tochiazuma Daisuke was a sumo wrestler for 13 years and part of a 14th year.",<num_years>
459,How many years were between Coll winning gold at the Darwin World Doubles Championships and winning bronze at the Commonwealth Games?,2,squash,109,"To find out how many years were between Paul Coll winning gold at the Darwin World Doubles Championships and winning bronze at the Commonwealth Games, we need to identify the specific years for both events and then calculate the difference.

1. From the table, under ""World Doubles Championships"", we see that Paul Coll won gold in 2016 Darwin for mixed doubles.
2. Under ""Commonwealth Games"", it shows that Paul Coll won bronze in 2018 Gold Coast for mixed doubles.

Now, let's calculate the difference:
- The year of the World Doubles Championships gold win: 2016
- The year of the Commonwealth Games bronze win: 2018

The difference in years is:
2018 - 2016 = 2 years

Therefore, the number of years between Coll winning gold at the Darwin World Doubles Championships and winning bronze at the Commonwealth Games is 2 years.

Final Answer: 2 years",<num_years>
460,How many years were between Diaz's first win in the Formula One World Championships and his debut season in the FIA World Endurance Championship?,15,f1,258,"To find out how many years were between Fernando Alonso's first win in the Formula One World Championships and his debut season in the FIA World Endurance Championship, let's extract the relevant information from the table:

1. First win in Formula One World Championships:
   - Date: 2003 Hungarian Grand Prix

2. Debut season in FIA World Endurance Championship:
   - Season: 2018-19

Now we need to calculate the difference in years between these two events:

3. Calculate the time difference:
   - First win year: 2003
   - Debut season: 2018
   - Years between: 2018 - 2003 = 15 years

Therefore, the answer is that there were 15 years between Fernando Alonso's first win in the Formula One World Championships and his debut season in the FIA World Endurance Championship.

Final Answer: 15 years",<num_years>
461,How many years were between Harumafuji Kōhei's debut and his retirement?,16,sumo,139,"To find out how many years were between Harumafuji Kōhei's debut and his retirement, we need to identify the dates for both events and calculate the difference.

From the table:
- Debut: January 2001
- Retired: November 29, 2017

Now, let's calculate the difference:

1. Identify the start year (debut): 2001
2. Identify the end year (retirement): 2017
3. Subtract the start year from the end year: 2017 - 2001 = 16 years

The number of years between Harumafuji Kōhei's debut and his retirement is 16 years.

Final Answer: 16 years",<num_years>
462,How many years were between Lombi'''s gold medals in Alexandria and Mar del Plata?,10,hockey,680,"To find out how many years were between Jorge Lombi's gold medals in Alexandria and Mar del Plata, we need to follow these steps:

1. Identify the year of the gold medal in Alexandria.
2. Identify the year of the gold medal in Mar del Plata.
3. Calculate the difference between these two years.

Step 1: The gold medal in Alexandria was won in 2005 according to the Champions Challenge section.

Step 2: The gold medal in Mar del Plata was won in 1995 according to the Pan American Games section.

Step 3: To calculate the difference, subtract the earlier year from the later year:
2005 - 1995 = 10 years

Therefore, there were 10 years between Lombi's gold medals in Alexandria and Mar del Plata.

Final Answer: 10 years",<num_years>
463,How many years were between Pillay's gold medal at the Championship Challenge and his gold at the Asian Games?,3,hockey,485,"First, we need to identify the years of the gold medals for both the Champions Challenge and the Asian Games from the information provided in the table.

For the Champions Challenge:
- Gold medal - first place in 2001 Kuala Lumpur

For the Asian Games:
- Gold medal - first place in 1998 Bangkok

Now, let's calculate the difference in years between these two gold medals:

2001 (Champions Challenge) - 1998 (Asian Games) = 3 years

Therefore, the number of years between Pillay's gold medal at the Champions Challenge and his gold at the Asian Games is 3 years.

Final Answer: 3 years",<num_years>
464,How many years were between Räikkönen's first Formula One win and his first World Rally Championship rally?,6,f1,344,"To find the number of years between Räikkönen's first Formula One win and his first World Rally Championship rally, we need to identify these two dates from the information provided in the table.

1. First Formula One win:
   - From the table, it is stated that Räikkönen's ""First win"" was the 2003 Malaysian Grand Prix.

2. First World Rally Championship rally:
   - The table shows that Räikkönen's ""First rally"" was the 2009 Rally Finland.

Now, let's calculate the difference in years between these two events:

- First Formula One win: 2003
- First World Rally Championship rally: 2009

The difference is calculated as follows:
\[ 2009 - 2003 = 6 \]

Final Answer: There were 6 years between Räikkönen's first Formula One win and his first World Rally Championship rally.",<num_years>
465,How many years were the Liberation Tigers of Tamil Eelam active in Sri Lanka?,33,terrorist orgnization,712,"To find out how many years the Liberation Tigers of Tamil Eelam (LTTE) were active in Sri Lanka, we need to look at their dates of operation.

From the table, we see:
- The start date of operations: 5 May 1976
- The end date of operations: 18 May 2009

To calculate the duration of their activity:
1. Subtract the start year from the end year: 2009 - 1976 = 33 years
2. Check if we need to adjust for partial years:
   - They started on May 5, 1976
   - They ended on May 18, 2009
   Since both start and end dates are in May, and the ending date is after the starting date within the same month, no adjustment is needed for partial years.

Therefore, the Liberation Tigers of Tamil Eelam were active for 33 years.

Final Answer: 33 years",<num_years>
466,How many years were there between when HMS Argyll was ordered and commissioned?,5,ship,223,"To find out how many years there were between when HMS Argyll was ordered and commissioned, we need to look at the dates provided in the table for these two events.

1. HMS Argyll was ordered in September 1986.
2. HMS Argyll was commissioned on 31 May 1991.

Now, let's calculate the difference between these two dates:

From September 1986 to September 1991 is exactly 5 years. Since the ship was commissioned in May 1991, which is before September 1991, we need to subtract one month from this period.

However, since the exact months aren't critical for determining the full year count and the commissioning date is within the same year but later in the year, the primary calculation remains based on the years:

So, the time span between September 1986 and May 1991 is 4 full years plus an additional 8 months (from September to May).

Therefore, rounding to whole years, the period is approximately 5 years.

Final Answer: There were 5 years between when HMS Argyll was ordered and commissioned.",<num_years>
467,How many years will Claire Leroy Elodie Bertrand Riou have to wait to try to win gold?,2,sports event,201,"First, we need to identify the year of the mentioned event. The table mentions it's the 2011 ISAF Sailing World Championships.

Next, we need to determine which medal Claire Leroy, Elodie Bertrand, and Riou won. According to the Medalists section, they won bronze.

The question asks how long they would have to wait for another chance at winning gold. Since the table shows a progression with ""← 2010 | 2011 | 2012 →"", it indicates that this is part of an annual or biennial series of events.

Given it's December 2022 and the last entry provided is for 2012, we must consider if there was a skipped year or if the next event after 2012 occurred in 2014, making it a biennial event.

Assuming it's a biennial event starting from 2012:
- The next event would be in 2014.
- Then, 2016.
- Then, 2018.
- And then, 2020.

Since the question is asked in December 2022, the next event would logically be in 2022 if it were annual, but given the pattern, it's likely 2024.

Therefore, from December 2022 to the next event in 2024, they would have to wait 2 years for their next opportunity to win gold.

Final Answer: They will have to wait 2 years.",<num_years>
468,How many months ago did Hurricane Ivan exist?,219,cyclone,958,"To determine how many months ago Hurricane Ivan existed, we need to follow these steps:

1. Identify when Hurricane Ivan occurred.
2. Calculate the time difference between its occurrence and the current date.

Step 1: Identifying when Hurricane Ivan occurred
From the table, we see that Hurricane Ivan formed on September 2, 2004, and dissipated on September 25, 2004.

Step 2: Calculating the time difference
- Current date: December, 2022
- End date of Hurricane Ivan: September 25, 2004

Now let's calculate the number of months:
- From September 25, 2004, to September 25, 2022, is exactly 18 years.
- Adding the remaining months from September 25, 2022, to December 2022:
  - October (1 month)
  - November (2 months)
  - December (3 months)

So, the total number of months from September 25, 2004, to December 2022 is:
18 years * 12 months/year + 3 months = 216 + 3 = 219 months

Since the question asks for the number of months ago, we should consider the entire period during which Hurricane Ivan existed (from September 2 to September 25, 2004), which is approximately 18 years and 3 months.

Final Answer: Hurricane Ivan existed approximately 219 months ago.",<num_months>
469,How many years would someone who is 8 years old have to wait before serving in the Federal Defence Forces of Germany?,9,army,1118,"The military age for serving in the Federal Defence Forces of Germany (Bundeswehr) is 17 years old according to the table.

If someone is currently 8 years old, we can calculate the number of years they would need to wait before reaching the military age of 17 by subtracting their current age from the military age:

17 - 8 = 9 years

Final Answer: Someone who is 8 years old would have to wait 9 years before serving in the Federal Defence Forces of Germany.",<num_years>
470,How much longer in years did Pau Quemada play for Club Egara than for Laren?,4,hockey,41,"To find out how much longer Pau Quemada played for Club Egara compared to Laren, we need to follow these steps:

1. Identify the duration Pau Quemada played for each club.
2. Calculate the difference between these durations.

Step 1: Identifying the duration for each club:
- For Club Egara, we can see two periods: 
  - First period: 0000 | -2005
  - Second period: 2016-2021
  To calculate the total duration for Club Egara, we need to add both periods together:
  - Duration of first period = 2005 - 0000 = 2005 years (though this seems unrealistic, let's consider it as from the start of his career till 2005)
  - Duration of second period = 2021 - 2016 = 5 years
  - Total duration for Club Egara = 2005 + 5 = 2010 years (considering the first period as from the start of his career till 2005, but realistically it would be the time between joining and leaving the club)
  
However, since the exact start year is not provided and the first period likely refers to his youth career which overlaps with senior career, we should focus on the clear senior career duration which is 5 years from 2016 to 2021.
- For Laren, the duration was 2005-2006, which is 1 year.

Step 2: Calculating the difference:
Duration at Club Egara (senior career): 5 years
Duration at Laren: 1 year
Difference: 5 - 1 = 4 years

Final Answer: Pau Quemada played for 4 more years at Club Egara than at Laren.",<num_years>
471,How much longer in years did Pollock play for KwaZulu-Natal than for Warwickshire?,5,cricket,54,"To find out how many more years Shaun Pollock played for KwaZulu-Natal compared to Warwickshire, we need to follow these steps:

1. Identify the years Pollock played for each team:
   - KwaZulu-Natal: 1992/93 - 2003/04
   - Warwickshire: 1996 - 2002

2. Calculate the number of years he played for each team:
   - KwaZulu-Natal: 2003/04 - 1992/93 + 1 = 11 years (since seasons span two calendar years, we add 1 year to include both start and end seasons)
   - Warwickshire: 2002 - 1996 + 1 = 7 years

3. Subtract the number of years for Warwickshire from the number of years for KwaZulu-Natal:
   - 11 years - 7 years = 4 years

Therefore, Pollock played for KwaZulu-Natal 4 years longer than he did for Warwickshire.

Final Answer: 4 years",<num_years>
472,On what date was the Communist Party of the Soviet Union founded?,"March 8, 2018",political party,933,"The table provides detailed information about the Communist Party of the Soviet Union, including its founding date. The relevant row in the table is ""Founded"", which states ""8 March 1918"".

Final Answer: The Communist Party of the Soviet Union was founded on March 8, 1918.","%B %d, %Y"
473,How much longer in years did Yamamoto play for Kamatamare Sanuki compared to Mito HollyHock?,3,boxing,484,"First, let's identify how long Yamamoto played for each team mentioned:

For Mito HollyHock:
The table shows that Yamamoto played for Mito HollyHock from 2002 to 2003.
Duration = 2003 - 2002 = 1 year

For Kamatamare Sanuki:
The table shows that Yamamoto played for Kamatamare Sanuki from 2013 to 2017.
Duration = 2017 - 2013 = 4 years

Now, we'll subtract the duration of his time at Mito HollyHock from the duration at Kamatamare Sanuki to find out how much longer he played for Kamatamare Sanuki:

Difference = Duration at Kamatamare Sanuki - Duration at Mito HollyHock
Difference = 4 years - 1 year = 3 years

Therefore, Yamamoto played for Kamatamare Sanuki 3 years longer than he did for Mito HollyHock.

Final Answer: 3 years",<num_years>
474,On what date did the Communist Party of the Soviet Union end?,"November 6, 1991",political party,933,"The question asks for the date when the Communist Party of the Soviet Union ended. From the information provided in the table, we can see that the Communist Party of the Soviet Union was banned on 6 November 1991. Being banned effectively means the end of the party.

Final Answer: The Communist Party of the Soviet Union ended on 6 November 1991.","%B %d, %Y"
475,How much longer in years was Bloc of Communists and Non-Partisans the national affiliation than Cominform was the international affiliation?,45,political party,933,"To solve this problem, we need to determine the duration of two affiliations and then find the difference between them.

1. Determine the duration of the Bloc of Communists and Non-Partisans as the national affiliation:
   - The table shows that the Bloc of Communists and Non-Partisans was the national affiliation from 1936 to 1990.
   - Duration = End year - Start year = 1990 - 1936 = 54 years.

2. Determine the duration of the Cominform as the international affiliation:
   - The table shows that the Cominform was the international affiliation from 1947 to 1956.
   - Duration = End year - Start year = 1956 - 1947 = 9 years.

3. Calculate the difference in duration:
   - Difference = Duration of Bloc of Communists and Non-Partisans - Duration of Cominform
   - Difference = 54 years - 9 years = 45 years.

Final Answer: The Bloc of Communists and Non-Partisans was the national affiliation for 45 years longer than the Cominform was the international affiliation.",<num_years>
476,How much longer in years was Iraq an ally than Libya during the '70s?,4,terrorist orgnization,711,"To find out how much longer Iraq was an ally compared to Libya during the '70s, we need to follow these steps:

1. Identify the time periods when Iraq and Libya were allies.
2. Calculate the duration of their alliances during the '70s.
3. Subtract the duration of Libya's alliance from that of Iraq's.

Step 1: Identifying the time periods:
- Iraq was an ally from 1974-1978 and again from 1991-2002.
- Libya was an ally from 1985-1991.

Step 2: Calculating the duration during the '70s:
- For Iraq, this would be 1974-1978, which is 5 years.
- For Libya, there was no alliance during the '70s since it started in 1985.

Step 3: Subtracting the durations:
Since Libya wasn't an ally during the '70s, we only consider Iraq's period, which is 5 years.

Therefore, Iraq was an ally for 5 years longer than Libya during the '70s.

Final Answer: 5 years",<num_years>
477,How much longer in years was Räikkönen active in Formula One than in the World Rally Championship?,15,f1,344,"To determine how much longer Räikkönen was active in Formula One compared to the World Rally Championship, we need to calculate the duration of his involvement in each category and then find the difference.

1. **Duration in Formula One:**
   - Active years: 2001-2009, 2012-2021
   - Calculate the total span:
     - From 2001 to 2009: 2009 - 2001 = 8 years
     - From 2012 to 2021: 2021 - 2012 = 9 years
   - Total duration: 8 + 9 = 17 years

2. **Duration in World Rally Championship:**
   - Active years: 2009-2011
   - Calculate the span:
     - 2011 - 2009 = 2 years

3. **Difference between the two durations:**
   - Formula One: 17 years
   - World Rally Championship: 2 years
   - Difference: 17 - 2 = 15 years

Therefore, Kimi Räikkönen was active in Formula One for 15 years longer than he was in the World Rally Championship.

Final Answer: 15 years",<num_years>
478,How many days is Diwali celebrated in 2022?,5,holiday,216,"To determine how many days Diwali is celebrated in 2022, we need to look at the specific dates provided for each part of the celebration.

From the information given:
- October 21: Dhanteras/Yama Deepam
- October 22: Naraka Chaturdashi/Kali Chaudas/Hanuman Puja/Chhoti Diwali
- October 23: Lakshmi Puja/Kali Puja/Sharda Puja/Kedar Gauri Vrat
- October 24: Govardhan Puja/Balipratipada/Gujarati New Year
- October 25: Bhai Dooj/Vishwakarma Puja

We can see that there are five distinct days listed for different parts of the Diwali celebrations in 2022.

Final Answer: Diwali is celebrated over 5 days in 2022.",<num_days>
479,What is the minimum age for military service in Korea?,18,army,1121,"The question asks about the minimum age for military service in Korea. From the table, we can find this information under the ""Personnel"" section.

Step 1: Locate the relevant information.
The ""Personnel"" section contains details about the military age and conscription requirements.

Step 2: Identify the military age.
The table states that the military age is 18.

Step 3: Confirm if there's any additional information regarding the minimum age.
The conscription details mention ""18-28 years of age"", confirming that the minimum age for conscription is indeed 18.

Final Answer: The minimum age for military service in Korea is 18.",<num_years>
480,What is the minimum age required to join the British Armed Forces in 2021?,16,army,1117,"To find the minimum age required to join the British Armed Forces in 2021, let's follow these steps:

1. Identify the relevant information from the provided table.
2. The table includes details about the military age for joining the British Armed Forces under the Personnel section.
3. According to the table, the military age is given as:
   - 16-17 years old, with parental consent
   - 18 years old, without parental consent and to serve in combat

The question asks specifically about the minimum age, which would be the youngest age allowed, even if it requires parental consent.

Final Answer: The minimum age required to join the British Armed Forces in 2021 is 16 years old, with parental consent.",<num_years>
481,What is the minimum conscription length of the Israel Defense Forces in years?,2,army,1119,"The question asks for the minimum conscription length of the Israel Defense Forces in years. From the table, we can find the conscription details under the ""Personnel"" section which states ""Conscription	24-34 months"".

To convert months into years, we need to divide by 12:
- Minimum conscription period: 24 months / 12 = 2 years

Therefore, the minimum conscription length is 2 years.

Final Answer: The minimum conscription length of the Israel Defense Forces is 2 years.",<num_years>
482,What year did Hurricane Gaston form?,2004,cyclone,957,"To find out the year Hurricane Gaston formed, we can look at the ""Formed"" row in the given table information.

The table shows:
Formed	August 27, 2004

This indicates that Hurricane Gaston was formed on August 27, 2004.

Therefore, the year Hurricane Gaston formed is 2004.

Final Answer: 2004",yyyy
483,What is the number of years between the previous and next FINA World Swimming Championships?,4,sports event,1031,"To find the number of years between the previous and next FINA World Swimming Championships mentioned for the Women's 100 metre breaststroke event, we need to extract the relevant dates from the information provided.

The table shows:
- The event took place at the 2016 FINA World Swimming Championships (25 m).
- The previous championships are referenced as ""← 2014"".
- The next championships are referenced as ""2018 →"".

Now let's calculate the interval:
- Years between the previous and the given event: 2016 - 2014 = 2 years.
- Years between the given event and the next one: 2018 - 2016 = 2 years.

Since the question asks about the number of years between the previous and next championships, we consider the gap from 2014 to 2018:
- Total years between 2014 and 2018: 2018 - 2014 = 4 years.

Final Answer: 4 years",<num_years>
484,How many days is Hanukkah celebrated?,9,holiday,207,"The table provides information about Hanukkah, including its duration. To determine how many days Hanukkah is celebrated, we can look at several pieces of information provided:

1. The ""Begins"" and ""Ends"" fields indicate that Hanukkah starts on 25 Kislev and ends on either 2 Tevet or 3 Tevet. However, this doesn't directly tell us the number of days it spans because it depends on the exact dates of these months in the Hebrew calendar.

2. The ""Date"" field gives us more specific information: it lists the exact days Hanukkah is celebrated over eight consecutive days, from 25 Kislev to 2 Tevet or 3 Tevet.

3. The 2022 date range provided explicitly states that Hanukkah begins on Sunset, 18 December and ends on Nightfall, 26 December. This confirms that Hanukkah lasts for 8 days.

Therefore, based on the information given, Hanukkah is celebrated for 8 days.

Final Answer: Hanukkah is celebrated for 8 days.",<num_days>
485,How many months ago did the Federal Defence Forces of Germany take on its current form?,386,army,1118,"To find out how many months ago the Federal Defence Forces of Germany took on its current form, we need to follow these steps:

1. Identify when the Federal Defence Forces of Germany took on its current form from the table.
2. Calculate the time difference between that date and the current date (December 2022).

Step 1: The table states that the Federal Defence Forces of Germany took on its current form on 3 October 1990.

Step 2: To calculate the time difference:
- From October 1990 to December 2022 is 32 years and 2 months.
- Convert 32 years into months: 32 years * 12 months/year = 384 months.
- Add the remaining 2 months: 384 months + 2 months = 386 months.

Therefore, the Federal Defence Forces of Germany took on its current form 386 months ago.

Final Answer: 386 months",<num_months>
486,How many days is the Deepavali festival celebrated in October?,5,holiday,216,"First, we need to identify the specific dates for the Deepavali festival in October 2022 from the information provided in the table.

From the table, we can see that:
- Dhanteras/Yama Deepam is on October 21,
- Naraka Chaturdashi/Kali Chaudas/Hanuman Puja/Chhoti Diwali is on October 22,
- Lakshmi Puja/Kali Puja/Sharda Puja/Kedar Gauri Vrat is on October 23,
- Govardhan Puja/Balipratipada/Gujarati New Year is on October 24, and
- Bhai Dooj/Vishwakarma Puja is on October 25.

Counting these dates, we find there are 5 distinct days in October when different parts of the Deepavali festival are celebrated.

Therefore, the Deepavali festival is celebrated over 5 days in October.

Final Answer: The Deepavali festival is celebrated over 5 days in October.",<num_days>
487,What is the orbital period of Neptune in years?,164.8,planet,1138,"To find the orbital period of Neptune in years, we need to look at the information provided in the ""Orbital characteristics"" section of the table.

The relevant row is:
Orbital period	164.8 yr | 60,195 days | 89,666 Neptunian solar days

From this, we can see that the orbital period of Neptune is given directly as 164.8 years.

Therefore, the orbital period of Neptune in years is 164.8 years.

Final Answer: 164.8 years",<num_years>
488,What is the time difference in hours between AST and ADT?,1,time zone,33,"To find the time difference in hours between AST (Atlantic Standard Time) and ADT (Atlantic Daylight Time), we need to compare their UTC offsets:

1. AST has a UTC offset of -04:00.
2. ADT has a UTC offset of -03:00.

The difference between these two offsets can be calculated by subtracting the later offset from the earlier one:

-04:00 - (-03:00) = -04:00 + 03:00 = -01:00

This means ADT is 1 hour ahead of AST. Therefore, the time difference in hours between AST and ADT is 1 hour.

Final Answer: The time difference in hours between AST and ADT is 1 hour.",<num_hours>
489,How much longer in years was the LIFEX refit than the Major refit?,1,ship,223,"To find out how much longer the LIFEX refit was compared to the Major refit, we need to:

1. Identify the duration of each refit.
2. Subtract the duration of the Major refit from that of the LIFEX refit.

From the information provided:
- The Major refit took place from 2009 to 2010.
- The LIFEX refit took place from 2015 to 2017.

Let's calculate the duration of each refit:

1. Duration of Major refit: 2010 - 2009 = 1 year
2. Duration of LIFEX refit: 2017 - 2015 = 2 years

Now, subtract the duration of the Major refit from the LIFEX refit:

2 years - 1 year = 1 year

Therefore, the LIFEX refit was 1 year longer than the Major refit.

Final Answer: 1 year",<num_years>
490,How old was Ali Farag the year he reached the number one ranking?,30,squash,106,"To determine how old Ali Farag was when he reached the number one ranking, we need to follow these steps:

1. Identify the age of Ali Farag.
2. Determine the year he reached the number one ranking.
3. Calculate his age in that specific year.

Step 1: Identifying Ali Farag's Age
From the table, we can see that Ali Farag was born on April 22, 1992.

Step 2: Determining the Year He Reached Number One Ranking
The table states that his highest ranking was No. 1, achieved in June 2022.

Step 3: Calculating His Age in June 2022
If Ali Farag was born on April 22, 1992, and he reached the number one ranking in June 2022, we need to calculate his age at that time:
- From April 22, 1992, to April 22, 2022, he would be 30 years old.
- Since he reached the number one ranking in June 2022, he would still be 30 years old.

Therefore, Ali Farag was 30 years old when he reached the number one ranking.

Final Answer: 30",<num_years>
491,How old was Ali Farag the year he turned pro?,17,squash,106,"To determine how old Ali Farag was when he turned pro, we need to follow these steps:

1. Identify Ali Farag's birth year from the information provided.
2. Identify the year he turned professional.
3. Subtract the birth year from the year he turned professional.

Step 1: From the ""Born"" row of the table, we see that Ali Farag was born on April 22, 1992.

Step 2: According to the ""Turned Pro"" row, Ali Farag turned professional in 2009.

Step 3: To find out his age when he turned pro, subtract his birth year from the year he turned pro:
2009 - 1992 = 17

Therefore, Ali Farag was 17 years old when he turned professional.

Final Answer: 17",<num_years>
492,How old was Ali Farag when he turned professional?,17,squash,106,"To determine how old Ali Farag was when he turned professional, we need to follow these steps:

1. Identify Ali Farag's birth year from the information provided.
2. Identify the year he turned professional.
3. Subtract the birth year from the year he turned professional.

Step 1: From the table, we see that Ali Farag was born on 22 April 1992.

Step 2: According to the table, Ali Farag turned pro in 2009.

Step 3: Calculate his age when he turned professional:
2009 (year turned professional) - 1992 (birth year) = 17 years old.

Final Answer: Ali Farag was 17 years old when he turned professional.",<num_years>
493,How old was Ali Farag when he won his first team gold at the World Team Championships?,25,squash,106,"To determine how old Ali Farag was when he won his first team gold at the World Team Championships, we need to follow these steps:

1. Identify the first time Ali Farag won a team gold at the World Team Championships from the information provided.
2. Determine the date of that event.
3. Compare the date of the event to Ali Farag's birth year and month to calculate his age.

Step 1: From the ""World Team Championships"" section, we can see that Ali Farag has won two team gold medals:
- Gold medal - first place | 2017 Marseille | Team
- Gold medal - first place | 2019 Washington D.C. | Team

The first one is in 2017.

Step 2: The first team gold medal event took place in 2017.

Step 3: We know from the ""Born"" section that Ali Farag was born on April 22, 1992. To find out his age during the 2017 event, we calculate:
2017 - 1992 = 25 years old
Since the event happened in 2017 and his birthday is in April, and the event took place in Marseille (which likely happened later in the year), he would have just turned 25 in 2017.

Final Answer: Ali Farag was 25 years old when he won his first team gold at the World Team Championships.",<num_years>
494,How old was Aminishiki Ryūji during his debut?,19,sumo,180,"To determine how old Aminishiki Ryūji was when he debuted, we need to follow these steps:

1. Identify Aminishiki Ryūji's birth year from the personal information.
2. Identify the month and year of his debut from the career section.
3. Calculate the age at the time of his debut.

Step 1: From the personal information section, we see that Aminishiki Ryūji was born on October 3, 1978.

Step 2: From the career section, it states that his debut was in January, 1997.

Step 3: To calculate his age at debut:
- He was born in 1978 and debuted in 1997, so he was 19 years old at the start of 1997.
- Since he debuted in January, which is before his birthday in October, he had not yet turned 19 for that particular month.

Therefore, he was 18 years old when he debuted.

Final Answer: Aminishiki Ryūji was 18 years old during his debut.",<num_years>
495,How old was Aminishiki Ryūji when he achieved his highest rank?,28,sumo,180,"To determine how old Aminishiki Ryūji was when he achieved his highest rank, we need to follow these steps:

1. Identify Aminishiki Ryūji's birth year from the personal information.
2. Determine the month and year when he achieved his highest rank.
3. Calculate his age at that time.

Step 1: From the personal information section, we can see that Aminishiki Ryūji was born on October 3, 1978.

Step 2: According to the career details, his highest rank was Sekiwake, which he achieved in September, 2007.

Step 3: To calculate his age when he achieved this rank, we subtract his birth year from the year he reached Sekiwake:
2007 - 1978 = 29 years old

Since his birthday is in October, and he achieved his highest rank in September, he had not yet celebrated his 29th birthday in 2007. Therefore, he was 28 years old when he achieved his highest rank.

Final Answer: Aminishiki Ryūji was 28 years old when he achieved his highest rank.",<num_years>
496,How old was Aminishiki Ryūji when he made his debut?,18,sumo,180,"To find out how old Aminishiki Ryūji was when he made his debut, we need to follow these steps:

1. Identify Aminishiki Ryūji's birth year from the personal information.
2. Identify the year he made his debut from the career section.
3. Calculate the age difference between his debut year and birth year.

Step 1: From the personal information, we can see that Aminishiki Ryūji was born on October 3, 1978.

Step 2: From the career section, it states that his debut was in January, 1997.

Step 3: To calculate his age at debut, we subtract his birth year from his debut year:
1997 - 1978 = 19 years old.

However, since his birthday is in October and he debuted in January, he would have turned 19 in October of 1997, making him 18 years old at the time of his debut in January 1997.

Final Answer: Aminishiki Ryūji was 18 years old when he made his debut.",<num_years>
497,How old was Aminishiki Ryūji when he retired?,41,sumo,180,"To determine how old Aminishiki Ryūji was when he retired, we need to follow these steps:

1. Identify his birth year from the personal information section.
2. Identify the year he retired from the career section.
3. Subtract the birth year from the retirement year.

Step 1: From the personal information section, we see that Aminishiki Ryūji was born on October 3, 1978.

Step 2: From the career section, it's mentioned that he retired in July, 2019.

Step 3: To calculate his age at retirement:
- Retirement year: 2019
- Birth year: 1978
- Age at retirement = 2019 - 1978 = 41 years old

However, since he retired in July and his birthday is in October, he had not yet had his birthday for that year when he retired. Therefore, he was still 40 years old at the time of his retirement.

Final Answer: Aminishiki Ryūji was 40 years old when he retired.",<num_years>
498,How old was Barrichello when his Formula One career began?,21,f1,51,"To determine how old Rubens Barrichello was when his Formula One career began, we need to follow these steps:

1. Identify Barrichello's birthdate from the information provided.
2. Determine the start year of his Formula One career.
3. Calculate the age difference between these two dates.

Step 1: From the table, we see that Rubens Barrichello's birthdate is listed as 23 May 1972.

Step 2: The table mentions under ""Formula One World Championship career"" that his ""Active years"" were from 1993-2011. Therefore, his Formula One career began in 1993.

Step 3: To calculate his age when he started his Formula One career:
- He was born on May 23, 1972.
- His career began in 1993.
- Since his birthday is in May, and his career started in 1993, he would have turned 1993 - 1972 = 21 years old in 1993, but his actual birthday had not yet occurred in 1993 when his career started, so he was 20 years old when his Formula One career began.

Final Answer: Rubens Barrichello was 20 years old when his Formula One career began.",<num_years>
499,How old was Bradman during his Test debut?,20,cricket,527,"To determine how old Sir Donald Bradman was during his Test debut, we need to follow these steps:

1. Identify Bradman's birthdate: According to the table, he was born on 27 August 1908.
2. Identify the date of his Test debut: The table states that his Test debut was on 30 November 1928.
3. Calculate the age:
   - From 27 August 1908 to 27 August 1928, Bradman would be 20 years old.
   - Since his Test debut was on 30 November 1928, which is about two months after his 20th birthday, he was still 20 years old at the time of his debut.

Therefore, Bradman was 20 years old when he made his Test debut.

Final Answer: Bradman was 20 years old during his Test debut.",<num_years>
500,How old was Brian Lara when he first played for Team Trinidad and Tobago?,18,cricket,528,"To find out how old Brian Lara was when he first played for Team Trinidad and Tobago, we need to follow these steps:

1. Identify Brian Lara's birth year from his personal information.
2. Determine the year he started playing for Trinidad and Tobago.
3. Calculate his age by subtracting his birth year from the start year of his career with Trinidad and Tobago.

Step 1: From the personal information section, we can see that Brian Lara was born on 2 May 1969.

Step 2: The domestic team information shows that his earliest recorded entry with a team is from 1987-2008, which corresponds to Trinidad and Tobago.

Step 3: To calculate his age in 1987:
Age = Year of first appearance - Birth year
Age = 1987 - 1969
Age = 18 years old

Therefore, Brian Lara was 18 years old when he first played for Team Trinidad and Tobago.

Final Answer: Brian Lara was 18 years old when he first played for Team Trinidad and Tobago.",<num_years>
501,How old was Brian Lara when he joined the West Indies international team?,21,cricket,528,"To determine how old Brian Lara was when he joined the West Indies international team, we need to follow these steps:

1. Identify Brian Lara's birth year from his personal information.
2. Determine the year Brian Lara first played for the West Indies national team.
3. Calculate the difference between these two years.

Step 1: From the ""Personal information"" section, we see that Brian Lara was born on 2 May 1969.

Step 2: In the ""International information"" section, it states that his Test debut (which means his first appearance for the national team in Test cricket) was on 6 December 1990 against Pakistan. This would be his first official appearance for the West Indies national team.

Step 3: To calculate his age when he made his debut:
- He was born in 1969.
- His debut was in 1990.
- So, 1990 - 1969 = 21 years old.

However, since his birthday is on 2 May and his debut was on 6 December of the same year, he had already turned 21 before the debut.

Final Answer: Brian Lara was 21 years old when he joined the West Indies international team.",<num_years>
502,How old was Button when he began his Formula One career?,20,f1,259,"To determine how old Jenson Button was when he began his Formula One career, we need to follow these steps:

1. Identify Jenson Button's birth year from the 'Born' section of the table.
2. Determine the year he started his Formula One career from the 'Formula One World Championship career' section.
3. Calculate the difference between these two years.

Step 1: The table shows that Jenson Button was born on 19 January 1980.

Step 2: In the 'Formula One World Championship career' section, it states that his active years were from 2000 to 2017. Therefore, he started his Formula One career in 2000.

Step 3: To find out how old he was in 2000, subtract his birth year from the start year:
2000 - 1980 = 20

Therefore, Jenson Button was 20 years old when he began his Formula One career.

Final Answer: 20",<num_years>
503,How old was Chiyonofuji Mitsugu when he achieved his highest ranking?,26,sumo,131,"To determine how old Chiyonofuji Mitsugu was when he achieved his highest ranking, we need to follow these steps:

1. Find Chiyonofuji's birth year.
2. Identify the month and year of his highest rank achievement.
3. Calculate his age at that time.

Step 1: From the ""Personal information"" section, we see that Chiyonofuji Mitsugu was born on June 1, 1955.

Step 2: In the ""Career"" section, it states that his highest rank, Yokozuna, was achieved in July, 1981.

Step 3: To calculate his age in July 1981, we subtract his birth year from the year he achieved his highest rank:
   1981 - 1955 = 26 years old

Since he was born in June and his highest rank was achieved in July of the same year, he had already turned 26 by the time he reached Yokozuna status.

Final Answer: Chiyonofuji Mitsugu was 26 years old when he achieved his highest ranking.",<num_years>
504,How old was Chiyonofuji Mitsugu when he made his debut?,15,sumo,131,"To find out how old Chiyonofuji Mitsugu was when he made his debut, we need to calculate the difference between his debut year and his birth year.

1. From the table, we can see that Chiyonofuji's birth year is 1955.
2. The table also indicates that his debut was in September, 1970.
3. Subtracting the birth year from the debut year gives us: 1970 - 1955 = 15.

Therefore, Chiyonofuji Mitsugu was 15 years old when he made his debut.

Final Answer: Chiyonofuji Mitsugu was 15 years old when he made his debut.",<num_years>
505,How old was Chiyonofuji Mitsugu when he retired?,36,sumo,131,"To determine how old Chiyonofuji Mitsugu was when he retired, we need to follow these steps:

1. Identify Chiyonofuji Mitsugu's birth year from the personal information section.
2. Identify the month and year he retired from the career section.
3. Calculate his age at retirement.

Step 1: From the personal information section, we see that Chiyonofuji Mitsugu was born on June 1, 1955.

Step 2: From the career section, we find that he retired in May, 1991.

Step 3: To calculate his age when he retired:
- He would have turned 36 years old in June 1991.
- Since he retired in May 1991, he had not yet turned 36.
- Therefore, he was 35 years old when he retired.

Final Answer: Chiyonofuji Mitsugu was 35 years old when he retired.",<num_years>
506,How old was Chris Ciriello during the 2012 London Olympics?,27,hockey,670,"To determine how old Chris Ciriello was during the 2012 London Olympics, we need to follow these steps:

1. Identify Chris Ciriello's birth year from the personal information.
   - From the table, his birth date is given as 1 October 1985.

2. Determine the year of the 2012 London Olympics.
   - The event took place in 2012, as stated in the Olympic Games section.

3. Calculate his age in 2012.
   - To calculate his age during the 2012 Olympics, subtract his birth year from the year of the event:
     2012 - 1985 = 27 years old

Therefore, Chris Ciriello was 27 years old during the 2012 London Olympics.

Final Answer: Chris Ciriello was 27 years old during the 2012 London Olympics.",<num_years>
507,How old was Chris Ciriello when he married Heidi Ciriello?,25,hockey,670,"To determine how old Chris Ciriello was when he married Heidi Ciriello, we need to follow these steps:

1. Identify Chris Ciriello's birth year.
2. Determine the year Chris Ciriello got married.
3. Calculate his age at the time of marriage.

Step 1: From the personal information section, we see that Chris Ciriello was born on October 1, 1985.

Step 2: The personal information section also mentions that Chris Ciriello has been married to Heidi Ciriello since 2010.

Step 3: To calculate his age in 2010, we subtract his birth year from the year he got married:
2010 - 1985 = 25 years old

Therefore, Chris Ciriello was 25 years old when he married Heidi Ciriello.

Final Answer: Chris Ciriello was 25 years old when he married Heidi Ciriello.",<num_years>
508,How old was Daisuke Shiga in the year of his professional debut?,18,sumo,169,"To determine how old Daisuke Shiga was when he debuted professionally, we need to follow these steps:

1. Identify Daisuke Shiga's birth year from the personal information.
2. Determine the year of his professional debut from his career details.
3. Calculate the difference between the debut year and the birth year.

Step 1: From the personal information section, we see that Daisuke Shiga was born on November 9, 1976.

Step 2: According to the career details, his debut was in November, 1994.

Step 3: To calculate his age at the time of debut:
- In 1994, he had not yet had his birthday (since his birthday is in November), so he would be turning 18 in November of that year.
- Therefore, at the time of his debut in November 1994, he was 17 years old.

Final Answer: Daisuke Shiga was 17 years old in the year of his professional debut.",<num_years>
509,How old was Dhyan Chand when he won his final gold medal at the 1936 Olympic Games?,31,hockey,524,"To determine Dhyan Chand's age when he won his final gold medal at the 1936 Olympic Games, we need to follow these steps:

1. Identify Dhyan Chand's birth year.
2. Identify the year of the final gold medal win.
3. Calculate the difference between these two years.

Step 1: Identifying Dhyan Chand's birth year:
From the table, we can see that Dhyan Chand was born on 29 August 1905.

Step 2: Identifying the year of the final gold medal win:
The table shows that Dhyan Chand won gold medals in three Olympic Games: 1928, 1932, and 1936. Therefore, his final gold medal was won in 1936.

Step 3: Calculating the difference between these two years:
To calculate Dhyan Chand's age in 1936, subtract his birth year from the year of the final gold medal win:
1936 - 1905 = 31

However, since Dhyan Chand had not yet had his birthday in 1936 (his birthday is in August), we should subtract one year to get his correct age during the Olympics:

Final Answer: Dhyan Chand was 30 years old when he won his final gold medal at the 1936 Olympic Games.",<num_years>
510,How old was Dhyan Chand when he won his first gold medal at the 1928 Olympics?,23,hockey,524,"To determine how old Dhyan Chand was when he won his first gold medal at the 1928 Olympics, we need to follow these steps:

1. Identify Dhyan Chand's birth year from the information given.
2. Determine the year of the first Olympic gold medal win.
3. Calculate Dhyan Chand's age during that year.

Step 1: From the table, we can see that Dhyan Chand was born on 29 August 1905.

Step 2: According to the table, Dhyan Chand won his first gold medal at the 1928 Amsterdam Olympics.

Step 3: To calculate Dhyan Chand's age in 1928, we subtract his birth year from the year he won his first gold medal:
1928 - 1905 = 23 years old

Since the Olympics were held in August, and he was born in August, we don't need to consider months or days for this calculation. He would have just turned 23 shortly before the event.

Final Answer: Dhyan Chand was 23 years old when he won his first gold medal at the 1928 Olympics.",<num_years>
511,How old was Diaz in his first entry in his Formula One World Championship career?,20,f1,258,"To determine how old Fernando Alonso was during his first entry into the Formula One World Championship career, we need to follow these steps:

1. Identify Alonso's birth year from the given information.
2. Determine the year of his first entry into Formula One.
3. Calculate his age at that time.

Step 1: From the ""Born"" section of the table, we can see that Fernando Alonso was born on 29 July 1981.

Step 2: From the ""Formula One World Championship career"" section, it states that his ""First entry"" was the 2001 Australian Grand Prix.

Step 3: To calculate his age in 2001:
- He was born in 1981.
- In 2001, he would be 2001 - 1981 = 20 years old.

However, since his birthday is on July 29, he had not yet celebrated his birthday for that year when the 2001 Australian Grand Prix took place (assuming the Grand Prix occurred before July 29). Therefore, he would have been 20 years old at the time of his first entry, but still celebrating his 21st birthday later that year.

Final Answer: Fernando Alonso was 20 years old in his first entry into the Formula One World Championship career.",<num_years>
512,How old was Don Bradman during the year of his last international Test?,40,cricket,527,"To determine how old Don Bradman was during the year of his last international Test, we need to follow these steps:

1. Identify the date of Bradman's last Test match.
2. Find out when Bradman was born.
3. Calculate his age at the time of his last Test.

Step 1: According to the ""International information"" section, Bradman's last Test was on 18 August 1948 against England.

Step 2: From the ""Personal information"" section, we see that Don Bradman was born on 27 August 1908.

Step 3: To calculate his age during his last Test in 1948, subtract his birth year from the year of his last Test:
1948 - 1908 = 40 years old.

However, since his birthday (27 August) falls after the date of his last Test (18 August), he had not yet celebrated his 41st birthday in 1948.

Therefore, Don Bradman was 40 years old during the year of his last international Test.

Final Answer: Don Bradman was 40 years old during the year of his last international Test.",<num_years>
513,How old was Don Bradman when he made his first Test debut?,20,cricket,527,"To determine how old Don Bradman was when he made his first Test debut, we need to follow these steps:

1. Identify Don Bradman's birth date.
2. Identify the date of his Test debut.
3. Calculate the age difference between these two dates.

Step 1: From the personal information section, we find that Don Bradman was born on 27 August 1908.

Step 2: According to the international information section, his Test debut (cap 124) was on 30 November 1928 against England.

Step 3: To calculate his age at the time of his Test debut:
- From 27 August 1908 to 27 August 1928, Don Bradman would have turned 20 years old.
- Since his debut was on 30 November 1928, which is about two months after his 20th birthday, he would have been 20 years and 2 months old.

Final Answer: Don Bradman was 20 years and 2 months old when he made his first Test debut.",<num_years>
514,How old was Don Bradman when he made his international Test debut?,20,cricket,527,"To find out how old Don Bradman was when he made his international Test debut, we need to follow these steps:

1. Identify Don Bradman's birth date from the personal information.
2. Identify the date of his Test debut from the international information.
3. Calculate the age difference between these two dates.

Step 1: From the personal information section, we see that Don Bradman was born on 27 August 1908.

Step 2: From the international information section, we see that his Test debut was on 30 November 1928.

Step 3: Calculating the age:
- From 27 August 1908 to 27 August 1928, Don Bradman would be exactly 20 years old.
- Since his Test debut was on 30 November 1928, which is about 3 months later, he would have turned 20 just before his debut.

Therefore, Don Bradman was 20 years old when he made his international Test debut.

Final Answer: Don Bradman was 20 years old when he made his international Test debut.",<num_years>
515,How old was Eddy Merckx when he joined his first professional team?,20,cycling,635,"To determine how old Eddy Merckx was when he joined his first professional team, we need to follow these steps:

1. Identify Eddy Merckx's birth year from the personal information section.
2. Find out the year he joined his first professional team from the team information section.

Step 1: From the personal information section, we can see that Eddy Merckx was born on 17 June 1945.

Step 2: Looking at the ""Professional teams"" section, we see that his first professional team was Solo-Superia, which he joined in 1965.

Now, let's calculate his age in 1965:
- The difference between 1965 and 1945 is 20 years.
- Since he was born in June and started his professional career in 1965, he would have turned 20 during that year.

Therefore, Eddy Merckx was 20 years old when he joined his first professional team.

Final Answer: Eddy Merckx was 20 years old when he joined his first professional team.",<num_years>
516,How old was Eddy Merckx when he started his professional career?,20,cycling,635,"To determine how old Eddy Merckx was when he started his professional career, we need to follow these steps:

1. Find Eddy Merckx's birth year from the personal information section.
2. Identify the year he began his professional career from the team information section.
3. Calculate the difference between these two years.

Step 1: From the Personal Information section, we see that Eddy Merckx was born on 17 June 1945.

Step 2: From the Team Information section, under ""Professional teams,"" we can see that his first professional team was Solo-Superia in 1965.

Step 3: To calculate his age when he started his professional career:
   - Subtract his birth year from the year he started his professional career.
   1965 (start of professional career) - 1945 (birth year) = 20 years old

Therefore, Eddy Merckx was 20 years old when he started his professional career.

Final Answer: Eddy Merckx was 20 years old when he started his professional career.",<num_years>
517,How old was Felice Gimondi when he won a silver medal at the UCI Road World Championships?,29,cycling,100,"First, we need to find the year in which Felice Gimondi won a silver medal at the UCI Road World Championships. From the table, we can see that this happened in 1971 in Mendrisio.

Next, we need to determine Felice Gimondi's age in 1971. The table provides his birthdate as 29 September 1942.

To calculate his age in 1971, we subtract his birth year from the year of the event:
1971 - 1942 = 29 years

However, since his birthday is on 29 September, we need to check if his birthday had occurred by the time of the championships. Since the location is Mendrisio, Switzerland, it's reasonable to assume the event took place sometime during the latter part of the year. Therefore, it is likely that he would have turned 29 during the same year the event took place.

Therefore, Felice Gimondi was 29 years old when he won a silver medal at the UCI Road World Championships.

Final Answer: Felice Gimondi was 29 years old when he won a silver medal at the UCI Road World Championships.",<num_years>
518,How old was Fernando Alonso in the year he had his first entry?,20,f1,258,"To determine Fernando Alonso's age during his first Formula One entry, we need to follow these steps:

1. Identify Fernando Alonso's birth year from the table.
2. Find out the year of his first Formula One entry.
3. Subtract his birth year from the year of his first entry to get his age at that time.

Step 1: Birth year
From the ""Born"" section, we can see that Fernando Alonso Diaz was born on 29 July 1981.

Step 2: Year of first entry
According to the ""Formula One World Championship career"" section, his first entry was the 2001 Australian Grand Prix.

Step 3: Calculate age
Subtracting his birth year from his first entry year:
2001 - 1981 = 20

Final Answer: Fernando Alonso was 20 years old when he had his first Formula One entry.",<num_years>
519,How old was Fernando Alonso in the year he won the Spanish Grand Prix?,32,f1,258,"To determine Fernando Alonso's age when he won the Spanish Grand Prix, we need to follow these steps:

1. Identify the year Fernando Alonso won the Spanish Grand Prix.
   - From the table, we see that his ""Last win"" in Formula One was the 2013 Spanish Grand Prix.

2. Determine Fernando Alonso's birth year.
   - The table provides his ""Born"" information: ""Fernando Alonso Díaz | ( | 1981-07-29 | ) | 29 July 1981"".

3. Calculate his age in 2013.
   - He was born on July 29, 1981.
   - In 2013, he would have turned 32 years old (since he had already celebrated his birthday before winning the Spanish Grand Prix in that year).

Therefore, Fernando Alonso was 32 years old when he won the Spanish Grand Prix.

Final Answer: Fernando Alonso was 32 years old when he won the Spanish Grand Prix.",<num_years>
520,How old was Francesco Moser when he rode for Sanson?,25,cycling,101,"To determine how old Francesco Moser was when he rode for Sanson, we need to follow these steps:

1. Identify the years Francesco Moser rode for Sanson.
   - From the ""Professional teams"" section, we see that Francesco Moser rode for Sanson from 1976 to 1980.

2. Find Francesco Moser's birth year.
   - The ""Personal information"" section states he was born on June 19, 1951.

3. Calculate his age during the period he rode for Sanson.
   - In 1976: He would have turned 25 years old that year since he was born in 1951.
   - In 1980: He would have turned 29 years old.

Therefore, Francesco Moser was between 25 and 29 years old when he rode for Sanson.

Final Answer: Francesco Moser was between 25 and 29 years old when he rode for Sanson.",<num_years>
521,How old was Futabayama Sadaji when he achieved the rank of Yokozuna?,25,sumo,134,"To find out how old Futabayama Sadaji was when he achieved the rank of Yokozuna, we need to follow these steps:

1. Identify Futabayama Sadaji's birth year.
2. Identify the month and year when he became a Yokozuna.
3. Calculate his age at that time.

Step 1: From the personal information section, Futabayama Sadaji was born on February 9, 1912.

Step 2: The career information states that he achieved the highest rank of Yokozuna in May 1937.

Step 3: To calculate his age in May 1937, we subtract his birth year from the year he became Yokozuna:
1937 - 1912 = 25 years.

However, since his birthday is in February and he became Yokozuna in May, he had already turned 25 by the time he achieved this rank.

Therefore, Futabayama Sadaji was 25 years old when he achieved the rank of Yokozuna.

Final Answer: 25 years old",<num_years>
522,How old was Futabayama Sadaji when he made his debut?,15,sumo,134,"To find out how old Futabayama Sadaji was when he made his debut, we need to calculate the difference between his debut year and his birth year.

From the personal information section, we see that Futabayama Sadaji was born on February 9, 1912.

From the career section, we see that his debut was in March 1927.

Now, let's calculate the age:
1. From 1912 to 1926 is 14 years.
2. Since he debuted in March 1927, and his birthday is in February, he would have just turned 15 before the debut.

Therefore, Futabayama Sadaji was 15 years old when he made his debut.

Final Answer: Futabayama Sadaji was 15 years old when he made his debut.",<num_years>
523,How old was Futabayama Sadaji when he reached his highest rank?,25,sumo,134,"To find out how old Futabayama Sadaji was when he reached his highest rank, we need to determine two key pieces of information: his birth year and the year he achieved his highest rank.

1. From the personal information section, we see that Futabayama Sadaji was born on February 9, 1912.
2. The career section mentions that his highest rank, Yokozuna, was achieved in May 1937.

Now, let's calculate his age at this time:
- He was born in 1912.
- He became Yokozuna in 1937.

So, we subtract his birth year from the year he achieved his highest rank:
1937 - 1912 = 25 years.

Therefore, Futabayama Sadaji was 25 years old when he reached his highest rank.

Final Answer: 25 years old",<num_years>
524,How old was Futabayama Sadaji when he retired?,33,sumo,134,"To determine how old Futabayama Sadaji was when he retired, we need to find out his birth year and his retirement year.

1. From the personal information section, we see that Futabayama Sadaji was born on February 9, 1912.
2. In the career section, it's mentioned that he retired in November 1945.

Now, let's calculate his age at the time of retirement:
- He would have turned 34 years old in February 1946.
- Since he retired in November 1945, he had not yet turned 34.

Therefore, he was 33 years old when he retired.

Final Answer: Futabayama Sadaji was 33 years old when he retired.",<num_years>
525,How old was Gagan Ajit Singh when he began his senior career?,25,hockey,486,"To determine how old Gagan Ajit Singh was when he began his senior career, we need to follow these steps:

1. Identify the start of his senior career from the given information.
2. Calculate the age based on his birth year and the start year of his senior career.

Step 1: From the ""Senior career"" section, the earliest year mentioned is 2005 for HC Klein Zwitserland.

Step 2: The table provides Gagan Ajit Singh's birthdate as 9 December 1980. He started his senior career in 2005.

Now, let's calculate his age:
- His birthday falls in December, so he would turn 25 during his first year playing professionally if he started right at the beginning of 2005.
- Since his exact start date within 2005 isn't provided and typically players begin their careers sometime after their birthday in that calendar year, we can safely say he was 24 or turning 25 when he started his senior career.

Final Answer: Gagan Ajit Singh was 24 or turning 25 when he began his senior career.",<num_years>
526,How old was Gino Bartali when he joined his first professional team?,21,cycling,102,"To determine how old Gino Bartali was when he joined his first professional team, we need to follow these steps:

1. Identify the year Gino Bartali joined his first professional team.
2. Calculate his age based on his birth year.

Step 1: From the table, under ""Professional teams,"" the first entry is for 1935, which indicates that Fréjus was his first professional team.

Step 2: His birth year is given as 1914. To find out how old he was in 1935, we subtract his birth year from the year he joined his first professional team:
1935 - 1914 = 21

Final Answer: Gino Bartali was 21 years old when he joined his first professional team.",<num_years>
527,How old was Gino Bartali when he rode for the Fréjus team?,21,cycling,102,"To determine how old Gino Bartali was when he rode for the Fréjus team, we need to follow these steps:

1. Identify the year Bartali joined the Fréjus team.
   - From the table under ""Professional teams,"" it's mentioned that Bartali rode for Fréjus in 1935.

2. Find out Gino Bartali's birth year.
   - The ""Personal information"" section states his birth date as 18 July 1914.

3. Calculate his age in 1935.
   - Subtract his birth year from the year he joined Fréjus: 1935 - 1914 = 21 years old.

Therefore, Gino Bartali was 21 years old when he rode for the Fréjus team.

Final Answer: Gino Bartali was 21 years old when he rode for the Fréjus team.",<num_years>
528,How old was Haguroyama Masaji when he became a Yokozuna?,27,sumo,137,"To find out how old Haguroyama Masaji was when he became a Yokozuna, we need to follow these steps:

1. Identify his birth year.
2. Identify the year he became a Yokozuna.
3. Calculate the difference between these two years.

Step 1: From the table, we can see that Haguroyama Masaji was born on November 18, 1914.

Step 2: The table states that he achieved the rank of Yokozuna in May 1941.

Step 3: To calculate his age when he became a Yokozuna, we subtract his birth year from the year he became Yokozuna:
1941 - 1914 = 27 years

However, since his birthday is in November and he became a Yokozuna in May, he would have turned 27 later that year. Therefore, he was 26 years and 6 months old when he became a Yokozuna.

Final Answer: Haguroyama Masaji was 26 years and 6 months old when he became a Yokozuna.",<num_years>
529,How old was Haguroyama Masaji when he debuted?,20,sumo,137,"To determine how old Haguroyama Masaji was when he debuted, we need to follow these steps:

1. Identify his birth year from the personal information section.
2. Identify his debut year from the career section.
3. Calculate the difference between the debut year and the birth year.

Step 1: From the personal information section, we see that Haguroyama Masaji was born on November 18, 1914.

Step 2: From the career section, we learn that he made his debut in January, 1934.

Step 3: To calculate his age at the time of debut:
- He had just turned 19 years old since his birthday was in November and he debuted in January of the following year.

Therefore, Haguroyama Masaji was 19 years old when he debuted.

Final Answer: Haguroyama Masaji was 19 years old when he debuted.",<num_years>
530,How old was Harumafuji Kōhei during his debut?,17,sumo,139,"To determine how old Harumafuji Kōhei was when he debuted, we need to follow these steps:

1. Identify Harumafuji Kōhei's birth year from the personal information.
   - From the table, we see that Harumafuji Kōhei was born on April 14, 1984.

2. Identify the year of Harumafuji Kōhei's debut from the career information.
   - The table shows that Harumafuji Kōhei made his debut in January 2001.

3. Calculate Harumafuji Kōhei's age at the time of his debut.
   - To calculate his age, subtract his birth year from his debut year:
     2001 - 1984 = 17 years old

Since his birthday is in April and he debuted in January, he had not yet had his birthday for that year when he debuted. Therefore, he would have been turning 17 in the same year he debuted.

Final Answer: Harumafuji Kōhei was 16 years old during his debut.",<num_years>
531,On what date did the 1983 IBF World Championships end?,"May 8, 1983",sports event,1030,"To find out when the 1983 IBF World Championships ended, we need to look at the dates provided for this specific event.

From the table, under the ""Dates"" section, we can see that the event started on May 2, 1983, and ended on May 8, 1983.

Therefore, the 1983 IBF World Championships ended on May 8, 1983.

Final Answer: May 8, 1983","%B %d, %Y"
532,What is the time difference in hours between Florida and Colorado?,2,time zone,34,"To determine the time difference in hours between Florida and Colorado, we need to follow these steps:

1. Identify the time zones for both locations.
   - Florida typically observes Eastern Time Zone (ET).
   - Colorado falls within the Mountain Time Zone (MT).

2. Determine the UTC offsets for each location.
   - ET has a standard offset of UTC-05:00 and during Daylight Saving Time (DST), it shifts to UTC-04:00.
   - MT has a standard offset of UTC-07:00 and during DST, it shifts to UTC-06:00.

3. Compare the UTC offsets to find the difference.
   - In standard time, the difference is 2 hours (ET is UTC-05:00 and MT is UTC-07:00).
   - During DST, the difference is 1 hour (ET is UTC-04:00 and MT is UTC-06:00).

Since the question does not specify whether it's in standard time or DST, we will consider both cases:

Final Answer: The time difference between Florida and Colorado is either 1 hour or 2 hours, depending on whether Daylight Saving Time is being observed.",<num_hours>
533,How old was Harumafuji Kōhei when he made his debut?,17,sumo,139,"To determine how old Harumafuji Kōhei was when he made his debut, we need to find two key pieces of information from the provided table:

1. His birth year.
2. The year he debuted.

From the ""Personal information"" section:
- Born: April 14, 1984

From the ""Career"" section:
- Debut: January 2001

Now, let's calculate his age at the time of his debut:
- He was born in 1984 and debuted in 2001.
- Subtracting the birth year from the debut year gives us 2001 - 1984 = 17 years.

However, since his birthday is in April and he debuted in January, he had not yet celebrated his 18th birthday at the time of his debut.

Therefore, Harumafuji Kōhei was 17 years old when he made his debut.

Final Answer: Harumafuji Kōhei was 17 years old when he made his debut.",<num_years>
534,How old was Harumafuji Kōhei when he retired from sumo in 2017?,33,sumo,139,"To determine how old Harumafuji Kōhei was when he retired from sumo in 2017, we need to follow these steps:

1. Identify his birth year: According to the personal information section, Harumafuji Kōhei was born on April 14, 1984.
2. Identify his retirement year: The career section states that he retired on November 29, 2017.
3. Calculate his age at the time of retirement: To do this, subtract the birth year from the retirement year. 

Since he had already been born by the time of his retirement, we don't need to adjust for months and days in this context. So, 2017 - 1984 = 33 years.

However, since he retired in November and his birthday is in April, he would not have turned 33 until April 2018. Therefore, he was 33 years old at the time of his retirement but had not yet celebrated his birthday for that year.

Final Answer: Harumafuji Kōhei was 33 years old when he retired from sumo in 2017.",<num_years>
535,How many days later did Mardi Gras start in 2022 compared to 2021?,13,holiday,218,"To determine how many days later Mardi Gras started in 2022 compared to 2021, we need to follow these steps:

1. Identify the dates for Mardi Gras in 2021 and 2022.
2. Calculate the difference between these two dates.

Step 1: Identifying the dates:
- Mardi Gras in 2021 was on 16 February.
- Mardi Gras in 2022 was on 1 March.

Step 2: Calculating the difference:
- To calculate the number of days between these two dates, we can count the days remaining in February 2021 and add the day in March 2022.
- In 2021, February had 28 days (since it wasn't a leap year).
- Therefore, from February 16 to February 28, there were 12 days remaining in February.
- Adding the 1st of March brings the total to 13 days.

Thus, Mardi Gras started 13 days later in 2022 compared to 2021.

Final Answer: 13 days",<num_days>
536,How many days later did Yom Kippur start in 2022 compared to 2021?,19,holiday,208,"To find out how many days later Yom Kippur started in 2022 compared to 2021, we need to compare the dates provided for both years.

1. First, let's identify the start date for Yom Kippur in 2021:
   - The 2021 date is given as Sunset, 15 September - nightfall, 16 September.

2. Next, let's identify the start date for Yom Kippur in 2022:
   - The 2022 date is given as Sunset, 4 October - nightfall, 5 October.

3. Now, we calculate the number of days between these two dates:
   - From 15 September to 4 October:
     - There are 20 days from 15 September to 30 September.
     - Then there are 4 more days from 1 October to 4 October.
     - In total, this gives us 24 days.

Therefore, Yom Kippur started 24 days later in 2022 compared to 2021.

Final Answer: Yom Kippur started 24 days later in 2022 compared to 2021.",<num_days>
537,What is the time difference in hours between MST and MDT?,1,time zone,34,"To find the time difference in hours between MST (Mountain Standard Time) and MDT (Mountain Daylight Time), we need to look at their respective UTC offsets.

1. The UTC offset for MST is UTC-07:00.
2. The UTC offset for MDT is UTC-06:00.

The difference between these two offsets is one hour. Specifically, MST is one hour behind MDT because MDT has an earlier offset from UTC (i.e., -06:00) compared to MST (-07:00).

Final Answer: The time difference in hours between MST and MDT is 1 hour.",<num_hours>
538,How many days pass between Western Christianity's observance of Christmas and the Armenian Patriarchate of Jerusalem's observance?,25,holiday,211,"To find out how many days pass between Western Christianity's observance of Christmas and the Armenian Patriarchate of Jerusalem's observance, let's follow these steps:

1. Identify the dates for each observance:
   - Western Christianity: December 25
   - Armenian Patriarchate of Jerusalem: January 19 (O.S. Jan. 6)

2. Note that the question specifically asks about the observance of the Armenian Patriarchate of Jerusalem, which is on January 19 (O.S. Jan. 6).

3. Calculate the number of days from December 25 to January 19:
   - From December 25 to December 31: 6 days
   - Add January 1 to January 19: 19 days
   - Total: 6 + 19 = 25 days

Final Answer: 25 days",<num_days>
539,What is the time difference in hours between NST and NDT?,1,time zone,35,"To find the time difference in hours between NST (Newfoundland Standard Time) and NDT (Newfoundland Daylight Time), we need to look at their UTC offsets:

1. NST has a UTC offset of UTC−03:30.
2. NDT has a UTC offset of UTC−02:30.

The difference between these two offsets can be calculated as follows:

- The difference in hours: |-02:30| - |-03:30| = 1 hour.

This means that NDT is always 1 hour ahead of NST.

Final Answer: The time difference in hours between NST and NDT is 1 hour.",<num_hours>
540,How many days were between Dev's Test debut and his ODI debut?,15,cricket,52,"To find out how many days were between Dev's Test debut and his ODI debut, we need to follow these steps:

1. Identify the dates of both debuts.
2. Calculate the difference between these two dates.

Step 1: Identifying the dates:
- Test debut: 16 October 1978
- ODI debut: 1 October 1978

Step 2: Calculating the difference:
- The Test debut was on 16 October 1978.
- The ODI debut was on 1 October 1978.
- There are 15 days between 1 October and 16 October.

Therefore, the number of days between Dev's Test debut and his ODI debut is 15 days.

Final Answer: 15 days",<num_days>
541,How many days were there between the semifinals and finals at the 2019 World Aquatics Championships?,1,sports event,1032,"To find out how many days were there between the semifinals and finals at the 2019 World Aquatics Championships for the Women's 200 metre breaststroke, we need to look at the dates provided in the table.

The heats and semifinals took place on 25 July.
The final was held on 26 July.

Now, let's calculate the difference:
- Final day: 26 July
- Semifinal day: 25 July
Difference = 26 - 25 = 1 day

Therefore, the semifinals and finals were held one day apart.

Final Answer: There was 1 day between the semifinals and finals at the 2019 World Aquatics Championships.",<num_days>
542,How many days were there between the Western and Eastern Easter dates in 2022?,7,holiday,217,"To find out how many days were between the Western and Eastern Easter dates in 2022, we need to:

1. Identify the dates for both the Western and Eastern celebrations of Easter in 2022 from the table.
2. Calculate the difference between these two dates.

Step 1: Identifying the dates
- The Western Easter date in 2022 was April 17.
- The Eastern Easter date in 2022 was April 24.

Step 2: Calculating the difference
- To calculate the difference between April 17 and April 24:
  - We can simply subtract the smaller date from the larger date since they're in the same month.
  - 24 - 17 = 7

Therefore, the number of days between the Western and Eastern Easter dates in 2022 is 7 days.

Final Answer: 7 days",<num_days>
543,How many days would separate Western and Eastern holiday dates if they occurred in the same year?,3,holiday,212,"To determine how many days separate the Western and Eastern Good Friday dates in the same year, we need to compare the dates provided for both traditions:

- For 2021:
  - Western: April 2
  - Eastern: April 30
- For 2022:
  - Western: April 15
  - Eastern: April 22
- For 2023:
  - Western: April 7
  - Eastern: April 14
- For 2024:
  - Western: March 29
  - Eastern: May 3

We will calculate the difference between these dates for each year:

1. 2021: 
   - April 30 - April 2 = 28 days (since April has 30 days, subtracting 2 from 30 gives 28)

2. 2022:
   - April 22 - April 15 = 7 days

3. 2023:
   - April 14 - April 7 = 7 days

4. 2024:
   - May 3 - March 29
     - First, count the remaining days in March after the 29th: 31 - 29 = 2 days
     - Then add the full month of April: 30 days
     - Finally, add the days in May before the 3rd: 3 days
     - Total: 2 + 30 + 3 = 35 days

From the calculations above, the differences in days between Western and Eastern Good Friday dates range from 7 to 28 days, with the largest gap being 35 days in 2024.

Final Answer: The maximum number of days separating the Western and Eastern Good Friday dates in the same year is 35 days.",<num_days>
544,On what date did the heats of the Women's 200 metre breaststroke take place at the 2019 World Aquatics Championships?,"July 25, 2019",sports event,1032,"The question asks for the date when the heats of the Women's 200 metre breaststroke took place during the 2019 World Aquatics Championships.

From the information provided in the table under the section describing the event details, we can see:
- The dates for the heats, semifinals, and final are given together.
- It states: ""Dates	25 July (heats and semifinals) | 26 July (final)""

This means that the heats and semifinals both occurred on 25 July, while the final was held on 26 July.

Final Answer: The heats of the Women's 200 metre breaststroke took place on 25 July 2019.","%B %d, %Y"
545,On what date did the finals of the Women's 200 metre breaststroke take place at the 2019 World Aquatics Championships?,"July 26, 2019",sports event,1032,"The question asks for the date when the finals of the Women's 200 metre breaststroke took place at the 2019 World Aquatics Championships.

From the information provided in the table under ""Dates"", we see:
- The heats and semifinals were on 25 July.
- The final was on 26 July.

Therefore, the finals took place on 26 July.

Final Answer: 26 July","%B %d, %Y"
546,How old was Jacques Anquetil the year he medaled in Helsinki?,18,cycling,636,"To find out how old Jacques Anquetil was when he won the bronze medal in the 1952 Helsinki Olympics, we need to follow these steps:

1. Identify his birth year from the table.
2. Subtract his birth year from the year he won the medal.

Step 1: From the table, we can see that Jacques Anquetil was born on January 8, 1934.

Step 2: He won the bronze medal in 1952. To calculate his age in 1952:
1952 - 1934 = 18 years old

Therefore, Jacques Anquetil was 18 years old when he medaled in Helsinki.

Final Answer: 18",<num_years>
547,How old was Jacques Anquetil when he began riding professionally?,19,cycling,636,"To determine how old Jacques Anquetil was when he began riding professionally, we need to follow these steps:

1. Identify Jacques Anquetil's birth year from the personal information.
2. Find the year he started his professional career from the team information section.

Step 1: From the ""Personal information"" section, we see that Jacques Anquetil was born on January 8, 1934.

Step 2: In the ""Team information"" section, under ""Professional teams,"" the first entry is for the period 1953-1955, which indicates that this was the start of his professional career with the team La Perle.

Now we can calculate his age:
- He was born in 1934.
- He began his professional career in 1953.

Therefore, he was 19 years old when he started riding professionally (1953 - 1934 = 19).

Final Answer: Jacques Anquetil was 19 years old when he began riding professionally.",<num_years>
548,Over how many days did the 1983 IBF World Championships take place?,7,sports event,1030,"To determine the number of days the 1983 IBF World Championships took place, we need to look at the dates provided for the event.

The dates given are:
- Start date: May 2, 1983
- End date: May 8, 1983

We can calculate the duration by counting from the start date to the end date, inclusive.

Counting each day:
- Day 1: May 2
- Day 2: May 3
- Day 3: May 4
- Day 4: May 5
- Day 5: May 6
- Day 6: May 7
- Day 7: May 8

Therefore, the event lasted for 7 days.

Final Answer: The 1983 IBF World Championships took place over 7 days.",<num_days>
549,How many months ago did the first system form in 2005?,210,cyclone,1091,"The first system of the 2005 Atlantic hurricane season formed on June 8, 2005. The current date we're considering is December, 2022. 

To find out how many months have passed since June 8, 2005, to December, 2022, we can follow these steps:
1. Calculate the number of years between June 8, 2005, and December, 2022.
   - From June 8, 2005, to June 8, 2022, is exactly 17 years.
   - From June 8, 2022, to December, 2022, is approximately 6 months.

2. Convert the years into months and add the remaining months.
   - 17 years = 17 * 12 = 204 months.
   - Adding the additional 6 months gives us 204 + 6 = 210 months.

Therefore, the first system formed in 2005 was 210 months ago from December, 2022.

Final Answer: 210 months",<num_months>
550,What is the time difference in hours between the Atlantic Time Zone and Florida?,1,time zone,33,"To determine the time difference between the Atlantic Time Zone and Florida, we need to follow these steps:

1. Identify the time zone of Florida.
2. Determine the UTC offset for both the Atlantic Time Zone and Florida.
3. Calculate the difference between these two offsets.

Step 1: Identify the time zone of Florida.
- Florida generally observes Eastern Standard Time (EST) or Eastern Daylight Time (EDT).

Step 2: Determine the UTC offset for both the Atlantic Time Zone and Florida.
- The Atlantic Time Zone has a standard time of AST (UTC−04:00) and a daylight saving time of ADT (UTC−03:00).
- Florida's EST is UTC−05:00 and EDT is UTC−04:00.

Step 3: Calculate the difference between these two offsets.
- For standard time:
  - Atlantic Time Zone (AST): UTC−04:00
  - Florida (EST): UTC−05:00
  - Difference: |(UTC−04:00) − (UTC−05:00)| = 1 hour
- For daylight saving time:
  - Atlantic Time Zone (ADT): UTC−03:00
  - Florida (EDT): UTC−04:00
  - Difference: |(UTC−03:00) − (UTC−04:00)| = 1 hour

In both cases, whether it's standard time or daylight saving time, the time difference between the Atlantic Time Zone and Florida is 1 hour.

Final Answer: The time difference in hours between the Atlantic Time Zone and Florida is 1 hour.",<num_hours>
551,How many months ago did the last system dissipate in 2002?,242,cyclone,1090,"The last system of the 2002 Atlantic hurricane season dissipated on October 16, 2002. We need to calculate how many months have passed from October 2002 to December 2022.

1. Calculate the number of years between October 2002 and December 2022:
   - From October 2002 to October 2022 is exactly 20 years.
   - From October 2022 to December 2022 is 2 more months.

2. Convert the total time into months:
   - 20 years = 20 * 12 months/year = 240 months
   - Adding the additional 2 months gives us 240 + 2 = 242 months.

Therefore, the last system dissipated 242 months ago.

Final Answer: 242",<num_months>
552,How old was Jayasuriya when he started playing for Bloomfield?,25,cricket,56,"To determine how old Jayasuriya was when he started playing for Bloomfield, we need to follow these steps:

1. Identify the year Jayasuriya started playing for Bloomfield.
   - From the domestic team information section, we see that Jayasuriya played for Bloomfield from 1994 to 2011.

2. Determine Jayasuriya's birth year.
   - The personal information section states that Jayasuriya was born on 30 June 1969.

3. Calculate Jayasuriya's age when he started playing for Bloomfield.
   - Subtract his birth year from the year he started playing for Bloomfield:
     1994 - 1969 = 25 years old

Therefore, Jayasuriya was 25 years old when he started playing for Bloomfield.

Final Answer: 25",<num_years>
553,What is the time difference in months between the fatality map and the confirmed cases map?,22,disease,1203,"To find the time difference in months between the two maps mentioned, we need to identify the dates associated with each map.

1. The first map is described as ""Deaths per 100,000 residents by department up to July 2020.""
   - This indicates that the data for this map is up to July 2020.

2. The second map is described as ""Map of positive tests by regions as of 5 May 2022.""
   - This indicates that the data for this map is as of 5 May 2022.

Next, we calculate the time difference between these two dates:
- From July 2020 to May 2022 is a period spanning over 2 years minus 2 months (since May is 2 months before July).

Therefore, the total time difference is:
- 2 years = 24 months
- Subtract 2 months (from July to May)

24 months - 2 months = 22 months

Final Answer: The time difference in months between the fatality map and the confirmed cases map is 22 months.",<num_months>
554,What is the year difference between the Prague and Sofia Judo Championships?,2,sports event,200,"To find the year difference between the Prague and Sofia Judo Championships mentioned in the text, we need to follow these steps:

1. Identify the years of the Prague and Sofia Judo Championships.
2. Calculate the difference between those two years.

Step 1: Identifying the Years
- The text states ""← Prague 2020 | Sofia 2022 →"". This indicates that the Prague championship was held in 2020, and the Sofia championship was held in 2022.

Step 2: Calculating the Difference
- We have the years for both championships: Prague 2020 and Sofia 2022.
- To calculate the difference, subtract the earlier year from the later year:
  2022 - 2020 = 2

Final Answer: The year difference between the Prague and Sofia Judo Championships is 2 years.",<num_years>
555,What month and day is one week before Halloween?,October 24,holiday,213,"Halloween is observed on October 31st. To find out what date is one week before Halloween, we need to subtract 7 days from October 31st.

If we subtract 7 days from October 31st, we get:

October 31 - 7 days = October 24

Therefore, the month and day one week before Halloween is October 24th.

Final Answer: October 24",%B %d
556,How many months ago was 3 Tevet celebrated in 2021?,12,holiday,207,"To determine how many months ago 3 Tevet was celebrated in 2021 from December 2022, we need to follow these steps:

1. Identify the dates when 3 Tevet occurred in 2021.
2. Calculate the time difference between those dates and December 2022.
3. Convert that time difference into months.

Step 1: From the table, we see that 3 Tevet in 2021 corresponds to 6 December (nightfall).

Step 2: The time difference between 6 December 2021 and December 2022 is exactly 1 year.

Step 3: Since 1 year equals 12 months, the celebration of 3 Tevet in 2021 was 12 months ago from December 2022.

Final Answer: 12 months",<num_months>
557,How many months ago was the Federal Defence Forces of Germany founded?,805,army,1118,"To determine how many months ago the Federal Defence Forces of Germany were founded, we need to follow these steps:

1. Identify the founding date of the Federal Defence Forces of Germany from the table.
2. Calculate the time difference between the founding date and the current date (December 2022).
3. Convert the time difference into months.

Step 1: The founding date is given as 12 November 1955.

Step 2: Calculate the time difference:
- Current date: December 2022
- Founding date: 12 November 1955
The time difference is 67 years and approximately 1 month (from November to December).

Step 3: Convert the time difference into months:
- 67 years * 12 months/year = 804 months
- Add 1 month for the remaining time
Total: 804 + 1 = 805 months

Final Answer: The Federal Defence Forces of Germany were founded 805 months ago.",<num_months>
558,What month and day was the 18th of Tishrei celebrated in 2021?,September 23,holiday,219,"To determine the month and day Sukkot's 18th of Tishrei was celebrated in 2021, we'll follow these steps:

1. Identify the relevant information from the table:
   The table provides specific dates for Sukkot in 2021.

2. Locate the 2021 date range:
   The 2021 date range given is ""Sunset, 20 September - | nightfall, 27 September | (28 September outside of Israel)""

3. Understand the structure of the date range:
   The date range starts on the 15th of Tishrei, which corresponds to the evening of September 20, and ends on the 21st of Tishrei, which corresponds to the evening of September 27 (or September 28 outside of Israel).

4. Match the 18th of Tishrei to the Gregorian calendar:
   Since the holiday lasts for seven days, starting on the evening of September 20, we can count forward six days to find the 18th of Tishrei.
   
5. Calculate the date:
   Starting from September 20, if we add six days, we get to September 26.

Therefore, the 18th of Tishrei in 2021 was celebrated on September 26.

Final Answer: September 26",%B %d
559,What time is it in Florida if it's 8:40 in the Atlantic Time Zone?,7:40,time zone,33,"First, let's identify what we know from the provided information:
- The current time given for the Atlantic Time Zone (AST) is 08:40 on 28 June 2022.
- Florida operates under Eastern Time Zone (ET), which is one hour ahead of Atlantic Standard Time (AST).
- Since there is no mention of Daylight Saving Time (DST) being currently active for the location in question, we will assume standard times are in effect.

Step 1: Determine the difference between AST and ET.
The difference between AST and ET is +1 hour (ET is ahead).

Step 2: Apply the time difference to the given time.
If it is 08:40 in AST, adding 1 hour for ET would make it 09:40.

Therefore, the time in Florida when it's 08:40 in the Atlantic Time Zone is 09:40.

Final Answer: 09:40",H:MM
560,Over how many days did the 1995 Atlantic hurricane season last?,153,cyclone,1089,"To determine how many days the 1995 Atlantic hurricane season lasted, we need to calculate the difference between the dates when the first and last systems were observed.

1. The first system formed on June 2, 1995.
2. The last system dissipated on November 1, 1995.

We'll count the number of days from June 2 to November 1:

- June has 30 days. From June 2 to June 30 is 29 days.
- July has 31 days.
- August has 31 days.
- September has 30 days.
- October has 31 days.
- November 1 is the first day of November.

Adding these up:
29 (remaining days in June) + 31 (July) + 31 (August) + 30 (September) + 31 (October) + 1 (November 1) = 153 days

Therefore, the 1995 Atlantic hurricane season lasted for 153 days.

Final Answer: The 1995 Atlantic hurricane season lasted for 153 days.",<num_days>
561,How many months ago was the Israel Defense Forces founded?,895,army,1119,"To determine how many months ago the Israel Defense Forces were founded, we need to follow these steps:

1. Identify the founding date of the Israel Defense Forces from the given information.
2. Calculate the time difference between the founding date and the current date (December 2022).
3. Convert this time difference into months.

Step 1: The founding date of the Israel Defense Forces is given as 26 May 1948.

Step 2: We need to calculate the number of months from May 26, 1948, to December 2022. 
- From May 26, 1948, to December 2022 is 74 years and 6 months and 26 days (as of December 2022).
- Since we're asked for months, we'll convert the years into months first:
  - 74 years = 74 * 12 = 888 months
  - Adding the additional 6 months gives us 888 + 6 = 894 months
  - Days are not relevant for a precise month count in this context.

Step 3: The result from Step 2 gives us the total number of months since the founding of the IDF.

Final Answer: The Israel Defense Forces were founded 894 months ago.",<num_months>
562,How old was Jenson Button when he achieved his best finish in the 2018 Super GT GT500 Championship?,38,f1,0,"To find out how old Jenson Button was when he achieved his best finish in the 2018 Super GT GT500 Championship, we need to follow these steps:

1. Identify the year of Jenson Button's best finish in the Super GT GT500 Championship.
   - The table states that his best finish was ""1st in 2018"".

2. Determine Jenson Button's birth year.
   - According to the ""Born"" section, Jenson Button was born on ""19 January 1980"".

3. Calculate Jenson Button's age in 2018.
   - Subtract his birth year from the year of his best finish:
     2018 - 1980 = 38

Therefore, Jenson Button was 38 years old when he achieved his best finish in the 2018 Super GT GT500 Championship.

Final Answer: 38",<num_years>
563,What time is it in the Atlantic Time Zone if it's 10:00 in California?,2:00,time zone,33,"To solve this problem, we need to follow these steps:

1. Identify the time difference between California and the Atlantic Time Zone.
2. Determine whether Daylight Saving Time (DST) applies to either location.
3. Calculate the time in the Atlantic Time Zone based on the given time in California.

Step 1: Identifying the time difference
- California typically follows Pacific Time Zone (PT), which has a UTC offset of UTC-07:00 during Standard Time and UTC-06:00 during Daylight Saving Time.
- The Atlantic Time Zone has a UTC offset of UTC-04:00 during Standard Time (AST) and UTC-03:00 during Daylight Saving Time (ADT).

Step 2: Determining DST
- As of December 2022, California is not observing Daylight Saving Time, so it follows Pacific Standard Time (PST).
- However, the provided table indicates that Daylight Saving Time is observed in parts of the Atlantic Time Zone. We do not know the exact region or if it's currently observing DST.

Since we're dealing with a specific date (June 28, 2022) and not the current date (December 2022), let's consider the information provided for June 28:
- On June 28, 2022, the Atlantic Time Zone would be observing Daylight Saving Time (ADT), with a UTC offset of UTC-03:00.

Step 3: Calculating the time
- The difference between PST and ADT is 4 hours (UTC-07:00 to UTC-03:00).
- If it's 10:00 in California (PST), we add the 4-hour difference to get the time in the Atlantic Time Zone during DST.

10:00 AM + 4 hours = 2:00 PM

Final Answer: It would be 2:00 PM in the Atlantic Time Zone when it's 10:00 AM in California on June 28, 2022.",H:MM
564,How old was Jenson Button when he began his professional career?,20,f1,0,"To determine how old Jenson Button was when he began his professional career, we need to focus on two pieces of information from the provided data:
1. Jenson Button's birth date.
2. The start of his Formula One World Championship career.

From the ""Born"" section, we learn that Jenson Button was born on 19 January 1980.

From the ""Formula One World Championship career"" section, under ""Active years"", it states that his active years were from 2000 to 2017.

Since his active years in Formula One started in 2000, we can calculate his age at the beginning of his professional career by subtracting his birth year from the start year of his career.

2000 - 1980 = 20 years old

Therefore, Jenson Button was 20 years old when he began his professional career.

Final Answer: Jenson Button was 20 years old when he began his professional career.",<num_years>
565,What was Jenson Button's age when he won the Super GT GT500 Championship?,38,f1,0,"To find out Jenson Button's age when he won the Super GT GT500 Championship, we need to follow these steps:

1. Identify the year Jenson Button won the Super GT GT500 Championship.
2. Determine Jenson Button's birth year.
3. Calculate his age in the year he won the championship.

Step 1: The information provided states that Jenson Button won the Super GT GT500 Championship in the 2018 season.

Step 2: According to the 'Born' section of the table, Jenson Button was born on 19 January 1980.

Step 3: To calculate Jenson Button's age in 2018, subtract his birth year from the year he won the championship:
2018 - 1980 = 38

Final Answer: Jenson Button was 38 years old when he won the Super GT GT500 Championship.",<num_years>
566,How old was Jenson Button when he began his racing career?,20,f1,259,"To determine how old Jenson Button was when he began his racing career, we need to find out two key pieces of information: his birth year and the year he started his Formula One career.

1. From the ""Born"" section of the table, we can see that Jenson Button's birth year is 1980.
   
2. In the ""Formula One World Championship career"" section, the ""Active years"" field shows that his active years in Formula One were from 2000 to 2017. The earliest year mentioned for his entries into races is 2000, which can be considered the start of his Formula One career.

Therefore, to find out how old he was when he began his racing career:
- Subtract his birth year from the year he started his Formula One career: 2000 - 1980 = 20

Final Answer: Jenson Button was 20 years old when he began his racing career.",<num_years>
567,How many months ago were there 215263 confirmed cases?,14,disease,1204,"To find out how many months ago there were 215,263 confirmed cases, we need to follow these steps:

1. Identify the date when there were 215,263 confirmed cases.
2. Calculate the time difference between that date and the current date (December 2022).

Step 1: According to the table, the number of confirmed cases was 215,263 as of 25 October 2021.

Step 2: Calculate the time difference:
- From 25 October 2021 to 25 October 2022 is exactly 12 months.
- From 25 October 2022 to December 2022 is approximately 1.5 months (depending on whether you consider it from the start or end of the month).
- Therefore, from 25 October 2021 to December 2022 is approximately 13.5 months.

Since we typically round down for such calculations unless otherwise specified, we can say it's been about 13 months since there were 215,263 confirmed cases.

Final Answer: 13 months",<num_months>
568,On what date was the Maori Underway completed?,"November 30, 1938",ship,1111,"The question asks for the date when the Maori was completed. From the table provided under the ""History"" section, we can find the completion date listed as:

Completed	30 November 1938

Therefore, the Maori was completed on 30 November 1938.

Final Answer: The Maori was completed on 30 November 1938.","%B %d, %Y"
569,On what date was the Maori Underway launched?,"September 2, 1937",ship,1111,"The question asks for the launch date of the ship named Maori. From the ""History"" section of the provided information, there is a row labeled ""Launched"" which corresponds to the date when the ship was launched. The value associated with this row is ""2 September 1937"".

Therefore, the Maori was launched on 2 September 1937.

Final Answer: 2 September 1937","%B %d, %Y"
570,Over how many days did the 2005 Atlantic hurricane season last?,213,cyclone,1091,"To determine how many days the 2005 Atlantic hurricane season lasted, we need to calculate the number of days between its start and end dates.

From the table:
- The first system formed on June 8, 2005.
- The last system dissipated on January 6, 2006.

Let's break this down month by month:

1. From June 8 to June 30, 2005: 
   - Total days = 30 - 8 + 1 = 23 days

2. July 2005: 31 days
3. August 2005: 31 days
4. September 2005: 30 days
5. October 2005: 31 days
6. November 2005: 30 days
7. December 2005: 31 days
8. January 1 to January 6, 2006: 6 days

Now let's sum up all these days:
23 + 31 + 31 + 30 + 31 + 30 + 31 + 6 = 213 days

Therefore, the 2005 Atlantic hurricane season lasted for 213 days.

Final Answer: 213 days",<num_days>
571,How many months before his 14th birthday did Obata make his debut?,4,sumo,148,"To find out how many months before his 14th birthday Obata made his debut, we need to follow these steps:

1. Identify Obata's birth date from the personal information.
2. Calculate his 14th birthday.
3. Determine the month and year of his sumo debut.
4. Calculate the difference between his 14th birthday and his debut date in terms of months.

Step 1: From the personal information section, we know that Toshimitsu Obata was born on May 16, 1953.

Step 2: His 14th birthday would be 14 years after his birth date, which means it would be May 16, 1967.

Step 3: According to the career information, his sumo debut was in January 1967.

Step 4: Now, let's calculate the time difference:
- From January 1967 to May 16, 1967 is approximately 4 months and 16 days.
Since we're asked for the number of months, we'll consider this as approximately 4 months.

Therefore, Obata made his debut approximately 4 months before his 14th birthday.

Final Answer: 4 months",<num_months>
572,Over how many days did the Elliot 6m event at the 2011 ISAF Sailing World Championships last?,14,sports event,201,"To find out over how many days the Elliot 6m event lasted, we need to look at the dates provided for the 2011 ISAF Sailing World Championships.

The table states that the dates were 3-16 December.

Step 1: Identify the start date - 3rd of December.
Step 2: Identify the end date - 16th of December.
Step 3: Calculate the number of days between these two dates, inclusive.

From the 3rd to the 16th:
- On the 3rd, it's day 1.
- The event continues through to the 16th, which is the last day.

To count the total number of days, you can subtract the smaller number from the larger one and add 1:
16 - 3 = 13
13 + 1 = 14

Therefore, the event lasted for 14 days.

Final Answer: The Elliot 6m event at the 2011 ISAF Sailing World Championships lasted for 14 days.",<num_days>
573,How old was Joel Makin when he won a bronze medal at the World Team Championships?,25,squash,107,"To determine how old Joel Makin was when he won a bronze medal at the World Team Championships, we need to follow these steps:

1. Identify the year Joel Makin won the bronze medal.
   - According to the table, Joel Makin won a bronze medal in 2019.

2. Determine Joel Makin's birth year.
   - The table states that Joel Makin was born on 27 October 1994.

3. Calculate Joel Makin's age in 2019.
   - In 2019, Joel would have turned 25 years old since he was born in 1994 and the event took place in December 2019.

Final Answer: Joel Makin was 25 years old when he won a bronze medal at the World Team Championships.",<num_years>
574,On what date was the Maori Underway laid down?,"July 6, 1936",ship,1111,"The question asks for the date when the ship ""Maori"" was laid down. From the information provided in the table under the ""History"" section, we can find this detail directly:

""Laid down: 6 July 1936""

Therefore, the Maori was laid down on 6 July 1936.

Final Answer: The Maori was laid down on 6 July 1936.","%B %d, %Y"
575,How old was Joel Makin when he won a bronze medal?,25,squash,107,"To determine how old Joel Makin was when he won a bronze medal, we need to follow these steps:

1. Identify the year Joel Makin won the bronze medal.
2. Determine Joel Makin's birth year from his age information.
3. Calculate his age at the time of winning the bronze medal.

Step 1: The World Team Championships section states that Joel Makin won a bronze medal in 2019.

Step 2: From the 'Born' row, we know Joel Makin was born on 27 October 1994.

Step 3: To find out how old Joel Makin was in 2019, we subtract his birth year from the year he won the medal:
2019 - 1994 = 25 years old

However, we need to consider if he had already had his birthday in 2019. Since his birthday is on October 27th, and the bronze medal was won in 2019, he would have turned 25 before winning the medal. Therefore, he was 25 years old when he won the bronze medal.

Final Answer: Joel Makin was 25 years old when he won a bronze medal.",<num_years>
576,How old was Jorge Lombi when he won a Champions Challenge bronze medal?,30,hockey,680,"To determine how old Jorge Lombi was when he won a Champions Challenge bronze medal, we need to follow these steps:

1. Identify the year when Jorge Lombi won the Champions Challenge bronze medal.
   - From the Champions Challenge section, we see that Jorge Lombi won a bronze medal in 2001.

2. Find out Jorge Lombi's birth year.
   - According to the Personal Information section, Jorge Lombi was born on November 1, 1971.

3. Calculate his age at the time of winning the bronze medal.
   - Since the event took place in 2001 and he was born in 1971, we subtract the birth year from the year of the event:
     2001 - 1971 = 30 years.

4. Consider whether Jorge had already had his birthday in 2001.
   - The Champions Challenge event took place in Kuala Lumpur in 2001, but we don't have the exact month and day for this event.
   - Assuming the event occurred after November 1st (his birthday), he would still be 30 years old during the event.

Final Answer: Jorge Lombi was 30 years old when he won a Champions Challenge bronze medal.",<num_years>
577,How old was Jorge Lombi when he won at the 1995 Pan American Games?,24,hockey,680,"To find out how old Jorge Lombi was when he won the gold medal at the 1995 Pan American Games, we need to follow these steps:

1. Identify Jorge Lombi's birth year from the personal information.
   - From the ""Personal information"" section, we see that Jorge Lombi was born on November 1, 1971.

2. Determine the year of the 1995 Pan American Games victory.
   - The ""Pan American Games"" section lists his achievements, including a ""Gold medal - first place | 1995 Mar del Plata | Team"".

3. Calculate Jorge Lombi's age during the 1995 Pan American Games.
   - He was born in 1971 and won the gold medal in 1995.
   - To calculate his age, subtract his birth year from the year of the event:
     1995 - 1971 = 24 years old.

However, since his birthday is on November 1st, and the Pan American Games were held in July (Mar del Plata), he would have already had his birthday before the games took place. Therefore, he was exactly 24 years old when he won the gold medal at the 1995 Pan American Games.

Final Answer: Jorge Lombi was 24 years old when he won the gold medal at the 1995 Pan American Games.",<num_years>
578,How many months before his 31st birthday did Daisuke Shiga retire?,6,sumo,169,"To solve this problem, we need to follow these steps:

1. Determine when Daisuke Shiga retired.
2. Calculate Daisuke Shiga's 31st birthday.
3. Calculate the time difference between retirement and the 31st birthday in months.

Step 1: According to the table, Daisuke Shiga (Tochiazuma Daisuke) retired in May 2007.

Step 2: We know Daisuke Shiga was born on November 9, 1976. His 31st birthday would be on November 9, 2007.

Step 3: We now need to calculate how many months before his 31st birthday he retired. He retired in May 2007 and his 31st birthday was in November 2007. The number of months between May and November is 6 months.

Therefore, Final Answer: Daisuke Shiga retired 6 months before his 31st birthday.",<num_months>
579,How old was Kaiō Hiroyuki during the year of his debut?,16,sumo,145,"To find out how old Kaiō Hiroyuki was during the year of his debut, we need to follow these steps:

1. Identify Kaiō Hiroyuki's birth year from the personal information.
2. Identify the year he debuted from the career information.
3. Subtract his birth year from his debut year.

Step 1: From the personal information, we see that Kaiō Hiroyuki was born on July 24, 1972.

Step 2: From the career information, we see that he debuted in March 1988.

Step 3: To calculate his age at the time of his debut:
- In 1988, he had not yet had his birthday in July, so he was still considered to be one year younger than if he had already celebrated his birthday.
- Therefore, his age at the time of his debut was 1988 - 1972 = 16 years old.

Final Answer: Kaiō Hiroyuki was 16 years old during the year of his debut.",<num_years>
580,"Over how many days did the heats, semifinals, and finals of the women's 100 metre breaststroke last at the 2016 FINA World Swimming Championships?",2,sports event,1031,"To determine over how many days the heats, semifinals, and finals of the women's 100 metre breaststroke lasted at the 2016 FINA World Swimming Championships, we need to look at the dates provided for each phase of the competition.

From the table, we see that:
- The heats and semifinals took place on 9 December.
- The final took place on 10 December.

Since there are two distinct dates mentioned, it means the competition spanned over two days.

Final Answer: The heats, semifinals, and finals of the women's 100 metre breaststroke lasted over 2 days.",<num_days>
581,Over how many days did the Men's doubles at the 1983 IBF World Championships last?,7,sports event,1030,"To determine the number of days the Men's doubles event lasted, we need to look at the start and end dates provided:

1. The event started on May 2, 1983.
2. The event ended on May 8, 1983.

To calculate the duration, we count from the start date to the end date inclusive:
- Day 1: May 2
- Day 2: May 3
- Day 3: May 4
- Day 4: May 5
- Day 5: May 6
- Day 6: May 7
- Day 7: May 8

Therefore, the event lasted for 7 days.

Final Answer: The Men's doubles event at the 1983 IBF World Championships lasted for 7 days.",<num_days>
582,How old was Kaiō Hiroyuki when he made his debut?,16,sumo,145,"To determine how old Kaiō Hiroyuki was when he made his debut, we need to follow these steps:

1. Identify Kaiō Hiroyuki's birth year from the personal information.
2. Identify the year of his sumo debut.
3. Subtract the birth year from the debut year to find his age at debut.

Step 1: From the personal information section, we see that Kaiō Hiroyuki was born on 24 July 1972.

Step 2: According to the career section, his debut was in March 1988.

Step 3: To calculate his age at debut:
   - Debut year: 1988
   - Birth year: 1972
   - Age at debut = 1988 - 1972 = 16 years old

However, since his birthday is in July and he debuted in March, he would have turned 16 in July of that same year. Therefore, he made his debut when he was 15 years old.

Final Answer: Kaiō Hiroyuki was 15 years old when he made his debut.",<num_years>
583,How old was Kaiō Hiroyuki when he retired?,39,sumo,145,"To determine how old Kaiō Hiroyuki was when he retired, we need to follow these steps:

1. Identify Kaiō Hiroyuki's birth year from the personal information.
2. Identify the retirement year from his career details.
3. Subtract the birth year from the retirement year.

Step 1: From the personal information section, we see that Kaiō Hiroyuki was born on July 24, 1972.

Step 2: From the career section, it states that he retired in July 2011.

Step 3: To calculate his age at retirement:
   2011 - 1972 = 39 years old

However, since he retired in July and his birthday is also in July, he would have turned 39 right after his retirement. So, at the time of his retirement, he was 38 years old.

Final Answer: Kaiō Hiroyuki was 38 years old when he retired.",<num_years>
584,How old was Kimi Räikkönen when he started competing in 2001?,22,f1,344,"To determine how old Kimi Räikkönen was when he started competing in 2001, we need to follow these steps:

1. Identify Kimi Räikkönen's birth year from the provided information.
2. Calculate his age in 2001 using his birth year.

Step 1: From the table, we can see that Kimi Räikkönen's date of birth is given as 17 October 1979.

Step 2: To calculate his age in 2001:
- Subtract his birth year (1979) from the year he started competing (2001).
- 2001 - 1979 = 22

Therefore, Kimi Räikkönen was 22 years old when he started competing in 2001.

Final Answer: 22",<num_years>
585,How old was Kitanoumi Toshimitsu when he made his debut?,13,sumo,148,"To determine how old Kitanoumi Toshimitsu was when he made his debut, we need to follow these steps:

1. Identify Kitanoumi Toshimitsu's birth year from the personal information.
2. Identify the year of his sumo debut from the career details.
3. Subtract the birth year from the debut year to calculate his age at debut.

Step 1: From the personal information section, we see that Kitanoumi Toshimitsu was born on May 16, 1953.

Step 2: According to the career section, Kitanoumi Toshimitsu made his debut in January 1967.

Step 3: To find out his age at the time of debut, we subtract his birth year from his debut year:
1967 - 1953 = 14 years.

However, since he was born in May and debuted in January, he had already turned 14 by the time of his debut, making him effectively 14 years old when he made his debut.

Final Answer: Kitanoumi Toshimitsu was 14 years old when he made his debut.",<num_years>
586,How old was Kitanoumi Toshimitsu when he made his debut?,14,sumo,148,"To determine how old Kitanoumi Toshimitsu was when he made his debut, we need to find two pieces of information from the provided data:

1. His birth year.
2. The year he made his debut.

From the Personal Information section:
- Born: 1953-05-16

From the Career section:
- Debut: January 1967

Now let's calculate his age at the time of debut:
1. He was born in 1953.
2. He debuted in 1967.
3. To find out how old he was, we subtract his birth year from his debut year: 
   1967 - 1953 = 14

Therefore, Kitanoumi Toshimitsu was 14 years old when he made his debut.

Final Answer: Kitanoumi Toshimitsu was 14 years old when he made his debut.",<num_years>
587,How old was Kitanoumi Toshimitsu when he retired?,32,sumo,148,"To determine how old Kitanoumi Toshimitsu was when he retired, we need to find his retirement date and his birth year.

From the ""Personal information"" section:
- Born: May 16, 1953

From the ""Career"" section:
- Retired: January 1985

Now, let's calculate his age at the time of retirement.

Step 1: Calculate the difference between the years.
1985 - 1953 = 32 years

Step 2: Since he retired in January and his birthday is in May, he had not yet celebrated his birthday for that year when he retired. Therefore, he was 31 years old at the time of his retirement.

Final Answer: Kitanoumi Toshimitsu was 31 years old when he retired.",<num_years>
588,How old was Lombi when he won gold at the Pan American Games?,24,hockey,680,"To determine how old Jorge Lombi was when he won his first gold medal at the Pan American Games, we need to follow these steps:

1. Identify the earliest year Lombi won a gold medal at the Pan American Games.
2. Calculate his age in that year based on his birthdate.

Step 1: From the table, we see that Lombi won gold medals at the Pan American Games in 1995, 2003, and 2007. The earliest year he won gold was 1995.

Step 2: Lombi's birthdate is given as November 1, 1971. To calculate his age in 1995:
- In 1995, Lombi had already had his birthday since it was after November 1.
- Therefore, he was 1995 - 1971 = 24 years old.

Final Answer: Lombi was 24 years old when he won gold at the Pan American Games in 1995.",<num_years>
589,How many months before his 41st birthday did Aminishiki Ryūji retire?,3,sumo,180,"To find out how many months before his 41st birthday Aminishiki Ryūji retired, we need to follow these steps:

1. Identify his retirement date.
2. Calculate his 41st birthday.
3. Find the difference between his retirement date and his 41st birthday in months.

Step 1: Retirement date
According to the table, Aminishiki Ryūji retired in July, 2019.

Step 2: Calculate his 41st birthday
He was born on October 3, 1978. His 41st birthday would be October 3, 2019.

Step 3: Find the difference in months
Since he retired in July 2019 and his 41st birthday was in October 2019, there are 3 months between July and October.

Final Answer: Aminishiki Ryūji retired 3 months before his 41st birthday.",<num_months>
590,How old was Michael Schumacher when he won his last championship in 2004?,35,f1,345,"To find out how old Michael Schumacher was when he won his last championship in 2004, we need to follow these steps:

1. Identify Michael Schumacher's birth year from the given information.
2. Determine the year of his last championship.
3. Calculate his age by subtracting his birth year from the year of his last championship.

Step 1: From the ""Born"" row in the table, we see that Michael Schumacher was born on January 3, 1969.

Step 2: According to the ""Championships"" row in the table, Michael Schumacher's last championship was in 2004.

Step 3: To calculate his age in 2004:
Age = Year of last championship - Birth year
Age = 2004 - 1969
Age = 35

Final Answer: Michael Schumacher was 35 years old when he won his last championship in 2004.",<num_years>
591,How old was Moser when he first rode for Famcucine–Campagnolo?,30,cycling,101,"To find out how old Francesco Moser was when he first rode for Famcucine–Campagnolo, we need to follow these steps:

1. Identify the year Moser started riding for Famcucine–Campagnolo.
   - From the ""Professional teams"" section, we see that Moser rode for Famcucine–Campagnolo from 1981 to 1982.

2. Determine Moser's birth year.
   - The ""Personal information"" section states that Moser was born on June 19, 1951.

3. Calculate Moser's age when he joined Famcucine–Campagnolo.
   - He joined Famcucine–Campagnolo in 1981.
   - Subtract his birth year from the year he joined the team:
     1981 - 1951 = 30 years old

Therefore, Francesco Moser was 30 years old when he first rode for Famcucine–Campagnolo.

Final Answer: 30",<num_years>
592,"What was the current time on June 28, 2022, according to AST?",8:40 a.m.,time zone,33,"The question asks for the current time on June 28, 2022, according to AST (Atlantic Standard Time).

From the table, we can see under ""Current time"":
- The time given is ""08:40, 28 June 2022 AST"".

This directly provides the current time according to AST on the specified date.

Final Answer: The current time on June 28, 2022, according to AST was 08:40.",H:MM %p
593,How old was Patrese when his career began?,23,f1,261,"To determine how old Riccardo Patrese was when his Formula One career began, we need to follow these steps:

1. Identify Patrese's birth year from the information provided.
2. Identify the start of his Formula One career from the information given.
3. Calculate the difference between the two dates.

Step 1: From the ""Born"" section, we can see that Riccardo Patrese was born on 17 April 1954.

Step 2: According to the ""Formula One World Championship career"" section, his active years were from 1977 to 1993. Therefore, his career began in 1977.

Step 3: To calculate his age when his career started, subtract his birth year from the start of his career:
1977 - 1954 = 23

Therefore, Riccardo Patrese was 23 years old when his Formula One career began.

Final Answer: 23",<num_years>
594,How old was Pillay when he began his senior career?,24,hockey,485,"To determine how old Dhanraj Pillay was when he began his senior career, we need to follow these steps:

1. Identify Pillay's birth year from the personal information section of the table.
2. Identify the start year of his senior career from the senior career section of the table.
3. Subtract the birth year from the start year of his senior career.

Step 1: From the personal information section:
   - Full name: Dhanraj Pillay
   - Born: 16 July 1968

So, Pillay was born in 1968.

Step 2: From the senior career section:
   - The earliest year mentioned for his senior career is 1992-1993 with Indian Gymkhana.

Step 3: Calculate his age at the beginning of his senior career:
   - 1992 (start of senior career) - 1968 (birth year) = 24 years old

Therefore, Pillay was 24 years old when he began his senior career.

Final Answer: Pillay was 24 years old when he began his senior career.",<num_years>
595,How old was Pollock during his Test debut?,22,cricket,54,"To determine Shaun Pollock's age at his Test debut, we need to follow these steps:

1. Identify the date of his Test debut.
2. Find out when he was born.
3. Calculate the difference between these two dates.

Step 1: The date of his Test debut is given as 16 November 1995.

Step 2: His birth date is provided as 16 July 1973.

Step 3: To calculate his age on the day of his Test debut:
- From July 16, 1973, to July 16, 1995, is 22 years.
- Since his Test debut was on November 16, 1995, he had already turned 22 that year.

Therefore, Shaun Pollock was 22 years old during his Test debut.

Final Answer: Shaun Pollock was 22 years old during his Test debut.",<num_years>
596,How old was Räikkönen when he began his Formula One career?,22,f1,344,"To find out how old Kimi Räikkönen was when he began his Formula One career, we need to follow these steps:

1. Identify Räikkönen's birth date from the personal information.
2. Find the start year of his Formula One career from the ""Active years"" section.
3. Calculate his age at the beginning of his career.

Step 1: From the personal information, we can see that Räikkönen's birth date is 17 October 1979.

Step 2: The ""Active years"" section indicates that his Formula One career started in 2001.

Step 3: To calculate his age in 2001, we subtract his birth year (1979) from the start year of his career (2001):
2001 - 1979 = 22

Therefore, Kimi Räikkönen was 22 years old when he began his Formula One career.

Final Answer: 22",<num_years>
597,How old was Riccardo Gabriele Patrese when he began his career?,23,f1,261,"To determine how old Riccardo Gabriele Patrese was when he began his career, we need to follow these steps:

1. Identify Riccardo Patrese's birth year from the given information.
2. Determine the start year of his Formula One World Championship career.
3. Subtract the birth year from the start year of his career.

Step 1: From the ""Born"" section, we see that Riccardo Gabriele Patrese was born on 17 April 1954.

Step 2: In the ""Formula One World Championship career"" section, under ""Active years,"" it states that his active years were from 1977 to 1993. This indicates that his career started in 1977.

Step 3: To calculate his age when he began his career, subtract his birth year from the start year of his career:
1977 - 1954 = 23

Therefore, Riccardo Gabriele Patrese was 23 years old when he began his career.

Final Answer: Riccardo Gabriele Patrese was 23 years old when he began his career.",<num_years>
598,How many months did it take for HMS Montrose to be commissioned after its launch in 2005?,23,ship,222,"First, let's identify the relevant information from the table:
- The ship was launched on 31 July 1992.
- It was commissioned on 2 June 1994.

However, there seems to be a discrepancy in the question. The table does not mention any launch date in 2005. Instead, it states that HMS Montrose was launched in 1992 and commissioned in 1994.

To calculate the number of months between the launch and commissioning, we need to count the months from July 1992 to June 1994:

1. From July 1992 to June 1993: 12 months
2. From July 1993 to June 1994: another 12 months

Therefore, the total time taken from launch to commissioning is 24 months.

Since the question asks about a launch in 2005, which doesn't align with the data provided, I'll provide the answer based on the correct dates given in the table.

Final Answer: It took 24 months for HMS Montrose to be commissioned after its launch in 1992.",<num_months>
599,How old was Roger De Vlaeminck when he won the Tour de France in 1970?,23,cycling,637,"To find out how old Roger De Vlaeminck was when he won the Tour de France in 1970, we need to follow these steps:

1. Identify Roger De Vlaeminck's birth year from the personal information.
2. Calculate his age in 1970 based on the birth year.

Step 1: From the table, we see that Roger De Vlaeminck's birth year is 1947.

Step 2: To calculate his age in 1970:
Age = Year of event - Birth year
Age = 1970 - 1947
Age = 23

Final Answer: Roger De Vlaeminck was 23 years old when he won the Tour de France in 1970.",<num_years>
600,What was the first year Jenson Button was active?,2000,f1,259,"The question asks for the first year Jenson Button was active in Formula One. 

From the information provided in the ""Formula One World Championship career"" section of the table, we can see that his ""Active years"" are listed as 2000-2017.

Therefore, the first year Jenson Button was active is 2000.

Final Answer: 2000",yyyy
601,How old was Rubens Barrichello when he won his last Grand Prix?,37,f1,51,"To determine how old Rubens Barrichello was when he won his last Grand Prix, we need to follow these steps:

1. Identify the date of his last Grand Prix win.
2. Calculate his age on that date.

Step 1: Identifying the date of his last Grand Prix win:
From the Formula One World Championship career section, we can see that his last win was the 2009 Italian Grand Prix.

Step 2: Calculating his age on that date:
We know from the Nationality/Born section that Rubens Barrichello was born on 23 May 1972.
The 2009 Italian Grand Prix would have taken place in September/October 2009.
By subtracting his birth year from the year of his last win, we get:
2009 - 1972 = 37 years old
Since the Grand Prix took place after his birthday (May), we do not need to adjust for his birthday having passed yet that year.

Final Answer: Rubens Barrichello was 37 years old when he won his last Grand Prix.",<num_years>
602,How old was Sachin Tendulkar when he joined team Mumbai?,15,cricket,526,"To determine how old Sachin Tendulkar was when he joined team Mumbai, we need to follow these steps:

1. Find Sachin Tendulkar's birth year.
2. Identify the year he started playing for Mumbai.
3. Calculate his age by subtracting his birth year from the year he joined Mumbai.

Step 1: From the personal information section, we see that Sachin Tendulkar was born on 24 April 1973.

Step 2: Looking at the domestic team information, it states ""1988-2013 Mumbai"". This indicates that he started playing for Mumbai in 1988.

Step 3: To calculate his age in 1988, we subtract his birth year (1973) from 1988:
1988 - 1973 = 15

Therefore, Sachin Tendulkar was 15 years old when he joined team Mumbai.

Final Answer: 15",<num_years>
603,"In what year did the Australian Defence Force's annual exports total around $2 billion while the active personnel reserve was at 59,095?",2019,army,1116,"Firstly, we need to find the year when the annual exports were around $2 billion.
From the table, under ""Industry"", it states ""Annual exports Around | A$ | 2 billion (2018)"".

Next, we need to confirm the number of active personnel in that same year.
The table provides the number of active personnel as ""59,095 (30 June 2020)"". However, this is from a different year than the export data provided.

Since the export value of $2 billion is given specifically for the year 2018 but the personnel count is from 2020, and there's no other information provided about personnel numbers from 2018, we can conclude that the question might be based on slightly inconsistent data. 

However, the question asks for the year where these two pieces of information align, even if they don't perfectly match up in reality. Therefore, the year asked for would be 2018, since that's the only specific year mentioned regarding the export figure.

Final Answer: 2018",yyyy
604,How old was Sachin Tendulkar when he played his last one-day match?,39,cricket,526,"To find out how old Sachin Tendulkar was when he played his last One Day International (ODI) match, we need to follow these steps:

1. Identify the date of his last ODI match.
2. Calculate his age on that date.

Step 1: Identifying the date of his last ODI match
From the table, under ""International information"", it states:
""Last ODI	18 March 2012 v Pakistan""

So, his last ODI match was on 18 March 2012.

Step 2: Calculating his age on that date
The table also provides his birthdate:
""Born	( | 1973-04-24 | ) | 24 April 1973 | (age 49)""

We can calculate his age on 18 March 2012:
- He would have turned 38 years old in April 2012 since he was born on 24 April 1973.
- On 18 March 2012, he had not yet turned 38, so he was 37 years old.

Final Answer: Sachin Tendulkar was 37 years old when he played his last One Day International match.",<num_years>
605,How old was Sanath Jayasuriya when he made his Test debut in 1991?,22,cricket,56,"To determine how old Sanath Jayasuriya was when he made his Test debut in 1991, we need to follow these steps:

1. Identify his birth year from the personal information section.
2. Calculate his age in 1991 based on this birth year.

Step 1: From the ""Personal information"" section of the table:
- Full name: Sanath Teran Jayasuriya
- Born: 30 June 1969

So, Sanath Jayasuriya was born in 1969.

Step 2: To calculate his age in 1991:
- He was born in 1969 and debuted in 1991.
- Age in 1991 = 1991 - 1969 = 22 years old

Therefore, Sanath Jayasuriya was 22 years old when he made his Test debut in 1991.

Final Answer: Sanath Jayasuriya was 22 years old when he made his Test debut in 1991.",<num_years>
606,How old was Sean Kelly when he joined his first professional team?,21,cycling,105,"To find out how old Sean Kelly was when he joined his first professional team, we need to follow these steps:

1. Identify Sean Kelly's birth year from the personal information.
2. Determine the year Sean Kelly joined his first professional team.
3. Calculate the difference between the joining year and the birth year.

Step 1: From the table, we can see that Sean Kelly was born on May 24, 1956.

Step 2: Looking at the ""Professional teams"" section, we see that his first professional team was Flandria-Velda-Latina Assicurazioni, which he joined in 1977.

Step 3: To calculate Sean Kelly's age when he joined his first professional team:
   - He was born in 1956.
   - He joined his first professional team in 1977.
   - The difference is 1977 - 1956 = 21 years.

Since his birthday is in May and he started his professional career in 1977, he would have turned 21 during that year.

Final Answer: Sean Kelly was 21 years old when he joined his first professional team.",<num_years>
607,How old was Sebastian Vettel in the year he won his first championship?,23,f1,262,"To determine how old Sebastian Vettel was when he won his first championship, we need to follow these steps:

1. Identify the year Sebastian Vettel won his first championship.
2. Calculate Sebastian Vettel's age in that year.

Step 1: Identifying the Year of First Championship
From the table, under ""Championships,"" it states ""4 (2010, 2011, 2012, 2013)."" The earliest year mentioned here is 2010, which must be the year of his first championship.

Step 2: Calculating Age in 2010
The table provides Sebastian Vettel's birthdate as ""3 July 1987."" To find out how old he was in 2010, we calculate the difference between 2010 and 1987:
2010 - 1987 = 23 years

However, this calculation does not account for whether his birthday had occurred yet in 2010. Since his birthday is on July 3rd and the championships typically start earlier in the year, we can confirm he would have turned 23 during that championship year.

Final Answer: Sebastian Vettel was 23 years old when he won his first championship.",<num_years>
608,What was the first year that Joop Zoetemelk played professionally?,1970,cycling,103,"To find out the first year that Joop Zoetemelk played professionally, we need to look at his professional teams timeline provided in the table.

The timeline of his professional teams starts with:

1970-1972: Flandria-Mars

This indicates that the earliest recorded period when Joop Zoetemelk was part of a professional cycling team began in 1970.

Therefore, based on this information, the first year Joop Zoetemelk played professionally was 1970.

Final Answer: The first year that Joop Zoetemelk played professionally was 1970.",yyyy
609,How old was Sebastian Vettel when he first entered the 2007 United States Grand Prix?,20,f1,262,"To determine how old Sebastian Vettel was when he first entered the 2007 United States Grand Prix, we need to follow these steps:

1. Identify Sebastian Vettel's birth year from the table.
2. Determine the year of his first Formula One race entry.
3. Subtract the birth year from the first entry year to calculate his age.

Step 1: From the 'Born' section, Sebastian Vettel's birth year is 1987.

Step 2: According to the 'Formula One World Championship career' section, Vettel's first entry into Formula One was the 2007 United States Grand Prix.

Step 3: Calculate his age:
2007 (year of first entry) - 1987 (birth year) = 20 years old

Final Answer: Sebastian Vettel was 20 years old when he first entered the 2007 United States Grand Prix.",<num_years>
610,How old was Sebastian Vettel when he won the Italian Grand Prix?,21,f1,262,"To find out how old Sebastian Vettel was when he won the Italian Grand Prix, we need to follow these steps:

1. Identify the date Sebastian Vettel was born.
2. Identify the year he won the Italian Grand Prix.
3. Calculate his age at that time.

Step 1: Sebastian Vettel's birth date is given as 3 July 1987.

Step 2: The table mentions that his first win was the 2008 Italian Grand Prix.

Step 3: To calculate his age during the 2008 Italian Grand Prix, we subtract his birth year from the year of the race:
2008 - 1987 = 21 years old

However, since his birthday is on July 3rd, and the Italian Grand Prix is later in the year (September), he would have already had his birthday for that year. Therefore, he was 21 years old when he won the 2008 Italian Grand Prix.

Final Answer: Sebastian Vettel was 21 years old when he won the Italian Grand Prix.",<num_years>
611,How many months did the I-179 last after being completed?,13,ship,1112,"To determine how many months the I-179 lasted after being completed, we need to follow these steps:

1. Identify the completion date of the ship.
2. Identify the date when the ship was sunk.
3. Calculate the difference between these two dates in months.

Step 1: The completion date of the ship is given as 18 June 1943.

Step 2: The sinking event is described as ""Sunk during sea trials, 14 July 1943"". So, the ship sank on 14 July 1943.

Step 3: Now, calculate the time between 18 June 1943 and 14 July 1943:
- From 18 June to 30 June = 12 days
- From 1 July to 14 July = 14 days
Total days = 12 + 14 = 26 days

Since the question asks for the duration in months, we convert 26 days into months. Considering a month is approximately 30 days:
26 days ≈ 26 / 30 ≈ 0.87 months

Therefore, the ship lasted approximately 0.87 months after being completed.

Final Answer: The I-179 lasted about 0.87 months after being completed.",<num_months>
612,How many months elapsed between the laying down and the launching of the Maori?,14,ship,1111,"To determine how many months elapsed between the laying down and the launching of the Maori, we need to identify the dates for these two events from the table and calculate the difference in time.

From the table:
- The ship was laid down on 6 July 1936.
- The ship was launched on 2 September 1937.

Let's break this down month by month:
1. From July 1936 to June 1937 is exactly one year, which equals 12 months.
2. Then, from July 1937 to September 1937 is an additional 2 months.

So, the total number of months between laying down and launching is 12 + 2 = 14 months.

Final Answer: 14 months",<num_months>
613,What was the last year Jorge Lombi won a gold medal at the Pan American Games?,2007,hockey,680,"To find the last year Jorge Lombi won a gold medal at the Pan American Games, let's follow these steps:

1. Identify all the entries for gold medals at the Pan American Games from the given information.
2. Extract the years associated with these gold medals.
3. Determine which of these years is the most recent.

Looking at the Pan American Games section:
- 1995 Mar del Plata: Gold medal
- 1999 Winnipeg: Silver medal (not relevant)
- 2003 Santo Domingo: Gold medal
- 2007 Rio de Janeiro: Gold medal

The gold medal years are 1995, 2003, and 2007.

Among these, the most recent year is 2007.

Final Answer: The last year Jorge Lombi won a gold medal at the Pan American Games was 2007.",yyyy
614,How old was Sebastian Vettel when he won the United States Grand Prix?,20,f1,262,"To determine how old Sebastian Vettel was when he won the United States Grand Prix, we need to follow these steps:

1. Find Sebastian Vettel's birth year from the table.
2. Determine the year he won the United States Grand Prix.
3. Calculate his age by subtracting his birth year from the year of his first win.

Step 1: From the table, we see that Sebastian Vettel was born on 3 July 1987.

Step 2: The table states ""First entry 2007 United States Grand Prix"". However, it does not explicitly mention a win for this race. We should look for his first win instead:
""First win 2008 Italian Grand Prix""

Unfortunately, there's no record of him winning the US Grand Prix in the provided information.

Since the question specifically asks about winning the United States Grand Prix, and the data doesn't confirm he won that particular race, we cannot accurately calculate his age for that event based solely on the given information.

Final Answer: The information provided does not specify if or when Sebastian Vettel won the United States Grand Prix, so we cannot determine his age at that time.",<num_years>
615,How old was Shaun Pollock when he made his ODI debut in 1996?,23,cricket,54,"To determine Shaun Pollock's age at the time of his ODI debut in 1996, we need to follow these steps:

1. Identify Shaun Pollock's birth year from the personal information.
   - Born on 16 July 1973.

2. Calculate his age in 1996:
   - 1996 - 1973 = 23 years old.

Therefore, Shaun Pollock was 23 years old when he made his ODI debut in 1996.

Final Answer: 23",<num_years>
616,In what year would someone born in 2015 become eligible to serve in the Federal Defence Forces of Germany?,2032,army,1118,"To determine the year when someone born in 2015 becomes eligible to serve in the Federal Defence Forces of Germany, we need to look at the military age requirement provided in the table.

Step 1: Identify the military age.
The table states that the military age is 17.

Step 2: Calculate the year of eligibility.
If someone was born in 2015 and must be 17 years old to serve, they would become eligible in:
2015 + 17 = 2032

Final Answer: Someone born in 2015 would become eligible to serve in the Federal Defence Forces of Germany in 2032.",yyyy
617,What was the start date of the 1983 IBF World Championships?,"May 2, 1983",sports event,1030,"The question asks for the start date of the 1983 IBF World Championships. From the table, we can see under the ""Dates"" row that the event took place from May 2, 1983 to May 8, 1983. Therefore, the start date would be the first date listed.

Final Answer: The start date of the 1983 IBF World Championships was May 2, 1983.","%B %d, %Y"
618,How old was Singh when he won gold in the Asia Cup?,23,hockey,486,"To determine how old Gagan Ajit Singh was when he won gold in the Asia Cup, we need to follow these steps:

1. Identify the year of the gold medal win in the Asia Cup.
2. Calculate his age based on his birth year and the year of the gold medal win.

Step 1: Identifying the year of the gold medal win:
From the table, under ""Asia Cup"", we can see that Gagan Ajit Singh won a gold medal in 2003 in Kuala Lumpur.

Step 2: Calculating his age:
The table provides his birthdate as December 9, 1980. The gold medal was won in 2003.
In 2003, he had already celebrated his birthday in December, so he would be 23 years old.

Final Answer: Gagan Ajit Singh was 23 years old when he won gold in the Asia Cup.",<num_years>
619,What year had the most Atlantic hurricanes?,2005,cyclone,1091,"The question asks for the year that had the most Atlantic hurricanes based on the information provided in the table.

From the table:
- The 2005 Atlantic hurricane season is described in detail.
- For this season, there were 15 hurricanes, which is noted as a record high.

No other years are explicitly mentioned or compared in the given data. Therefore, we can conclude that based on the information provided, the year 2005 had the most Atlantic hurricanes.

Final Answer: 2005",yyyy
620,How old was Tarek Momen when he achieved his highest ranking?,31,squash,110,"To find out how old Tarek Momen was when he achieved his highest ranking, we need to follow these steps:

1. Identify Tarek Momen's birth year from the information provided.
2. Determine the month and year of his highest ranking achievement.
3. Calculate his age at that time.

Step 1: From the ""Born"" row in the table, we see that Tarek Momen was born on 23 February 1988.

Step 2: The ""Men's singles"" section shows that his highest ranking was No. 3, which occurred in February 2019.

Step 3: To calculate his age in February 2019, we subtract his birth year from the year of his highest ranking:
   2019 - 1988 = 31 years

Since both dates fall in February, we don't need to consider whether he had already had his birthday that year. Therefore, Tarek Momen was 31 years old when he achieved his highest ranking.

Final Answer: Tarek Momen was 31 years old when he achieved his highest ranking.",<num_years>
621,In what year would someone born in 2011 become eligible to serve in the Israel Defense Forces?,2028,army,1119,"To determine the year when someone born in 2011 becomes eligible to serve in the Israel Defense Forces (IDF), we need to follow these steps:

1. Identify the military age for eligibility from the provided information.
2. Calculate the year this person will reach that age.

Step 1: From the table, under the Personnel section, it states that the ""Military age"" is 17.

Step 2: To find out the year someone born in 2011 will turn 17, we add 17 years to their birth year:
2011 + 17 = 2028

Therefore, someone born in 2011 would become eligible to serve in the IDF in the year 2028.

Final Answer: 2028",yyyy
622,How many months has the pandemic lasted?,21,disease,1204,"To find out how many months the pandemic has lasted, we need to consider the following steps:

1. Identify the arrival date of the virus in Johor, Malaysia.
2. Calculate the time difference between the arrival date and the current date (December 2022).

Step 1: The arrival date of the virus in Johor, Malaysia is given as 25 January 2020.

Step 2: Now, let's calculate the duration from 25 January 2020 to December 2022:
- From January 2020 to December 2022 is 3 years.
- Each year has 12 months, so 3 years would be 3 * 12 = 36 months.
- Since we're counting from the 25th of January, we have to include the month of January 2020 but exclude the full month of December 2022, which means we should subtract one month from our total.
- Therefore, the total duration is 36 - 1 = 35 months.

Final Answer: The pandemic has lasted for 35 months.",<num_months>
623,How old was Tarek Momen when he reached his highest ranking in 2019?,31,squash,110,"To determine how old Tarek Momen was when he reached his highest ranking in 2019, we need to follow these steps:

1. Identify the year Tarek Momen reached his highest ranking:
   - According to the table, Tarek Momen's highest ranking was No. 3, which occurred in February 2019.

2. Find out Tarek Momen's birth year:
   - The table shows that Tarek Momen was born on 23 February 1988.

3. Calculate Tarek Momen's age in 2019:
   - To calculate his age in 2019, subtract his birth year from 2019:
     2019 - 1988 = 31 years old

Therefore, Tarek Momen was 31 years old when he reached his highest ranking in 2019.

Final Answer: Tarek Momen was 31 years old when he reached his highest ranking in 2019.",<num_years>
624,How old was Tarek Momen when he turned pro?,17,squash,110,"To determine how old Tarek Momen was when he turned pro, we need to find two pieces of information from the given table:
1. His birth year.
2. The year he turned pro.

From the ""Born"" row, we can see that Tarek Momen was born on 23 February 1988.

From the ""Turned Pro"" row, it states that he turned pro in 2005.

Now, we subtract his birth year from the year he turned pro:
2005 (year turned pro) - 1988 (birth year) = 17 years old

Therefore, Tarek Momen was 17 years old when he turned pro.

Final Answer: Tarek Momen was 17 years old when he turned pro.",<num_years>
625,What year is the ExoMars mission planned to end?,2023,orbitor,461,"The question asks for the year the ExoMars mission is planned to end. 

From the table, we can see that the mission duration is given as:
- Planned: 7 years
- Elapsed: 6 years, 3 months, 18 days (as of the current date, which is assumed to be December 2022)

Since the launch date is given as 14 March 2016, we can calculate the planned end date by adding 7 years to this date.

14 March 2016 + 7 years = 14 March 2023

Therefore, the ExoMars mission was planned to end in the year 2023.

Final Answer: The ExoMars mission was planned to end in 2023.",yyyy
626,In what year would someone born in 2012 become eligible to enlist in the Japan Self-Defense Forces?,2030,army,1120,"The military age for enlistment in the Japan Self-Defense Forces is given as 18-32 years old.

To find out in which year someone born in 2012 would become eligible to enlist:

1. Determine the age at which they become eligible: 18 years old.
2. Add 18 years to their birth year to find the year they turn 18:
   2012 + 18 = 2030

Therefore, someone born in 2012 would become eligible to enlist in the Japan Self-Defense Forces in the year 2030.

Final Answer: 2030",yyyy
627,How old was Tochiazuma Daisuke when he made his debut?,18,sumo,169,"To determine how old Tochiazuma Daisuke was when he made his debut, we need to follow these steps:

1. Identify Tochiazuma Daisuke's birth year from the personal information.
2. Identify the year he made his debut from the career information.
3. Subtract the birth year from the debut year to find out his age at the time of debut.

Step 1: From the personal information, we can see that Tochiazuma Daisuke was born on November 9, 1976.

Step 2: According to the career section, Tochiazuma Daisuke debuted in November, 1994.

Step 3: Calculating his age at debut:
1994 - 1976 = 18 years old.

However, since he was born in November and debuted in November of the same year, he would have turned 18 during the month of his debut.

Therefore, Tochiazuma Daisuke was 18 years old when he made his debut.

Final Answer: He was 18 years old when he made his debut.",<num_years>
628,What year must one have been born by to serve this year in the Saudi Arabian Armed Forces?,2005,army,1122,"To determine the birth year for someone who can serve in the Saudi Arabian Armed Forces this year (2022), we need to follow these steps:

1. Identify the military age requirement from the table.
2. Subtract the military age from the current year.

Step 1: The military age requirement is given as 17 years old.

Step 2: To find out the latest birth year eligible to serve in 2022:
- Current year: 2022
- Military age: 17
- Eligible birth year = 2022 - 17 = 2005

This means anyone born in 2005 or earlier would be 17 or older and thus eligible to serve in 2022.

Final Answer: One must have been born by 2005 to serve this year (2022) in the Saudi Arabian Armed Forces.",yyyy
629,On what date was the Korean flag first used?,"August 15, 1948",army,1121,"The question asks about the date the Korean flag was first used, but the information provided in the table is about the Republic of Korea Armed Forces, including its founding date and other details. There is no specific mention of when the Korean flag was first used. The table only includes an image filename ""Flag of the Republic of Korea Armed Forces.svg"" and mentions that it's the flag of the Republic of Korea Armed Forces, but does not provide any historical dates related to the flag itself.

Final Answer: The given information does not contain the date when the Korean flag was first used.","%B %d, %Y"
630,What year was Fernando Alonso's last Grand Prix entry?,2022,f1,258,"To find out the year of Fernando Alonso's last Grand Prix entry, we should look at the Formula One World Championship career section of the table. 

In that section, there is a row labeled ""Last entry"" which gives us the information we need. The value for this row is ""2022 Canadian Grand Prix"".

Therefore, Fernando Alonso's last Grand Prix entry was in 2022.

Final Answer: 2022",yyyy
631,How old was Tochiazuma Daisuke when he retired from sumo?,30,sumo,169,"To determine how old Tochiazuma Daisuke was when he retired from sumo, we need to follow these steps:

1. Identify his birth year.
2. Determine his retirement year.

Step 1: Identifying the birth year
From the personal information section:
Born: Daisuke Shiga | ( | 1976-11-09 | ) | November 9, 1976 | (age 45)

The birth year is 1976.

Step 2: Determining the retirement year
From the career section:
Retired: May, 2007

The retirement year is 2007.

Now that we have both the birth year (1976) and the retirement year (2007), we can calculate his age at retirement.

Age at retirement = Retirement year - Birth year
                  = 2007 - 1976
                  = 31 years old

Therefore, Tochiazuma Daisuke was 31 years old when he retired from sumo.

Final Answer: Tochiazuma Daisuke was 31 years old when he retired from sumo.",<num_years>
632,What year was Good Friday observed on April 2?,2021,holiday,212,"The table provides specific dates for Good Friday over several years. We need to identify the year when Good Friday was observed on April 2 (Western).

1. Check the ""2021 date"" row:
   - The Western date given is April 2.
   
Since we found that Good Friday was observed on April 2 in the Western calendar in 2021, we can conclude our search here.

Final Answer: 2021",yyyy
633,How many months longer is the conscription for the Air Force than for the Army?,4,army,1121,"First, we need to identify the conscription periods for both the Army and the Air Force from the given information.

From the table:
- The conscription period for the Army is 18 months.
- The conscription period for the Air Force is 22 months.

Now, let's calculate how much longer the conscription period for the Air Force is compared to the Army:

22 months (Air Force) - 18 months (Army) = 4 months

Therefore, the conscription period for the Air Force is 4 months longer than that for the Army.

Final Answer: 4 months",<num_months>
634,How old was Toshimitsu Obata when he became Yokozuna?,21,sumo,148,"To find out how old Toshimitsu Obata was when he became Yokozuna, we need to follow these steps:

1. Identify his birth year from the personal information.
2. Identify the month and year he achieved the Yokozuna rank.
3. Calculate his age at that time.

Step 1: From the personal information section, we can see that Toshimitsu Obata was born on May 16, 1953.

Step 2: From the career section, we learn that he reached the Yokozuna rank in July 1974.

Step 3: To calculate his age in July 1974, we subtract his birth year (1953) from the year he became Yokozuna (1974). This gives us 21 years. However, since his birthday is in May and he became Yokozuna in July, he had already turned 21 that year.

Therefore, Toshimitsu Obata was 21 years old when he became Yokozuna.

Final Answer: He was 21 years old.",<num_years>
635,How old was Yamamoto when his youth career ended?,18,boxing,484,"To determine how old Shohei Yamamoto was when his youth career ended, we need to follow these steps:

1. Identify Yamamoto's date of birth.
2. Determine the end year of his youth career.
3. Calculate his age at that time.

Step 1: Date of Birth
From the ""Personal information"" section, we can see that Yamamoto's date of birth is August 29, 1982.

Step 2: End Year of Youth Career
The ""Youth career"" section shows that it lasted from 1995 to 2000. Therefore, his youth career ended in 2000.

Step 3: Age Calculation
To find out how old he was when his youth career ended, we subtract his birth year from the end year of his youth career:
2000 - 1982 = 18 years old

Since his birthday is on August 29, and assuming his youth career ended before or on August 29, 2000, he would have turned 18 on that day. However, if it ended after August 29, he would still be considered 18 for most practical purposes, as the exact date is not specified.

Final Answer: Shohei Yamamoto was 18 years old when his youth career ended.",<num_years>
636,Over how many years did Shaun Pollock play for the Dolphins?,2,cricket,54,"To determine over how many years Shaun Pollock played for the Dolphins, let's follow these steps:

1. Identify the relevant information from the table:
   - The section ""Domestic team information"" lists his teams and the years he played for them.
   
2. Locate the entry for the Dolphins:
   - We see ""2004/05 Dolphins"" listed in this section.

3. Analyze the format of the year:
   - The year is given in the cricket season format (e.g., 2004/05), which typically spans two calendar years.
   - In this case, it means he played during the 2004-2005 season.

4. Determine the duration:
   - Since only one season is mentioned for the Dolphins, we can conclude that he played for them for just one year.

Final Answer: Shaun Pollock played for the Dolphins for 1 year.",<num_years>
637,Over how many years have the Eastern and Western dates been 7 days apart?,2,holiday,212,"To determine over how many years the Eastern and Western dates for Good Friday have been 7 days apart, let's analyze the provided data:

- The 2021 dates were April 2 (Western) and April 30 (Eastern).
- The 2022 dates were April 15 (Western) and April 22 (Eastern).
- The 2023 dates will be April 7 (Western) and April 14 (Eastern).
- The 2024 dates will be March 29 (Western) and May 3 (Eastern).

We can see that the difference between Eastern and Western dates was 7 days in 2023 (April 7 - April 14).

Now, we need to check if this 7-day difference occurred in previous years listed:
- In 2022, the difference was 7 days (April 15 - April 22).
- In 2021, the difference was 28 days (April 2 - April 30).

Therefore, the 7-day difference only occurred in 2022 and 2023 based on the provided data.

Final Answer: Over 2 years have the Eastern and Western dates been 7 days apart.",<num_years>
638,Over how many years is the Western Easter date in April?,3,holiday,217,"To determine over how many years the Western Easter date falls in April according to the given data, let's examine each year provided:

- For 2021, the Western Easter date was April 4.
- For 2022, the Western Easter date was April 17.
- For 2023, the Western Easter date was April 9.
- For 2024, the Western Easter date was March 31, which is not in April.

From this information, we can see that the Western Easter date falls in April for three consecutive years: 2021, 2022, and 2023.

Final Answer: The Western Easter date falls in April over 3 years.",<num_years>
639,Over how many years was Dhyan Chand on a senior career team?,4,hockey,524,"To find out over how many years Dhyan Chand was on a senior career team, we need to look at his national team record provided in the table.

From the table, we can see that Dhyan Chand played for the national team of British India from 1926 to 1949.

To calculate the number of years he was on the senior career team:
End year - Start year + 1 = Number of years
1949 - 1926 + 1 = 24 years

Final Answer: Dhyan Chand was on a senior career team for 24 years.",<num_years>
640,What year was HMS Victory commissioned?,1778,ship,1115,"The question asks for the year HMS Victory was commissioned. From the table, under the History section, we can find the row labeled ""Commissioned"". The value in this row is given as 1778.

Final Answer: 1778",yyyy
641,Over how many years was Gino Bartali a part of the amateur team?,4,cycling,102,"The question asks about the duration Gino Bartali was part of the amateur team. From the table, we can see that under ""Team information,"" there's a section for ""Amateur team"" which lists the period from 1931 to 1934.

To find out over how many years he was part of the amateur team, we calculate the difference between these years:

1934 - 1931 = 3 years

However, this calculation gives us the number of full years between the start and end year but doesn't include the initial year. To get the total number of years including both the starting and ending years, we add 1 to our result:

3 + 1 = 4 years

Therefore, Gino Bartali was part of the amateur team for 4 years.

Final Answer: Gino Bartali was part of the amateur team for 4 years.",<num_years>
642,What year was HMS Victory launched?,1765,ship,1115,"The table provides information about the ship HMS Victory, including its launch date. The specific row for the launch date states:

Launched	7 May 1765 | ; 257 years ago |  ( | 1765-05-07 | )

From this information, we can see that HMS Victory was launched on 7 May 1765.

Final Answer: HMS Victory was launched in 1765.",yyyy
643,What year was the Japan Self-Defense Forces founded?,1954,army,1120,"The table provides information about the founding of the Japan Self-Defense Forces under the ""Founding"" row in the category section. It states that it was founded on ""1 July 1954"". 

Final Answer: The Japan Self-Defense Forces was founded in 1954.",yyyy
644,"What year was the worst Atlantic hurricane season, in terms of the number of hurricanes?",2005,cyclone,1091,"The question asks for the worst Atlantic hurricane season in terms of the number of hurricanes. From the provided information, we have data for the 2005 Atlantic hurricane season. According to the table, there were 15 hurricanes during this season. 

Since the question only provides specific details for the 2005 season and no other years, we can only definitively answer based on this data. There's no comparison with other years given in the table.

Final Answer: The 2005 Atlantic hurricane season had 15 hurricanes, which is described as a record high according to the information provided. However, without additional comparative data from other years, we cannot conclusively state it is the worst in history solely based on the number of hurricanes.",yyyy
645,What year will Good Friday be observed on April 7?,2023,holiday,212,"The information provided lists the dates for Good Friday for several years. We need to find the year when Good Friday falls on April 7.

- In 2021, Good Friday was on April 2 (Western).
- In 2022, Good Friday was on April 15 (Western).
- In 2023, Good Friday is on April 7 (Western).

From this data, we can see that Good Friday will be observed on April 7 in 2023.

Final Answer: Good Friday will be observed on April 7 in 2023.",yyyy
646,When did the Tonnerre receive a name change?,1795,ship,1110,"The table provides information about the ship Tonnerre, including its history. Under the History section, there is a row that specifies when and what the ship was renamed. The row reads ""Renamed Quatorze Juillet | (1795)"". This indicates that the ship was renamed to Quatorze Juillet after it was initially named Tonnerre. 

Final Answer: The Tonnerre received a name change to Quatorze Juillet in 1795.",yyyy
647,When did Viv Richards start playing domestically?,1971,cricket,57,"To determine when Viv Richards started playing domestically, we need to look at his domestic team information provided in the table.

The earliest mentioned period in the ""Years | Team"" section is:
1971-1981 | Combined Islands

This indicates that Viv Richards began his domestic cricket career in 1971 with the Combined Islands team.

Final Answer: Viv Richards started playing domestically in 1971.",yyyy
648,When was the last year that Shohei Yamamoto played in the senior division?,2018,boxing,484,"To find out when the last year Shohei Yamamoto played in the senior division, we need to look at his senior career timeline provided in the table.

1. The table lists his senior career from 2001 onwards.
2. We can see each team he played for and the years he was active with them:
   - 2001: Kyoto Purple Sanga
   - 2002-2003: Mito HollyHock
   - 2004-2006: ALO's Hokuriku
   - 2007-2009: Roasso Kumamoto
   - 2010-2012: V-Varen Nagasaki
   - 2013-2017: Kamatamare Sanuki
   - 2018: Ococias Kyoto AC

3. From this list, we can identify that the most recent year mentioned in his senior career is 2018 with Ococias Kyoto AC.

Therefore, the last year Shohei Yamamoto played in the senior division was 2018.

Final Answer: 2018",yyyy
649,Over how many years was Iraq an ally of Fatah – The Revolutionary Council?,17,terrorist orgnization,711,"To find out over how many years Iraq was an ally of Fatah – The Revolutionary Council, we need to look at the ""Allies"" row of the table, specifically the information about Iraq.

The table states that Iraq was an ally during two periods:
1. From 1974 to 1978
2. From 1991 to 2002

Let's calculate the duration for each period:
1. Duration from 1974 to 1978: 
   1978 - 1974 = 4 years

2. Duration from 1991 to 2002: 
   2002 - 1991 = 11 years

Now, let's add these durations together:
Total duration = 4 years + 11 years = 15 years

Final Answer: Iraq was an ally of Fatah – The Revolutionary Council for a total of 15 years.",<num_years>
650,Which date was the 28 Kislev of Hanukkah celebrated in 2023?,"December 10, 2023",holiday,207,"To find out which date 28 Kislev of Hanukkah was celebrated in 2023, we can follow these steps:

1. Locate the row containing information about the 2023 celebration dates for Hanukkah.
2. Identify the range of dates given for 2023.
3. Determine the specific date that corresponds to 28 Kislev within this range.

From the table:
- The 2023 Hanukkah dates are provided as ""Sunset, 7 December - | nightfall, 15 December"".
- This indicates that Hanukkah begins on the evening of December 7th and ends on the evening of December 15th in 2023.

Since Hanukkah lasts for 8 days (from 25 Kislev to 2 Tevet or 3 Tevet), we can map these dates to the Gregorian calendar:
- 25 Kislev corresponds to December 7th.
- Therefore, 28 Kislev would correspond to three days after December 7th.

Adding three days to December 7th gives us December 10th.

Final Answer: The 28 Kislev of Hanukkah was celebrated on December 10, 2023.","%B %d, %Y"
651,Which date will the 20th of Tishrei be celebrated in 2023?,"October 4, 2023",holiday,219,"To find out which date the 20th of Tishrei will be celebrated in 2023, let's follow these steps:

1. Identify the relevant information in the table:
   The table provides specific dates for Sukkot from 2021 to 2024, including the year 2023.

2. Locate the 2023 section:
   The 2023 date row shows: Sunset, 29 September - | nightfall, 6 October | (7 October outside of Israel)

3. Determine the days of Tishrei for 2023:
   From the table, we know that Sukkot lasts from the 15th to the 21st of Tishrei.
   
4. Match the Tishrei dates to Gregorian calendar dates:
   For 2023:
   - 15 Tishrei: 29 September
   - 16 Tishrei: 30 September
   - 17 Tishrei: 1 October
   - 18 Tishrei: 2 October
   - 19 Tishrei: 3 October
   - 20 Tishrei: 4 October
   - 21 Tishrei: 5 October

5. Identify the date for the 20th of Tishrei:
   Based on the matching, the 20th of Tishrei falls on 4 October 2023.

Final Answer: The 20th of Tishrei will be celebrated on 4 October 2023.","%B %d, %Y"
652,How many months passed between HMS Montrose being laid down and launched in 2005?,32,ship,222,"First, let's identify the relevant information from the table:

- Laid down: 1 November 1989
- Launched: 31 July 1992

The question asks about the time difference in 2005, but based on the information provided in the table, the ship was laid down and launched in different years (1989 and 1992 respectively). Therefore, we should calculate the difference between these two dates instead.

To calculate the months between these two dates:
1. Calculate the number of months from November 1989 to December 1989: 1 month.
2. Add the full years between January 1990 and June 1992: 36 months (3 years).
3. Calculate the number of months from July 1992 to July 1992: 0 months.

Adding these together gives us 1 + 36 + 0 = 37 months.

However, since the ship was launched on July 31, 1992, and it was laid down on November 1, 1989, we need to subtract the partial months:
- From November 1989 to July 1992 is 33 months (subtracting the extra 4 months counted above).

Final Answer: 33 months",<num_months>
653,How many months were between Waqar Younis's last Test and his last ODI?,2,cricket,55,"To determine how many months were between Waqar Younis's last Test and his last ODI, we need to follow these steps:

1. Identify the dates of Waqar Younis's last Test and last ODI.
2. Calculate the difference in time between these two dates.
3. Convert this difference into months.

Step 1: Identifying the dates
- Last Test: 2 January 2003
- Last ODI: 4 March 2003

Step 2: Calculating the difference in time
- From 2 January 2003 to 4 March 2003, there are:
  - 31 days remaining in January after the 2nd
  - All 28 days of February (assuming it's not a leap year)
  - 4 days in March up to the 4th

This totals to 31 + 28 + 4 = 63 days.

Step 3: Converting the difference into months
- To convert days into months, we can approximate that 1 month equals about 30 days.
- Therefore, 63 days is approximately 63 / 30 ≈ 2.1 months.

Final Answer: There were approximately 2 months between Waqar Younis's last Test and his last ODI.",<num_months>
654,How many months were left in the ExoMars mission as planned?,9,orbitor,461,"To determine how many months were left in the ExoMars mission as of December 2022, we need to follow these steps:

1. Identify the planned mission duration.
2. Calculate the elapsed time since the start of the mission.
3. Subtract the elapsed time from the total planned duration to find the remaining time.

Step 1: The planned mission duration is 7 years.

Step 2: The elapsed time is given as 6 years, 3 months, and 18 days.

Step 3: We now subtract the elapsed time from the total planned duration:
- Planned mission duration: 7 years
- Elapsed time: 6 years, 3 months, and 18 days

We can break down the calculation into years and months:
- Remaining years: 7 - 6 = 1 year
- Since we have 3 months already elapsed within the last year, we convert the remaining year into months: 1 year * 12 months/year = 12 months
- Remaining months: 12 months - 3 months = 9 months

Therefore, there are 9 months left in the ExoMars mission as planned.

Final Answer: 9 months",<num_months>
655,Over how many days does Hanukkah take place?,9,holiday,207,"To determine over how many days Hanukkah takes place, let's analyze the information provided:

1. The table mentions that Hanukkah begins on 25 Kislev and ends on either 2 Tevet or 3 Tevet.
2. It also lists specific dates for Hanukkah in both the Hebrew and Gregorian calendars.
3. Looking at the 2022 date row, we can see that Hanukkah starts on Sunset, 18 December and ends on Nightfall, 26 December.
4. Counting from December 18th to December 26th inclusive gives us:
   - December 18
   - December 19
   - December 20
   - December 21
   - December 22
   - December 23
   - December 24
   - December 25
   - December 26

Therefore, Hanukkah takes place over 8 days.

Final Answer: Hanukkah takes place over 8 days.",<num_days>
656,Which year did the hurricane start?,2004,cyclone,958,"The table provides information about Hurricane Ivan, including its formation date. To find out which year the hurricane started, we need to look for the ""Formed"" date in the table.

From the table:
- Formed: September 2, 2004

Therefore, Hurricane Ivan started in the year 2004.

Final Answer: The hurricane started in 2004.",yyyy
657,Over how many days does Yom Kippur take place?,2,holiday,208,"The table provides information about the dates when Yom Kippur takes place. For the year 2022, it states that Yom Kippur occurs from ""Sunset, 4 October - | nightfall, 5 October"". This indicates that Yom Kippur spans across two calendar days, starting at sunset on one day and ending at nightfall on the next day.

Final Answer: Yom Kippur takes place over 2 days.",<num_days>
