id,question,answer,category,table_id,output
0,How many years did Art Carney work as an actor starting from 1939?,54,actor,2,"To determine how many years Art Carney worked as an actor starting from 1939, we need to look at his years of active work listed in the table.

1. Art Carney's years active are given as 1939-1993.
2. We need to calculate the difference between 1993 and 1939.

Calculation:
1993 - 1939 = 54 years

Therefore, Art Carney worked as an actor for 54 years starting from 1939.
Final Answer: 54 years"
1,How many years before he died did Art Carney last get married?,23,actor,2,"To determine how many years before his death Art Carney last got married, we need to follow these steps:

1. Identify the years of Art Carney's marriage:
   - First marriage: 1940 (divorced in 1965)
   - Second marriage: 1980 (last marriage)

2. Identify the year of his death: November 9, 2003

3. Calculate the difference between the year of his last marriage and the year of his death:
   - Year of last marriage: 1980
   - Year of death: 2003
   - Difference: 2003 - 1980 = 23 years

Therefore, Art Carney last got married 23 years before he died.
Final Answer: 23 years"
2,How old was Art Carney when he first got divorced?,47,actor,2,"To determine how old Art Carney was when he first got divorced, we need to find the year he got divorced and subtract it from his birth year.
From the information given:
- Art Carney was born on November 4, 1918.
- His first divorce occurred in 1965.

Now, we calculate the age:
1965 (year of first divorce) - 1918 (birth year) = 47 years old.

Therefore, Art Carney was 47 years old when he first got divorced.
Final Answer: 47 years old"
3,How many years ago did Art Carney die?,19,actor,2,"To determine how many years ago Art Carney died, we need to calculate the difference between the current year (2022) and the year he died (2003).

1. Identify the year Art Carney died: 2003
2. Identify the current year: 2022
3. Subtract the death year from the current year: 2022 - 2003 = 19

Therefore, Art Carney died 19 years ago.
Final Answer: 19 years"
4,For how many years had Benedict Cumberbatch been acting when he got married?,17,actor,3,"To determine how many years Benedict Cumberbatch had been acting when he got married, we need to follow these steps:

1. Identify the year he started his acting career.
2. Identify the year he got married.
3. Calculate the difference between these two years.

From the information provided:
- Years active: 1998-present
- Married: 2015

Calculating the difference:
2015 - 1998 = 17 years

Therefore, when Benedict Cumberbatch got married in 2015, he had been acting for 17 years.
Final Answer: 17 years"
5,How many years prior to Cumberbatch turning 45 was the picture taken?,2,actor,3,"To determine how many years prior to Benedict Cumberbatch turning 45 the picture was taken, we need to follow these steps:

1. Identify when Cumberbatch turned 45: He was born on 19 July 1976, and 45 years later would be 2021.
2. Identify when the picture was taken: The image file name suggests it was taken at the 2019 San Diego Comic-Con.
3. Calculate the difference: 2021 (when he turned 45) - 2019 (year the picture was taken) = 2 years.

Therefore, the picture was taken 2 years prior to Cumberbatch turning 45.
Final Answer: 2 years"
6,How old was Cumberbatch when his career began?,22,actor,3,"To determine how old Benedict Cumberbatch was when his career began, we need to find the difference between the year he started his career and the year he was born.

From the information provided:
- Years active: 1998-present
- Born: 19 July 1976

Cumberbatch started his career in 1998. To find his age in 1998:
1. Calculate the difference between 1998 and 1976: 1998 - 1976 = 22
2. Since he was born in July and his career began in 1998, which is also in July, he would have turned 22 in 1998.

Therefore, Cumberbatch was 22 years old when his career began.
Final Answer: 22"
7,How old was Benedict Cumberbatch when he started acting?,22,actor,3,"To determine how old Benedict Cumberbatch was when he started acting, we need to find the difference between his birth year and the year he began his acting career.

From the information provided:
- Benedict Cumberbatch was born on 19 July 1976.
- His years active in the occupation of actor is listed as 1998-present.

Now, calculate the age in 1998:
\[ 1998 - 1976 = 22 \]

Therefore, Benedict Cumberbatch was 22 years old when he started acting.

Final Answer: 22"
8,How many years has Benedict Cumberbatch been acting?,24,actor,3,"To determine how many years Benedict Cumberbatch has been acting, we need to look at the ""Years active"" information provided in the table. The table states that his years active are ""1998-present"".

From 1998 to the current year (December 2022), we calculate the difference:
2022 - 1998 = 24 years

Therefore, Benedict Cumberbatch has been acting for 24 years.
Final Answer: 24 years"
9,For how many years has Benedict Cumberbatch been married?,7,actor,3,"To determine how many years Benedict Cumberbatch has been married, we need to consider the information provided about his marriage. According to the table, Benedict Cumberbatch got married to Sophie Hunter in 2015.

Since the current date is December 2022, we can calculate the duration of his marriage by subtracting the year he got married from the current year:
2022 - 2015 = 7 years.

Final Answer: 7 years"
10,How old was Benedict Cumberbatch when he began acting?,22,actor,3,"To determine how old Benedict Cumberbatch was when he began acting, we need to find his birth year and the year he started his acting career.

From the table:
- Born: 19 July 1976
- Years active: 1998-present

Now, calculate the difference between the start year of his acting career (1998) and his birth year (1976):

1998 - 1976 = 22

Therefore, Benedict Cumberbatch was 22 years old when he began acting.
Final Answer: 22"
11,How old was Dwayne Johnson when he began his wrestling career?,24,wrestling,7,"To determine how old Dwayne Johnson was when he began his wrestling career, we need to follow these steps:

1. Identify the year Dwayne Johnson began his wrestling career.
2. Determine the year he was born.
3. Calculate the difference between these two years.

From the table, we can see that Dwayne Johnson made his wrestling debut in 1996.

From the ""Born"" row, we can see that Dwayne Johnson was born on May 2, 1972.

Now, we calculate the difference:
1996 - 1972 = 24

Therefore, Dwayne Johnson was 24 years old when he began his wrestling career.

Final Answer: 24"
12,How old was Dwayne Johnson when he made his acting debut?,27,wrestling,7,"To determine how old Dwayne Johnson was when he made his acting debut, we need to follow these steps:

1. Identify the years of his acting career:
   - His acting career started in 1999 and continues to the present.

2. Determine the exact year he began his acting career:
   - The table shows ""1999-present (acting)"" for his years active in acting.

3. Find his birth year:
   - The table states he was born on May 2, 1972.

4. Calculate his age in 1999:
   - Subtract his birth year from 1999: 1999 - 1972 = 27 years old.

Therefore, Dwayne Johnson was 27 years old when he made his acting debut.
Final Answer: 27 years old"
13,How many years after Dwayne Johnson's wrestling debut was his retirement?,23,wrestling,7,"Dwayne Johnson's wrestling debut was in 1996, and he retired in 2019. To find out how many years passed between his debut and retirement, we subtract the year of his debut from the year he retired:
2019 - 1996 = 23 years
Final Answer: 23 years"
14,How many years after his debut did he retire?,23,wrestling,7,"To determine how many years after his debut Dwayne Johnson retired, we need to calculate the difference between his retirement year and his debut year.
- His debut year was 1996.
- His retirement year was 2019.

Subtracting the debut year from the retirement year:
2019 - 1996 = 23 years

Therefore, Dwayne Johnson retired 23 years after his debut.
Final Answer: 23 years"
15,How many years was Joan Crawford active?,50,actor,8,"To determine how many years Joan Crawford was active, we need to look at the ""Years active"" information provided in the table.

According to the table:
- Joan Crawford's years active were listed as 1924-1974.

Now, we calculate the duration of her career:
- Start year: 1924
- End year: 1974

Subtract the start year from the end year:
1974 - 1924 = 50 years

Therefore, Joan Crawford was active for 50 years.

Final Answer: 50 years"
16,How many years did Joan Crawford and Franchot Tone live together?,4,actor,8,"To determine how many years Joan Crawford and Franchot Tone lived together, we need to find the duration of their marriage.

From the information given:
- They were married in 1935.
- They divorced in 1939.

The time they spent together can be calculated by subtracting the year they got married from the year they divorced:
1939 (divorce year) - 1935 (marriage year) = 4 years.

Therefore, Joan Crawford and Franchot Tone lived together for 4 years.
Final Answer: 4 years"
17,How many years was Joan Crawford active?,50,actor,8,"To determine how many years Joan Crawford was active, we need to look at the ""Years active"" field in the table.

From the table:
- Joan Crawford's years active were listed as 1924-1974.

To calculate the number of years:
- 1974 (end year) - 1924 (start year) = 50 years

Therefore, Joan Crawford was active for 50 years.
Final Answer: 50 years"
18,How many years was Joan Crawford's career active?,50,actor,8,"To determine how many years Joan Crawford's career was active, we need to look at the ""Years active"" information provided in the table.

According to the table, Joan Crawford's years active were from 1924 to 1974.

Calculating the duration:
1974 - 1924 = 50 years

Therefore, Joan Crawford's career was active for 50 years.
Final Answer: 50 years"
19,How many years were Joan Crawford and Alfred Steele married?,4,actor,8,"To determine how many years Joan Crawford and Alfred Steele were married, we need to find the years during which they were married and calculate the difference.

From the table, we can see:
- They got married in 1955.
- Alfred Steele died in 1959.

Therefore, their marriage lasted from 1955 to 1959.

To find the duration:
1959 - 1955 = 4 years

Final Answer: 4 years"
20,How long in years did each of Joan Crawford's marriages last?,4,actor,8,"To determine how long each of Joan Crawford's marriages lasted, we need to calculate the difference between the years each marriage ended and began.

1. **Marriage to Douglas Fairbanks Jr.:**
   - Started: 1929
   - Ended: 1933
   - Duration: 1933 - 1929 = 4 years

2. **Marriage to Franchot Tone:**
   - Started: 1935
   - Ended: 1939
   - Duration: 1939 - 1935 = 4 years

3. **Marriage to Phillip Terry:**
   - Started: 1942
   - Ended: 1946
   - Duration: 1946 - 1942 = 4 years

4. **Marriage to Alfred Steele:**
   - Started: 1955
   - Ended: 1959 (Alfred Steele died in 1959)
   - Duration: 1959 - 1955 = 4 years

Final Answer:
- Douglas Fairbanks Jr.: 4 years
- Franchot Tone: 4 years
- Phillip Terry: 4 years
- Alfred Steele: 4 years"
21,At what age did Hebar Pazardzhik originally retire from his career?,39,wrestling,13,"There is no information in the provided table about a person named Hebar Pazardzhik or any individual retiring from a career in Hebar Pazardzhik. The table is about Steve Austin, a professional wrestler. The retirement dates given are for Steve Austin, who retired originally on March 30, 2003, at the age of 38 (since he was born on December 18, 1964).

To calculate his age at original retirement:
2003 - 1964 = 39, but since he was born late in the year and retired early in the next year, he was 38.

Final Answer: 38"
22,How many years ago did Hebar Pazardzhik debut his first match?,33,wrestling,13,"The information provided does not mention a person named Hebar Pazardzhik or any debut match for this individual. The table focuses on Steve Austin's career in professional wrestling, including his ring names and his debut date on September 30, 1989.

Given the information available about Steve Austin, we can calculate how many years have passed since his debut:

Current year: 2022
Steve Austin's debut year: 1989

2022 - 1989 = 33 years

Final Answer: 33 years"
23,For how many more years was Steve Austin married to Jeanie Clarke than Kathryn Burrhus?,5,wrestling,13,"To determine how many more years Steve Austin was married to Jeanie Clarke than Kathryn Burrhus, we need to calculate the duration of each marriage:
- Marriage to Kathryn Burrhus: 1990 to 1992, which is 1992 - 1990 = 2 years.
- Marriage to Jeanie Clarke: 1992 to 1999, which is 1999 - 1992 = 7 years.
Now, we find the difference between the durations of the two marriages:
7 years - 2 years = 5 years.
Final Answer: 5 years"
24,How old was Steve Austin when he started his wrestling career?,25,wrestling,13,"To determine how old Steve Austin was when he started his wrestling career, we need to calculate the difference between his birth year and the year he made his debut.

1. Steve Austin's birth year: 1964
2. Steve Austin's debut year: 1989

Now, subtract the birth year from the debut year:
1989 - 1964 = 25

Therefore, Steve Austin was 25 years old when he started his wrestling career.
Final Answer: 25"
25,How many years elapsed between Steve Austin's first retirement and his return match?,19,wrestling,13,"To determine the number of years between Steve Austin's first retirement and his return match, we need to identify the dates of both events.

1. First Retirement: March 30, 2003
2. Return Match: April 2, 2022

Next, calculate the difference between these two dates:
- From March 30, 2003, to March 30, 2022, is exactly 19 years.
- Adding the days from March 30, 2022, to April 2, 2022, gives us 3 days.

Therefore, the total time elapsed is 19 years and 3 days. Since the question asks for the number of years, we can round this to 19 years.

Final Answer: 19 years"
26,How old was Steve Austin when he began his professional wrestling career?,25,wrestling,13,"To determine how old Steve Austin was when he began his professional wrestling career, we need to calculate the difference between his birth year and the year he made his debut.

1. Steve Austin's birth year: 1964
2. His debut year: 1989

Subtract the birth year from the debut year:
1989 - 1964 = 25

Therefore, Steve Austin was 25 years old when he began his professional wrestling career.
Final Answer: 25"
27,How old was Steve Austin when he originally retired from professional wrestling?,38,wrestling,13,"To determine how old Steve Austin was when he originally retired from professional wrestling, we need to calculate the difference between his retirement date and his birthdate.

1. Steve Austin's birth date is December 18, 1964.
2. His original retirement date was March 30, 2003.
3. We need to find the age at this time.

Since he was born in December and retired in March of the following year, we can simply subtract the birth year from the retirement year and adjust for the months:
2003 - 1964 = 39

Therefore, Steve Austin was 39 years old when he originally retired from professional wrestling.
Final Answer: 39"
28,How many years after Ethiopia was first established did Mekelle become its capital?,601,empire,22,"To determine how many years after Ethiopia was first established Mekelle became its capital, we need to follow these steps:

1. Identify when Ethiopia was first established.
2. Identify when Mekelle became the capital.
3. Calculate the difference between these two dates.

Step 1: According to the information provided, the Ethiopian Empire was established in 1270.

Step 2: Mekelle became the capital in 1871.

Step 3: To calculate the difference, subtract the establishment year from the year Mekelle became the capital:
1871 - 1270 = 601 years.

Therefore, Mekelle became the capital 601 years after the Ethiopian Empire was first established.
Final Answer: 601 years"
29,How many years longer was Habte Giyorgis prime minister than Yekuno Amlak was emperor?,3,empire,22,"To determine how many years longer Habte Giyorgis was prime minister than Yekuno Amlak was emperor, we need to find the duration of their respective terms.

From the information provided:
- Yekuno Amlak was the first Emperor and ruled from 1270-1285.
- Habte Giyorgis was the first Prime Minister and ruled from 1909-1927.

Calculating the duration:
- Yekuno Amlak's rule: 1285 - 1270 = 15 years
- Habte Giyorgis' rule: 1927 - 1909 = 18 years

Now, we subtract the duration of Yekuno Amlak's rule from Habte Giyorgis':
18 years - 15 years = 3 years

Final Answer: Habte Giyorgis was prime minister for 3 years longer than Yekuno Amlak was emperor."
30,How many years did the Ethiopian-Adal war last?,14,empire,22,"To determine the duration of the Ethiopian-Adal war, we need to find the start and end years of the conflict from the information provided in the table.

From the table:
- The Ethiopian-Adal war started in 1529.
- The Ethiopian-Adal war ended in 1543.

To calculate the length of the war, we subtract the start year from the end year:
1543 - 1529 = 14 years.

Therefore, the Ethiopian-Adal war lasted for 14 years.
Final Answer: 14 years"
31,How many years after the constitution was adopted was the monarchy abolished?,44,empire,22,"To determine how many years after the constitution was adopted the monarchy was abolished, we need to find the difference between the two dates.

1. The Ethiopian Empire adopted its constitution on 16 July 1931.
2. The monarchy was abolished on 21 March 1975.

First, we convert these dates into a format that makes it easier to calculate the difference:
- 1931 + 0.5 (for July 16) = 1931.5
- 1975 + 0.25 (for March 21) = 1975.25

Now, we subtract the earlier date from the later date:
1975.25 - 1931.5 = 43.75 years

Since we are asked for the number of years, we round to the nearest whole number:
44 years

Final Answer: 44 years"
32,Italian Eritrea happened how many years before the Ethiopian Empire monarchy was abolished?,85,empire,22,"To determine the number of years between the Italian conquest of the Ethiopian Empire and the abolition of the monarchy, we need to identify the relevant dates from the information provided:

1. Italian Eritrea: 3 October 1935
2. Monarchy abolished: 21 March 1975

Next, we calculate the difference between these two dates:
- From 3 October 1935 to 1 January 1975: 39 years and 10 months
- From 1 January 1975 to 21 March 1975: 2 months

Combining these periods gives us 39 years and 10 months, which we can approximate to 40 years.

Final Answer: 40 years"
33,How many years after last playing for Monterrey did Mohamed first manage the team?,15,footballer,36,"From the information provided, we can see that:
- Mohamed last played for Monterrey in the 2000-2001 season.
- He first managed Monterrey from 2015-2018.

To find out how many years passed between his last playing for Monterrey and his first managing Monterrey, we calculate the difference between these two dates:
2015 (start of management) - 2000 (end of playing) = 15 years.

Final Answer: 15 years"
34,How many years did Antonio Mohamed manage his previous team before managing the team he currently manages?,1,footballer,36,"To determine how many years Antonio Mohamed managed his previous team before managing Atlético Mineiro, we need to follow these steps:

1. Identify the current team: Atlético Mineiro.
2. Find the start year for managing Atlético Mineiro: 2022-2023.
3. Identify the previous team he managed: Monterrey.
4. Find the end year for managing Monterrey: 2019-2020.
5. Calculate the difference between the two years:
   2022 - 2020 = 2 years.

Therefore, Antonio Mohamed managed Monterrey for 2 years before managing Atlético Mineiro.
Final Answer: 2 years"
35,How many years did Zinedine Zidane spend in the youth division?,9,footballer,40,"To determine how many years Zinedine Zidane spent in the youth division, we need to look at his youth career timeline:

1. 1981-1982: AS Foresta
2. 1982-1983: US Saint-Henri
3. 1983-1986: SO Septèmes-les-Vallons
4. 1986-1989: Cannes

Adding up the years from each club:
1982 - 1983 (1 year) + 1983 - 1986 (3 years) + 1986 - 1989 (3 years) = 7 years

Final Answer: 7 years"
36,In what year did Zinedine Zidane start his senior career?,1989,footballer,40,"To determine when Zinedine Zidane started his senior career, we need to look at the earliest year mentioned in his senior career timeline. The table provides a list of his senior career teams and their respective years.

The earliest year listed for his senior career is 1989, when he joined Cannes.

Final Answer: 1989"
37,How many years longer was Zidane's senior career than his youth career?,9,footballer,40,"To determine how many years longer Zidane's senior career was compared to his youth career, we need to calculate the duration of each period.

First, let's find the duration of Zidane's youth career:
- 1981-1982: AS Foresta
- 1982-1983: US Saint-Henri
- 1983-1986: SO Septèmes-les-Vallons
- 1986-1989: Cannes

Youth career duration = 1989 - 1981 = 8 years

Next, let's find the duration of Zidane's senior career:
- 1989-1992: Cannes
- 1992-1996: Bordeaux
- 1996-2001: Juventus
- 2001-2006: Real Madrid

Senior career duration = 2006 - 1989 = 17 years

Now, we can find the difference:
17 years (senior career) - 8 years (youth career) = 9 years

Therefore, Zidane's senior career was 9 years longer than his youth career.
Final Answer: 9 years"
38,How many years after last playing for Real Madrid did Zidane become its assistant manager?,7,footballer,40,"From the information given:
- Zidane's last year playing for Real Madrid was 2006.
- He became Real Madrid's assistant manager in 2013.

To find out how many years passed between 2006 and 2013, we subtract 2006 from 2013:
2013 - 2006 = 7 years.

Final Answer: 7 years"
39,How many years did Roy Emerson play at an amateur level until he turned pro?,15,tennis,50,"To determine how many years Roy Emerson played at an amateur level before turning pro, we need to look at the following information:
1. He turned pro in 1968.
2. He started playing on the amateur tour in 1953.

By subtracting the year he started playing on the amateur tour from the year he turned pro, we can find the number of years he played at an amateur level:
1968 (year he turned pro) - 1953 (year he started playing on the amateur tour) = 15 years.

Therefore, Roy Emerson played at an amateur level for 15 years before turning pro.
Final Answer: 15 years"
40,How old was Roy Emerson when he began to play professionally?,32,tennis,50,"To determine how old Roy Emerson was when he began to play professionally, we need to find the difference between his birth year and the year he turned professional.

1. Roy Emerson was born on 3 November 1936.
2. He turned professional in 1968.
3. Calculate the age: 1968 - 1936 = 32 years old.

Therefore, Roy Emerson was 32 years old when he began to play professionally.
Final Answer: 32 years old"
41,How many years after winning a doubles tournament did Roy Emerson win a singles tournament?,2,tennis,50,"To determine how many years after winning a doubles tournament Roy Emerson won a singles tournament, we need to look at the earliest dates for both his doubles and singles tournament wins.

From the Grand Slam doubles results:
- Australian Open: W (1960, 1962, 1966, 1969)
- French Open: W (1960, 1961, 1962, 1963, 1964, 1965)
- Wimbledon: W (1959, 1961, 1971)
- US Open: W (1959, 1960, 1965, 1966)

From the Grand Slam singles results:
- Australian Open: W (1961, 1963, 1964, 1965, 1966, 1967)
- French Open: W (1963, 1967)
- Wimbledon: W (1964, 1965)
- US Open: W (1961, 1964)

The earliest doubles win is in 1959 (Wimbledon).
The earliest singles win is in 1960 (Australian Open).

The difference between these dates is 1960 - 1959 = 1 year.

Therefore, Roy Emerson won a singles tournament 1 year after winning a doubles tournament.

Final Answer: 1 year"
42,How long in years did it take Roy Emereson to go from amateur to pro?,15,tennis,50,"To determine how long it took Roy Emerson to go from being an amateur to turning professional, we need to find the difference between his amateur tour start year and his professional debut year.

From the information provided:
- Amateur tour start year: 1953
- Professional debut year: 1968

Now, we calculate the difference:
1968 - 1953 = 15 years

Therefore, it took Roy Emerson 15 years to go from amateur to professional.
Final Answer: 15 years"
43,How old was Roy Emerson when he retired from professional play?,47,tennis,50,"To determine Roy Emerson's age when he retired, we need to find the difference between his retirement year and his birth year.

From the information given:
- Roy Emerson was born on 3 November 1936.
- He retired in 1983.

Calculating the age:
1983 (retirement year) - 1936 (birth year) = 47 years

Therefore, Roy Emerson was 47 years old when he retired from professional play.
Final Answer: 47"
44,In what year did Roy Emerson first win a Grand Slam Singles Tournament?,1961,tennis,50,"To determine the year Roy Emerson first won a Grand Slam Singles Tournament, we need to look at his Grand Slam singles results.

From the information given:
- Australian Open: W (1961, 1963, 1964, 1965, 1966, 1967)
- French Open: W (1963, 1967)
- Wimbledon: W (1964, 1965)
- US Open: W (1961, 1964)

The earliest year mentioned for any of these tournaments is 1961.

Therefore, Roy Emerson first won a Grand Slam Singles Tournament in 1961.

Final Answer: 1961"
45,How many years after turning pro did Roy Emerson retire?,15,tennis,50,"To determine how many years after turning pro Roy Emerson retired, we need to find the difference between his retirement year and the year he turned pro.

From the table:
- Roy Emerson turned pro in 1968.
- Roy Emerson retired in 1983.

Now, calculate the difference:
1983 - 1968 = 15 years

Therefore, Roy Emerson retired 15 years after turning pro.
Final Answer: 15 years"
46,How old was Roy Emerson when he first won the French Open Doubles?,24,tennis,50,"To determine how old Roy Emerson was when he first won the French Open Doubles, we need to find the earliest year he won in this category and then calculate his age at that time.

From the table, we can see that Roy Emerson won the French Open Doubles in 1960. His birth year is given as 1936.

Now, we calculate his age in 1960:
1960 - 1936 = 24 years old

Therefore, Roy Emerson was 24 years old when he first won the French Open Doubles.
Final Answer: 24"
47,What year was Roy Emerson inducted into the International Tennis Hall of Fame?,1982,tennis,50,"According to the table, Roy Emerson was inducted into the International Tennis Hall of Fame in 1982.
Final Answer: 1982"
48,How long in years did Roy Emerson play in the amateur league before going professional?,15,tennis,50,"To determine how long Roy Emerson played in the amateur league before going professional, we need to look at his birth year and the year he turned professional.

From the information provided:
- Roy Emerson was born on 3 November 1936.
- He turned professional in 1968.

Now, we calculate the difference between these two years:
1968 (year he turned professional) - 1936 (birth year) = 32 years.

However, since he started playing on the amateur tour in 1953, we need to find the difference between 1953 and 1936:
1953 (year he started playing amateur) - 1936 (birth year) = 17 years.

Final Answer: 17 years"
49,How long in years did Roy Emerson play professionally?,15,tennis,50,"To determine how long Roy Emerson played professionally, we need to find the difference between his retirement year and the year he turned pro.

From the table:
- Roy Emerson retired in 1983.
- He turned pro in 1968 (amateur tour from 1953).

Now, calculate the difference:
1983 - 1968 = 15 years

Therefore, Roy Emerson played professionally for 15 years.
Final Answer: 15 years"
50,How many years passed between Nicklaus's first U.S. Open win and his final Masters Tournament victory?,24,golf,66,"To determine the number of years between Nicklaus's first U.S. Open win and his final Masters Tournament victory, we need to identify the years of these events.

From the table:
- His first U.S. Open win was in 1962.
- His final Masters Tournament victory was in 1986.

Now, calculate the difference:
1986 (final Masters win) - 1962 (first U.S. Open win) = 24 years.

Final Answer: 24 years"
51,How many years after marrying did Nicklaus turn professional?,1,golf,66,"To determine how many years after marrying Jack Nicklaus turned professional, we need to identify the years of his marriage and when he turned professional.
From the table:
- Nicklaus married Barbara Bash in 1960.
- He turned professional in 1961.
The difference between these two years is 1961 - 1960 = 1 year.
Final Answer: 1 year"
52,How many years after turning pro did Jack Nicklaus win his first Masters Tournament?,2,golf,66,"To determine how many years after turning professional Jack Nicklaus won his first Masters Tournament, we need to find the year he turned professional and the year he won his first Masters Tournament.

From the table:
- Jack Nicklaus turned professional in 1961.
- He won his first Masters Tournament in 1963.

Now, calculate the difference between these years:
1963 (first Masters win) - 1961 (turned professional) = 2 years.

Therefore, Jack Nicklaus won his first Masters Tournament 2 years after turning professional.
Final Answer: 2 years"
53,How many years had Jack Nicklaus been playing when he won his first Masters Tournament?,2,golf,66,"To determine how many years Jack Nicklaus had been playing when he won his first Masters Tournament, we need to follow these steps:

1. Identify when Jack Nicklaus turned professional.
2. Identify the year he won his first Masters Tournament.
3. Calculate the difference between these two years.

From the table:
1. Jack Nicklaus turned professional in 1961.
2. His first Masters Tournament win was in 1963.

Now, calculate the difference:
1963 (first Masters win) - 1961 (turned professional) = 2 years

Therefore, Jack Nicklaus had been playing for 2 years when he won his first Masters Tournament.
Final Answer: 2 years"
54,How many years had Jack Nicklaus been playing when he won his last PGA as leading money winner?,15,golf,66,"To determine how many years Jack Nicklaus had been playing when he won his last PGA Tour leading money winner award, we need to follow these steps:

1. Identify the year he won his last PGA Tour leading money winner award.
2. Determine the year he turned professional.
3. Calculate the difference between these two years.

From the table:
- Jack Nicklaus won his last PGA Tour leading money winner award in 1976.
- He turned professional in 1961.

Now, calculate the difference:
1976 - 1961 = 15 years

Therefore, Jack Nicklaus had been playing for 15 years when he won his last PGA Tour leading money winner award.
Final Answer: 15 years"
55,What was the last year that Jack Nicklaus won a U.S. Open?,1980,golf,66,"To determine the last year Jack Nicklaus won the U.S. Open, I'll look at his best results in major championships section.

Under ""Best results in major championships,"" the U.S. Open entries are:
- Won: 1962, 1967, 1972, 1980

From these years, the latest one is 1980.

Final Answer: 1980"
56,How many years passed between Diegel's first PGA Championship win and his T16 finish at the Masters?,6,golf,68,"To determine the number of years between Leo Diegel's first PGA Championship win and his T16 finish at the Masters, we need to identify the specific years for these events.

From the table:
- Diegel won the PGA Championship in 1928.
- Diegel finished tied for 16th (T16) at the Masters in 1934.

Next, we calculate the difference between these years:
1934 (Masters T16) - 1928 (PGA Championship win) = 6 years

Therefore, 6 years passed between Diegel's first PGA Championship win and his T16 finish at the Masters.
Final Answer: 6 years"
57,How many years before Diegel died was the picture taken?,19,golf,68,"To determine how many years before Diegel's death the picture was taken, we need to find out when the photograph was taken and then calculate the difference between that year and the year of his death.

1. From the table, we see that Leo Diegel died on May 5, 1951.
2. The image filename mentions ""Diegel in 1932,"" indicating the photograph was taken in 1932.
3. Calculate the difference: 1951 (year of death) - 1932 (year of photograph) = 19 years.

Therefore, the photograph was taken 19 years before Leo Diegel died.
Final Answer: 19 years"
58,How long in years was Leo Diegel married?,17,golf,68,"To determine how long Leo Diegel was married, we need to find the duration between his marriage and his death. From the information given:
- He married Violet Bird Diegel in 1934.
- He died on May 5, 1951.

We calculate the difference between these two dates:
1951 - 1934 = 17 years

Therefore, Leo Diegel was married for 17 years.
Final Answer: 17 years"
59,How many years after starting his pro career did Diegel marry Violet Bird Diegel?,18,golf,68,"To determine how many years after starting his professional career Leo Diegel married Violet Bird Diegel, we need to follow these steps:

1. Identify when Leo Diegel turned professional.
2. Identify the year he married Violet Bird Diegel.
3. Calculate the difference between these two years.

From the table:
1. Leo Diegel turned professional in 1916.
2. He married Violet Bird Diegel in 1934.

Now, calculate the difference:
1934 - 1916 = 18 years

Therefore, Leo Diegel married Violet Bird Diegel 18 years after he started his professional career.
Final Answer: 18 years"
60,How many years after winning his first competition did Leo Diegel pass away?,31,golf,68,"To determine how many years after winning his first competition Leo Diegel passed away, we need to identify when he won his first competition and when he died.

From the table:
- Diegel turned professional in 1916.
- His first PGA Tour win was in 1928.
- He died on May 5, 1951.

First, calculate the number of years between his first win and his death:
1951 (year of death) - 1928 (year of first win) = 23 years.

Therefore, Leo Diegel passed away 23 years after winning his first competition.
Final Answer: 23 years"
61,How many years ago did Leo Diegel die?,71,golf,68,"To determine how many years ago Leo Diegel died, we need to compare his death date to the current date (December 2022).

Step 1: Identify the death date of Leo Diegel.
Leo Diegel died on May 5, 1951.

Step 2: Determine the current year.
The current year is 2022.

Step 3: Calculate the difference between the current year and the year of death.
2022 - 1951 = 71

Therefore, Leo Diegel died 71 years ago.
Final Answer: 71 years ago"
62,How many years into his professional career did Sam Snead win the Masters?,15,golf,70,"To determine how many years into his professional career Sam Snead won the Masters, we need to know when he turned professional and when he won the Masters.

From the table:
- Sam Snead turned professional in 1934.
- He won the Masters in 1949.

Now, calculate the difference:
1949 (year of first Masters win) - 1934 (year he turned professional) = 15 years.

Therefore, Sam Snead won the Masters 15 years into his professional career.
Final Answer: 15 years"
63,What year did Sam Snead begin playing professionally?,1934,golf,70,"To determine when Sam Snead began playing professionally, I'll look at the relevant information provided in the table.

Under the ""Career"" section, it states:
""Turned professional: 1934""

This directly answers the question about when Sam Snead started his professional career.
Final Answer: 1934"
64,How many years separate the time Sam Snead began playing professionally and his death?,68,golf,70,"To determine how many years separate Sam Snead's professional debut and his death, we need to calculate the difference between the year he turned professional and the year of his death.

From the table:
- Sam Snead turned professional in 1934.
- Sam Snead died on May 23, 2002.

Now, subtract the earlier year from the later year:
2002 - 1934 = 68 years

Therefore, the number of years separating Sam Snead's professional debut and his death is 68 years.

Final Answer: 68 years"
65,How many years before he married Audrey Karnes Snead did Snead begin his pro career?,6,golf,70,"To determine how many years before Sam Snead married Audrey Karnes Snead he began his professional career, we need to compare the years of his marriage and his turn professional.

1. Sam Snead turned professional in 1934.
2. He married Audrey Karnes in 1940.

Now, calculate the difference:
1940 (year of marriage) - 1934 (year he turned professional) = 6 years

Therefore, Sam Snead married Audrey Karnes Snead 6 years after he began his professional career.
Final Answer: 6 years"
66,How many years after starting his pro career did Snead win his first championship?,8,golf,70,"To determine how many years after starting his professional career Sam Snead won his first championship, we need to follow these steps:

1. Identify when Snead turned professional: 1934
2. Identify when he won his first major championship: 1946 (The Open Championship)

Now, calculate the difference between these two years:
1946 - 1934 = 12 years

Therefore, it took Sam Snead 12 years after starting his professional career to win his first championship.
Final Answer: 12 years"
67,How old was Sam Snead when he turned professional?,21,golf,70,"To determine how old Sam Snead was when he turned professional, we need to find his birth year and subtract it from the year he turned professional.
From the information provided:
- Sam Snead was born on May 23, 1912.
- He turned professional in 1934.

Now, we calculate the age:
1934 (year he turned professional) - 1912 (birth year) = 22 years old.

Final Answer: Sam Snead was 22 years old when he turned professional."
68,What year was Chuck Howley drafted into the NFL?,1958,rugby,74,"To determine the year Chuck Howley was drafted into the NFL, I'll look at the information provided in the ""Career information"" section of the table.

The relevant piece of information is under ""NFL Draft,"" which states: ""1958 / Round: 1 / Pick: 7""

This directly tells us that Chuck Howley was drafted in 1958.

Final Answer: 1958"
69,How many years did Chuck Howley play for the Los Raiders?,12,rugby,74,"To determine how many years Chuck Howley played for the Los Raiders, we need to look at his career history provided in the table.

Career history shows: 
'Chicago Bears (1958-1959) | los Raiders (1961-1973)'

From this information:
- He joined the Los Raiders in 1961.
- His last year with the Los Raiders was 1973.

To find the number of years he played for the Los Raiders, we calculate the difference between 1973 and 1961:
1973 - 1961 = 12 years

Therefore, Chuck Howley played for the Los Raiders for 12 years.
Final Answer: 12 years"
70,How many years was Chuck Howley a 5× First-team All-Pro?,5,rugby,74,"To determine how many years Chuck Howley was a 5× First-team All-Pro, we need to look at his career highlights and awards section in the table. It states that he was ""5× First-team All-Pro (1966-1970)"".

Therefore, Chuck Howley was a 5× First-team All-Pro over the span of 5 years, from 1966 to 1970.

Final Answer: 5 years"
71,How old was Chuck Howley when his NFL career began?,22,rugby,74,"To determine Chuck Howley's age when his NFL career began, we need to find the year he entered the NFL and subtract it from his birth year.

1. From the ""Career information"" section, we see that Chuck Howley was drafted in 1958.
2. His birth year is given as 1936 (from the ""Personal information"" section).

Now, we calculate:
1958 (year of NFL draft) - 1936 (birth year) = 22

Therefore, Chuck Howley was 22 years old when his NFL career began.
Final Answer: 22"
72,When was the last year that Chuck Howley played in the Pro Bowl?,1971,rugby,74,"To determine the last year Chuck Howley played in the Pro Bowl, we need to look at the information provided about his career highlights and awards. According to the table, Howley was selected for the Pro Bowl six times: 1965-1969, and 1971.

The last year listed here is 1971.
Final Answer: 1971"
73,During what year did Manning receive the most awards or highlights?,2003,rugby,75,"To determine the year Eli Manning received the most awards or highlights, we need to look at the list of his career highlights and awards. The relevant information is:

- 2× Super Bowl champion (XLII, XLVI)
- 2× Super Bowl MVP (XLII, XLVI)
- Walter Payton NFL Man of the Year (2016)
- 4× Pro Bowl (2008, 2011, 2012, 2015)

From this list, the year 2016 stands out because it is the only year mentioned explicitly. Additionally, he won the Walter Payton NFL Man of the Year award in 2016, which is a significant individual honor.

Therefore, based on the given information, the year Manning received the most awards or highlights is 2016.

Final Answer: 2016"
74,How many years had Eli Manning played for the Giants before he won the Walter Payton NFL Man of the Year in 2016?,12,rugby,75,"To determine how many years Eli Manning had played for the Giants before winning the Walter Payton NFL Man of the Year in 2016, we need to follow these steps:

1. Identify when Eli Manning joined the New York Giants.
2. Calculate the number of years he played for the Giants before 2016.

From the table:
- Eli Manning joined the New York Giants in 2004.
- He won the Walter Payton NFL Man of the Year in 2016.

Now, calculate the number of years:
- 2016 - 2004 = 12 years

Therefore, Eli Manning had played for the Giants for 12 years before he won the Walter Payton NFL Man of the Year in 2016.
Final Answer: 12 years"
75,What year was Eli Manning drafted into the NFL?,2004,rugby,75,"According to the table, Eli Manning was drafted into the NFL in 2004, specifically in Round 1 as the Pick 1 selection.
Final Answer: 2004"
76,How many years did Eli Manning play for the New York Giants?,15,rugby,75,"To determine how many years Eli Manning played for the New York Giants, we need to look at his career history. The table provides his career history as ['New York Giants (2004-2019)'].

From this information, we can see that Manning started playing for the New York Giants in 2004 and ended in 2019. To calculate the number of years, we subtract the starting year from the ending year:
2019 - 2004 = 15 years

Therefore, Eli Manning played for the New York Giants for 15 years.
Final Answer: 15 years"
77,How many years did Eli Manning attend Ole Miss?,4,rugby,75,"According to the table, Eli Manning attended Ole Miss from 1999 to 2003. To determine the number of years he attended, we can subtract the starting year from the ending year and add 1 (since both the starting and ending years are inclusive):
2003 - 1999 = 4
Final Answer: 4 years"
78,How many years after attending Ole Miss did Eli Manning win the Bart Starr award?,21,rugby,75,"To determine how many years after attending Ole Miss Eli Manning won the Bart Starr Award, we need to follow these steps:

1. Identify when Eli Manning attended Ole Miss:
   - The table shows his college period as 1999-2003.

2. Identify when Eli Manning won the Bart Starr Award:
   - The table lists the award under ""Career highlights and awards,"" noting it was won in 2020.

3. Calculate the difference in years:
   - From 1999 to 2020: 2020 - 1999 = 21 years

Therefore, Eli Manning won the Bart Starr Award 21 years after attending Ole Miss.
Final Answer: 21 years"
79,How many years did James Worthy play professionally?,12,nba,81,"To determine how many years James Worthy played professionally, we need to look at his career information. According to the table, Worthy's playing career spanned from 1982 to 1994.

Final Answer: 12 years"
80,For how many years did James Worthy play in the NBA?,12,nba,81,"To determine how many years James Worthy played in the NBA, we need to look at his career information provided in the table. The ""Playing career"" section states ""1982-1994"". 

By subtracting the start year from the end year:
1994 - 1982 = 12 years

Therefore, James Worthy played in the NBA for 12 years.
Final Answer: 12 years"
81,How many years after winning the gold medal at the FIBA U19 World Championship did Worthy enter the draft?,3,nba,81,"To determine how many years after winning the gold medal at the FIBA U19 World Championship James Worthy entered the NBA draft, we need to follow these steps:

1. Identify the year Worthy won the gold medal at the FIBA U19 World Championship.
2. Identify the year Worthy entered the NBA draft.
3. Calculate the difference between these two years.

From the information provided:
1. Worthy won the gold medal at the FIBA U19 World Championship in 1979.
2. Worthy was drafted in 1982.

Now, calculate the difference:
1982 (draft year) - 1979 (gold medal year) = 3 years.

Therefore, James Worthy entered the NBA draft 3 years after winning the gold medal at the FIBA U19 World Championship.
Final Answer: 3 years"
82,How many years after Worthy's NBA career began did he win his first NBA championship?,3,nba,81,"To determine how many years after James Worthy's NBA career began he won his first NBA championship, we need to follow these steps:

1. Identify when Worthy's NBA career began: According to the table, Worthy's NBA career began in 1982 (NBA draft: 1982 / Round: 1 / Pick: 1st overall).
2. Identify when Worthy won his first NBA championship: The table shows that Worthy won three NBA championships, with the first one being in 1985.
3. Calculate the difference between the year of his first championship and the year his NBA career began: 1985 (first championship) - 1982 (NBA career start) = 3 years.

Therefore, James Worthy won his first NBA championship 3 years after his NBA career began.
Final Answer: 3 years"
83,How many years had James Worthy been playing professionally when he won the NCAA Championship?,0,nba,81,"To determine how many years James Worthy had been playing professionally when he won the NCAA Championship, we need to follow these steps:

1. Identify the year James Worthy won the NCAA Championship.
2. Identify the year he entered the NBA.
3. Calculate the difference between these two years.

From the information given:
- James Worthy won the NCAA Championship in 1982.
- He was drafted in 1982 and began his professional career that same year.

Since he won the NCAA Championship in 1982 and started his professional career in 1982, he had been playing professionally for 0 years when he won the NCAA Championship.

Final Answer: 0 years"
84,How many years ago was Nate Archibald inducted into the Basketball Hall of Fame?,16,nba,83,"To determine how many years ago Nate Archibald was inducted into the Basketball Hall of Fame, we need to compare the current year (2022) with the year of his induction (2006).

2022 - 2006 = 16

Final Answer: 16 years ago"
85,How many years did Nate Archibald play professionally?,14,nba,83,"To determine how many years Nate Archibald played professionally, we need to look at the start and end dates of his playing career.

From the table, we can see:
- His career began in 1970.
- His career ended in 1984.

Now, we calculate the number of years:
1984 - 1970 = 14 years

Therefore, Nate Archibald played professionally for 14 years.
Final Answer: 14 years"
86,How long in years was Nate Archibald's career since 1970?,14,nba,83,"To determine how long Nate Archibald's career lasted from 1970, we need to look at his career history and identify the start and end years.

From the table:
- His NBA career began in 1970 with the Cincinnati Royals.
- His last NBA team was the Milwaukee Bucks, playing from 1983 to 1984.

Therefore, his career spanned from 1970 to 1984.

To calculate the duration:
1984 - 1970 = 14 years

Final Answer: 14 years"
87,How old was Scottie Pippen when he won a gold medal at the 1996 Atlanta Olympic Games?,31,nba,89,"To determine Scottie Pippen's age when he won the gold medal at the 1996 Atlanta Olympic Games, we need to calculate his age based on his birth year.

From the table, Scottie Pippen was born on September 25, 1965.

The 1996 Atlanta Olympic Games took place in 1996.

Calculating his age:
1996 (year of the Olympics) - 1965 (birth year) = 31 years old.

Therefore, Scottie Pippen was 31 years old when he won the gold medal at the 1996 Atlanta Olympic Games.
Final Answer: 31"
88,How many years did Pippen play between his stints in Chicago?,5,nba,89,"To determine how many years Scottie Pippen played between his stints with the Chicago Bulls, we need to look at his career timeline:

1. Pippen's first stint with the Chicago Bulls was from 1987 to 1998.
2. His second stint with the Chicago Bulls was from 2003 to 2004.

The period between these stints is from 1998 to 2003. To calculate the number of years, we subtract the end year of the first stint from the start year of the second stint:

2003 - 1998 = 5 years

Therefore, Scottie Pippen played for 5 years between his stints in Chicago.
Final Answer: 5 years"
89,How old was Pippen when he won his first Olympic gold?,27,nba,89,"To determine Scottie Pippen's age when he won his first Olympic gold, we need to identify the year he won his first Olympic gold and then calculate his age at that time.

From the table, we can see that Pippen won his first Olympic gold in 1992 in Barcelona.

Next, we need to find out how old Pippen was in 1992. According to the ""Personal information"" section, Scottie Pippen was born on September 25, 1965.

We can calculate his age in 1992:
1992 - 1965 = 27 years old

Therefore, Scottie Pippen was 27 years old when he won his first Olympic gold in 1992.
Final Answer: 27"
90,How many years after entering the NBA draft was Pippen awarded NBA steals leader?,8,nba,89,"Scottie Pippen was drafted in 1987 and his NBA career began in 1987, meaning he entered the league immediately after being drafted. He was named NBA steals leader in 1995. Therefore, the difference between 1995 and 1987 is 8 years.
Final Answer: 8 years"
91,How many years longer did Pippen play for the Chicago Bulls than for the Portland Trail Blazers?,8,nba,89,"To determine how many years longer Scottie Pippen played for the Chicago Bulls compared to the Portland Trail Blazers, we need to look at his career history.

For the Chicago Bulls:
- 1987-1998 (11 seasons)

For the Portland Trail Blazers:
- 1999-2003 (5 seasons)

Now, calculate the difference:
11 seasons (Chicago Bulls) - 5 seasons (Portland Trail Blazers) = 6 seasons

Therefore, Pippen played 6 years longer for the Chicago Bulls than for the Portland Trail Blazers.
Final Answer: 6 years"
92,How many years ago was Scottie Pippen awarded NBA steals leader?,27,nba,89,"To determine how many years ago Scottie Pippen was awarded NBA steals leader, we need to follow these steps:

1. Identify the year Scottie Pippen was awarded NBA steals leader.
2. Determine the current year.
3. Calculate the difference between the current year and the year of the award.

From the table, Scottie Pippen was awarded NBA steals leader in 1995.

The current year is 2022.

Now, we calculate the difference:
2022 - 1995 = 27

Therefore, Scottie Pippen was awarded NBA steals leader 27 years ago.

Final Answer: 27 years ago"
93,What was the first year that Carolina Albuquerque competed on the national team?,1997,volleyball,93,"To determine the first year Carolina Albuquerque competed on the national team, we need to look at the information provided under the ""National team"" section of the table.

The relevant information states:
'1997-2008 | Brazil'

This indicates that Carolina Albuquerque represented Brazil from 1997 to 2008. Therefore, the first year she competed on the national team was 1997.

Final Answer: 1997"
94,How many years separate Carolina Albuquerque's silver medals in the World Grand Prix and the World Championship?,7,volleyball,93,"To determine how many years separate Carolina Albuquerque's silver medals in the World Grand Prix and the World Championship, we need to identify the years in which she won these medals.

1. From the World Grand Prix section:
   - Silver medal in 1999 in Yu Xi

2. From the World Championship section:
   - Silver medal in 2006 in Japan

Next, we calculate the difference between these two years:
2006 (World Championship) - 1999 (World Grand Prix) = 7 years

Therefore, the years separating Carolina Albuquerque's silver medals in the World Grand Prix and the World Championship are 7 years.
Final Answer: 7 years"
95,How many years after her first gold medal in any international competition did Carolina Albuquerque win a gold in the Olympics?,9,volleyball,93,"To determine how many years after her first gold medal in any international competition Carolina Albuquerque won a gold in the Olympics, we need to identify the years of her first gold medal and her Olympic gold medal.

1. First gold medal in any international competition:
   - World Grand Champions Cup: Gold medal - first place | 2005 Japan | Team

2. Olympic gold medal:
   - Olympic Games: Gold medal - first place | 2008 Beijing | Team

3. Calculate the difference in years:
   2008 (Olympic gold) - 2005 (first international gold) = 3 years

Therefore, Carolina Albuquerque won a gold in the Olympics 3 years after her first gold medal in any international competition.
Final Answer: 3 years"
96,In which year did Carolina Albuquerque win the most gold medals in international competition?,2008,volleyball,93,"To determine the year Carolina Albuquerque won the most gold medals in international competition, we need to count the gold medals for each event listed:

1. World Grand Champions Cup: 1 gold medal in 2005
2. World Grand Prix:
   - 2005 Sendai: 1 gold medal
   - 2006 Reggio Calabria: 1 gold medal
   - 2008 Yokohama: 1 gold medal
3. Pan American Games:
   - 1999 Winnipeg: 1 gold medal
4. Final Four Cup: 1 gold medal in 2008
5. Olympic Games: 1 gold medal in 2008
6. World Championship: 1 silver medal in 2006 (no gold medal here)

Summarizing the gold medals:
- 2005: 1
- 2006: 1
- 2008: 2 (1 from World Grand Prix, 1 from Olympic Games)

The highest number of gold medals won in a single year is 2, which occurred in 2008.
Final Answer: 2008"
97,What years did Carolina Albuquerque win medals in Asia?,"1999, 2005, 2006, 2008",volleyball,93,"To determine the years Carolina Albuquerque won medals in Asia, we need to look at her achievements in Asian competitions listed in the table.

1. **World Grand Champions Cup**: Held in Japan in 2005.
2. **World Grand Prix**: Held in Sendai in 2005 and in Reggio Calabria in 2006. There's no mention of specific Asian cities for these events, but they are typically held in Asian countries.
3. **World Championship**: Held in Japan in 2006.

From this information:
- In 2005, she won gold in the World Grand Champions Cup in Japan.
- In 2006, she won gold in the World Grand Prix in Sendai and silver in the World Championship in Japan.

Therefore, the years Carolina Albuquerque won medals in Asia are 2005 and 2006.

Final Answer: 2005 and 2006"
98,How old was Thiago Alves when he won his first medal at the Olympic Games in 2012?,26,volleyball,96,"To determine how old Thiago Alves was when he won his first Olympic medal in 2012, we need to calculate the difference between the year of the Olympics and his birth year.

Step 1: Identify the year of the 2012 London Olympic Games.
- The table shows: Silver medal - second place | 2012 London | Team

Step 2: Identify the year of Thiago Alves' birth.
- The table shows: Born | ( | 1986-07-26 | ) | July 26, 1986

Step 3: Calculate the age in 2012.
- 2012 - 1986 = 26

Therefore, Thiago Alves was 26 years old when he won his first Olympic medal in 2012.
Final Answer: 26"
99,How many years separate the two gold medals that Thiago Alves won in the World Grand Championships Cup?,4,volleyball,96,"To determine how many years separate the two gold medals that Thiago Alves won in the World Grand Champions Cup, we need to look at the years mentioned for each of his victories.

1. First gold medal: 2009 Japan
2. Second gold medal: 2013 Japan

Next, we calculate the difference between these two years:
2013 - 2009 = 4 years

Therefore, the two gold medals that Thiago Alves won in the World Grand Champions Cup are separated by 4 years.
Final Answer: 4 years"
100,How old was Thiago Alves when he won gold in the Pan American Games in 2011?,25,volleyball,96,"To determine how old Thiago Alves was when he won gold in the Pan American Games in 2011, we need to calculate his age based on his birth year.

1. According to the table, Thiago Alves was born on July 26, 1986.
2. The Pan American Games in 2011 took place in Guadalajara, Mexico.
3. We need to find out his age in 2011:
   - Year of birth: 1986
   - Year of the event: 2011
   - Age = 2011 - 1986 = 25 years old

Therefore, Thiago Alves was 25 years old when he won gold in the Pan American Games in 2011.
Final Answer: 25"
101,How many years did Thiago Alves play for Grêmio Náutico União starting from 2000?,3,volleyball,96,"To determine how many years Thiago Alves played for Grêmio Náutico União, we need to look at the information provided in his career timeline.

According to the table, Thiago Alves played for Grêmio Náutico União from 2000-2003.

To find out how many years this span covers, we subtract the start year from the end year:
2003 - 2000 = 3 years

Therefore, Thiago Alves played for Grêmio Náutico União for 3 years starting from 2000.
Final Answer: 3 years"
102,How many years after winning his first Olympic medal did Matt Biondi win a medal in his last Olympic Games?,8,swimming,115,"To determine how many years after winning his first Olympic medal Matt Biondi won a medal in his last Olympic Games, we need to identify the years of his first and last Olympic medals.

From the data:
- Biondi's first Olympic medal was at the 1984 Los Angeles Games.
- His last Olympic medal was at the 1992 Barcelona Games.

Now, calculate the difference in years:
1992 (last medal year) - 1984 (first medal year) = 8 years.

Therefore, Matt Biondi won his last Olympic medal 8 years after winning his first Olympic medal.
Final Answer: 8 years"
103,What year did Matt Biondi win his only bronze in the Olympics?,1988,swimming,115,"To determine the year Matt Biondi won his only bronze medal in the Olympics, we need to carefully examine the medal results listed under the ""Olympic Games"" section of the table.

The relevant part of the table for Olympic medals shows:
- Gold medal - first place | 1984 Los Angeles | 4×100 m freestyle
- Gold medal - first place | 1988 Seoul | 50 m freestyle
- Gold medal - first place | 1988 Seoul | 100 m freestyle
- Gold medal - first place | 1988 Seoul | 4×100 m freestyle
- Gold medal - first place | 1988 Seoul | 4×200 m freestyle
- Gold medal - first place | 1988 Seoul | 4×100 m medley
- Gold medal - first place | 1992 Barcelona | 4×100 m freestyle
- Gold medal - first place | 1992 Barcelona | 4×100 m medley
- Silver medal - second place | 1988 Seoul | 100 m butterfly
- Silver medal - second place | 1992 Barcelona | 50 m freestyle
- Bronze medal - third place | 1988 Seoul | 200 m freestyle

From this list, it's clear that Biondi won a bronze medal in the 200 m freestyle event at the 1988 Seoul Olympics.

Final Answer: 1988"
104,In what year did Jager win the most Olympic medals?,1988,swimming,118,"To determine the year Tom Jager won the most Olympic medals, we need to count his medals for each Olympic Games he participated in:

1. **1984 Los Angeles Olympics**:
   - 4×100 m freestyle: Gold
   - 4×100 m medley: Gold
   - Total: 2 medals

2. **1988 Seoul Olympics**:
   - 4×100 m freestyle: Gold
   - 4×100 m medley: Gold
   - 50 m freestyle: Silver
   - Total: 3 medals

3. **1992 Barcelona Olympics**:
   - 4×100 m freestyle: Gold
   - 50 m freestyle: Bronze
   - Total: 2 medals

From the counts above, it is clear that Tom Jager won the most Olympic medals in 1988, with a total of 3 medals.

Final Answer: 1988"
105,How many years were there between Jager's gold medals at the Los Angeles Olympics and his gold medals at the Edmonton Pan Am Games?,7,swimming,118,"To determine the number of years between Jager's gold medals at the 1984 Los Angeles Olympics and his gold medals at the 1991 Edmonton Pan Am Games, we need to identify the relevant years and calculate the difference.

1. **Identify the relevant years:**
   - Gold medals at the 1984 Los Angeles Olympics: 1984
   - Gold medals at the 1991 Edmonton Pan Am Games: 1991

2. **Calculate the difference:**
   - 1991 - 1984 = 7 years

Therefore, there were 7 years between Jager's gold medals at the Los Angeles Olympics and his gold medals at the Edmonton Pan Am Games.

Final Answer: 7 years"
106,How old was Bayinnaung when he began his reign as Suzerain of Siam?,48,emperor,119,"To determine how old Bayinnaung was when he began his reign as Suzerain of Siam, we need to find the start date of his reign over Siam and subtract it from his birth year.

From the information provided:
- Bayinnaung's reign as Suzerain of Siam began on 18 February 1564.
- Bayinnaung was born on 16 January 1516.

We can calculate the age by subtracting the birth year from the start year of his reign and adjusting for the difference in months and days.

1. Calculate the difference in years: 1564 - 1516 = 48 years.
2. Since the reign started in February and he was born in January, he would have already celebrated his birthday that year.

Therefore, Bayinnaung was 48 years old when he began his reign as Suzerain of Siam.
Final Answer: 48 years old"
107,How many years elapsed from the beginning of Bayinnaung's reign as Suzerain of Lan Na to the end of his first reign as Suzerain of Lan Xang?,10,emperor,119,"To determine the number of years that elapsed from the beginning of Bayinnaung's reign as Suzerain of Lan Na to the end of his first reign as Suzerain of Lan Xang, we need to identify the relevant dates:

1. **Suzerain of Lan Na**:
   - Reign: 2 April 1558 - 10 October 1581
   - Start of reign: 2 April 1558

2. **First reign as Suzerain of Lan Xang**:
   - Reign: 2 January 1565 - c. January 1568
   - End of first reign: c. January 1568

Next, we calculate the time difference between these two events:

- From 2 April 1558 to 2 January 1565:
  - From 2 April 1558 to 31 December 1558: 307 days
  - From 1 January 1559 to 31 December 1559: 365 days
  - From 1 January 1560 to 31 December 1560: 365 days
  - From 1 January 1561 to 31 December 1561: 365 days
  - From 1 January 1562 to 31 December 1562: 365 days
  - From 1 January 1563 to 2 January 1565: 400 days (2 days in 1563, 365 days in 1564, 365 days in 1565 up to 2 January)

Total days from 2 April 1558 to 2 January 1565 = 307 + 365 + 365 + 365 + 365 + 400 = 1937 days

- From 2 January 1565 to c. January 1568:
  - From 2 January 1565 to 31 December 1565: 365 days
  - From 1 January 1566 to 31 December "
108,How many months after the beginning of his reign as King of Burma was Bayinnaung's coronation in Toungoo?,9,emperor,119,"Bayinnaung became King of Burma on 30 April 1550 and was crowned at Toungoo on 11 January 1551. To find out how many months after the beginning of his reign this coronation took place, we need to calculate the time difference between these two dates.

From 30 April 1550 to 31 December 1550, there are 9 months. Then, from 1 January 1551 to 11 January 1551, there is 1 month. So, the total number of months is 9 + 1 = 10 months.
Final Answer: 10 months"
109,How many days after Bayinnaung died was he buried?,5,emperor,119,"From the information given:
- Bayinnaung died on 10 October 1581 (Tuesday, Full moon of Tazaungmon 943 ME).
- He was buried on 15 October 1581 (Kanbawzathadi Palace).

To calculate the number of days between his death and burial:
15 October 1581 - 10 October 1581 = 5 days

Therefore, Bayinnaung was buried 5 days after he died.
Final Answer: 5 days"
110,In what year did Bayinnaung first reign?,1550,emperor,119,"To determine the year Bayinnaung first began his reign, we need to look at the information provided in the table under the ""Reign"" section.

The table states:
- Reign: 30 April 1550 - 10 October 1581

From this, it is clear that Bayinnaung's reign started on 30 April 1550.

Final Answer: 1550"
111,How many years did Bayinnaung rule as the Suzerain of Siam?,17,emperor,119,"To determine how many years Bayinnaung ruled as the Suzerain of Siam, we need to look at the reign dates provided in the table. According to the information given:

- Reign: 18 February 1564 - 10 October 1581

Now, let's calculate the duration:

1. Start date: 18 February 1564
2. End date: 10 October 1581

We can break this down into full years and the remaining days:

- From 18 February 1564 to 17 February 1581: 17 years
- From 18 February 1581 to 10 October 1581: 7 months and 23 days

Since the question asks for the number of years, we'll focus on the full years:

Bayinnaung ruled as the Suzerain of Siam for 17 years.

Final Answer: 17 years"
112,How old was Peter III when he became King of Aragon and Valencia?,37,emperor,122,"To determine how old Peter III was when he became King of Aragon and Valencia, we need to find his birth year and compare it to the start of his reign.

From the information given:
- He was born around 1239.
- His reign as King of Aragon and Valencia started on 27 July 1276.

Calculating the age:
1276 (start of reign) - 1239 (birth year) = 37 years

Therefore, Peter III was 37 years old when he became King of Aragon and Valencia.
Final Answer: 37 years old"
113,How many years before his death did Peter III begin his reign as King of Sicily?,3,emperor,122,"To determine how many years before his death Peter III began his reign as King of Sicily, we need to follow these steps:

1. Identify the dates of Peter III's reign as King of Sicily.
2. Identify the date of his death.
3. Calculate the difference between these two dates.

From the table:
- Peter III's reign as King of Sicily began on 4 September 1282 (1282-09-04).
- His death occurred on 1285-11-00 (November 1285).

Now, calculate the difference:
- From 4 September 1282 to 31 December 1282: 3 months and 27 days.
- From 1 January 1283 to 31 December 1284: 2 full years.
- From 1 January 1285 to 31 October 1285: 10 months and 30 days.

Adding these up:
- 3 months + 27 days (September) = 3 months + 27 days
- 2 full years = 2 years
- 10 months + 30 days (October) = 10 months + 30 days

Combining these periods:
- 2 years + 3 months + 27 days + 10 months + 30 days = 2 years + 13 months + 57 days

Since 13 months is almost 1 year, we can simplify this to approximately 3 years.

Therefore, Peter III began his reign as King of Sicily about 3 years before his death.

Final Answer: 3 years"
114,How many years did Peter III reign as King of Sicily?,3,emperor,122,"To determine how many years Peter III reigned as King of Sicily, we need to calculate the difference between his start and end dates for this reign.

Start date: 4 September 1282
End date: 1285, November

First, let's convert these dates into a more manageable format:
- Start date: 4 September 1282
- End date: 1 November 1285

We can break it down into full years and remaining days:
- From 4 September 1282 to 31 December 1282: 3 months and 28 days
- Full years: 3 years (from 1 January 1283 to 31 December 1285)
- From 1 January 1286 to 1 November 1285: 10 months and 30 days

Adding up the full years and the partial year:
- 3 years + 10 months and 30 days

Since the partial year is less than a full year, we consider only the full years.

Therefore, Peter III reigned as King of Sicily for 3 years.

Final Answer: 3 years"
115,How many years longer was Peter III's reign as King of Aragon and Valencia than as King of Sicily?,6,emperor,122,"To determine how many years longer Peter III's reign as King of Aragon and Valencia was compared to his reign as King of Sicily, we need to calculate the duration of each reign and then find the difference.

1. **Reign as King of Aragon and Valencia**:
   - Start date: 27 July 1276
   - End date: November 1285

2. **Reign as King of Sicily**:
   - Start date: 4 September 1282
   - End date: November 1285

Let's calculate the duration for each reign:

### Reign as King of Aragon and Valencia:
- From 27 July 1276 to 31 December 1276: \( \frac{5}{12} \) of a year
- From 1 January 1277 to 31 December 1284: 7 full years
- From 1 January 1285 to 30 November 1285: \( \frac{11}{12} \) of a year

Total duration:
\[ \frac{5}{12} + 7 + \frac{11}{12} = \frac{5 + 11}{12} + 7 = \frac{16}{12} + 7 = 1.333 + 7 = 8.333 \text{ years} \]

### Reign as King of Sicily:
- From 4 September 1282 to 31 December 1282: \( \frac{3}{12} \) of a year
- From 1 January 1283 to 31 December 1284: 2 full years
- From 1 January 1285 to 30 November 1285: \( \frac{11}{12} \) of a year

Total duration:
\[ \frac{3}{12} + 2 + \frac{11}{12} = \frac{3 + 11}{12} + 2 = \frac{14}{12} + 2 = 1.167 + 2 = 3.167 \text{ years} \]

### Difference in Duration:
\[ 8"
116,How old was Peter III when he started his reign as King of Aragon and Valencia?,37,emperor,122,"To determine how old Peter III was when he started his reign as King of Aragon and Valencia, we need to calculate the difference between the start of his reign and his birth year.

From the information given:
- Peter III was born around 1239.
- His reign as King of Aragon and Valencia began on 27 July 1276.

Calculating the age:
1276 - 1239 = 37 years

Therefore, Peter III was 37 years old when he started his reign as King of Aragon and Valencia.
Final Answer: 37 years old"
117,In what year did Chen Yufei win the most medals?,2016,badminton,129,"To determine the year Chen Yufei won the most medals, we need to count the medals she won each year from the given achievements.

1. **2013**:
   - Bronze medal at the World Junior Championships (Bangkok, Mixed team)
   - Bronze medal at the Asian Junior Championships (Bangkok, Girls' singles)
   - Bronze medal at the Asian Junior Championships (Taipei, Girls' singles)
   - Total: 3 medals

2. **2014**:
   - Gold medal at the World Junior Championships (Alor Setar, Mixed team)
   - Gold medal at the World Junior Championships (Lima, Mixed team)
   - Gold medal at the Asian Junior Championships (Taipei, Mixed team)
   - Gold medal at the Asian Junior Championships (Bangkok, Girls' singles)
   - Silver medal at the Asian Junior Championships (Taipei, Girls' singles)
   - Total: 5 medals

3. **2015**:
   - Gold medal at the World Junior Championships (Lima, Mixed team)
   - Gold medal at the Asian Junior Championships (Bangkok, Mixed team)
   - Gold medal at the Asian Junior Championships (Bangkok, Girls' singles)
   - Total: 3 medals

4. **2016**:
   - Gold medal at the World Junior Championships (Bilbao, Girls' singles)
   - Gold medal at the World Junior Championships (Bilbao, Mixed team)
   - Gold medal at the Asian Junior Championships (Bangkok, Mixed team)
   - Gold medal at the Asian Junior Championships (Bangkok, Girls' singles)
   - Silver medal at the Asian Junior Championships (Bangkok, Girls' singles)
   - Total: 5 medals

5. **2017**:
   - Bronze medal at the World Championships (Glasgow, Women's singles)
   - Bronze medal at the Sudirman Cup (Gold Coast, Mixed team)
   - Bronze medal at the Asian Championships (Wuhan, Women's singles)
   - Total: 3 medals

6. **2018**:
   - Silver medal at the Asian Games (Jakarta-Palembang, Women's team)
   - Silver medal at the Uber Cup (Bangkok, Women's team)
   - Bronze medal at the Asian Championships (Wuhan, Women's singles)
   - Silver medal at the Asian Team Championships (Alor Setar, Women's team)
  "
118,How many years are between Chen Yufei's gold medal at the Kota Kinabalu Asian Junior Championships and her gold medal at the Tokyo Olympics?,7,badminton,129,"To determine the number of years between Chen Yufei's gold medal at the Kota Kinabalu Asian Junior Championships and her gold medal at the Tokyo Olympics, we need to identify the years of these events.

1. **Kota Kinabalu Asian Junior Championships**:
   - Chen Yufei won a gold medal in 2013.

2. **Tokyo Olympics**:
   - Chen Yufei won a gold medal in 2020.

Now, calculate the difference between these two years:
\[ 2020 - 2013 = 7 \]

Therefore, there are 7 years between Chen Yufei's gold medal at the Kota Kinabalu Asian Junior Championships and her gold medal at the Tokyo Olympics.

Final Answer: 7 years"
119,How many years ago did Shi Yuqi achieve his highest rank?,5,badminton,166,"To determine how many years ago Shi Yuqi achieved his highest rank, we need to follow these steps:

1. Identify Shi Yuqi's highest ranking: According to the table, his highest ranking was 2, achieved on 24 August 2017.
2. Determine the current date: The current date given in the instruction is December 2022.
3. Calculate the difference in years between the current date and the date of his highest ranking.

Let's do the calculation:
- Current date: December 2022
- Date of highest ranking: August 2017

From August 2017 to December 2022, we can break it down as follows:
- From August 2017 to December 2017: 4 months
- From January 2018 to November 2022: 4 years and 11 months

Adding these together, we get 4 years and 11 months, which is approximately 5 years.

Final Answer: 5 years"
120,In what year did Shi Yuqi win the most gold medals?,2014,badminton,166,"To determine the year Shi Yuqi won the most gold medals, we need to count his gold medals for each significant competition listed in the table.

1. **World Championships**: 1 gold medal in 2018.
2. **Sudirman Cup**:
   - 2019: 1 gold medal
   - 2021: 1 gold medal
3. **Thomas Cup**:
   - 2018: 1 gold medal
   - 2020: 1 silver medal
4. **Asian Games**: 1 gold medal in 2018.
5. **Asian Championships**:
   - 2019: 1 silver medal
   - 2017: 1 bronze medal
6. **Asian Mixed Team Championships**: 1 bronze medal in 2017.
7. **Asian Team Championships**: 1 silver medal in 2018.
8. **Youth Olympic Games**: 1 gold medal in 2014.
9. **World Junior Championships**:
   - 2014: 2 gold medals (Mixed team, Boys' singles), 1 silver medal (Boys' singles), 1 bronze medal (Mixed team).
10. **Asian Youth Games**: 2 bronze medals in 2013.
11. **Asian Junior Championships**:
    - 2013: 1 gold medal (Mixed team), 1 gold medal (Boys' singles), 1 gold medal (Mixed team), 1 silver medal (Mixed team).

Counting the gold medals:
- 2018: 1 (World Championships) + 1 (Asian Games) + 1 (Thomas Cup) + 1 (Asian Team Championships) = 4 gold medals.
- 2019: 1 (Sudirman Cup) = 1 gold medal.
- 2021: 1 (Sudirman Cup) = 1 gold medal.
- 2017: 0 gold medals.
- 2014: 2 (World Junior Championships) + 1 (World Junior Championships) + 1 (World Junior Championships) = 3 gold medals.
- 2013: 0 gold medals.

Shi Yuqi won the most gold medals in 2018, with a total of 4 gold medals"
121,How many years separate Yuqi's silver medal at the World Championship from his silver at the Asian Junior Championships?,6,badminton,166,"To determine the years separating Shi Yuqi's silver medal at the 2018 World Championship and his silver medal at the 2012 Asian Junior Championships, we need to identify the specific years for each event.

From the data provided:
- Shi Yuqi won a silver medal at the 2018 World Championships (Men's singles).
- Shi Yuqi won a silver medal at the 2012 Asian Junior Championships (Mixed team).

Next, we calculate the difference between these years:
2018 (World Championship) - 2012 (Asian Junior Championships) = 6 years.

Final Answer: 6 years"
122,When was the most recent year in which Shi Yuqi won a medal?,2021,badminton,166,"To determine the most recent year Shi Yuqi won a medal, I will go through his medal history chronologically and identify the most recent year.

1. **Youth Olympic Games** - 2014 (First place in Boys' singles)
2. **World Junior Championships** - 2014 (First place in Mixed team, Second place in Boys' singles, Third place in Mixed team)
3. **Asian Junior Championships** - 2014 (First place in Mixed team, First place in Boys' singles, First place in Mixed team, Second place in Mixed team)
4. **Asian Youth Games** - 2013 (Third place in Boys' singles, Third place in Mixed doubles)
5. **Asian Championships** - 2019 (Second place in Men's singles), 2017 (Second place in Men's singles)
6. **Thomas Cup** - 2018 (First place in Men's team), 2020 (Second place in Men's team)
7. **Sudirman Cup** - 2019 (First place in Mixed team), 2021 (First place in Mixed team), 2017 (Second place in Mixed team)
8. **World Championships** - 2018 (Second place in Men's singles)
9. **Asian Games** - 2018 (First place in Men's team)
10. **BWF profile** - No specific year mentioned, but it indicates ongoing achievements.

The most recent year where Shi Yuqi won a medal is 2021, when he won a gold medal at the Sudirman Cup with the mixed team.

Final Answer: 2021"
123,In what year did Wang Xiaoli win the most bronze medals?,2006,badminton,174,"To determine the year Wang Xiaoli won the most bronze medals, we need to examine the medals she won in each event.

From the table:
- **World Junior Championships**: 
  - 2006 Incheon: 1 bronze medal (Girls' doubles)
  - 2006 Incheon: 1 bronze medal (Mixed team)
  - 2006 Incheon: 1 bronze medal (Mixed doubles)
  Total: 3 bronze medals in 2006

- **Asian Junior Championships**:
  - 2006 Kuala Lumpur: 1 bronze medal (Girls' doubles)
  - 2007 Kuala Lumpur: 1 bronze medal (Mixed team)
  - 2006 Kuala Lumpur: 1 bronze medal (Mixed team)
  - 2006 Kuala Lumpur: 1 bronze medal (Mixed team)
  Total: 3 bronze medals in 2006

- No other events show any bronze medals.

Since both the World Junior Championships and the Asian Junior Championships awarded her 3 bronze medals in 2006, the year Wang Xiaoli won the most bronze medals is 2006.

Final Answer: 2006"
124,How many years separate Wang Xiaoli's gold medal at the London World Championship from her gold medal at the Asian Junior Championships?,5,badminton,174,"To determine the number of years separating Wang Xiaoli's gold medal at the 2011 London World Championship and her gold medal at the 2006 Kuala Lumpur Asian Junior Championships, we need to find the difference between these two years.

1. Identify the year of the London World Championship gold medal: 2011.
2. Identify the year of the Asian Junior Championships gold medal: 2006.
3. Calculate the difference: 2011 - 2006 = 5 years.

Therefore, the number of years separating Wang Xiaoli's gold medal at the London World Championship from her gold medal at the Asian Junior Championships is 5 years.

Final Answer: 5 years"
125,How many years ago did Wang Xiaoli achieve her highest ranking?,8,badminton,174,"To determine how many years ago Wang Xiaoli achieved her highest ranking, we need to follow these steps:

1. Identify the date when Wang Xiaoli achieved her highest ranking.
2. Determine the current date.
3. Calculate the difference between the current date and the date of her highest ranking.

From the table, Wang Xiaoli's highest ranking was achieved on 22 May 2014.

The current date is 31 December 2022.

Now, calculate the difference:
- From 22 May 2014 to 31 December 2022.

First, calculate the remaining days in 2014:
- Days from 23 May 2014 to 31 December 2014 = 242 days

Then, add the full years from 2015 to 2021:
- 7 years * 365 days/year = 2555 days

Finally, add the days in 2022 up to 31 December:
- 365 days

Total days since 22 May 2014:
- 242 + 2555 + 365 = 3162 days

Convert days to years:
- 3162 days / 365 days/year ≈ 8.67 years

Since we are asked for the number of years, we round down to the nearest whole number:
- 8 years

Therefore, Wang Xiaoli achieved her highest ranking 8 years ago.
Final Answer: 8 years"
126,How old was Wang Xiaoli when she won her first gold medal at the Asian Junior Championships in 2006?,17,badminton,174,"To determine Wang Xiaoli's age when she won her first gold medal at the Asian Junior Championships in 2006, we need to follow these steps:

1. Identify the birth year of Wang Xiaoli: 1989 (from the personal information section).
2. Calculate her age in 2006:
   - 2006 - 1989 = 17 years old.

Therefore, Wang Xiaoli was 17 years old when she won her first gold medal at the Asian Junior Championships in 2006.
Final Answer: 17 years old"
127,How many years were B-24 Skuas on the front line?,3,aircraft,226,"To determine how many years B-24 Skuas were on the front line, we need to find the period from their introduction to when they were withdrawn from front-line duties.

From the information given:
- Introduction: November 1938
- Retired from front-line duties: 1941

Calculating the duration:
1941 - 1938 = 3 years

Therefore, B-24 Skuas were on the front line for 3 years.
Final Answer: 3 years"
128,How many years ago was the B-24 Skua's first flight?,85,aircraft,226,"To determine how many years ago the B-24 Skua's first flight was, we need to calculate the difference between the current year (2022) and the year of its first flight (1937).

Step 1: Identify the year of the first flight.
- The first flight of the B-24 Skua occurred on 9 February 1937.

Step 2: Determine the current year.
- The current year is 2022.

Step 3: Calculate the difference.
- 2022 - 1937 = 85 years

Therefore, the B-24 Skua's first flight was 85 years ago.
Final Answer: 85 years"
129,What year was the B-24 Skua introduced?,1938,aircraft,226,"To determine the introduction year of the B-24 Skua, we need to look at the ""Introduction"" row in the table. According to the table, the introduction year is November 1938.
Final Answer: 1938"
130,How many years after the first flight was the B-24 Skua introduced?,1,aircraft,226,"To determine how many years after the first flight the B-24 Skua was introduced, we need to follow these steps:

1. Identify the first flight date: 9 February 1937.
2. Identify the introduction date: November 1938.
3. Calculate the difference between these two dates.

First, let's convert the dates into a more comparable format:
- First flight: 9 February 1937
- Introduction: 1 November 1938

Next, we calculate the difference:
- From 9 February 1937 to 28 February 1937: 20 days
- From 1 March 1937 to 31 December 1937: 10 months
- From 1 January 1938 to 31 October 1938: 10 months
- From 1 November 1938: 0 days

Summing up the time periods:
- 20 days in February 1937
- 10 months (February to December 1937)
- 10 months (January to October 1938)

Since the exact day of the first flight is known and it's within February, we can consider the full year 1937 plus part of 1938.

Therefore, the total time from the first flight to introduction is:
- 1937 (full year) + 10 months (1938) = 1 year and 10 months

However, since the question asks for the number of years, we round down to the nearest whole year.

Final Answer: 1 year"
131,How many years did the B-24 Skua fly before it was completely retired?,8,aircraft,226,"To determine how many years the B-24 Skua flew before it was completely retired, we need to calculate the time between its introduction and its complete retirement.

1. First flight: 9 February 1937
2. Introduction: November 1938
3. Complete retirement: March 1945

Next, we calculate the time between these dates:
- From November 1938 to December 1938: 1 month
- From December 1938 to March 1945: 6 full years and 3 months

Adding these together:
1 month + 6 years 3 months = 6 years 4 months

Therefore, the B-24 Skua flew for 6 years and 4 months before it was completely retired.
Final Answer: 6 years 4 months"
132,How many years longer was the time between the withdrawal of the B-24 Skua from the front line and its withdrawal from other duties than the time between its first flight and introduction?,3,aircraft,226,"To solve this problem, we need to calculate the duration between two key periods for the B-24 Skua: 
1. The period between its withdrawal from the front line and its withdrawal from other duties.
2. The period between its first flight and its introduction into service.

**Step 1: Calculate the duration between withdrawal from the front line and withdrawal from other duties.**

- Withdrawn from front line: 1941
- Withdrawn from other duties: March 1945

Duration = 1945 - 1941 = 4 years

**Step 2: Calculate the duration between first flight and introduction.**

- First flight: 9 February 1937
- Introduction: November 1938

Duration = 1938 - 1937 = 1 year

**Step 3: Find the difference between these durations.**

Difference = 4 years - 1 year = 3 years

Therefore, the time between the withdrawal from the front line and other duties was 3 years longer than the time between the first flight and introduction.

Final Answer: 3 years"
133,How many years lapsed between the introduction and the frontline withdrawal of the B-24 Skua?,3,aircraft,226,"To determine the number of years that lapsed between the introduction and the frontline withdrawal of the B-24 Skua, we need to identify the relevant dates from the information provided:

- Introduction: November 1938
- Frontline withdrawal: 1941

Now, let's calculate the difference:

1. From November 1938 to December 1938: 1 month
2. Full years from 1938 to 1941: 3 years
3. From January 1941 to December 1941: 12 months

Adding these together:
1 (month) + 3 (years) * 12 (months/year) + 12 (months) = 1 + 36 + 12 = 49 months

Since there are 12 months in a year, we convert 49 months into years:
49 months ÷ 12 months/year ≈ 4.0833 years

Thus, approximately 4 years lapsed between the introduction and the frontline withdrawal of the B-24 Skua.

Final Answer: 3 years (since we typically round down when dealing with whole years in such contexts)"
134,How many years passed between the first flight and the introduction of the JF-17 Thunder?,4,fighter,229,"To determine how many years passed between the first flight and the introduction of the JF-17 Thunder, we need to calculate the difference between the dates of these events.

1. First flight: August 25, 2003
2. Introduction: March 12, 2007

Next, we find the difference between these two dates:
- From August 25, 2003, to December 31, 2003: 4 months and 8 days
- From January 1, 2004, to December 31, 2006: 3 full years
- From January 1, 2007, to March 12, 2007: 2 months and 12 days

Adding these periods together:
- 4 months and 8 days + 3 years + 2 months and 12 days = 3 years + 6 months + 20 days

Since the exact number of days is not needed for the years calculation, we can simplify this to:
- 3 years + 6 months

Thus, the total time between the first flight and the introduction is 3 years and 6 months, which is approximately 3.5 years.

Final Answer: 3.5 years"
135,How many years after its first flight in 2003 was the JF-17 Thunder introduced?,4,fighter,229,"To determine how many years after its first flight the JF-17 Thunder was introduced, we need to find the difference between the introduction date and the first flight date.

1. First flight date: August 25, 2003
2. Introduction date: March 12, 2007

Calculating the difference:
- From August 25, 2003, to December 31, 2003: 4 months and 6 days
- From January 1, 2004, to December 31, 2006: 3 full years
- From January 1, 2007, to March 12, 2007: 2 months and 12 days

Adding up the years:
- 3 full years + 2 months and 12 days from 2004 to 2006
- 2 months and 12 days from 2006 to 2007

So, the total time is 3 years plus 2 months and 12 days. Since we are asked for the number of years, we can round this to 3 years and 2 months.

Final Answer: 4 years"
136,For how many years has the JF-17 Thunder been produced in Pakistan?,14,fighter,229,"To determine how many years the JF-17 Thunder has been produced in Pakistan, we need to identify the start and end dates of its production in Pakistan.

From the table:
- Production in Pakistan started in January 2008.
- It is currently ongoing (""present"").

Since the current date is December 2022, we can calculate the duration of production in Pakistan as follows:

1. Start date: January 2008
2. End date: December 2022

We can break this down into full years and any remaining months:

- From January 2008 to December 2022 covers 14 full years.

Therefore, the JF-17 Thunder has been produced in Pakistan for 14 years.

Final Answer: 14 years"
137,How many years has the JF-17 Thunder been used in China?,15,fighter,229,"To determine how many years the JF-17 Thunder has been in production in China, we need to look at the production timeline provided in the table. According to the table, the JF-17 Thunder was produced in China starting from June 2007 to the present.

Since the current date is given as December 2022, we can calculate the number of years by subtracting the start year (2007) from the current year (2022).

2022 - 2007 = 15 years

Therefore, the JF-17 Thunder has been used in China for 15 years.
Final Answer: 15 years"
138,How many years after its first flight was the JF-17 produced in Pakistan?,4,fighter,229,"To determine how many years after its first flight the JF-17 was produced in Pakistan, we need to follow these steps:

1. Identify the first flight date of the JF-17: August 25, 2003.
2. Identify when production in Pakistan began: January 2008.
3. Calculate the difference between these two dates.

Step 1: First flight date = August 25, 2003
Step 2: Production in Pakistan began = January 2008

Now, let's calculate the difference:
- From August 2003 to December 2003: 4 months
- From January 2004 to December 2007: 4 years
- January 2008: 1 month

Total time = 4 months + 4 years + 1 month = 4 years and 5 months

Therefore, the JF-17 was produced in Pakistan approximately 4 years and 5 months after its first flight.

Final Answer: 4 years and 5 months"
139,How many years did it take for inflation in France to decrease by 0.8%?,1,economy,243,"To determine how many years it took for inflation in France to decrease by 0.8%, we need to look at the inflation rates over consecutive years. The given data provides the following inflation rates:

- 2018: 2.1%
- 2019: 1.3%
- 2020: 0.5%

We can see that the decrease from 2018 to 2019 was 2.1% - 1.3% = 0.8%.

Therefore, it took 1 year for inflation to decrease by 0.8%.

Final Answer: 1 year"
140,How many years did it take for the Human Development Index of France to grow by 0.089 points?,1,economy,243,"To determine how many years it took for the Human Development Index (HDI) of France to grow by 0.089 points, we need to look at the HDI values over time. From the table, we have two HDI values:

- 2020: 0.909
- 2019: 0.820

First, calculate the difference in HDI values:
\[ 0.909 - 0.820 = 0.089 \]

This means the HDI increased by 0.089 points from 2019 to 2020. Therefore, it took 1 year for the HDI to grow by 0.089 points.

Final Answer: 1 year"
141,How many years after the economic aid of $9.50 billion did the revenues of the French economy reach 52.6% of GDP?,3,economy,243,"To determine how many years after the economic aid of $9.50 billion the revenues reached 52.6% of GDP, we need to find the relevant years for both pieces of information from the table.

From the table:
- Economic aid: $9.50 billion (2016)
- Revenues: 52.6% of GDP (2019)

Now, calculate the difference between these years:
2019 (year when revenues were 52.6% of GDP) - 2016 (year when economic aid was $9.50 billion) = 3 years

Final Answer: 3 years"
142,"How many years are between the year Malaysia's nominal GDP rank was 34th and the year its PPP GDP per capita was $32,901?",0,economy,250,"To determine how many years are between the year Malaysia's nominal GDP rank was 34th and the year its PPP GDP per capita was $32,901, we need to identify the relevant years from the given information.

1. **Nominal GDP Rank 34th**: This refers to the nominal GDP rank of 34th (2022 est.), which means it is based on the estimated data for 2022.
2. **PPP GDP Per Capita $32,901**: This refers to the PPP GDP per capita of $32,901 (2022 est.), which also means it is based on the estimated data for 2022.

Since both pieces of information are for the same year, 2022, the difference in years is zero.

Final Answer: 0 years"
143,How many months has it been since Horacio Rosatti became President of the Supreme Court of Argentina?,8,court,253,"According to the information provided, Horacio Rosatti became President of the Supreme Court of Argentina on 1 October 2021. As of December 2022, it has been 8 months since he took office.
Final Answer: 8 months"
144,How many years ago was the Supreme Court of Argentina established?,159,court,253,"To determine how many years ago the Supreme Court of Argentina was established, we need to calculate the difference between the current year (2022) and the year it was established (1863).

1. Identify the current year: 2022
2. Identify the year of establishment: 1863
3. Subtract the year of establishment from the current year: 2022 - 1863 = 159

Therefore, the Supreme Court of Argentina was established 159 years ago.
Final Answer: 159 years ago"
145,How many months has Carlos Rosenkrantz been in the office of Vice President of the Supreme Court of Argentina?,8,court,253,"Carlos Rosenkrantz became the Vice President of the Supreme Court of Argentina on 1 October 2021. As of December 2022, we need to calculate the number of months from October to December.

From October to December is:
- October to November = 1 month
- November to December = 1 month

So, the total number of months is 1 + 1 = 2 months.

Final Answer: 2 months"
146,How many years has it been since the Supreme Court of Argentina was established?,159,court,253,"To determine how many years have passed since the Supreme Court of Argentina was established, we need to subtract the year of its establishment from the current year (2022).

The Supreme Court of Argentina was established on January 15, 1863.

Current year: 2022
Year of establishment: 1863

2022 - 1863 = 159 years

Therefore, it has been 159 years since the Supreme Court of Argentina was established.
Final Answer: 159 years"
147,How old did the Supreme Administrative Court turn the year Anna Sporrer became Vice President?,138,court,254,"To determine how old the Supreme Administrative Court turned when Anna Sporrer became Vice President, we need to calculate its age based on the year 2014, since Anna Sporrer took office in January 2014.

The Supreme Administrative Court was established in 1876. 

To find out the age in 2014:
1. Subtract the establishment year from the year Anna Sporrer became Vice President: 2014 - 1876 = 138.

Therefore, the Supreme Administrative Court turned 138 years old in the year Anna Sporrer became Vice President.
Final Answer: 138"
148,How many years ago was the Supreme Administrative Court established?,146,court,254,"To determine how many years ago the Supreme Administrative Court was established, we need to calculate the difference between the current year (2022) and the year it was established (1876).

1. Identify the current year: 2022
2. Identify the year of establishment: 1876
3. Subtract the establishment year from the current year: 2022 - 1876 = 146

Therefore, the Supreme Administrative Court was established 146 years ago.
Final Answer: 146 years ago"
149,How long in years has Rudolf Thienel been President of the Supreme Administrative Court?,8,court,254,"To determine how long Rudolf Thienel has been President of the Supreme Administrative Court, we need to compare the current date (December 2022) with his start date (1 January 2014).

1. Calculate the difference in years:
   - Current year: 2022
   - Start year: 2014

2. Perform the subtraction:
   2022 - 2014 = 8

Rudolf Thienel has been President of the Supreme Administrative Court for 8 years.

Final Answer: 8 years"
150,How many years after its establishment did the Supreme Administrative Court have Rudolf Thienel as its President?,138,court,254,"To determine how many years after its establishment Rudolf Thienel became President of the Supreme Administrative Court, we need to follow these steps:

1. Identify the year the court was established: 1876.
2. Identify the year Rudolf Thienel became President: 1 January 2014.

Now, calculate the difference between these two dates:
\[ 2014 - 1876 = 138 \]

Therefore, Rudolf Thienel became President 138 years after the Supreme Administrative Court was established.
Final Answer: 138 years"
151,How old did the Supreme Administrative Court turn the year Rudolf Thienel became President?,138,court,254,"To determine how old the Supreme Administrative Court turned when Rudolf Thienel became President, we need to find its age in 2014, the year Rudolf Thienel took office.

1. The court was established in 1876.
2. Rudolf Thienel became President on 1 January 2014.

We calculate the age of the court in 2014:
\[ 2014 - 1876 = 138 \]

Therefore, the Supreme Administrative Court turned 138 years old when Rudolf Thienel became President.
Final Answer: 138"
152,How many years after Rudolf Thienel became President did Anna Sporrer become Vice President?,0,court,254,"Rudolf Thienel became President on 1 January 2014, and Anna Sporrer became Vice President on January 2014. Since both positions were assumed in the same month and year, there is no time gap between them.
Final Answer: 0 years"
153,How many years ago was the Supreme Court of Israel established?,74,court,257,"The Supreme Court of Israel was established in 1948. The table indicates it was established ""74 years ago"". Given that the current date is December 2022, we can calculate the number of years since its establishment by subtracting 1948 from 2022.

2022 - 1948 = 74 years

Therefore, the Supreme Court of Israel was established 74 years ago.
Final Answer: 74 years ago"
154,How many years was there between the start of Uzi Vogelman's term as Deputy President and the end of his jurist term?,2,court,257,"To find the number of years between the start of Uzi Vogelman's term as Deputy President and the end of his jurist term, we need to calculate the difference between these two dates.

Uzi Vogelman's term as Deputy President started on 9 May 2022.
His jurist term ends on 6 October 2024.

Let's break it down:
1. Calculate the remaining days in 2022 until the end of the year:
   - From 9 May to 31 December = 264 days (including the partial months)

2. Calculate the days from 1 January 2023 to 31 December 2023:
   - Total days in 2023 = 365 days

3. Calculate the days from 1 January 2024 until 6 October 2024:
   - From 1 January to 6 October = 268 days

Now, sum up all the days:
264 days (remaining in 2022) + 365 days (all of 2023) + 268 days (partial 2024) = 897 days

Convert days into years:
897 days ÷ 365 days/year ≈ 2.45 years

Since we are asked for the number of years, we round to the nearest whole number, which is 2 years.

Final Answer: 2 years"
155,How many years after the Supreme Court of Israel was established did Esther Hayut become president?,69,court,257,"To determine how many years after the Supreme Court of Israel was established Esther Hayut became president, we need to calculate the difference between her start date and the court's establishment date.

1. The Supreme Court of Israel was established in 1948.
2. Esther Hayut became President on 26 October 2017.

Now, calculate the difference:
2017 - 1948 = 69 years

Therefore, Esther Hayut became President 69 years after the Supreme Court of Israel was established.
Final Answer: 69 years"
156,How many years after the establishment of the Supreme Court of Israel did Esther Hayut become President?,69,court,257,"To determine how many years after the establishment of the Supreme Court of Israel Esther Hayut became President, we need to follow these steps:

1. Identify the year the Supreme Court of Israel was established: 1948.
2. Identify the year Esther Hayut became President: 26 October 2017.
3. Calculate the difference between these two dates.

\[ 2017 - 1948 = 69 \]

Therefore, Esther Hayut became President 69 years after the establishment of the Supreme Court of Israel.
Final Answer: 69 years"
157,How many years ago did Casey Mears last participate in the IndyCar Series?,21,martial artist,264,"To determine how many years ago Casey Mears last participated in the IndyCar Series, we need to identify the last race he competed in within this series and compare it to the current year, which is 2022.

From the table, we can see that Casey Mears' last race in the IndyCar Series was the 2001 Atlanta 500 Classic (Atlanta).

Calculating the difference:
2022 (current year) - 2001 (last year of IndyCar participation) = 21 years

Therefore, Casey Mears last participated in the IndyCar Series 21 years ago.
Final Answer: 21 years"
158,How many years ago did Casey Mears receive the award of Coca-Cola 600 winner?,15,martial artist,264,"To determine how many years ago Casey Mears received the Coca-Cola 600 winner award, we need to compare the year of his achievement (2007) with the current year (2022).

Step 1: Identify the year of the achievement.
- Casey Mears won the 2007 Coca-Cola 600.

Step 2: Determine the current year.
- The current year is 2022.

Step 3: Calculate the difference.
- 2022 - 2007 = 15 years.

Final Answer: Casey Mears received the Coca-Cola 600 winner award 15 years ago."
159,How long in years did Casey Mears' career last in the Champ Car series?,2,martial artist,264,"To determine how long Casey Mears' career lasted in the Champ Car series, we need to look at the years during which he participated in this series.

From the information given:
- First race in Champ Car: 2000 Marlboro 500 (California)
- Last race in Champ Car: 2001 Marlboro 500 (California)

The difference between the first and last race years is:
2001 - 2000 = 1 year

Therefore, Casey Mears' career in the Champ Car series lasted 1 year.
Final Answer: 1 year"
160,What year did Casey Mears have his first Daytona 500 race?,2003,martial artist,264,"To determine the year Casey Mears had his first Daytona 500 race, we need to look at the information provided in the table.

1. The NASCAR Cup Series career section mentions his first race as the 2003 Daytona 500.
2. The NASCAR Xfinity Series career section also confirms his first race as the 2001 GNC Live Well 300 at Homestead, but it does not mention the Daytona 500.

Therefore, based on the information given, Casey Mears had his first Daytona 500 race in 2003.

Final Answer: 2003"
161,How many years did it take for Mears to win a NASCAR Cup Series race?,4,martial artist,264,"To determine how many years it took for Casey Mears to win a NASCAR Cup Series race, we need to look at the information provided in the table. 

1. First race in NASCAR Cup Series: 2003 Daytona 500 (Daytona).
2. First win in NASCAR Cup Series: 2007 Coca-Cola 600 (Charlotte).

By subtracting the year of his first race from the year of his first win, we can calculate the number of years it took for him to win his first NASCAR Cup Series race:
2007 - 2003 = 4 years.

Therefore, it took Casey Mears 4 years to win a NASCAR Cup Series race.
Final Answer: 4 years"
162,How old was Cody Ware when he debuted in the NASCAR Cup Series?,22,racing,265,"To determine how old Cody Ware was when he debuted in the NASCAR Cup Series, we need to find the year he made his debut and then calculate his age at that time.

From the table, we can see that Cody Ware's first race in the NASCAR Cup Series was the 2017 Folds of Honor QuikTrip 500 at Atlanta. 

Cody Ware was born on November 7, 1995.

Calculating his age in 2017:
- In 2017, he would have turned 22 on November 7, 2017.
- Since his first race was on June 24, 2017, he would still be 21 at the time of his first race.

Therefore, Cody Ware was 21 years old when he debuted in the NASCAR Cup Series.

Final Answer: 21"
163,How many years did Cody Ware race in the NASCAR Xfinity Cup Series?,7,racing,265,"To determine how many years Cody Ware raced in the NASCAR Xfinity Cup Series, we need to look at the first and last races mentioned for this series in the table.

- First race: 2014 Nationwide Children's Hospital 200 (Mid-Ohio)
- Last race: 2021 Henry 180 (Road America)

By subtracting the year of the first race from the year of the last race:
2021 - 2014 = 7 years

Therefore, Cody Ware raced in the NASCAR Xfinity Cup Series for 7 years.
Final Answer: 7 years"
164,How many years ago did Cody Ware win the Lamborghini Super Trofeo North America Rookie of the Year 2014?,8,racing,265,"To determine how many years ago Cody Ware won the Lamborghini Super Trofeo North America Rookie of the Year in 2014, we need to compare the year 2014 to the current year, which is 2022.

2022 - 2014 = 8

Therefore, Cody Ware won the Lamborghini Super Trofeo North America Rookie of the Year 8 years ago.
Final Answer: 8 years ago"
165,How old was Cody Ware when he first raced in the NASCAR PEAK Mexico Series in 2014?,19,racing,265,"To determine Cody Ware's age when he first raced in the NASCAR PEAK Mexico Series in 2014, we need to calculate the difference between 2014 and his birth year, 1995.

1. Identify Cody Ware's birth year: 1995
2. Identify the year of his first race in the NASCAR PEAK Mexico Series: 2014
3. Calculate the difference: 2014 - 1995 = 19

Therefore, Cody Ware was 19 years old when he first raced in the NASCAR PEAK Mexico Series in 2014.
Final Answer: 19"
166,How old was Cody Ware when he competed in the NASCAR PEAK Mexico Series?,19,racing,265,"To determine how old Cody Ware was when he competed in the NASCAR PEAK Mexico Series, we need to identify the year he participated in this series and then calculate his age based on his birth year.

From the table:
- The NASCAR PEAK Mexico Series career shows that he ran one race in 2014.

Given that Cody Ware was born on November 7, 1995:
- In 2014, he would have been 18 years old.

Final Answer: Cody Ware was 18 years old when he competed in the NASCAR PEAK Mexico Series."
167,How many years ago was Tony Stewart awarded the IROC championship?,16,racing,272,"To determine how many years ago Tony Stewart was awarded the IROC championship, we need to identify the year he won this championship and compare it to the current year, which is 2022.

From the achievements section, we can see that Tony Stewart won the IROC championship in 2006.

Now, calculate the difference between 2022 and 2006:
2022 - 2006 = 16

Therefore, Tony Stewart was awarded the IROC championship 16 years ago.
Final Answer: 16 years ago"
168,How old was Tony Stewart when he began his IndyCar Series career?,25,racing,272,"To determine how old Tony Stewart was when he began his IndyCar Series career, we need to follow these steps:

1. Identify the year he started his IndyCar Series career.
2. Determine his age at the beginning of that year.

From the table:
- His first IndyCar race was the 1996 Indy 200 (Disney).
- He was born on May 20, 1971.

We need to calculate his age in 1996:
- Since his birthday (May 20) is before the end of the year (December 31), he would have turned 25 in 1996.

Therefore, Tony Stewart was 25 years old when he began his IndyCar Series career.
Final Answer: 25"
169,At what age was Stewart inducted into the NASCAR Hall of Fame?,49,racing,272,"To determine the age when Tony Stewart was inducted into the NASCAR Hall of Fame, we need to identify the year of his induction and subtract it from his birth year.

From the achievements section, we can see that Tony Stewart was inducted into the NASCAR Hall of Fame in 2020.

Tony Stewart was born on May 20, 1971.

Calculating his age in 2020:
2020 - 1971 = 49 years old

Therefore, Tony Stewart was 49 years old when he was inducted into the NASCAR Hall of Fame.
Final Answer: 49 years old"
170,How old was Tony Stewart when he won his first NASCAR Series race in 2002?,31,racing,272,"To determine how old Tony Stewart was when he won his first NASCAR Series race in 2002, we need to follow these steps:

1. Identify the year of his first NASCAR race win: 2002.
2. Determine his birth year: 1971.
3. Calculate the age by subtracting his birth year from the year of the race win.

2002 - 1971 = 31

Therefore, Tony Stewart was 31 years old when he won his first NASCAR Series race in 2002.
Final Answer: 31"
171,How old was B. J. Neufeld when he received his last medal?,36,curling,281,"To determine how old B. J. Neufeld was when he received his last medal, we need to identify the most recent medal he won and calculate his age at that time.

From the information given:
- His birth year is 1986.
- His most recent medal was a silver medal at the Tim Hortons Brier in 2021.

Let's calculate his age in 2021:
\[ 2021 - 1986 = 35 \]

Therefore, B. J. Neufeld was 35 years old when he received his last medal.

Final Answer: 35"
172,When was the last time that B. J. Neufeld won any type of medal?,2022,curling,281,"To determine the last time B. J. Neufeld won any type of medal, I'll examine his achievements in descending order by year.

1. **World Men's Curling Championship**: Silver medal in 2019.
2. **Tim Hortons Brier**: Silver medal in 2021.
3. **Canadian Olympic Curling Trials**: Bronze medal in 2021.

The most recent medal mentioned is the silver medal from the Tim Hortons Brier in 2021.

Final Answer: The last time B. J. Neufeld won any type of medal was in 2021 when he won a silver medal at the Tim Hortons Brier."
173,How many years has B.J. Neufeld been associated with a member association?,15,curling,281,"To determine how many years B. J. Neufeld has been associated with a member association, we need to look at his membership timeline:
1. Manitoba (2007-2018): 11 years
2. Alberta (2018-2022): 4 years

Adding these periods together:
11 years + 4 years = 15 years

Final Answer: 15 years"
174,How many years ago was B. J. Neufeld top ranked in CTRS?,8,curling,281,"To determine how many years ago B. J. Neufeld was top ranked in CTRS, we need to look at the information provided about his CTRS ranking. According to the table, B. J. Neufeld had a Top CTRS ranking of 1st from 2014-2015. The current year as per the data given is 2022.

Calculating the difference:
2022 (current year) - 2015 (top CTRS ranking year) = 7 years

Therefore, B. J. Neufeld was top ranked in CTRS 7 years ago.
Final Answer: 7 years"
175,What year was the first time that Dawn McEwen made an appearance at the World Championships?,2008,curling,288,"To determine the first appearance at the World Championships, I'll look at the earliest year listed under ""World Championship | appearances"" in the table.

The earliest year mentioned is 2008, where it states ""Gold medal - first place | 2008 Vernon"".

Final Answer: 2008"
176,How old was Dawn McEwen when she won the gold at the 2014 Sochi Olympics?,34,curling,288,"To determine Dawn McEwen's age when she won the gold medal at the 2014 Sochi Winter Olympics, we need to calculate the difference between the year of the event (2014) and her birth year (1980).

2014 - 1980 = 34

Therefore, Dawn McEwen was 34 years old when she won the gold medal at the 2014 Sochi Winter Olympics.
Final Answer: 34"
177,What year did Dawn McEwen make her first Olympic appearance?,2014,curling,288,"To determine when Dawn McEwen made her first Olympic appearance, we need to look at the information provided in the ""Olympic appearances"" section of the table.

According to the table, Dawn McEwen's Olympic appearances are listed as:
- 2014 Sochi
- 2022

Since 2014 is earlier than 2022, her first Olympic appearance was in 2014.
Final Answer: 2014"
178,How many years has Dawn McEwen played for Ontario since 2003?,4,curling,288,"To determine how many years Dawn McEwen has played for Ontario since 2003, we need to look at the timeline of her membership associations.

1. From the table, we see that Dawn McEwen was a member of the Ontario association from 2003-2007.
2. We need to calculate the number of years from 2003 to 2007 inclusive.

2007 - 2003 = 4 years

Therefore, Dawn McEwen has played for Ontario for 4 years since 2003.
Final Answer: 4 years"
179,How old was Emma Miskew when she appeared in the 2018 Olympic Games?,29,curling,291,"To determine Emma Miskew's age during the 2018 Olympic Games, we need to calculate her age based on the given birth date.

1. Emma Miskew was born on February 14, 1989.
2. The 2018 Olympic Games took place in Pyeongchang, South Korea, from February 9 to February 25, 2018.
3. Since her birthday (February 14) falls after the end of the Olympic Games (February 25), she had not yet turned 29 during the games.

To confirm:
- In 2018, she would have turned 29 on February 14.
- Therefore, she was 28 years old during the 2018 Olympic Games.

Final Answer: 28"
180,How many years elapsed between Miskew's gold medal at the Canada Winter Games and her gold medal at the Canadian Olympic Curling Trials?,10,curling,291,"To determine the number of years between Miskew's gold medal at the Canada Winter Games and her gold medal at the Canadian Olympic Curling Trials, we need to identify the years in which these events occurred.

1. **Canada Winter Games Gold Medal**: According to the table, Miskew won a gold medal at the Canada Winter Games in 2007 (Whitehorse).
2. **Canadian Olympic Curling Trials Gold Medal**: According to the table, Miskew won a gold medal at the Canadian Olympic Curling Trials in 2017 (Ottawa).

Next, we calculate the difference between these two years:
\[ 2017 - 2007 = 10 \]

Therefore, the number of years that elapsed between Miskew's gold medal at the Canada Winter Games and her gold medal at the Canadian Olympic Curling Trials is 10 years.

Final Answer: 10 years"
181,How old was Emma Kathryn Miskew when she made her first Hearts appearance?,22,curling,291,"To determine how old Emma Kathryn Miskew was when she made her first Hearts appearance, we need to find the year of her first appearance and subtract it from her birth year.

From the table, we can see that her first Hearts appearance was in 2011.

Emma Miskew was born on February 14, 1989.

Calculating her age in 2011:
2011 - 1989 = 22

Therefore, Emma Miskew was 22 years old when she made her first Hearts appearance.
Final Answer: 22"
182,In what year did Alexandra Boltasseva's longest streak of receiving an annual award begin?,2017,scientist,315,"To determine the year when Alexandra Boltasseva's longest streak of receiving an annual award began, we need to identify the earliest year mentioned in her list of awards. The awards are listed chronologically, starting from 2008 to 2021. 

1. 2009 - University of Erlangen-Nuremberg Young Researcher Award in Advanced Optical Technologies
2. 2011 - MIT Technology Review Top Young Innovator
3. 2012 - (Not explicitly stated, but can be inferred from the sequence)
4. 2013 - IEEE Photonics Society Young Investigator Award
5. 2013 - Materials Research Society Outstanding Young Investigator Award
6. 2015 - Fellow of The Optical Society
7. 2017 - Fellow of The International Society For Optics And Photonic (SPIE)
8. 2018 - Blavatnik National Award for Young Scientists Finalist
9. 2019 - Fellow of the Institute of Electrical and Electronics Engineers (IEEE)
10. 2020 - Fellow of the National Academy of Inventors (NAI)
11. 2021 - Fellow of the Materials Research Society

The earliest year in this list is 2009. Therefore, her longest streak of receiving an annual award began in 2009.

Final Answer: 2009"
183,How old was Boltasseva when she won Young Elite-Researcher Award from the Danish Councils for Independent Research?,30,scientist,315,"To determine Alexandra Boltasseva's age when she won the Young Elite-Researcher Award from the Danish Councils for Independent Research, we need to identify the year she received this award and subtract it from her birth year.

From the table, we can see that she received the Young Elite-Researcher Award from the Danish Councils for Independent Research in 2008.

Alexandra Boltasseva was born on January 11, 1978.

Calculating her age in 2008:
2008 - 1978 = 30

Therefore, Alexandra Boltasseva was 30 years old when she won the Young Elite-Researcher Award from the Danish Councils for Independent Research.
Final Answer: 30"
184,How old was Alexandra Boltasseva when she won her first award?,30,scientist,315,"To determine how old Alexandra Boltasseva was when she won her first award, we need to identify the earliest award mentioned in the table and calculate her age at that time.

From the list of awards:
1. 2008 - Young Elite-Researcher Award from the Danish Councils for Independent Research
2. 2009 - University of Erlangen-Nuremberg Young Researcher Award in Advanced Optical Technologies
3. 2011 - MIT Technology Review Top Young Innovator
4. 2012 - IEEE Photonics Society Young Investigator Award
5. 2013 - Materials Research Society Outstanding Young Investigator Award
6. 2013 - IEEE Photonics Society Young Investigator Award (repeated)
7. 2015 - Fellow of The Optical Society
8. 2017 - Fellow of The International Society For Optics And Photonic (SPIE)
9. 2019 - Fellow of the Institute of Electrical and Electronics Engineers (IEEE)
10. 2020 - Fellow of the National Academy of Inventors (NAI)
11. 2021 - Fellow of the Materials Research Society

The earliest award listed is the 2008 Young Elite-Researcher Award from the Danish Councils for Independent Research.

Now, we calculate her age in 2008:
- Alexandra Boltasseva was born on January 11, 1978.
- In 2008, she would have been 30 years old (2008 - 1978 = 30).

Final Answer: Alexandra Boltasseva was 30 years old when she won her first award."
185,How many years were between Boltasseva's awards as Fellow of the Materials Research Society and Fellow of The Optical Society?,6,scientist,315,"To determine the years between Boltasseva's awards as Fellow of the Materials Research Society and Fellow of The Optical Society, we need to identify the specific years she received these awards.

From the list of awards:
- Fellow of the Materials Research Society: 2021
- Fellow of The Optical Society: 2015

Now, calculate the difference between these years:
2021 - 2015 = 6 years

Therefore, there were 6 years between her awards as Fellow of the Materials Research Society and Fellow of The Optical Society.
Final Answer: 6 years"
186,In what year did Boltasseva win the most awards?,2013,scientist,315,"To determine the year Alexandra Boltasseva won the most awards, we need to count the number of awards she received each year based on the information provided in the table.

First, let's list out the awards and their respective years:
- 2021 Fellow of the Materials Research Society
- 2020 Fellow of the National Academy of Inventors (NAI)
- 2019 Fellow of the Institute of Electrical and Electronics Engineers (IEEE)
- 2018 Blavatnik National Award for Young Scientists Finalist
- 2017 Fellow of The International Society For Optics And Photonic (SPIE)
- 2015 Fellow of The Optical Society
- 2013 IEEE Photonics Society Young Investigator Award
- 2013 Materials Research Society Outstanding Young Investigator Award
- 2011 MIT Technology Review Top Young Innovator
- 2009 University of Erlangen-Nuremberg Young Researcher Award in Advanced Optical Technologies
- 2008 Young Elite-Researcher Award from the Danish Councils for Independent Research

Counting the awards per year:
- 2021: 1 award
- 2020: 1 award
- 2019: 1 award
- 2018: 1 award
- 2017: 1 award
- 2015: 1 award
- 2013: 2 awards
- 2011: 1 award
- 2009: 1 award
- 2008: 1 award

From this, we can see that 2013 is the only year where she won more than one award (specifically, 2 awards).

Final Answer: 2013"
187,How many years after getting the 2001 Innovative Teaching Grant - Intel Corporation did Aude Gemma Billard get The Outstanding Young Person in Science and Innovation award?,2,scientist,321,"To determine how many years after receiving the 2001 Innovative Teaching Grant - Intel Corporation Aude Gemma Billard received the The Outstanding Young Person in Science and Innovation award, we need to find the difference in years between these two dates.

From the table:
- The 2001 Innovative Teaching Grant - Intel Corporation was awarded in 2001.
- The The Outstanding Young Person in Science and Innovation award was given in 1999.

Calculating the difference:
2001 (grant year) - 1999 (award year) = 2 years

Therefore, Aude Gemma Billard received the The Outstanding Young Person in Science and Innovation award 2 years before she got the 2001 Innovative Teaching Grant - Intel Corporation.

Final Answer: 2 years"
188,How many years are between Billard's award for The Outstanding Young Person in Science and Innovation and Innovative Teaching Grant?,2,scientist,321,"To determine the number of years between the two awards, we need to identify the years when each award was given.

1. **Outstanding Young Person in Science and Innovation**:
   - The award was given in 2003 by the Junior Chamber of Commerce.

2. **Innovative Teaching Grant**:
   - The award was given in 1999 by Intel Corporation.

Next, we calculate the difference in years between these two dates:

\[ 2003 - 1999 = 4 \]

Therefore, there are 4 years between Billard's award for The Outstanding Young Person in Science and Innovation and the Innovative Teaching Grant.

Final Answer: 4 years"
189,How many years ago did Aude Gemma Billard receive the Fellowship from the Medicus Foundation?,23,scientist,321,"To determine how many years ago Aude Gemma Billard received the Fellowship from the Medicus Foundation, we need to compare the current year (2022) with the year she received the fellowship (1999).

2022 - 1999 = 23 years

Therefore, Aude Gemma Billard received the Fellowship from the Medicus Foundation 23 years ago.
Final Answer: 23 years ago"
190,How old was Aude Gemma Billard when she was nominated as a Member of SATW?,45,scientist,321,"To determine how old Aude Gemma Billard was when she was nominated as a Member of SATW, we need to follow these steps:

1. Identify the year she was nominated as a Member of SATW.
2. Determine her age at that time based on her birth year.

From the information provided:
- Aude Gemma Billard was born in 1971.
- She was nominated as a Member of SATW in 2016.

Now, calculate her age in 2016:
2016 (nomination year) - 1971 (birth year) = 45 years old.

Final Answer: Aude Gemma Billard was 45 years old when she was nominated as a Member of SATW."
191,How old was Aude Gemma Billard when she was nominated as a Member of SATW?,45,scientist,321,"To determine Aude Gemma Billard's age when she was nominated as a Member of SATW, we need to follow these steps:

1. Identify the year she was nominated as a Member of SATW.
2. Determine her birth year.
3. Calculate her age at that time.

From the information provided:
- She was nominated as a Member of SATW in 2016.
- She was born in 1971.

Now, calculate her age in 2016:
\[ \text{Age} = 2016 - 1971 = 45 \]

Therefore, Aude Gemma Billard was 45 years old when she was nominated as a Member of SATW.
Final Answer: 45"
192,How old was Aude Billard when she was nominated as a Member of SATW?,45,scientist,321,"To determine how old Aude Billard was when she was nominated as a Member of SATW, we need to follow these steps:

1. Identify the year she was nominated as a Member of SATW.
2. Determine the year she was born.
3. Calculate her age at the time of nomination.

From the information provided:
- Year of nomination as a Member of SATW: 2016
- Born in 1971

Now, calculate her age in 2016:
2016 - 1971 = 45 years old

Therefore, Aude Billard was 45 years old when she was nominated as a Member of SATW.
Final Answer: 45"
193,How many years was Hulk Hogan active as a wrestler?,35,wrestling,339,"To determine how many years Hulk Hogan was active as a wrestler, we need to look at his wrestling career timeline.

From the table:
- His debut date was August 9, 1977.
- His retirement date was January 27, 2012.

Now, we calculate the difference between these dates:
- From August 9, 1977, to January 27, 2012.

Let's break it down:
1. From August 9, 1977, to July 31, 2011: 
   \(2011 - 1977 = 34\) years.
2. From August 1, 2011, to January 27, 2012:
   This period includes 6 months and some days, but since we're counting whole years, we'll consider this as 0 additional years.

Thus, the total number of years Hulk Hogan was active as a wrestler is 34 years.
Final Answer: 34 years"
194,How many years ago did Hogan debut his wrestling career?,45,wrestling,339,"To determine how many years ago Hulk Hogan debuted his wrestling career, we need to calculate the difference between the current year (2022) and the year he made his debut (1977).

2022 - 1977 = 45 years

Therefore, Hogan debuted his wrestling career 45 years ago.
Final Answer: 45 years"
195,What year did Hulk Hogan become an actor?,1982,wrestling,339,"According to the table, Hulk Hogan's years of active involvement included ""1982-present (actor)"". This indicates that he started his acting career in 1982.
Final Answer: 1982"
196,How old was Hulk Hogan when he married Linda Hogan?,30,wrestling,339,"To determine how old Hulk Hogan was when he married Linda Hogan, we need to calculate the difference between his birth date and the date of their marriage.

1. Hulk Hogan's birth date is August 11, 1953.
2. They got married on March 22, 1983.

We can calculate the age by determining the number of full years between these dates:
- From August 11, 1953, to August 11, 1983, is exactly 30 years.
- Since they married on March 22, 1983, which is before August 11, 1983, we do not need to add an extra year.

Therefore, Hulk Hogan was 30 years old when he married Linda Hogan.
Final Answer: 30"
197,How many years had Hulk Hogan been a wrestler when he started acting?,5,wrestling,339,"To determine how many years Hulk Hogan had been a wrestler when he started acting, we need to find the duration of his wrestling career before he began acting.

From the table:
- Hulk Hogan's wrestling career spanned from 1977 to 2012.
- His acting career began in 1982.

First, calculate the total duration of his wrestling career:
2012 - 1977 = 35 years

Next, determine how long he had been a wrestler before starting acting in 1982:
1982 - 1977 = 5 years

Therefore, Hulk Hogan had been a wrestler for 5 years when he started acting.
Final Answer: 5 years"
198,How many years did Hulk Hogan actively wrestle?,35,wrestling,339,"To determine how many years Hulk Hogan actively wrestled, we need to look at the years he was active as a wrestler. According to the table, Hulk Hogan's wrestling career spanned from 1977 to 2012.

- He debuted on August 9, 1977.
- He retired on January 27, 2012.

To calculate the duration:
1. Start year: 1977
2. End year: 2012
3. Subtract the start year from the end year: 2012 - 1977 = 35 years

Therefore, Hulk Hogan actively wrestled for 35 years.
Final Answer: 35 years"
199,At what age did Jeffrey Epstein get work release?,55,person,340,"To determine the age at which Jeffrey Epstein got work release, we need to look at the information provided about his criminal charge and penalty.

From the table:
- Criminal charge: Procuring an underage girl for prostitution; sex trafficking
- Penalty: 13 months with work release (2008)

Jeffrey Epstein was born on January 20, 1953. Given that his work release was part of a 13-month sentence that started in 2008, we can calculate his age during this period.

Step 1: Determine the start year of the 13-month sentence.
The penalty states it was in 2008.

Step 2: Calculate Epstein's age in 2008.
2008 - 1953 = 55 years old

Therefore, Jeffrey Epstein was 55 years old when he received work release as part of his 13-month sentence.
Final Answer: Jeffrey Epstein was 55 years old when he got work release."
200,How old did Jeffrey Epstein turn the year he was apprehended?,66,person,340,"To determine Jeffrey Epstein's age when he was apprehended, we need to calculate his age based on the date he was apprehended and his birthdate.

1. Jeffrey Epstein was born on January 20, 1953.
2. He was apprehended on July 6, 2019.
3. In 2019, Jeffrey Epstein had already had his birthday for the year, so he was 66 years old.

Therefore, Jeffrey Epstein turned 66 the year he was apprehended.
Final Answer: 66"
201,How many months after being apprehended did Jeffrey Epstein commit suicide?,1,person,340,"Jeffrey Epstein was apprehended on July 6, 2019. According to the information provided, he committed suicide on August 10, 2019. To calculate the number of months between these dates, we can break it down as follows:

1. From July 6 to July 31, 2019: 25 days
2. Full month of August 2019: 31 days

Adding these together:
25 days in July + 31 days in August = 56 days

Since there are approximately 30.44 days in a month, we can convert 56 days to months:
56 days ÷ 30.44 days/month ≈ 1.84 months

Rounding to the nearest whole number gives us 2 months.

Therefore, Jeffrey Epstein committed suicide approximately 2 months after being apprehended.
Final Answer: 2 months"
202,How many years after his first penalty was Jeffrey Epstein apprehended?,11,person,340,"To determine how many years after his first penalty Jeffrey Epstein was apprehended, we need to identify when each event occurred.

1. **First Penalty**: Epstein received a 13-month sentence with work release in 2008.
2. **Apprehended**: Epstein was apprehended on July 6, 2019, in the context of his second criminal case.

Next, we calculate the time difference between these two dates:

- First penalty: July 6, 2008
- Apprehended: July 6, 2019

The difference between these two dates is exactly one year.

Final Answer: 1 year"
203,How old was Epstein when he was apprehended?,66,person,340,"To determine Jeffrey Epstein's age when he was apprehended, we need to calculate his age on July 6, 2019, based on his birthdate.

1. Epstein was born on January 20, 1953.
2. He was apprehended on July 6, 2019.
3. We need to count the number of full years between these dates.

From January 20, 1953, to January 20, 2019, is exactly 66 years. Since July 6, 2019, is before his next birthday on January 20, 2020, he had not yet turned 67.

Therefore, Jeffrey Epstein was 66 years old when he was apprehended on July 6, 2019.

Final Answer: 66"
204,How many days after Epstein was apprehended was the mugshot photo taken?,3,person,340,"From the information given:
- Epstein was apprehended on July 6, 2019.
- The mugshot photo was taken on July 9, 2019.

To find the number of days between these dates:
1. July 6 to July 8 is 2 days.
2. July 9 is the third day.

Therefore, the mugshot was taken 3 days after Epstein was apprehended.
Final Answer: 3 days"
205,What year was Jeffrey Epstein apprehended?,2019,person,340,"To determine the year Jeffrey Epstein was apprehended, we need to look at the information provided in the table. Specifically, under the ""Details"" section, it states that Epstein was apprehended on July 6, 2019, for his second criminal case.

Final Answer: 2019"
206,How many months after his arrest did Epstein die?,1,person,340,"To determine how many months after his arrest Jeffrey Epstein died, we need to calculate the time difference between his arrest date and his death date.

1. Epstein was arrested on July 6, 2019.
2. Epstein died on August 10, 2019.

First, let's break down the time:
- From July 6, 2019, to July 31, 2019, is 25 days.
- From August 1, 2019, to August 10, 2019, is 10 days.

Adding these together:
25 days + 10 days = 35 days

Since there are approximately 30 days in July and 31 days in August, we can approximate the total period as about 1 month and 5 days.

For simplicity and since the question asks for the number of months, we can round this to 1 month.

Therefore, Jeffrey Epstein died approximately 1 month after his arrest.

Final Answer: 1 month"
207,How old was Jeffrey Epstein when he was apprehended in 2019?,66,person,340,"To determine Jeffrey Epstein's age when he was apprehended in 2019, we need to follow these steps:

1. Identify his birth year: Jeffrey Edward Epstein was born on January 20, 1953.
2. Identify the year of apprehension: He was apprehended on July 6, 2019.
3. Calculate the age: Subtract his birth year from the year of apprehension.

2019 - 1953 = 66

Therefore, Jeffrey Epstein was 66 years old when he was apprehended in 2019.
Final Answer: 66"
208,At what age was Jeffrey Epstein apprehended?,66,person,340,"To determine the age at which Jeffrey Epstein was apprehended, we need to follow these steps:

1. Identify the date of his apprehension.
2. Calculate his age based on that date and his birthdate.

From the table:
- Date of apprehension: July 6, 2019
- Birthdate: January 20, 1953

Calculating his age:
- In 2019, Jeffrey Epstein would have turned 66 by January 20, 2019.
- As of July 6, 2019, he would still be 66 years old because he had not yet reached his next birthday on January 20, 2019.

Therefore, Jeffrey Epstein was 66 years old when he was apprehended on July 6, 2019.

Final Answer: 66"
209,How old was Jeffrey Edward Epstein at the time of his 13-month penalty?,55,person,340,"To determine Jeffrey Edward Epstein's age at the time of his 13-month penalty, we need to look at his birth year and the year of the penalty.

From the information provided:
- Jeffrey Edward Epstein was born on January 20, 1953.
- The penalty of 13 months was given in 2008.

Now, calculate the difference:
2008 - 1953 = 55 years

Therefore, Jeffrey Edward Epstein was 55 years old when he received the 13-month penalty.
Final Answer: 55 years old"
210,How many days after Jeffrey Edward Epstein's apprehension was his final mugshot taken?,3,person,340,"To determine how many days after Jeffrey Edward Epstein's apprehension his final mugshot was taken, we need to calculate the difference between the dates of his apprehension and the date the mugshot was taken.

From the information given:
- Date of apprehension: July 6, 2019
- Date of the final mugshot: July 9, 2019

We can see that the final mugshot was taken 3 days after his apprehension.
Final Answer: 3 days"
211,How old was Jeffrey Epstein when he was convicted in 2008?,55,person,340,"To determine Jeffrey Epstein's age when he was convicted in 2008, we need to follow these steps:

1. Identify the year of his birth: 1953
2. Identify the year of conviction: 2008
3. Calculate the difference between these two years.

\[ 2008 - 1953 = 55 \]

Therefore, Jeffrey Epstein was 55 years old when he was convicted in 2008.

Final Answer: Jeffrey Epstein was 55 years old when he was convicted in 2008."
212,What year was Jeffrey Epstein first convicted of sex trafficking?,2008,person,340,"To determine the year Jeffrey Epstein was first convicted of sex trafficking, we need to look at the information provided about his criminal charges and apprehension dates.

From the table:
- Jeffrey Epstein was apprehended on July 6, 2019, in a second criminal case.
- The criminal charge mentioned is ""Procuring an underage girl for prostitution; sex trafficking.""

Since this charge is related to the second criminal case and occurred in 2019, it implies that the first conviction must have happened in a previous year.

Given the information, there is no direct mention of the exact year of the first conviction. However, since the second case led to his arrest in 2019, it can be inferred that the first conviction would have been before 2019.

To find the exact year, we would need additional historical records or legal documents, but based on the information provided, we can deduce that the first conviction likely occurred in 2008, as indicated by the penalty of 13 months with work release.

Final Answer: 2008"
213,How old was Nicki Minaj when she married Kenneth Petty in 2019?,37,musician,347,"To determine Nicki Minaj's age when she married Kenneth Petty in 2019, we need to calculate the difference between the year of her marriage and her birth year.

1. Nicki Minaj's birth year: 1982 (from the ""Born"" row)
2. Year of marriage: 2019 (from the ""Spouse(s)"" row)

Now, subtract her birth year from the year of marriage:
2019 - 1982 = 37

Therefore, Nicki Minaj was 37 years old when she married Kenneth Petty in 2019.
Final Answer: 37"
214,How long in years was Nicki Minaj with her second partner?,3,musician,347,"To determine how long Nicki Minaj was with her second partner, Meek Mill, we need to identify the dates of their relationship.

According to the information provided:
- Nicki Minaj's second partner was Safaree Samuels from 2000-2014.
- Her third and final partner mentioned is Meek Mill, from 2015-2017.

Therefore, Nicki Minaj was with Meek Mill for 2017 - 2015 = 2 years.

Final Answer: 2 years"
215,How many years had Nicki Minaj been with her first partner when she started performing?,4,musician,347,"To determine how many years Nicki Minaj had been with her first partner when she started performing, we need to follow these steps:

1. Identify the start of Nicki Minaj's career:
   - According to the table, her years active are listed as ""2004-present"".

2. Identify when Nicki Minaj started dating her first partner:
   - Her first partner was Safaree Samuels, and they were together from 2000-2014.

3. Calculate the number of years Nicki Minaj was with Safaree Samuels before starting her career:
   - 2000 (start of relationship) - 2004 (start of career) = -4 years

Since the result is negative, it means that Nicki Minaj had already been with Safaree Samuels for 4 years when she started her career in 2004.

Final Answer: 4 years"
216,How many years has Nicki Minaj been active in her career?,18,musician,347,"To determine how many years Nicki Minaj has been active in her career, we need to look at the ""Years active"" information provided in the table. According to the table, Nicki Minaj's years active are listed as ""2004-present"".

Since the current year is 2022, we can calculate the number of years by subtracting 2004 from 2022:
2022 - 2004 = 18

Therefore, Nicki Minaj has been active in her career for 18 years.
Final Answer: 18 years"
217,How old was Minaj when her career began?,22,musician,347,"To determine how old Nicki Minaj was when her career began, we need to calculate the difference between the year she started her career and the year she was born.

From the table:
- Nicki Minaj's years active: 2004-present
- Born: Onika Tanya Maraj (1982-12-08)

First, we identify the year she started her career, which is 2004.

Next, we calculate the age in 2004:
- Year she started her career: 2004
- Year she was born: 1982

2004 - 1982 = 22

Therefore, Nicki Minaj was 22 years old when her career began.
Final Answer: 22"
218,How old was Nicki Minaj when she ended her partnership with Safaree Samuels?,32,musician,347,"To determine how old Nicki Minaj was when she ended her partnership with Safaree Samuels, we need to calculate the difference between the end year of their relationship and her birth year.

From the information provided:
- Nicki Minaj was born on December 8, 1982.
- Her partnership with Safaree Samuels ended in 2014.

We subtract her birth year from the year her partnership ended:
2014 - 1982 = 32

Therefore, Nicki Minaj was 32 years old when she ended her partnership with Safaree Samuels.
Final Answer: 32"
219,How many years were there between Nicki Minaj's relationships with Safaree Samuels and Meek Mill?,1,musician,347,"To determine the number of years between Nicki Minaj's relationships with Safaree Samuels and Meek Mill, we need to find the duration of each relationship and then calculate the difference between them.

1. Safaree Samuels' relationship:
   - Started in 2000
   - Ended in 2014

   Duration: 2014 - 2000 = 14 years

2. Meek Mill's relationship:
   - Started in 2015
   - Ended in 2017

   Duration: 2017 - 2015 = 2 years

Now, we need to find the time between the end of the Safaree Samuels relationship and the start of the Meek Mill relationship:

- End of Safaree Samuels relationship: 2014
- Start of Meek Mill relationship: 2015

Duration: 2015 - 2014 = 1 year

Final Answer: There was 1 year between Nicki Minaj's relationships with Safaree Samuels and Meek Mill."
220,How old was Nicki Minaj when she got married?,36,musician,347,"To determine Nicki Minaj's age when she got married, we need to calculate the difference between the year she got married and her birth year.

From the table:
- Nicki Minaj's birth year is 1982.
- She got married in 2019.

Now, subtract her birth year from the year she got married:
2019 - 1982 = 37

Therefore, Nicki Minaj was 37 years old when she got married.
Final Answer: 37"
221,How many years longer did Minaj's relationship with Safaree Samuels last than with Meek Mill?,12,musician,347,"To determine how many years longer Nicki Minaj's relationship with Safaree Samuels lasted compared to her relationship with Meek Mill, we need to calculate the duration of each relationship.

1. **Safaree Samuels:**
   - Start: 2000
   - End: 2014
   - Duration: \( 2014 - 2000 = 14 \) years

2. **Meek Mill:**
   - Start: 2015
   - End: 2017
   - Duration: \( 2017 - 2015 = 2 \) years

Now, we compare the durations:
- Duration with Safaree Samuels: 14 years
- Duration with Meek Mill: 2 years

The difference in duration is:
\[ 14 \text{ years} - 2 \text{ years} = 12 \text{ years} \]

Final Answer: 12 years"
222,How long in years was Paul Gauguin married to Teha'amana?,2,painter,349,"To determine how long Paul Gauguin was married to Teha'amana, we need to look at the dates provided in the table. According to the information, Teha'amana was his wife from 1891 to 1893, with separation occurring in 1893.

To find the duration of their marriage:
1. Start year: 1891
2. End year: 1893
3. Duration: 1893 - 1891 = 2 years

Therefore, Paul Gauguin was married to Teha'amana for 2 years.
Final Answer: 2 years"
223,What age did Paul Gauguin die at?,54,painter,349,"From the information provided in the table, Paul Gauguin died on 8 May 1903 at the age of 54.
Final Answer: 54"
224,How many years ago did Paul Gauguin die?,119,painter,349,"To determine how many years ago Paul Gauguin died, we need to calculate the difference between the current year (2022) and the year of his death (1903).

1. Identify the year of Gauguin's death: 1903.
2. Identify the current year: 2022.
3. Subtract the year of death from the current year: 2022 - 1903 = 119.

Therefore, Paul Gauguin died 119 years ago.
Final Answer: 119 years ago"
225,At what age did Paul Gauguin marry Mette-Sophie Gad?,25,painter,349,"To determine the age at which Paul Gauguin married Mette-Sophie Gad, we need to calculate the difference between his birth year and the year they got married.

1. Gauguin's birth year: 1848
2. Year of marriage to Mette-Sophie Gad: 1873

Now, subtract the birth year from the year of marriage:
1873 - 1848 = 25

Therefore, Paul Gauguin was 25 years old when he married Mette-Sophie Gad.
Final Answer: 25"
226,At what age did Paul Gauguin separate from Mette-Sophie Gad?,46,painter,349,"To determine the age at which Paul Gauguin separated from Mette-Sophie Gad, we need to calculate the difference between the separation year (1894) and his birth year (1848).

1. Separation year: 1894
2. Birth year: 1848
3. Age at separation: 1894 - 1848 = 46 years old

Final Answer: Paul Gauguin was 46 years old when he separated from Mette-Sophie Gad."
227,At what age did Paul Gauguin separate from Teha'amana?,45,painter,349,"To determine the age at which Paul Gauguin separated from Teha'amana, we need to find the year they separated and subtract it from his birth year.

From the information given:
- Paul Gauguin was born on 7 June 1848.
- He separated from Teha'amana in 1893.

Now, we calculate the difference:
1893 (year of separation) - 1848 (year of birth) = 45 years old.

Therefore, Paul Gauguin was 45 years old when he separated from Teha'amana.
Final Answer: 45"
228,How many years was Paul Gauguin married to Mette-Sophie Gad?,21,painter,349,"To determine how many years Paul Gauguin was married to Mette-Sophie Gad, we need to look at the dates of their marriage and separation. According to the information provided:
- They were married in 1873.
- They separated in 1894.

To find the duration of their marriage, we subtract the year they got married from the year they separated:
1894 - 1873 = 21 years

Therefore, Paul Gauguin was married to Mette-Sophie Gad for 21 years.
Final Answer: 21 years"
229,How old was Pierre Auguste Cot when he died?,46,painter,350,"To determine how old Pierre Auguste Cot was when he died, we need to find the difference between his birth year and the year of his death.
- Born: 1837
- Died: 1883
The difference is calculated as follows:
1883 - 1837 = 46
Therefore, Pierre Auguste Cot was 46 years old when he died.
Final Answer: 46"
230,At what age did Pierre Auguste Cot die?,46,painter,350,"To determine the age at which Pierre Auguste Cot died, we need to find the difference between his death date and birth date.
- Born: February 17, 1837
- Died: August 2, 1883

First, calculate the age as of the end of the year 1882:
- In 1882, he would have been 45 years old because he was born in 1837.

Next, he lived through part of 1883 until his death on August 2, 1883. Therefore, he was one year older in 1883.

Adding this additional year to his age in 1882 gives us:
45 + 1 = 46

Final Answer: Pierre Auguste Cot died at the age of 46."
231,"How old was Pierre Auguste Cot when he painted ""The Storm""?",43,painter,350,"To determine how old Pierre Auguste Cot was when he painted ""The Storm,"" we need to follow these steps:

1. Identify the year ""The Storm"" was painted: According to the table, ""The Storm"" was painted in 1880.
2. Determine the year Pierre Auguste Cot was born: From the table, we see that he was born in 1837.
3. Calculate the age: Subtract the birth year from the year the painting was created.

Calculation:
1880 (year of painting) - 1837 (birth year) = 43 years old

Therefore, Pierre Auguste Cot was 43 years old when he painted ""The Storm.""

Final Answer: 43 years old"
232,In what year was Pierre Auguste Cot born?,1837,painter,350,"To determine the year Pierre Auguste Cot was born, we need to look at the information provided in the table under the ""Born"" section. 

The entry states: 
Pierre Auguste Cot | ( | 1837-02-17 | ) | 17 February 1837 | Bédarieux, Hérault, France

From this, we can clearly see that Pierre Auguste Cot was born on February 17, 1837.

Final Answer: 1837"
233,At what age did Pierre Auguste Cot finish The Storm?,43,painter,350,"To determine the age at which Pierre Auguste Cot finished ""The Storm,"" we need to follow these steps:

1. Identify the year ""The Storm"" was created.
2. Determine when Pierre Auguste Cot died.
3. Calculate his age at the time of creation based on his death year.

From the table:
- ""The Storm"" was created in 1880.
- Pierre Auguste Cot died on 2 August 1883.

Since Cot passed away in 1883, it is reasonable to assume he completed ""The Storm"" before his death. Given that he was born in 1837, we can calculate his age in 1880 as follows:

1880 - 1837 = 43

Therefore, Pierre Auguste Cot was 43 years old when he finished ""The Storm.""

Final Answer: 43"
234,At what age did Stephen Hawking marry Jane Wilde?,23,nobel,352,"To determine the age at which Stephen Hawking married Jane Wilde, we need to find his age when they got married. From the information given:
- Stephen Hawking was born on January 8, 1942.
- He married Jane Wilde in 1965.

Calculating his age in 1965:
1965 - 1942 = 23

Therefore, Stephen Hawking was 23 years old when he married Jane Wilde.
Final Answer: 23"
235,At what age did Stephen Hawking divorce Jane Wilde?,53,nobel,352,"To determine the age at which Stephen Hawking divorced Jane Wilde, we need to follow these steps:

1. Identify the marriage year: The table states that Stephen Hawking and Jane Wilde were married in 1965.
2. Identify the divorce year: The table states that they divorced in 1995.
3. Calculate the age at divorce: Subtract the marriage year from the divorce year (1995 - 1965 = 30).

Therefore, Stephen Hawking was 30 years old when he divorced Jane Wilde.

Final Answer: 30"
236,At what age did Stephen Hawking marry Elaine Mason?,53,nobel,352,"To determine the age at which Stephen Hawking married Elaine Mason, we need to follow these steps:

1. Identify the years of Stephen Hawking's marriages:
   - First marriage: Jane Wilde (1965)
   - Second marriage: Elaine Mason (1995)

2. Determine Stephen Hawking's birth year:
   - Born on 8 January 1942

3. Calculate his age in 1995 when he married Elaine Mason:
   - 1995 - 1942 = 53 years old

Therefore, Stephen Hawking was 53 years old when he married Elaine Mason.
Final Answer: 53 years old"
237,How old was Stephen Hawking when he wrote his thesis in 1966?,24,nobel,352,"To determine how old Stephen Hawking was when he wrote his thesis in 1966, we need to calculate the difference between 1966 and his birth year, 1942.

1966 - 1942 = 24

Therefore, Stephen Hawking was 24 years old when he wrote his thesis in 1966.
Final Answer: 24"
238,How many years ago did Stephen Hawking die?,4,nobel,352,"To determine how many years ago Stephen Hawking died, we need to calculate the difference between the current year (2022) and the year of his death (2018).

1. Identify the year of death: 2018
2. Identify the current year: 2022
3. Subtract the year of death from the current year: 2022 - 2018 = 4

Therefore, Stephen Hawking died 4 years ago.
Final Answer: 4 years"
239,What year did Stephen Hawking win the Presidential Medal of Freedom?,2009,nobel,352,"To determine the year Stephen Hawking won the Presidential Medal of Freedom, I'll look through the ""Awards"" section of the table for this specific award.

Step 1: Scan the ""Awards"" section for the Presidential Medal of Freedom.
Step 2: Find the entry: ""Presidential Medal of Freedom (2009)""

Based on the information provided, Stephen Hawking won the Presidential Medal of Freedom in 2009.
Final Answer: 2009"
240,How old was Stephen Hawking when he married his first wife in 1965?,23,nobel,352,"To determine how old Stephen Hawking was when he married his first wife in 1965, we need to calculate the difference between the year he married Jane Wilde (1965) and the year he was born (1942).

1. Birth year: 1942
2. Year of marriage: 1965
3. Age calculation: 1965 - 1942 = 23

Therefore, Stephen Hawking was 23 years old when he married Jane Wilde in 1965.
Final Answer: 23"
241,How many years before Stephen Hawking died did he win the Copley Medal?,12,nobel,352,"To determine how many years before Stephen Hawking died he won the Copley Medal, we need to identify the year he won the medal and subtract it from his death year.

From the information provided:
- Stephen Hawking died on 14 March 2018.
- He received the Copley Medal in 1999.

Now, we calculate the difference:
2018 (year of death) - 1999 (year of receiving the Copley Medal) = 19 years.

Therefore, Stephen Hawking won the Copley Medal 19 years before he died.
Final Answer: 19 years"
242,At what age did Stephen Hawking divorce his first wife?,53,nobel,352,"To determine the age at which Stephen Hawking divorced his first wife, we need to follow these steps:

1. Identify when Stephen Hawking was born: January 8, 1942.
2. Identify when he divorced his first wife: 1995.
3. Calculate the difference between these two dates.

First, let's calculate the age in 1995:
- 1995 - 1942 = 53 years old

Therefore, Stephen Hawking was 53 years old when he divorced his first wife.

Final Answer: 53"
243,How many years did Stephen Hawking and Jane Wilde have a marital relationship?,30,nobel,352,"To determine how many years Stephen Hawking and Jane Wilde had a marital relationship, we need to look at their marriage dates:
- They married in 1965.
- They divorced in 1995.

By subtracting the year they married from the year they divorced:
1995 - 1965 = 30 years.

Therefore, Stephen Hawking and Jane Wilde had a marital relationship for 30 years.
Final Answer: 30 years"
244,How many years ago did Stephen Hawking release the Properties of Expanding Universes?,56,nobel,352,"To determine how many years ago Stephen Hawking released his thesis ""Properties of Expanding Universes,"" we need to compare the year it was completed (1966) with the current year (2022).

2022 - 1966 = 56 years

Therefore, Stephen Hawking released ""Properties of Expanding Universes"" 56 years ago.
Final Answer: 56 years"
245,How old was Stephen Hawking when he was awarded the BBVA Foundation Frontiers of Knowledge Award in 2015?,73,nobel,352,"To determine how old Stephen Hawking was when he received the BBVA Foundation Frontiers of Knowledge Award in 2015, we need to follow these steps:

1. Identify his birth year from the table: 1942.
2. Identify the year he received the award: 2015.
3. Calculate the age by subtracting the birth year from the year of the award.

\[ 2015 - 1942 = 73 \]

Therefore, Stephen Hawking was 73 years old when he was awarded the BBVA Foundation Frontiers of Knowledge Award in 2015.

Final Answer: 73"
246,At what age did Stephen Hawking win the Hughes Medal?,34,nobel,352,"To determine the age at which Stephen Hawking won the Hughes Medal, we need to find when he received this award and subtract it from his birth year.

From the table, we can see that Stephen Hawking won the Hughes Medal in 1976.

His birth year is given as 1942.

Calculating the difference:
1976 - 1942 = 34

Therefore, Stephen Hawking was 34 years old when he won the Hughes Medal.
Final Answer: 34"
247,How old was Stephen Hawking when he died?,76,nobel,352,"To determine how old Stephen Hawking was when he died, we need to find his birth year and the year he passed away. 

From the table:
- Born: 8 January 1942
- Died: 14 March 2018

He died in 2018, and we can calculate his age by subtracting his birth year from the year he died.

2018 - 1942 = 76

Therefore, Stephen Hawking was 76 years old when he died.
Final Answer: 76"
248,At what age did Steve Jobs become active in his career?,21,person,353,"To determine at what age Steve Jobs became active in his career, we need to find out when he started his career and then calculate his age at that time.

From the information provided:
- His birth date is February 24, 1955.
- His years active in his career were from 1976-2011.

Therefore, he started his career in 1976.

Now, let's calculate his age in 1976:
- 1976 - 1955 = 21

So, Steve Jobs was 21 years old when he started his career.

Final Answer: Steve Jobs became active in his career at the age of 21."
249,How many years after becoming active did Steve Jobs get married?,15,person,353,"To determine how many years after becoming active Steve Jobs got married, we need to follow these steps:

1. Identify when Steve Jobs became active in his career:
   - Years active: 1976-2011
   - So, he became active in 1976.

2. Identify when Steve Jobs got married:
   - Spouse(s): Laurene Powell | ( | married | 1991 | )

3. Calculate the difference between the year he got married and the year he became active:
   - 1991 (year he got married) - 1976 (year he became active) = 15 years

Therefore, Steve Jobs got married 15 years after becoming active in his career.

Final Answer: 15 years"
250,How long in years were Chrisann Brennan and Steven Paul Jobs partners?,5,person,353,"To determine how long Chrisann Brennan and Steve Jobs were partners, we need to look at the start and end dates of their relationship. According to the information provided:
- Partner(s): Chrisann Brennan (1972-1977)

The partnership lasted from 1972 to 1977. To calculate the duration in years:
1977 - 1972 = 5 years

Therefore, Chrisann Brennan and Steve Jobs were partners for 5 years.
Final Answer: 5 years"
251,How many years ago did Steve Jobs die?,11,person,353,"To determine how many years ago Steve Jobs died, we need to compare his date of death to the current date, which is December 2022.

Step 1: Identify Steve Jobs' date of death.
- Steve Jobs died on October 5, 2011.

Step 2: Calculate the difference in years between the current year and his year of death.
- Current year: 2022
- Year of death: 2011
- Difference: 2022 - 2011 = 11 years

Therefore, Steve Jobs died 11 years ago.
Final Answer: 11 years"
252,How old was Steve Jobs when he married Laurene Powell?,36,person,353,"To determine how old Steve Jobs was when he married Laurene Powell, we need to calculate the difference between their wedding year and his birth year.

From the information given:
- Steve Jobs was born on February 24, 1955.
- He married Laurene Powell in 1991.

Calculating the age:
1. In 1991, if it were after his birthday (February 24), he would be 36 years old.
2. If it were before his birthday, he would be 35 years old.

Since the exact date isn't specified, we can assume it was after his birthday (as it typically is in such records), making him 36 years old at the time of marriage.

Final Answer: Steve Jobs was 36 years old when he married Laurene Powell."
253,How many years ago did Steve Jobs present the iPhone 4?,12,person,353,"To determine how many years ago Steve Jobs presented the iPhone 4, we need to consider the current year (2022) and the year the iPhone 4 was presented (2010).

1. Identify the year the iPhone 4 was presented: 2010.
2. Identify the current year: 2022.
3. Subtract the year the iPhone 4 was presented from the current year:
   \[
   2022 - 2010 = 12
   \]

Therefore, Steve Jobs presented the iPhone 4 12 years ago.

Final Answer: 12 years ago"
254,At what age did Steve Jobs marry his spouse?,36,person,353,"To determine at what age Steve Jobs married his spouse, we need to find his age when he got married to Laurene Powell. We know from the table that Steve Jobs was born on February 24, 1955, and he got married in 1991. 

Calculating his age in 1991:
1991 - 1955 = 36

Therefore, Steve Jobs was 36 years old when he married Laurene Powell.
Final Answer: 36"
255,At what age did Steve Jobs marry Laurene Powell?,36,person,353,"To determine the age at which Steve Jobs married Laurene Powell, we need to find his birth year and the year he got married to Laurene Powell.

From the table:
- Steve Jobs was born on February 24, 1955.
- He married Laurene Powell in 1991.

Now, let's calculate his age in 1991:
1. 1991 - 1955 = 36

Therefore, Steve Jobs was 36 years old when he married Laurene Powell.
Final Answer: 36"
256,At what age did Steve Jobs end his partnership with Chrisann Brennan?,22,person,353,"To determine at what age Steve Jobs ended his partnership with Chrisann Brennan, we need to follow these steps:

1. Identify when Steve Jobs and Chrisann Brennan began their partnership.
2. Identify when they ended their partnership.
3. Calculate the difference between the start and end dates to find out how old Steve Jobs was at the end of the partnership.

From the information provided:
- Steve Jobs and Chrisann Brennan began their partnership in 1972.
- They ended their partnership in 1977.

Next, we calculate Steve Jobs' age in 1977:
- Steve Jobs was born on February 24, 1955.
- In 1977, he would have been 22 years old (1977 - 1955 = 22).

Therefore, Steve Jobs was 22 years old when he ended his partnership with Chrisann Brennan.

Final Answer: 22"
257,How many years was Steve Jobs active in his career?,35,person,353,"To determine how many years Steve Jobs was active in his career, we need to look at the ""Years active"" information provided in the table. According to the table, Steve Jobs' years active were listed as 1976-2011.

Now, we calculate the duration:
2011 - 1976 = 35 years

Therefore, Steve Jobs was active in his career for 35 years.
Final Answer: 35 years"
258,At what age did Steve Jobs marry Laurene Powell?,36,person,353,"To determine the age at which Steve Jobs married Laurene Powell, we need to calculate the difference between the year of their marriage and his birth year.

1. Steve Jobs was born on February 24, 1955.
2. They were married in 1991.
3. Subtracting his birth year from the year of marriage: 1991 - 1955 = 36.

Therefore, Steve Jobs was 36 years old when he married Laurene Powell.
Final Answer: 36"
259,How many years were Steven Paul Jobs and Chrisann Brennan partners?,5,person,353,"To determine how many years Steven Paul Jobs and Chrisann Brennan were partners, we need to look at the information provided in the table.

1. The table states that Chrisann Brennan was Jobs' partner from 1972 to 1977.
2. The time period can be calculated by subtracting the start year from the end year: 1977 - 1972 = 5 years.

Therefore, Steven Paul Jobs and Chrisann Brennan were partners for 5 years.
Final Answer: 5 years"
260,How many years after first becoming active did Steve Jobs get married?,15,person,353,"To determine how many years after Steve Jobs first became active he got married, we need to follow these steps:

1. Identify the years when Steve Jobs became active and when he got married.
2. Calculate the difference between these two years.

From the information provided:
- Steve Jobs' years active were from 1976 to 2011. We can use 1976 as his starting year.
- Steve Jobs got married in 1991.

Now, calculate the difference:
1991 (year of marriage) - 1976 (year of first becoming active) = 15 years.

Therefore, Steve Jobs got married 15 years after he first became active.
Final Answer: 15 years"
261,How many years was Steve Jobs in a relationship with his partner Chrisann Brennan?,5,person,353,"To determine how many years Steve Jobs was in a relationship with Chrisann Brennan, we need to look at the information provided in the table under ""Partner(s)"".

- Partner(s): Chrisann Brennan (1972-1977)

The period given is from 1972 to 1977.

To find the duration:
1. Calculate the difference between the end year and the start year:
   1977 - 1972 = 5 years

Therefore, Steve Jobs was in a relationship with Chrisann Brennan for 5 years.
Final Answer: 5 years"
262,How old was Steve Jobs when he married Laurene Powell in 1991?,36,person,353,"To determine how old Steve Jobs was when he married Laurene Powell in 1991, we need to calculate the difference between his birth year and the year of his marriage.

1. Steve Jobs was born on February 24, 1955.
2. He married Laurene Powell in 1991.

Now, let's subtract the birth year from the year of marriage:
1991 - 1955 = 36

Therefore, Steve Jobs was 36 years old when he married Laurene Powell in 1991.
Final Answer: 36"
263,At what age did Steve Jobs first have a partner?,17,person,353,"To determine at what age Steve Jobs first had a partner, we need to identify when he started his relationship with Chrisann Brennan and calculate his age at that time.

From the information given:
- Steve Jobs was born on February 24, 1955.
- He began his relationship with Chrisann Brennan in 1972.

Now, we calculate his age in 1972:
1. The year 1972 minus his birth year 1955 gives us 17.

Therefore, Steve Jobs was 17 years old when he first had a partner.
Final Answer: 17"
264,"In what year was ""The Gross Clinic"" created?",1875,painter,356,"To determine the year ""The Gross Clinic"" was created, I'll look at the information provided in the table under the ""Notable work"" section. 

From the table, it states:
- Notable work: ""The Gross Clinic | , 1875""

This indicates that ""The Gross Clinic"" was created in 1875.
Final Answer: 1875"
265,How old was Thomas Eakins when he died?,71,painter,356,"To determine how old Thomas Eakins was when he died, we need to look at his birth date and death date.

From the information provided:
- Born: July 25, 1844
- Died: June 25, 1916

He died in 1916, aged 71. This age is directly stated in the table under the ""Died"" section.

Therefore, Thomas Eakins was 71 years old when he died.
Final Answer: 71"
266,"How old was Thomas Eakins when he painted ""Max Schmitt in a Single Scull""?",27,painter,356,"To determine how old Thomas Eakins was when he painted ""Max Schmitt in a Single Scull,"" we need to find out the year it was created and subtract it from his birth year.

From the information given:
- Thomas Eakins was born on July 25, 1844.
- ""Max Schmitt in a Single Scull"" was created in 1871.

Now, let's calculate the age:
1871 (year of painting) - 1844 (birth year) = 27

Therefore, Thomas Eakins was 27 years old when he painted ""Max Schmitt in a Single Scull.""
Final Answer: 27"
267,"At what age did Thomas Eakins create ""The Agnew Clinic""?",45,painter,356,"To determine the age at which Thomas Eakins created ""The Agnew Clinic,"" we need to follow these steps:

1. Identify the year ""The Agnew Clinic"" was created: 1889.
2. Determine Thomas Eakins' birth year: 1844.
3. Calculate the difference between the creation year and the birth year.

1889 - 1844 = 45

Therefore, Thomas Eakins was 45 years old when he created ""The Agnew Clinic.""

Final Answer: 45"
268,At what age did Thomas Eakins die?,71,painter,356,"To determine the age at which Thomas Eakins died, we need to look at his birth date and death date provided in the table.

1. Birth Date: July 25, 1844
2. Death Date: June 25, 1916

Since both dates are given in the same month (June), we can calculate the age directly by subtracting the birth year from the death year:

1916 - 1844 = 72

However, since Thomas Eakins died in June and not in July, he had not yet turned 72 at the time of his death. Therefore, he was 71 years old when he died.

Final Answer: 71"
269,At what age did the artist complete his work The Gross Clinic?,31,painter,356,"To determine the age at which Thomas Eakins completed his work ""The Gross Clinic,"" we need to follow these steps:

1. Identify the year ""The Gross Clinic"" was created: According to the table, it was completed in 1875.
2. Determine when Thomas Eakins was born: The table states he was born on July 25, 1844.
3. Calculate the difference between the year the painting was completed and the year of birth:
   1875 - 1844 = 31 years

Therefore, Thomas Eakins was 31 years old when he completed ""The Gross Clinic.""
Final Answer: 31 years old"
270,How old was Alimuddin Zumla when he won the 2021 EU-EDCTP Pascoal Mocumbi Prize?,66,scientist,364,"To determine Alimuddin Zumla's age when he won the 2021 EU-EDCTP Pascoal Mocumbi Prize, we need to follow these steps:

1. Identify the birth year from the table: Alimuddin Zumla was born on 15 May 1955.
2. Identify the year he won the prize: The prize was awarded in 2021.
3. Calculate the difference between the year he won the prize and his birth year:
   2021 - 1955 = 66 years

Therefore, Alimuddin Zumla was 66 years old when he won the 2021 EU-EDCTP Pascoal Mocumbi Prize.

Final Answer: 66"
271,How old was Alimuddin Zumla when he won the 1999 Weber-Parkes Trust Medal?,44,scientist,364,"To determine Alimuddin Zumla's age when he won the 1999 Weber-Parkes Trust Medal, we need to follow these steps:

1. Identify the year he won the medal: 1999.
2. Determine his birth year: 1955.
3. Calculate the difference between these two years.

1999 - 1955 = 44

Therefore, Alimuddin Zumla was 44 years old when he won the 1999 Weber-Parkes Trust Medal.
Final Answer: 44"
272,What year did Alimuddin Zumla win the Union Medal?,2018,scientist,364,"To determine the year Alimuddin Zumla won the Union Medal, I'll look through the list of awards provided in the table.

The awards listed include:
- 2021: EU-EDCTP Pascoal Mocumbi Prize
- 2020: Mahathir Science Award
- 2018: The Union Medal
- 2015: Contribution to World Class Research Award
- 2014: Donald Mackay Medal
- 2012: Karolinska Institutet Science Award
- 2011: WHO Stop TB Partnership, Kochon Foundation Prize and Medal
- 2000: The Albert Chalmers Medal
- 1999: Weber-Parkes Trust Medal

From this list, it is clear that Alimuddin Zumla won the Union Medal in 2018.
Final Answer: 2018"
273,How old was Zumla when he won the Mahathir Science Award?,65,scientist,364,"To determine how old Zumla was when he won the Mahathir Science Award, we need to find his age in 2020, since the award was given in 2020.

From the table, we know:
- Sir Alimuddin Zumla was born on 15 May 1955.

Calculating his age in 2020:
- In 2020, Zumla would have turned 65 years old on 15 May 2020.
- Since the award was given in 2020, he was 65 years old when he won the Mahathir Science Award.

Final Answer: 65"
274,How many years after Zumla wrote his thesis did he win the Weber-Parkes Trust Medal?,12,scientist,364,"To determine how many years after Zumla wrote his thesis he won the Weber-Parkes Trust Medal, we need to find the years when each event occurred.

1. Zumla wrote his thesis in 1987.
2. The Weber-Parkes Trust Medal was awarded to him in 1999.

Now, we calculate the difference between these years:
1999 - 1987 = 12 years.

Therefore, Zumla won the Weber-Parkes Trust Medal 12 years after he wrote his thesis.
Final Answer: 12 years"
275,How many years are there between when Zumla won the EU-EDCTP Pascoal Mocumbi Prize and the Karolinska Institutet Science Award?,9,scientist,364,"To find out how many years are between when Sir Alimuddin Zumla won the EU-EDCTP Pascoal Mocumbi Prize and the Karolinska Institutet Science Award, we need to identify the years he received these awards.

1. The EU-EDCTP Pascoal Mocumbi Prize was awarded in 2021.
2. The Karolinska Institutet Science Award was given in 2012.

Next, we calculate the difference between these two years:
2021 - 2012 = 9 years

Therefore, there are 9 years between when Zumla won the EU-EDCTP Pascoal Mocumbi Prize and the Karolinska Institutet Science Award.
Final Answer: 9 years"
276,How old was Adolf von Baeyer when he won the Nobel Prize for Chemistry?,70,nobel,369,"To determine how old Adolf von Baeyer was when he won the Nobel Prize for Chemistry, we need to find his birth year and the year he received the prize.

From the information provided:
- Adolf von Baeyer was born on 31 October 1835.
- He won the Nobel Prize for Chemistry in 1905.

Now, we calculate the age:
- Year of Nobel Prize: 1905
- Year of birth: 1835

1905 - 1835 = 70

Therefore, Adolf von Baeyer was 70 years old when he won the Nobel Prize for Chemistry.
Final Answer: 70"
277,At what age did Adolf von Baeyer marry Adelheid Bendemann?,33,nobel,369,"To determine the age at which Adolf von Baeyer married Adelheid Bendemann, we need to find his birth year and the year he married her. 

From the information provided:
- Adolf von Baeyer was born on 31 October 1835.
- He married Adelheid Bendemann in 1868.

Calculating the difference between these years:
1868 (year of marriage) - 1835 (year of birth) = 33 years old.

Therefore, Adolf von Baeyer was 33 years old when he married Adelheid Bendemann.
Final Answer: 33 years old"
278,At what age did Adolf von Baeyer receive the Nobel Prize?,70,nobel,369,"To determine the age at which Adolf von Baeyer received the Nobel Prize, we need to find his birth year and the year he received the award.

From the table:
- Born: Johann Friedrich Wilhelm Adolf Baeyer | ( | 1835-10-31 | ) | 31 October 1835 | Berlin, Prussia (German Confederation)
- Awards: Nobel Prize for Chemistry | (1905)

Baeyer was born on October 31, 1835, and received the Nobel Prize in Chemistry in 1905.

To calculate his age when he received the Nobel Prize:
1905 - 1835 = 70

Therefore, Adolf von Baeyer was 70 years old when he received the Nobel Prize.
Final Answer: 70"
279,How old was he when he won the Nobel?,70,nobel,369,"To determine how old Adolf von Baeyer was when he won the Nobel Prize for Chemistry in 1905, we need to use the information provided about his birth and the year of the award.

1. Adolf von Baeyer was born on 31 October 1835.
2. He won the Nobel Prize for Chemistry in 1905.
3. Calculate the age: 1905 - 1835 = 70 years.

However, since his birthday was in October and the Nobel Prize was awarded in 1905, he would not have turned 70 until the next year. Therefore, he was 70 years old when he won the Nobel Prize.

Final Answer: 70"
280,How old was he when he got married?,33,nobel,369,"To determine how old Adolf von Baeyer was when he got married, we need to find the year he got married and subtract it from his birth year.

From the information provided:
- Born: 31 October 1835
- Married: Adelheid Bendemann (m. 1868)

Now, calculate the age:
1868 (year of marriage) - 1835 (year of birth) = 33 years old

Therefore, Adolf von Baeyer was 33 years old when he got married.
Final Answer: 33"
281,How old was Adolf von Baeyer when he got married?,33,nobel,369,"To determine how old Adolf von Baeyer was when he got married, we need to calculate the difference between the year he got married and the year he was born.

From the information given:
- Adolf von Baeyer was born on 31 October 1835.
- He got married in 1868 to Adelheid Bendemann.

Now, let's calculate the age:
- The marriage year (1868) minus the birth year (1835) gives us 1868 - 1835 = 33.

Therefore, Adolf von Baeyer was 33 years old when he got married.
Final Answer: 33"
282,How many years before his death did Adolf von Baeyer win the Nobel Prize in Chemistry?,12,nobel,369,"To determine how many years before his death Adolf von Baeyer won the Nobel Prize in Chemistry, we need to find the difference between the year he received the prize and the year of his death.

From the information given:
- Adolf von Baeyer died on August 20, 1917.
- He won the Nobel Prize for Chemistry in 1905.

Calculating the difference:
1917 (year of death) - 1905 (year of Nobel Prize) = 12 years

Therefore, Adolf von Baeyer won the Nobel Prize in Chemistry 12 years before his death.
Final Answer: 12 years"
283,At what age did Adolf von Baeyer marry Adelheid Bendemann?,33,nobel,369,"To determine the age at which Adolf von Baeyer married Adelheid Bendemann, we need to calculate the difference between their marriage year and his birth year.

From the information given:
- Adolf von Baeyer was born on October 31, 1835.
- He married Adelheid Bendemann in 1868.

Calculating the difference:
1868 (year of marriage) - 1835 (year of birth) = 33 years.

Since Adolf von Baeyer was born on October 31, he would have turned 33 by the end of 1868, but not on the day of his marriage, which was earlier in the same year.

Final Answer: Adolf von Baeyer was 33 years old when he married Adelheid Bendemann."
284,At what age did Adolf von Baeyer receive the Nobel Prize?,70,nobel,369,"To determine the age at which Adolf von Baeyer received the Nobel Prize, we need to find his birth year and the year he won the prize.

From the information given:
- Adolf von Baeyer was born on 31 October 1835.
- He received the Nobel Prize for Chemistry in 1905.

Now, calculate the difference:
1905 (year of Nobel Prize) - 1835 (birth year) = 70 years old.

Final Answer: Adolf von Baeyer was 70 years old when he received the Nobel Prize."
285,How many years before Johann Friedrich Wilhelm Adolf Baeyer's death did he win the Nobel Prize for Chemistry?,12,nobel,369,"To determine how many years before his death Adolf von Baeyer won the Nobel Prize for Chemistry, we need to find the difference between the year he received the prize and the year he died.

From the information provided:
- Adolf von Baeyer died on 20 August 1917.
- He won the Nobel Prize for Chemistry in 1905.

Calculating the difference:
1917 (year of death) - 1905 (year of Nobel Prize) = 12 years.

Therefore, Adolf von Baeyer won the Nobel Prize for Chemistry 12 years before his death.
Final Answer: 12 years"
286,At what age did Johann Friedrich Wilhelm Adolf Baeyer win the Davy Medal?,46,nobel,369,"To determine the age at which Adolf von Baeyer won the Davy Medal, we need to calculate the difference between the year he received the award and his birth year.

From the information given:
- Adolf von Baeyer was born on 31 October 1835.
- He received the Davy Medal in 1881.

Now, let's calculate the age:
1881 (year of award) - 1835 (birth year) = 46 years old.

Therefore, Adolf von Baeyer was 46 years old when he won the Davy Medal.
Final Answer: 46"
287,How many years after marrying his spouse did Johann Friedrich Wilhelm Adolf Baeyer win the Liebig Medal?,35,nobel,369,"To determine how many years after marrying his spouse Adolf von Baeyer won the Liebig Medal, we need to find the difference between the year he received the Liebig Medal and the year he got married.

From the information provided:
- Adolf von Baeyer married Adelheid Bendemann in 1868.
- He received the Liebig Medal in 1903.

Now, calculate the difference:
1903 - 1868 = 35 years

Therefore, Adolf von Baeyer won the Liebig Medal 35 years after marrying his spouse.
Final Answer: 35 years"
288,At what age did Albert A. Michelson marry his first wife Margaret Hemingway?,25,nobel,370,"To determine the age at which Albert A. Michelson married his first wife, Margaret Hemingway, we need to follow these steps:

1. Identify the birth year of Albert A. Michelson: 1852 (from the ""Born"" field).
2. Identify the year of marriage to Margaret Hemingway: 1877 (from the ""Spouse(s)"" field).
3. Calculate the difference between these two years to find the age at marriage.

1877 - 1852 = 25

Therefore, Albert A. Michelson was 25 years old when he married Margaret Hemingway.
Final Answer: 25"
289,How old was he when he won the Nobel Prize?,55,nobel,370,"To determine how old Albert A. Michelson was when he won the Nobel Prize, we need to find his birth year and the year he received the prize.

From the table:
- Born: December 19, 1852
- Nobel Prize in Physics: 1907

Now, calculate the age:
1907 - 1852 = 55

Therefore, Albert A. Michelson was 55 years old when he won the Nobel Prize.
Final Answer: 55"
290,At what age did Albert A. Michelson die?,78,nobel,370,"To determine the age at which Albert A. Michelson died, we need to find the difference between his death year and birth year.
Michelson's birth year is 1852, and his death year is 1931.
Calculating the difference:
1931 - 1852 = 79
Therefore, Albert A. Michelson died at the age of 79.
Final Answer: 79"
291,How many years after his divorce did Albert A. Michelson get remarried?,1,nobel,370,"To determine how many years after his divorce Albert A. Michelson got remarried, we need to follow these steps:

1. Identify the year of his divorce: 1898.
2. Identify the year of his remarriage: 1899.
3. Calculate the difference between the year of remarriage and the year of divorce: 1899 - 1898 = 1.

Therefore, Albert A. Michelson got remarried 1 year after his divorce.
Final Answer: 1 year"
292,At what age did Albert A. Michelson marry his second wife Edna Stanton?,47,nobel,370,"To determine Albert A. Michelson's age when he married his second wife, Edna Stanton, we need to follow these steps:

1. Identify the date of Michelson's marriage to Edna Stanton.
2. Calculate the difference between this date and his birth date.

From the table, we can see that Michelson married Edna Stanton in 1899. His birth date is given as December 19, 1852.

Next, we calculate the age:
- In 1899, Michelson would have been 46 years old (1899 - 1852 = 47, but he had not yet had his birthday in 1899).

Therefore, Albert A. Michelson was 46 years old when he married Edna Stanton.
Final Answer: 46"
293,How old was Albert A. Michelson when he first got married?,25,nobel,370,"To determine how old Albert A. Michelson was when he first got married, we need to calculate the difference between the year he was born and the year he got married.

1. Albert A. Michelson was born on December 19, 1852.
2. He got married to Margaret Hemingway in 1877.

Now, let's calculate his age in 1877:
- 1877 - 1852 = 25

Therefore, Albert A. Michelson was 25 years old when he first got married to Margaret Hemingway.
Final Answer: 25"
294,How many years between his first and last award?,26,nobel,370,"To determine the number of years between Albert A. Michelson's first and last awards, we need to identify the earliest and latest awards listed in the table.

First, let's list the awards:
- Matteucci Medal (1903)
- Nobel Prize in Physics (1907)
- Copley Medal (1907)
- Elliott Cresson Medal (1912)
- Henry Draper Medal (1916)
- Albert Medal (1920)
- Franklin Medal (1923)
- Duddell Medal and Prize (1929)

The earliest award is the Matteucci Medal in 1903.
The latest award is the Duddell Medal and Prize in 1929.

Now, we calculate the difference:
1929 - 1903 = 26 years

Therefore, there were 26 years between his first and last award.
Final Answer: 26 years"
295,What year did Art Wilson play for the Cleveland Indians?,1921,baseball,400,"To determine the year Art Wilson played for the Cleveland Indians, I'll look at his career timeline provided in the teams section of the table.

Art Wilson's teams include:
- New York Giants (1908-1913)
- Chicago Whales (1914-1915)
- Pittsburgh Pirates (1916)
- Chicago Cubs (1916-1917)
- Boston Braves (1918-1920)
- Cleveland Indians (1921)

From this information, it's clear that Art Wilson played for the Cleveland Indians in 1921.
Final Answer: 1921"
296,How old was Art Wilson when he made his MLB debut in 1908?,23,baseball,400,"To determine Art Wilson's age when he made his MLB debut in 1908, we need to calculate the difference between 1908 and his birth year, 1885.
1908 - 1885 = 23
Final Answer: Art Wilson was 23 years old when he made his MLB debut in 1908."
297,How many years longer did Wilson play for the New York Giants than the Boston Braves?,3,baseball,400,"To determine how many years longer Wilson played for the New York Giants compared to the Boston Braves, we need to calculate the duration of his time with each team and then find the difference.

First, let's calculate the duration for the New York Giants:
- MLB debut: September 29, 1908
- Last appearance with New York Giants: End of the 1913 season
So, he played for the New York Giants from 1908 to 1913.
Duration with New York Giants = 1913 - 1908 + 1 = 6 years

Next, let's calculate the duration for the Boston Braves:
- First appearance with Boston Braves: Start of the 1918 season
- Last appearance with Boston Braves: End of the 1920 season
So, he played for the Boston Braves from 1918 to 1920.
Duration with Boston Braves = 1920 - 1918 + 1 = 3 years

Now, we find the difference in the durations:
6 years (New York Giants) - 3 years (Boston Braves) = 3 years

Final Answer: Wilson played for the New York Giants 3 years longer than he did for the Boston Braves."
298,How many years after his last MLB appearance did Wilson die?,39,baseball,400,"To determine how many years after his last MLB appearance Art Wilson died, we need to follow these steps:

1. Identify the year of his last MLB appearance.
2. Identify the year of his death.
3. Calculate the difference between these two years.

From the information provided:
- Art Wilson's last MLB appearance was on June 12, 1921.
- He died on June 12, 1960.

Now, calculate the difference:
1960 - 1921 = 39 years

Therefore, Art Wilson died 39 years after his last MLB appearance.
Final Answer: 39 years"
299,How long in years did Art Wilson play in the MLB?,13,baseball,400,"To determine how long Art Wilson played in the MLB, we need to calculate the difference between his last MLB appearance and his first MLB appearance.

- His MLB debut was on September 29, 1908.
- His last MLB appearance was on June 12, 1921.

We can break this down into full years and any remaining months:

1. From September 29, 1908, to September 29, 1921: This is 12 full years.
2. From September 29, 1921, to June 12, 1921: This is 8 months (from September to June).

Since we only need the number of years, we focus on the full years.

Therefore, Art Wilson played in the MLB for 12 years.

Final Answer: 12 years"
300,How many years after his MLB debut did Art Wilson play for the Pittsburgh Pirates?,8,baseball,400,"To determine how many years after his MLB debut Art Wilson played for the Pittsburgh Pirates, we need to follow these steps:

1. Identify the year of Art Wilson's MLB debut.
2. Identify the year he played for the Pittsburgh Pirates.
3. Calculate the difference between these two years.

Step 1: Art Wilson's MLB debut was on September 29, 1908.

Step 2: Art Wilson played for the Pittsburgh Pirates in 1916.

Step 3: Calculate the difference between 1916 and 1908:
\[ 1916 - 1908 = 8 \]

Therefore, Art Wilson played for the Pittsburgh Pirates 8 years after his MLB debut.
Final Answer: 8 years"
301,How many years did Babe Young play for MLB?,12,baseball,401,"To determine how many years Babe Young played for MLB, we need to find the difference between his last and first MLB appearances.

- His first MLB appearance was on September 26, 1936.
- His last MLB appearance was on October 2, 1948.

Now, let's calculate the difference:
1. From September 26, 1936, to September 25, 1948: 12 years.
2. From September 25, 1948, to October 2, 1948: 7 days.

Combining these, we have 12 full years plus the additional 7 days, but since the question asks for the number of years, we will count it as 12 years.

Final Answer: 12 years"
302,How old was Young when he made his MLB debut?,21,baseball,401,"To determine how old Babe Young was when he made his MLB debut, we need to calculate the difference between the year of his debut and his birth year, and then add the month and day components if they are not the same.

1. Babe Young's MLB debut was on September 26, 1936.
2. Babe Young was born on July 1, 1915.

First, let's find the age difference in years:
- 1936 - 1915 = 21 years

Next, we need to check if the month and day components affect this calculation:
- Young's debut was in September, and he was born in July, so no additional days need to be added or subtracted.

Therefore, Babe Young was 21 years old when he made his MLB debut.

Final Answer: 21"
303,How many years after his final MLB appearance did Young die?,35,baseball,401,"To determine how many years after his final MLB appearance Babe Young died, we need to find the difference between his death date and his last MLB appearance date.

From the information given:
- Last MLB appearance: October 2, 1948
- Death: December 25, 1983

Calculating the difference:
- From October 2, 1948, to December 31, 1948: 2 months and 29 days
- From January 1, 1949, to December 25, 1983: 34 years and 24 days

Adding these together:
- Total time from October 2, 1948, to December 25, 1983: 35 years and 24 days

Since we are asked for the number of years, we can round this down to 35 years.

Final Answer: 35 years"
304,How old was Babe Young when he began his MLB career?,21,baseball,401,"To determine how old Babe Young was when he began his MLB career, we need to find the difference between his birth year and the year he made his MLB debut.

Step 1: Identify Babe Young's birth year.
Babe Young was born on July 1, 1915.

Step 2: Identify the year of his MLB debut.
Babe Young's MLB debut was on September 26, 1936.

Step 3: Calculate the age at the time of his MLB debut.
1936 - 1915 = 21

Therefore, Babe Young was 21 years old when he began his MLB career.
Final Answer: 21"
305,How many years did Babe Young play for the Cincinnati Reds?,2,baseball,401,"To determine how many years Babe Young played for the Cincinnati Reds, we need to look at the timeline of his teams.

From the ""Teams"" section, we can see:
- Cincinnati Reds (1947-1948)

This indicates that Babe Young played for the Cincinnati Reds from 1947 to 1948.

To find the duration, we subtract the start year from the end year:
1948 - 1947 = 1 year

Therefore, Babe Young played for the Cincinnati Reds for 1 year.
Final Answer: 1 year"
306,How old was Babe Young when he made his MLB debut?,21,baseball,401,"To determine how old Babe Young was when he made his MLB debut, we need to calculate the difference between the date of his MLB debut and his birthdate.

1. Babe Young's MLB debut was on September 26, 1936.
2. Babe Young was born on July 1, 1915.
3. We need to calculate the age at the time of his debut.

Since Babe Young was born in 1915 and his debut was in 1936, we can subtract his birth year from the year of his debut:
\[ 1936 - 1915 = 21 \]

Next, we need to consider his birthday in 1936. Since his birthday (July 1) comes before his debut date (September 26), he had already turned 21 by the time he made his debut.

Therefore, Babe Young was 21 years old when he made his MLB debut.
Final Answer: 21"
307,How many years after his last MLB appearance did McCoy die?,70,baseball,405,"To determine how many years after his last MLB appearance Benny McCoy died, we need to calculate the difference between the year of his last MLB appearance and the year of his death.

First, identify the year of his last MLB appearance:
- Last MLB appearance: September 28, 1941

Next, identify the year of his death:
- Died: November 9, 2011

Now, calculate the difference:
- 2011 (year of death) - 1941 (year of last MLB appearance) = 70 years

Therefore, Benny McCoy died 70 years after his last MLB appearance.
Final Answer: 70 years"
308,How many years after his MLB debut did McCoy play for the Philadelphia Athletics?,2,baseball,405,"To determine how many years after his MLB debut Benny McCoy played for the Philadelphia Athletics, we need to find the difference between the years of his debut and when he joined the Philadelphia Athletics.

1. Benny McCoy's MLB debut was on September 14, 1938.
2. He played for the Philadelphia Athletics starting in 1940.

Calculating the difference:
- 1940 (year he joined the Philadelphia Athletics) - 1938 (year of his MLB debut) = 2 years.

Therefore, Benny McCoy played for the Philadelphia Athletics 2 years after his MLB debut.
Final Answer: 2 years"
309,How old was McCoy when he made his MLB debut?,23,baseball,405,"To determine how old Benny McCoy was when he made his MLB debut, we need to calculate the difference between the year of his MLB debut and his birth year, then adjust for the month and day.

- Benny McCoy's MLB debut was on September 14, 1938.
- He was born on November 9, 1915.

First, calculate the age based on the years:
- 1938 - 1915 = 23 years

Since his birthday (November 9) comes after his MLB debut date (September 14), he had not yet turned 23 at the time of his debut.

Therefore, Benny McCoy was 22 years old when he made his MLB debut.
Final Answer: 22"
310,For how many years did Benny McCoy play professional baseball?,3,baseball,405,"To determine how many years Benny McCoy played professional baseball, we need to look at his MLB debut and last MLB appearance dates. 

- Benny McCoy's MLB debut was on September 14, 1938, for the Detroit Tigers.
- His last MLB appearance was on September 28, 1941, for the Philadelphia Athletics.

By subtracting the debut year from the last appearance year, we can calculate the duration of his professional career:
1941 - 1938 = 3 years

Therefore, Benny McCoy played professional baseball for 3 years.
Final Answer: 3 years"
311,When was the last season that Benny McCoy played professionally?,1941,baseball,405,"To determine the last season Benny McCoy played professionally, we need to look at the dates of his MLB appearances and the teams he played for.

From the table:
- His MLB debut was on September 14, 1938, for the Detroit Tigers.
- His last MLB appearance was on September 28, 1941, for the Philadelphia Athletics.

Since his last appearance was in 1941, this is the last season he played professionally.

Final Answer: 1941"
312,How old was Benny McCoy when he made his MLB debut?,23,baseball,405,"To determine Benny McCoy's age when he made his MLB debut, we need to calculate the difference between the date of his MLB debut and his birthdate.

Benny McCoy's birthdate: November 9, 1915
Date of his MLB debut: September 14, 1938

First, let's calculate the age at the end of the year 1938:
- He turned 23 years old on November 9, 1938.
- From November 9 to September 14 is less than a full year.

Since he had not yet reached his 23rd birthday on the day of his debut, we subtract one year from 23.

Therefore, Benny McCoy was 22 years old when he made his MLB debut.
Final Answer: 22"
313,How many years did Benny McCoy play for the Detroit Tigers?,1,baseball,405,"To determine how many years Benny McCoy played for the Detroit Tigers, we need to look at the dates provided for his MLB career with each team.

According to the information:
- Benny McCoy made his MLB debut on September 14, 1938, for the Detroit Tigers.
- His last MLB appearance was on September 28, 1941, for the Philadelphia Athletics.

For the Detroit Tigers:
- He joined in 1938 and left in 1939.

To calculate the number of years he played for the Detroit Tigers, we subtract the start year from the end year:
1939 (end year) - 1938 (start year) = 1 year

Final Answer: 1 year"
314,How many years ago was the current constitution established in Brazil?,34,country,424,"To determine how many years ago the current constitution was established, we need to find the year it was enacted and compare it to the current year (2022).

1. According to the table, the current constitution of Brazil was established on 5 October 1988.
2. The current year is 2022.
3. Calculate the difference between the current year and the year the constitution was established:
   2022 - 1988 = 34

Therefore, the current constitution was established 34 years ago.
Final Answer: 34 years ago"
315,How many years ago was Brazil declared a republic?,133,country,424,"To determine how many years ago Brazil was declared a republic, we need to find the year it became a republic and compare it to the current year (2022).

From the information provided:
- Brazil declared independence from the United Kingdom of Portugal, Brazil and the Algarves on 7 September 1822.
- It became a republic on 15 November 1889.

Now, calculate the difference between 2022 and 1889:
2022 - 1889 = 133 years.

Therefore, Brazil was declared a republic 133 years ago.
Final Answer: 133 years"
316,How many years were there between the end of the last monarch's reign and the establishment of Denmark-Norway?,14,empire,430,"To determine how many years were between the end of the last monarch's reign and the establishment of Denmark-Norway, we need to identify these two key points of time from the information provided.

1. **End of the Last Monarch's Reign**: The last monarch mentioned is Christian II, who reigned until 1523.
2. **Establishment of Denmark-Norway**: This occurred in 1537.

Now, we calculate the difference between these two dates:
\[ 1537 - 1523 = 14 \]

Therefore, there were 14 years between the end of Christian II's reign and the establishment of Denmark-Norway.
Final Answer: 14 years"
317,How long in years did the Kalmar Union last?,140,empire,430,"To determine how long the Kalmar Union lasted, we need to identify its inception and end dates.

From the table:
- The Kalmar Union was formed on 17 June 1397.
- It ended when Denmark-Norway was established in 1537.

Now, calculate the duration:
- Start year: 1397
- End year: 1537

Subtract the start year from the end year:
1537 - 1397 = 140 years

Therefore, the Kalmar Union lasted for 140 years.
Final Answer: 140 years"
318,How many years did the last monarch of the Kalmar Union rule?,10,empire,430,"From the information provided, we can see that Christian II was the last monarch of the Kalmar Union. His reign as the monarch of Denmark and Norway lasted from 1513 to 1523. To calculate how many years he ruled, we subtract the start year from the end year: 1523 - 1513 = 10 years.
Final Answer: 10 years"
319,How many years after the inception of the Kalmar Union did Eric of Pomerania end his reign?,45,empire,430,"To determine how many years after the inception of the Kalmar Union Eric of Pomerania ended his reign, we need to follow these steps:

1. Identify the year the Kalmar Union was formed: 1397.
2. Identify the years of Eric of Pomerania's reign: 1397-1442.
3. Calculate the difference between the end of his reign and the inception of the union.

1442 (end of his reign) - 1397 (inception) = 45 years

Therefore, Eric of Pomerania ended his reign 45 years after the inception of the Kalmar Union.
Final Answer: 45 years"
320,How many years long was the last reign of the Kalmar Union?,10,empire,430,"To determine the duration of Christian II's reign during the Kalmar Union, we need to identify the start and end dates of his rule:
- Christian II became the last monarch of the Kalmar Union in 1513.
- Christian II lost control of the union in 1523.

Subtracting the start year from the end year gives us the length of his reign:
1523 - 1513 = 10 years.

Final Answer: 10 years"
321,How long in years was José Manuel de Herrera Prime Minister of the Mexican Empire?,1,empire,433,"To determine how long José Manuel de Herrera served as Prime Minister of the Mexican Empire, we need to look at the timeline provided in the table.

From the table:
- The Mexican Empire began on 28 September 1821.
- José Manuel de Herrera became Emperor on 1822.
- The Mexican Empire ended on 19 March 1823.

Since the Prime Minister position would have existed during the period when the Mexican Empire was established, we can infer that José Manuel de Herrera would have been Prime Minister during this time.

The period from 28 September 1821 to 19 March 1823 is approximately one year.

Therefore, José Manuel de Herrera was Prime Minister for about 1 year.
Final Answer: 1 year"
322,How many months after the Plan of Iguala did Mexican independence occur?,7,empire,433,"To determine how many months after the Plan of Iguala Mexican independence occurred, we need to find the dates of both events.

From the information provided:
- The Plan of Iguala was enacted on 24 February 1821.
- Independence of Mexico occurred on 28 September 1821.

Next, we calculate the difference between these two dates:
- From 24 February to 28 February is 4 days.
- From 1 March to 30 September includes all the months from March to September.

Let's count the months and add the days:
- March: 31 days
- April: 30 days
- May: 31 days
- June: 30 days
- July: 31 days
- August: 31 days
- September: 28 days

Adding these together:
31 + 30 + 31 + 30 + 31 + 31 + 28 = 202 days

Now, adding the initial 4 days:
202 + 4 = 206 days

Since there are approximately 30.44 days in a month, we convert 206 days to months:
206 / 30.44 ≈ 6.76 months

Therefore, Mexican independence occurred approximately 6.76 months after the Plan of Iguala.

Final Answer: Approximately 6.76 months."
323,How long in years did the Mexican Empire last?,2,empire,433,"To determine how long the Mexican Empire lasted, we need to identify its start and end dates. From the information provided:
- The Mexican Empire began in 1821.
- It ended on 19 March 1823.

Calculating the duration:
19 March 1823 - 28 September 1821 = approximately 1 year and 5 months.

Since the question asks for the duration in years, we can round this to 1 year.

Final Answer: 1 year"
324,How many months after the Plan of Iguala was Mexican independence?,7,empire,433,"The Plan of Iguala was established on 24 February 1821. Mexican independence occurred on 28 September 1821. 

To calculate the number of months between these dates:
1. From February 24 to February 28 is 4 days into March.
2. So, we can consider it as happening in March 1821.
3. Independence was declared on September 28, 1821.

Counting the months:
- March (1 month)
- April (2 months)
- May (3 months)
- June (4 months)
- July (5 months)
- August (6 months)
- September (7 months)

Therefore, Mexican independence occurred 7 months after the Plan of Iguala was established.
Final Answer: 7 months"
325,How long in years was José Manuel de Herrera Prime Minister of the Mexican Empire?,1,empire,433,"To determine how long José Manuel de Herrera served as Prime Minister of the Mexican Empire, we need to look at the timeline provided in the data.

From the information given:
- The Mexican Empire began on 28 September 1821.
- José Manuel de Herrera became Emperor on 1822-1823.
- The Mexican Empire ended on 19 March 1823.

Since the Mexican Empire existed from 1821 to 1823, and José Manuel de Herrera was the Emperor from 1822-1823, we can deduce that he was the Prime Minister during this period. The term ""Prime Minister"" in this context likely refers to the role of the Emperor before the formal establishment of the monarchy, as the Mexican Empire was a short-lived federal parliamentary constitutional monarchy.

Given that the Mexican Empire officially ended on 19 March 1823, and considering that the period of transition from the provisional government to the Mexican Empire would have been brief, we can infer that José Manuel de Herrera was the Prime Minister for approximately one year.

Final Answer: 1 year"
326,How many years prior to Agustin I's rule was the Plan of Iguala?,1,empire,433,"To determine how many years prior to Agustín I's rule the Plan of Iguala occurred, we need to follow these steps:

1. Identify the year when Agustín I became emperor.
2. Identify the year when the Plan of Iguala was enacted.
3. Calculate the difference between these two years.

From the information provided:
- Agustín I abdicated on 19 March 1823.
- The Plan of Iguala was enacted on 24 February 1821.

Now, calculate the difference:
1823 (year Agustín I abdicated) - 1821 (year Plan of Iguala was enacted) = 2 years

Therefore, the Plan of Iguala occurred 2 years prior to Agustín I's rule.
Final Answer: 2 years"
327,How many years after the French occupation of Algeria was its independence?,132,country,436,"To determine how many years after the French occupation Algeria gained its independence, we need to follow these steps:

1. Identify the year of the French occupation.
2. Identify the year of independence.
3. Calculate the difference between these two years.

From the table:
- The French occupation of Algeria occurred on 5 July 1830.
- Algeria gained independence on 5 July 1962.

Now, calculate the difference:
1962 - 1830 = 132 years

Therefore, Algeria's independence came 132 years after the French occupation.
Final Answer: 132 years"
328,How many years longer was the period between the Hammadid and the Zayyanid dynasties compared to the period between the Rustamid and the Zirid dynasties?,25,country,436,"To determine the length of each period, we need to find the years of the start and end of each dynasty mentioned.

1. **Rustumid and Zirid Dynasties:**
   - Rustamid dynasty started in 776.
   - Zirid dynasty started in 972.
   - The period between these two dynasties is \(972 - 776 = 196\) years.

2. **Hammadid and Zayyanid Dynasties:**
   - Hammadid dynasty started in 1015.
   - Zayyanid dynasty started in 1236.
   - The period between these two dynasties is \(1236 - 1015 = 221\) years.

Next, we calculate the difference between these two periods:
\[ 221 - 196 = 25 \]

Therefore, the period between the Hammadid and the Zayyanid dynasties was 25 years longer than the period between the Rustamid and the Zirid dynasties.

Final Answer: 25 years"
329,How many days after the formation of the Belarusian People's Republic did Belarus gain independence from Russia?,17,country,438,"To determine how many days after the formation of the Belarusian People's Republic Belarus gained independence from Russia, we need to find the dates of both events and calculate the difference.

1. **Date of Formation of the Belarusian People's Republic**: 
   - Given: 9 March 1918

2. **Date of Independence from Russia**:
   - Given: 25 March 1918

3. **Calculate the difference**:
   - From 9 March 1918 to 25 March 1918:
     - Days remaining in March 1918: \(25 - 9 = 16\) days

Therefore, Belarus gained independence from Russia 16 days after the formation of the Belarusian People's Republic.

Final Answer: 16 days"
330,How long in years has Belarus been under its current Constitution?,28,country,438,"To determine how long Belarus has been under its current Constitution, we need to find the year when it was adopted and compare it to the current year (December 2022).

From the table, we can see that the current constitution of the Republic of Belarus was adopted on 15 March 1994.

Calculating the duration:
- Current year: 2022
- Year of adoption: 1994

\( 2022 - 1994 = 28 \) years

Therefore, Belarus has been under its current Constitution for 28 years.
Final Answer: 28 years"
331,How many years were there between independence from Russia and independence from the USSR?,73,country,438,"To determine the number of years between independence from Russia and independence from the USSR, we need to identify the relevant dates from the information provided.

1. Independence from Russia: 25 March 1918
2. Independence from the USSR: 25 August 1991

Next, we calculate the difference between these two dates:
- From 25 March 1918 to 25 March 1991 is 73 years.
- Adding the remaining days from 25 March to 25 August in 1991 gives us an additional 5 months.

Therefore, the total time between the two independences is 73 years plus 5 months. However, since the question asks for the number of years, we will consider only the full years.

Final Answer: 73 years"
332,How many years ago did Mars Express perform orbital insertion?,19,space probe,452,"To determine how many years ago Mars Express performed orbital insertion, we need to compare the date of its orbital insertion to the current date, which is December 2022.

From the table:
- Orbital insertion date: December 25, 2003, 03:00 UTC

Calculating the difference:
- Current year: 2022
- Year of orbital insertion: 2003

Difference in years: 2022 - 2003 = 19 years

Therefore, Mars Express performed orbital insertion 19 years ago.
Final Answer: 19 years ago"
333,How many months are left in the Mars Express mission duration?,7,space probe,452,"To determine how many months are left in the Mars Express mission duration, we need to first understand its total duration and how much time has already passed.

From the table, the mission duration is given as:
- 19 years and 1 month since launch
- 18 years, 6 months, and 7 days at Mars

Since the mission has been ongoing for 18 years and 6 months, we can calculate the remaining duration by subtracting this from the total mission duration.

Total mission duration: 19 years and 1 month
Time elapsed: 18 years and 6 months

Subtracting the time elapsed from the total mission duration:
19 years - 18 years = 1 year
1 month - 6 months = -5 months (which means 5 months have not yet elapsed)

So, the remaining time is 1 year and 5 months.

Converting this into months:
1 year = 12 months
12 months + 5 months = 17 months

Therefore, there are 17 months left in the Mars Express mission duration.

Final Answer: 17 months"
334,How many days after launch did Chandrayaan-2 land on the moon?,46,space probe,457,"To determine how many days after launch Chandrayaan-2 landed on the moon, we need to calculate the difference between its landing date and launch date.

From the table:
- Launch date: 22 July 2019, 09:13:12 UTC
- Landing date: 6 September 2019, 20:23:00 UTC

First, let's break down the time calculation month by month:
- From 22 July to 31 July: 9 days
- Full month of August: 31 days
- From 1 September to 6 September: 6 days

Adding these together:
9 days (July) + 31 days (August) + 6 days (September) = 46 days

Therefore, Chandrayaan-2 landed 46 days after its launch.
Final Answer: 46 days"
335,How many days after launch was Chandrayaan-2's orbital insertion held?,29,space probe,457,"To determine how many days after launch Chandrayaan-2's orbital insertion was held, we need to find the difference between the launch date and the orbital insertion date.

From the table:
- Launch date: 22 July 2019, 09:13:12 UTC
- Orbital insertion date: 20 August 2019, 03:32 UTC

First, calculate the days between the two dates:
- From 22 July to 31 July: 10 days
- August has 31 days, so from 1 August to 20 August: 20 days

Adding these together:
10 days + 20 days = 30 days

Therefore, Chandrayaan-2's orbital insertion was held 30 days after its launch.
Final Answer: 30 days"
336,How many years ago was Chandrayaan-2 launched?,3,space probe,457,"To determine how many years ago Chandrayaan-2 was launched, we need to compare its launch date to the current date, which is December 2022.

1. **Identify the launch date**: The launch date for Chandrayaan-2 is 22 July 2019.
2. **Identify the current date**: The current date is December 2022.
3. **Calculate the difference**:
   - From July 22, 2019, to December 31, 2019: \(5 + 31 = 36\) days in 2019.
   - From January 1, 2020, to December 31, 2022: \(365 \text{ days/year} \times 3 \text{ years} = 1095 \text{ days}\).
   - Total days from launch to end of 2022: \(36 + 1095 = 1131 \text{ days}\).

4. **Convert days into years**:
   - Since there are approximately 365 days in a year, we divide the total days by 365: 
     \[
     \frac{1131}{365} \approx 3.1 \text{ years}
     \]

Therefore, Chandrayaan-2 was launched approximately 3.1 years ago.

Final Answer: 3.1 years ago"
337,How many years longer is the orbiter's planned mission duration than its current elapsed duration?,5,space probe,457,"To determine how many years longer the orbiter's planned mission duration is compared to its current elapsed duration, we need to follow these steps:

1. Identify the planned mission duration for the orbiter.
2. Identify the current elapsed duration for the orbiter.
3. Calculate the difference between the planned and elapsed durations.

From the information given:
- Planned mission duration for the orbiter: ~7.5 years
- Elapsed duration for the orbiter: 2 years, 10 months

First, convert the elapsed duration into years:
- 2 years + 10 months = 2 + (10/12) = 2 + 0.8333 ≈ 2.8333 years

Now, calculate the difference:
- Planned duration - Elapsed duration = 7.5 - 2.8333 ≈ 4.6667 years

Rounding to one decimal place, the difference is approximately 4.7 years.

Final Answer: 4.7 years"
338,How many months after the launch date was the moon lander's landing date?,2,space probe,457,"To determine how many months after the launch date the moon lander's landing date was, we need to calculate the difference in time between the two dates.

1. **Launch Date:** 22 July 2019
2. **Landing Date:** 6 September 2019

We can break this down month by month:

- From 22 July to 31 July: 10 days
- Full month of August: 31 days
- From 1 September to 6 September: 6 days

Adding these together:
\[ 10 \text{ days} + 31 \text{ days} + 6 \text{ days} = 47 \text{ days} \]

Since there are approximately 30.44 days in a month, we convert 47 days into months:
\[ \frac{47 \text{ days}}{30.44 \text{ days/month}} \approx 1.54 \text{ months} \]

Rounding to the nearest whole number, it is approximately 2 months.

Final Answer: 2 months"
339,For how many years did Black Dog Siding operate under its original name?,90,railway,464,"To determine how many years Black Dog Siding operated under its original name, we need to find the difference between the date it opened and the date it was renamed.

- Opened as Black Dog Siding: 3 November 1863
- Renamed Black Dog Halt: 8 June 1953

Let's calculate the difference:
1. From 3 November 1863 to 31 December 1863: \( \frac{9}{12} \) of a year = 0.75 years
2. Full years from 1 January 1864 to 31 December 1952: \( 1952 - 1864 + 1 = 89 \) years
3. From 1 January 1953 to 8 June 1953: \( \frac{5}{12} \) of a year = 0.42 years

Adding these together:
\[ 0.75 + 89 + 0.42 = 90.17 \text{ years} \]

Since we typically consider whole years for such calculations, we round down to the nearest whole number.

Final Answer: 90 years"
340,How long in years did Black Dog Siding remain open?,102,railway,464,"To determine how long Black Dog Siding remained open, we need to calculate the difference between its opening date and closing date.

1. Opening date: 3 November 1863
2. Closing date: 20 September 1965

We will break this down into years and account for partial years separately.

First, calculate the full years:
- From 3 November 1863 to 31 December 1863: 10 months (not a full year)
- From 1 January 1864 to 31 December 1964: 101 years

Then, add the partial year from 1 January 1965 to 20 September 1965:
- This is 9 months (less than a full year)

Adding these together:
101 years + 10 months + 9 months = 101 years + 19 months

Since we need the answer in years only, we consider 19 months as approximately 1.58 years (since 19/12 ≈ 1.58).

Therefore, Black Dog Siding remained open for about 102.58 years.

Final Answer: 102 years (approximately)"
341,How many years before the last closure of the station was the picture taken?,7,railway,465,"To determine how many years before the last closure the picture was taken, we need to identify the relevant dates:
1. The last closure date of the station was 3 January 1966.
2. The image was taken in 1959.

Now, we calculate the difference between these two dates:
1966 - 1959 = 7 years

Therefore, the picture was taken 7 years before the last closure of the station.
Final Answer: 7 years"
342,How many years after originally opening as Cheltenham Malvern Road was it renamed Cheltenham Spa Malvern Road?,17,railway,465,"The railway station originally opened as Cheltenham Malvern Road on 30 March 1908. It was renamed Cheltenham Spa Malvern Road on 1 February 1925.

To find the number of years between these two dates:
1. Convert both dates to a comparable format (year only):
   - Opening: 1908
   - Renaming: 1925

2. Subtract the year of opening from the year of renaming:
   1925 - 1908 = 17 years

Therefore, it was renamed 17 years after originally opening as Cheltenham Malvern Road.
Final Answer: 17 years"
343,How many years was Cheltenham Spa station operational after reopening in 1919?,47,railway,465,"To determine how many years Cheltenham Spa station was operational after reopening in 1919, we need to calculate the time between its re-opening and its final closure.

1. Reopened on 7 July 1919.
2. Final closure on 3 January 1966.

We can break this down into two parts:
- From 7 July 1919 to 31 December 1919
- From 1 January 1920 to 3 January 1966

For the first part:
From 7 July 1919 to 31 December 1919:
\[ \text{Number of days} = (31 - 7) + 31 + 30 + 31 + 30 + 31 = 188 \text{ days} \]
This is approximately 6 months and 1 day.

For the second part:
From 1 January 1920 to 3 January 1966:
\[ \text{Number of years} = 1966 - 1920 = 46 \text{ years} \]

Adding both parts together:
\[ 46 \text{ years} + 6 \text{ months and 1 day} \approx 46 \text{ years} \]

Therefore, Cheltenham Spa station was operational for about 46 years after its re-opening in 1919.
Final Answer: 46 years"
344,How many years ago was Cheltenham Spa station opened in Malvern Road?,114,railway,465,"To determine how many years ago Cheltenham Spa station was opened, we need to use the key date when it was opened and compare it to the current year (2022).

1. The station was opened on 30 March 1908.
2. Subtract 1908 from 2022 to find the number of years: 2022 - 1908 = 114.
3. Since the opening date is in the same year as the current year, no further adjustment is needed.

Final Answer: 114 years ago."
345,How many years was Cheltenham Spa station open before its first closure?,9,railway,465,"To determine how many years Cheltenham Spa station was open before its first closure, we need to identify the dates it opened and when it closed for the first time.

1. The station opened on 30 March 1908.
2. It was closed on 1 January 1917.

Now, calculate the duration from opening to first closure:
- From 30 March 1908 to 31 December 1908 = 9 months (approximately 1/3 of a year).
- From 1 January 1909 to 31 December 1916 = 8 full years.

Adding these periods together:
- 1/3 of a year + 8 years ≈ 8.33 years.

Therefore, the station was open for approximately 8.33 years before its first closure.

Final Answer: 8.33 years"
346,How long in years has AC/DC been active in the music scene?,49,musician,468,"To determine how long AC/DC has been active in the music scene, we need to look at their ""Years active"" information provided in the table. According to the table, AC/DC's Years active are listed as ""1973 (1973) - present"".

From 1973 to the current year (2022), we calculate the duration as follows:
2022 - 1973 = 49 years

Therefore, AC/DC has been active for 49 years in the music scene.

Final Answer: 49 years"
347,How many years has AC/DC been a band?,49,musician,468,"To determine how many years AC/DC has been a band, we need to look at their ""Years active"" information. According to the table, AC/DC's Years active are listed as ""1973 (1973) - present"".

Step 1: Identify the start year.
Start year: 1973

Step 2: Determine the end year.
Since it says ""present,"" we use the current year, which is 2022.

Step 3: Calculate the duration.
2022 - 1973 = 49 years

Final Answer: AC/DC has been a band for 49 years."
348,What year was AC/DC formed?,1973,musician,468,"To determine the year AC/DC was formed, I'll look at the ""Years active"" row in the table. The entry states ""1973 (1973) -present"". This indicates that AC/DC began their activities in 1973.
Final Answer: 1973"
349,How many years has AC/DC been performing?,49,musician,468,"To determine how many years AC/DC has been performing, I'll look at their ""Years active"" information.

According to the table, AC/DC's Years active are listed as ""1973 (1973) - present"".

This means they started in 1973 and are still active as of the current date (December 2022).

So, the calculation is:
2022 (current year) - 1973 (start year) = 49 years

Therefore, AC/DC has been performing for 49 years.
Final Answer: 49 years"
350,What year was Percy Faith born?,1908,musician,472,"To determine the year Percy Faith was born, we need to look at the ""Born"" field in the background information section of the table.

The ""Born"" field states: April 7, 1908 | Toronto, Ontario, Canada

From this, we can see that Percy Faith was born in 1908.
Final Answer: 1908"
351,What year did Percy Faith die?,1976,musician,472,"To determine the year Percy Faith died, we can look at the ""Died"" field in the Background information section of the table.

The entry states: Died February 9, 1976.

Final Answer: 1976"
352,How old was Percy Faith when he died?,67,musician,472,"To determine how old Percy Faith was when he died, we need to calculate the difference between his death year and birth year. 

- Percy Faith was born on April 7, 1908.
- He died on February 9, 1976.

The difference in years is 1976 - 1908 = 68 years. However, since he had not yet reached his birthday in 1976, we need to subtract one year from this total.

Therefore, Percy Faith was 67 years old when he died.
Final Answer: 67"
353,How old was Percy Faith when he died?,67,musician,472,"To determine how old Percy Faith was when he died, we need to subtract his birth year from the year he died.

Percy Faith was born on April 7, 1908, and died on February 9, 1976.

1976 - 1908 = 68 years

However, since Percy Faith died before his next birthday (his birthday was on April 7), he was 67 years old when he died.

Final Answer: 67"
354,How many years ago did Faith die?,46,musician,472,"To determine how many years ago Percy Faith died, we need to compare his death date to the current date (December 2022).

1. Percy Faith died on February 9, 1976.
2. As of December 2022, it has been more than 46 years since his death.

To calculate the exact number of years:
- From February 9, 1976, to February 9, 2022, is exactly 46 years.
- Since we are considering the current month (December), which is before February, we do not add another full year.

Therefore, Percy Faith died 46 years ago.
Final Answer: 46 years"
355,How old was Owen when he began his senior career?,17,footballer,479,"To determine how old Michael Owen was when he began his senior career, we need to find the start year of his senior career and subtract it from his birth year.

From the ""Senior career*"" section of the table, we can see that Owen's senior career began in 1996 with Liverpool.

Owen was born on 14 December 1979.

Calculating his age in 1996:
1996 - 1979 = 17 years old

Therefore, Owen was 17 years old when he began his senior career.
Final Answer: 17"
356,How old was Michael Owen when he joined Real Madrid?,25,footballer,479,"To determine how old Michael Owen was when he joined Real Madrid, we need to calculate the difference between his joining date and his birthdate.

From the table:
- Owen joined Real Madrid in the 2004-2005 season.
- His date of birth is 14 December 1979.

We can infer that he joined Real Madrid sometime during the 2004-2005 season, which would be around late 2004 or early 2005. Given that he was born on 14 December 1979, he would have turned 24 or 25 during this period.

To be precise:
- On 14 December 2004, he would have been 24 years and 0 days old.
- On 14 December 2005, he would have been 25 years and 0 days old.

Since he joined Real Madrid before the end of 2004, he would have been 24 years old when he joined.

Final Answer: Michael Owen was 24 years old when he joined Real Madrid."
357,How many years were there between Owen joining Real Madrid and leaving Manchester United?,8,footballer,479,"To determine the number of years between Owen joining Real Madrid and leaving Manchester United, we need to identify the years he was with each club during those periods.

From the senior career data:
- Owen joined Real Madrid in 2004.
- Owen left Manchester United in 2012.

Now, calculate the difference between these two years:
2012 - 2004 = 8 years.

Therefore, there were 8 years between Owen joining Real Madrid and leaving Manchester United.
Final Answer: 8 years"
358,How many more years did Owen play for Liverpool than Newcastle United?,4,footballer,479,"To determine how many more years Owen played for Liverpool compared to Newcastle United, we need to look at the years he spent with each club. According to the senior career data:
- Owen played for Liverpool from 1996 to 2004, which is 8 years.
- Owen played for Newcastle United from 2005 to 2009, which is 5 years.

Now, we calculate the difference in years:
8 years (Liverpool) - 5 years (Newcastle United) = 3 years.

Therefore, Owen played for Liverpool 3 more years than he did for Newcastle United.
Final Answer: 3"
359,How long in years did Michael Owen's senior career last?,17,footballer,479,"To determine the duration of Michael Owen's senior career, we need to identify the start and end years of his senior career based on the information provided in the table.

From the ""Senior career*"" section:
- 1996-2004: Liverpool
- 2004-2005: Real Madrid
- 2005-2009: Newcastle United
- 2009-2012: Manchester United
- 2012-2013: Stoke City

His senior career began in 1996 and ended in 2013. 

To calculate the duration:
2013 - 1996 = 17 years

Therefore, Michael Owen's senior career lasted 17 years.
Final Answer: 17"
360,How old was Draško Nenadić when he started playing for the national team?,22,handball,492,"To determine how old Draško Nenadić was when he started playing for the national team, we need to follow these steps:

1. Identify when he started playing for the national team:
   - From the table, we see that he started playing for Serbia in 2012-2013.

2. Determine his age in 2012:
   - Draško Nenadić was born on February 15, 1990.
   - In 2012, he would have been 22 years old (since 2012 - 1990 = 22).

Therefore, Draško Nenadić was 22 years old when he started playing for the national team.
Final Answer: 22"
361,For how many years did Draško Nenadić play with his first team?,3,handball,492,"To determine how many years Draško Nenadić played with his first team, we need to identify his first senior club and the duration of his stay there. 

From the ""Senior clubs"" section:
- 2007-2010: RK Crvena zvezda

This shows that Draško Nenadić played for RK Crvena zvezda from 2007 to 2010, which is a span of 3 years.

Final Answer: 3 years"
362,How many years are between Arntzen's gold medal at the Croatia/Hungary European Championship and her gold medal at the Spain World Championship?,7,handball,493,"To determine the number of years between Arntzen's gold medals, we need to identify the years in which she won these medals.

1. **Croatia/Hungary European Championship (Gold Medal):**
   - According to the table, Arntzen won a gold medal at the European Championship in 2014 in Croatia/Hungary.

2. **Spain World Championship (Gold Medal):**
   - According to the table, Arntzen won a gold medal at the World Championship in 2021 in Spain.

Now, we calculate the difference between these two years:
\[ 2021 - 2014 = 7 \]

Therefore, there are 7 years between Arntzen's gold medal at the Croatia/Hungary European Championship and her gold medal at the Spain World Championship.

Final Answer: 7 years"
363,How old was Arntzen when she began to play for her first senior club?,16,handball,493,"To determine how old Emilie Hegh Arntzen was when she began to play for her first senior club, we need to find out the age she was during the period she played for Gjerpen IF, which is listed as her first senior club in the ""Senior clubs"" section of the table.

From the ""Senior clubs"" section:
- Years: 2010-2014 | Team: Gjerpen IF

Arntzen was born on 1 January 1994. Therefore, we can calculate her age at the start of the 2010-2014 period:
- Start of 2010: She would have turned 16 years old in 2010 because she was born in 1994.

Thus, Emilie Hegh Arntzen was 16 years old when she began to play for her first senior club, Gjerpen IF.
Final Answer: 16"
364,In what year did Emilie Hegh Arntzen receive her last medal?,2021,handball,493,"To determine the year Emilie Hegh Arntzen received her last medal, we need to look at the most recent event mentioned in her achievements. 

From the table:
- The most recent World Championship is in 2021.
- The most recent European Championship is in 2020.

Therefore, the last medal she received is from the 2021 World Championship.

Final Answer: 2021"
365,"For how many years did Emilie Hegh Arntzen play for Byåsen HE, starting in 2014?",3,handball,493,"To determine how many years Emilie Hegh Arntzen played for Byåsen HE, we need to look at the information provided in the ""Senior clubs"" section of the table.

According to the table, Emilie Hegh Arntzen played for Byåsen HE from 2014 to 2017. This means she played for the club for a period of 2017 - 2014 = 3 years.

Final Answer: 3 years"
366,How old was Arntzen when she began playing for CSM București?,27,handball,493,"To determine how old Emilie Hegh Arntzen was when she began playing for CSM București, we need to follow these steps:

1. Identify the year she started playing for CSM București.
2. Calculate her age based on the given birth year.

From the table:
- She joined CSM București in 2021.
- She was born on 1 January 1994.

Now, let's calculate her age in 2021:
- 2021 - 1994 = 27

Therefore, Emilie Hegh Arntzen was 27 years old when she began playing for CSM București.
Final Answer: 27"
367,How many years separate Arntzen's most recent gold medal from her earliest gold medal?,7,handball,493,"To determine how many years separate Arntzen's most recent gold medal from her earliest gold medal, we need to identify both dates:

1. **Earliest Gold Medal:**
   - **2014 Croatia/Hungary**: This is one of her earliest gold medals.
   
2. **Most Recent Gold Medal:**
   - **2020 Denmark**: This is her most recent gold medal.

Now, calculate the difference in years between these two events:
- 2020 (most recent) - 2014 (earliest) = 6 years

Therefore, the number of years separating Arntzen's most recent gold medal from her earliest gold medal is 6 years.

Final Answer: 6 years"
368,How many years longer did Hasanefendić manage Switzerland than VfL Gummersbach?,3,handball,503,"To find out how many years longer Sead Hasanefendić managed Switzerland than VfL Gummersbach, we need to calculate the duration of his management for each team.

First, let's determine the duration for Switzerland:
- Years: 1980-1986
Duration: 1986 - 1980 = 6 years

Next, let's determine the duration for VfL Gummersbach:
- First period: 1998-2000
- Second period: 2002-2004
- Third period: 2009-2010
- Fourth period: 2017-2018
Duration: (2000 - 1998) + (2004 - 2002) + (2010 - 2009) + (2018 - 2017) = 2 + 2 + 1 + 1 = 6 years

Now, we compare the durations:
- Duration managing Switzerland: 6 years
- Duration managing VfL Gummersbach: 6 years

Since both durations are equal, there is no difference in the number of years.

Final Answer: 0 years"
369,How old was Sead Hasanefendić when he worked as manager for GWD Minden in 2013?,65,handball,503,"To determine how old Sead Hasanefendić was when he worked as manager for GWD Minden in 2013, we need to follow these steps:

1. Identify the birth year of Sead Hasanefendić: According to the table, he was born on 1 August 1948.
2. Calculate his age in 2013:
   - Subtract his birth year from 2013: 2013 - 1948 = 65

Therefore, Sead Hasanefendić was 65 years old when he worked as manager for GWD Minden in 2013.
Final Answer: 65"
370,How many years did Sead Hasanefendić work as manager for the Switzerland team starting from 1980?,6,handball,503,"According to the table, Sead Hasanefendić managed Switzerland from 1980 to 1986. This period spans 6 years.
Final Answer: 6 years"
371,How old was Hasanefendić when he managed his first team?,31,handball,503,"To determine how old Sead Hasanefendić was when he managed his first team, we need to identify the year he started managing and subtract it from his birth year.

1. From the ""Teams managed"" section, we see that his earliest entry is for 1979 with the Yugoslavia national team.
2. Sead Hasanefendić was born on August 1, 1948.
3. Calculate the age in 1979:
   - 1979 - 1948 = 31

Therefore, Sead Hasanefendić was 31 years old when he managed his first team.
Final Answer: 31"
372,How many years after Hasanefendić stopped managing RK Metaloplastika did he begin managing his current team?,38,handball,503,"To determine how many years after Hasanefendić stopped managing RK Metaloplastika he began managing his current team, we need to follow these steps:

1. Identify when Hasanefendić stopped managing RK Metaloplastika:
   - He managed RK Metaloplastika from 1979 to 1980.
   - Therefore, he stopped managing this team in 1980.

2. Identify when Hasanefendić started managing his current team:
   - His current club is ThSV Eisenach.
   - He began managing ThSV Eisenach in 2018-2019.

3. Calculate the difference in years:
   - From 1980 to 2018 is 38 years.

Therefore, Hasanefendić began managing his current team 38 years after he stopped managing RK Metaloplastika.
Final Answer: 38 years"
373,How many years did Žarko Marković play for Montenegro?,6,handball,504,"From the table, we can see that Žarko Marković represented Serbia and Montenegro from 2006 to 2012. This indicates he played for Montenegro during this period.
Final Answer: 6 years"
374,How many years did Žarko Marković play for Montenegro?,6,handball,504,"From the information provided in the table, Žarko Marković played for Montenegro from 2006 to 2012. This spans a period of 6 years.

Final Answer: 6 years"
375,For how many years did Žarko Marković play for Montenegro?,7,handball,504,"To determine how many years Žarko Marković played for Montenegro, we need to look at his national team career timeline. According to the table, he represented Montenegro from 2006 to 2012.

Let's calculate the duration:
2012 - 2006 = 6 years

Final Answer: 6 years"
376,In what year range did Novak Djokovic first win 3 consecutive Australian Open tournaments?,2011-2013,tennis,509,"To determine the year range when Novak Djokovic first won 3 consecutive Australian Open tournaments, let's look at his Australian Open results:

- 2008: W (Winner)
- 2011: W (Winner)
- 2012: W (Winner)
- 2013: W (Winner)
- 2015: W (Winner)
- 2016: W (Winner)
- 2019: W (Winner)
- 2020: W (Winner)
- 2021: W (Winner)

From this information, we can see that Djokovic won the Australian Open in 2008, 2011, 2012, and 2013 consecutively.

Therefore, the year range when Novak Djokovic first won 3 consecutive Australian Open tournaments is 2011-2013.
Final Answer: 2011-2013"
377,What year did Novak Djokovic win his first U.S. Open?,2011,tennis,509,"To determine when Novak Djokovic won his first U.S. Open, we need to look at his Grand Slam singles results listed in the table. 

The relevant information is under ""Grand Slam singles results"" where it lists the U.S. Open results:
- US Open: W (2011, 2015, 2018)

From this information, we can see that Djokovic won the U.S. Open in 2011 for the first time.

Final Answer: 2011"
378,How old was Novak Djokovic when he competed in the Olympic Games?,21,tennis,509,"To determine Novak Djokovic's age when he competed in the Olympic Games, we need to:
1. Identify the year he competed in the Olympics.
2. Calculate his age based on his birth year.

From the information provided:
- Djokovic competed in the 2008 Beijing Olympics for singles.
- He was born on May 22, 1987.

Calculating his age in 2008:
- 2008 - 1987 = 21 years old

Therefore, Novak Djokovic was 21 years old when he competed in the 2008 Olympic Games.
Final Answer: 21"
379,For how many years did Roger Federer play professionally before achieving his highest ranking?,6,tennis,512,"To determine how many years Roger Federer played professionally before achieving his highest ranking, we need to follow these steps:

1. Identify when Roger Federer turned pro: 1998.
2. Identify when he achieved his highest ranking: 2 February 2004.
3. Calculate the difference between these two dates.

Let's perform the calculation:
2004 (highest ranking year) - 1998 (turning pro year) = 6 years.

Therefore, Roger Federer played professionally for 6 years before achieving his highest ranking.
Final Answer: 6 years"
380,How many years after turning pro did Roger Federer win a silver Olympic medal?,14,tennis,512,"To determine how many years after turning pro Roger Federer won a silver Olympic medal, we need to follow these steps:

1. Identify when Roger Federer turned pro: According to the table, he turned pro in 1998.
2. Identify when he won a silver Olympic medal: From the table, his silver medal was won at the 2012 London Olympics.
3. Calculate the difference in years between these two events: 2012 - 1998 = 14 years.

Therefore, Roger Federer won a silver Olympic medal 14 years after turning pro.
Final Answer: 14 years"
381,How old was Roger Federer when he won his first Olympic gold medal?,27,tennis,512,"To determine Roger Federer's age when he won his first Olympic gold medal, we need to follow these steps:

1. Identify the year he won the first Olympic gold medal.
2. Calculate his age in that year.

From the information provided:
- He won the Olympic gold medal in doubles at the 2008 Beijing Olympics.

Now, let's calculate his age in 2008:
- Roger Federer was born on 8 August 1981.
- The 2008 Beijing Olympics were held in 2008.

To find out how old he was in 2008:
\[ \text{Age in 2008} = 2008 - 1981 = 27 \]

Therefore, Roger Federer was 27 years old when he won his first Olympic gold medal.

Final Answer: 27"
382,How many years after winning the Olympic gold medal did Roger Federer get an Olympic silver medal?,4,tennis,512,"To determine how many years after winning the Olympic gold medal Roger Federer got an Olympic silver medal, we need to find the years when he won each medal and then calculate the difference.

1. From the information given:
   - Roger Federer won the Olympic gold medal in doubles in 2008 (Beijing).
   - He won the Olympic silver medal in singles in 2012 (London).

2. Calculate the difference between the years:
   - 2012 (silver medal) - 2008 (gold medal) = 4 years.

Therefore, Roger Federer received his Olympic silver medal 4 years after winning the Olympic gold medal.
Final Answer: 4 years"
383,At what age did Roger Federer get his highest ranking?,23,tennis,512,"To determine the age at which Roger Federer achieved his highest ranking, we need to follow these steps:

1. Identify when Roger Federer reached his highest ranking.
2. Calculate his age at that time.

From the information provided:
- Roger Federer's highest ranking was No. 1.
- This ranking was achieved on 2 February 2004.

Next, we calculate his age on 2 February 2004:
- Roger Federer was born on 8 August 1981.
- We need to find out how old he was on 2 February 2004.

Since 2 February 2004 is before his birthday (8 August 2004), we can determine his age as follows:
- From 8 August 1981 to 2 February 2004, there were 2 full years.

Therefore, Roger Federer was 23 years old when he reached his highest ranking of No. 1.

Final Answer: 23"
384,How many years elapsed between Franchitti's first race in the IndyCar Series and his first race in the Champ Car career?,5,car driver,516,"To determine how many years elapsed between Franchitti's first race in the IndyCar Series and his first race in the Champ Car career, we need to identify the dates of these events.

From the data:
- Franchitti's first race in the IndyCar Series was the 2002 Indianapolis 500.
- Franchitti's first race in the Champ Car career was the 1997 Marlboro Grand Prix of Miami.

Next, we calculate the difference between these two years:
- 2002 (IndyCar Series) - 1997 (Champ Car) = 5 years

Therefore, 5 years elapsed between Franchitti's first race in the IndyCar Series and his first race in the Champ Car career.

Final Answer: 5 years"
385,How old was Dario Franchitti when he won the BRDC Gold Star in 2009?,36,car driver,516,"To determine Dario Franchitti's age when he won the BRDC Gold Star in 2009, we need to follow these steps:

1. Identify the year Dario Franchitti won the BRDC Gold Star.
2. Determine his birth year.
3. Calculate his age in 2009.

From the table:
- Dario Franchitti won the BRDC Gold Star in 2009.
- He was born on May 19, 1973.

Now, calculate his age in 2009:
- Year of birth: 1973
- Year of award: 2009
- Age = 2009 - 1973 = 36

Therefore, Dario Franchitti was 36 years old when he won the BRDC Gold Star in 2009.
Final Answer: 36"
386,How many years longer was Franchitti's IndyCar Series career than his NASCAR Camping World Truck Series career?,9,car driver,516,"To determine how many years longer Franchitti's IndyCar Series career was compared to his NASCAR Camping World Truck Series career, we need to identify the duration of each career.

For the IndyCar Series:
- First race: 2002 Indianapolis 500
- Last race: 2013 Grand Prix of Houston
Duration: 2013 - 2002 = 11 years

For the NASCAR Camping World Truck Series:
- First race: 2007 Kroger 200
- Last race: 2007 Kroger 200 (2 races in one year)
Duration: 1 year

Now, we subtract the duration of the NASCAR Camping World Truck Series career from the IndyCar Series career:
11 years - 1 year = 10 years

Final Answer: 10 years"
387,How many years had Dario Franchitti been retired from IndyCar when he was elected to the Motorsports Hall of Fame?,6,car driver,516,"To determine how many years Dario Franchitti had been retired from IndyCar when he was elected to the Motorsports Hall of Fame, we need to follow these steps:

1. Identify when Franchitti retired from IndyCar.
2. Identify when he was elected to the Motorsports Hall of Fame.
3. Calculate the difference between these two dates.

Step 1: Franchitti's last race in the IndyCar Series was in 2013.
Step 2: Franchitti was inducted into the Motorsports Hall of Fame in 2019.
Step 3: Calculate the difference:
2019 (induction year) - 2013 (last IndyCar race) = 6 years

Therefore, Dario Franchitti had been retired from IndyCar for 6 years when he was elected to the Motorsports Hall of Fame.
Final Answer: 6 years"
388,How many years did Davy Jones compete in the Le Mans division?,4,racing,517,"To determine how many years Davy Jones competed in the 24 Hours of Le Mans, we need to look at the ""Participating years"" information provided in the table.

According to the table, Davy Jones participated in the 24 Hours of Le Mans from 1988 to 1991, and again in 1996.

Let's count the years:
- 1988
- 1989
- 1990
- 1991
- 1996

This gives us a total of 5 years.

Final Answer: 5 years"
389,When was the last year that Davy Jones competed in the Le Mans division?,1996,racing,517,"From the information provided in the table, we can see that Davy Jones participated in the 24 Hours of Le Mans from 1988 to 1991 and again in 1996. The last year mentioned for his participation in the Le Mans division is 1996.
Final Answer: 1996"
390,How many years did Davy Jones race in the 24 Hours of Le Mans?,4,racing,517,"To determine how many years Davy Jones raced in the 24 Hours of Le Mans, we need to look at the ""Participating years"" row in the table. According to the information provided, his participating years were 1988-1991, 1996.

Let's break this down:
1. 1988-1991 spans 4 years.
2. 1996 is 1 additional year.

Adding these together: 4 + 1 = 5 years.

Final Answer: 5 years"
391,In what year would Davy Jones have turned 30?,1994,racing,517,"To determine the year when Davy Jones turned 30, we need to calculate his birth year first and then add 30 years to it.

From the table, we know that Davy Jones was born on June 1, 1964.

Adding 30 years to 1964 gives us:
1964 + 30 = 1994

Therefore, Davy Jones would have turned 30 in 1994.
Final Answer: 1994"
392,What year did Davy Jones run his first Daytona 500 race?,1995,racing,517,"To determine the year Davy Jones ran his first Daytona 500 race, I'll look at the information provided in the table under the NASCAR Cup Series career section.

The relevant details are:
- First race: 1995 Daytona 500 (Daytona)

Based on this information, Davy Jones' first Daytona 500 race was in 1995.
Final Answer: 1995"
393,How old was Davy Jones when he made his first Daytona 500 appearance?,31,racing,517,"To determine how old Davy Jones was when he made his first Daytona 500 appearance, we need to follow these steps:

1. Identify the year of his first Daytona 500 race: According to the table, his first race was the 1995 Daytona 500.
2. Determine his age in 1995: Davy Jones was born on June 1, 1964. We need to calculate his age at the end of 1995.

Let's perform the calculation:
- Year of birth: 1964
- Year of first Daytona 500 race: 1995
- Age in 1995 = 1995 - 1964 = 31 years old

Therefore, Davy Jones was 31 years old when he made his first Daytona 500 appearance.

Final Answer: 31"
394,How old was Gordon during his first race in the ARCA Menards Series?,21,car driver,518,"To determine how old Robby Gordon was during his first race in the ARCA Menards Series, we need to find out the year he participated in this series and then calculate his age based on his birth year.

From the table, we can see that Gordon's first race in the ARCA Menards Series was in 1990. Given that he was born on January 2, 1969, we can calculate his age in 1990.

1990 - 1969 = 21

Therefore, Robby Gordon was 21 years old when he participated in his first race in the ARCA Menards Series.
Final Answer: 21"
395,How many years after his debut in the Stadium Super Trucks did Gordon win a silver medal at the Summer X Games?,2,car driver,518,"To determine how many years after his Stadium Super Trucks debut Robby Gordon won a silver medal at the Summer X Games, we need to follow these steps:

1. Identify Gordon's debut in Stadium Super Trucks:
   - Debut season: 2013

2. Identify when he won a silver medal at the Summer X Games:
   - Silver medal: 2015 Austin, Stadium Super Trucks

3. Calculate the difference in years between these two events:
   - 2015 (year of silver medal) - 2013 (debut year) = 2 years

Final Answer: 2 years"
396,How old was Robby Gordon when he first raced in the NASCAR Cup Series?,22,car driver,518,"To determine Robby Gordon's age when he first raced in the NASCAR Cup Series, we need to follow these steps:

1. Identify the first race in the NASCAR Cup Series from the information provided.
2. Calculate his age at the time of this race.

From the table:
- First race in the NASCAR Cup Series: 1991 Daytona 500 (Daytona)
- Robby Gordon's birth year: 1969

Now, calculate his age in 1991:
- 1991 - 1969 = 22

Therefore, Robby Gordon was 22 years old when he first raced in the NASCAR Cup Series.
Final Answer: 22"
397,How many years ago did Robby Gordon first win the Stadium Super Trucks?,9,car driver,518,"To determine how many years ago Robby Gordon first won the Stadium Super Trucks, we need to identify the year he won his first race in this series and compare it to the current year, which is 2022.

From the information given:
- Robby Gordon's first win in Stadium Super Trucks was at the 2013 New Hampshire 300 (New Hampshire).

Calculating the difference:
2022 (current year) - 2013 (year of first win) = 9 years.

Final Answer: 9 years"
398,How many years longer was Gordon's NASCAR Xfinity Series career than his IndyCar Series career?,2,car driver,518,"To determine how many years longer Gordon's NASCAR Xfinity Series career was compared to his IndyCar Series career, we need to find the duration of each career.

First, let's calculate the duration of the NASCAR Xfinity Series career:
- First race: 2001 GNC Live Well 250 (Watkins Glen)
- Last race: 2011 NAPA Auto Parts 200 (Montreal)
Duration = 2011 - 2001 = 10 years

Next, let's calculate the duration of the IndyCar Series career:
- First race: 1996 Las Vegas 500K (Las Vegas)
- Last race: 2004 Indianapolis 500 (Indy)
Duration = 2004 - 1996 = 8 years

Now, we can find the difference between the two durations:
10 years (NASCAR Xfinity Series) - 8 years (IndyCar Series) = 2 years

Therefore, Gordon's NASCAR Xfinity Series career was 2 years longer than his IndyCar Series career.
Final Answer: 2 years"
399,How old was Ryan Hunter-Reay when he won the Skip Barber National Championship in 1999?,19,car driver,521,"To determine how old Ryan Hunter-Reay was when he won the Skip Barber National Championship in 1999, we need to calculate the difference between 1999 and his birth year, 1980.

1999 - 1980 = 19

Therefore, Ryan Hunter-Reay was 19 years old when he won the Skip Barber National Championship in 1999.
Final Answer: 19"
400,How old was Ryan Hunter-Reay when he won the IndyCar Rookie of the Year?,27,car driver,521,"To determine how old Ryan Hunter-Reay was when he won the IndyCar Rookie of the Year, we need to identify the year he won this award and then calculate his age at that time.

From the table, we can see that Ryan Hunter-Reay won the IndyCar Rookie of the Year in 2007.

He was born on December 17, 1980.

Calculating his age in 2007:
2007 - 1980 = 27

Therefore, Ryan Hunter-Reay was 27 years old when he won the IndyCar Rookie of the Year.
Final Answer: 27"
401,How many years has Ryan Hunter-Reay participated in the Rolex Grand-Am Sports Car Series since 2006?,7,car driver,521,"To determine how many years Ryan Hunter-Reay participated in the Rolex Grand-Am Sports Car Series since 2006, we need to look at the information provided in the ""Previous series"" section.

From the table, it states:
2006 | 2012 | 2014 | Rolex Grand-Am Sports Car Series

This indicates that Hunter-Reay participated in the Rolex Grand-Am Sports Car Series in 2006, 2012, and 2014.

Since we are asked about participation since 2006, we count the years from 2006 onwards:
2006, 2012, 2014

There are 3 years in total.

Final Answer: 3 years"
402,How many years ago did Ryan Hunter-Reay win the WorldCom Rising Star Award?,20,car driver,521,"To determine how many years ago Ryan Hunter-Reay won the WorldCom Rising Star Award, we need to find the year he received this award and compare it to the current year (2022).

From the table, we can see that Ryan Hunter-Reay received the WorldCom Rising Star Award in 2008.

Now, calculate the difference:
2022 (current year) - 2008 (year of award) = 14 years

Therefore, Ryan Hunter-Reay won the WorldCom Rising Star Award 14 years ago.
Final Answer: 14 years ago"
403,How many years ago did Timo Glock last race in his Formula One World Championship career?,10,car driver,523,"To determine how many years ago Timo Glock last raced in his Formula One World Championship career, we need to find the year he last competed and compare it to the current year (2022).

From the table:
- His last entry in Formula One was the 2012 Brazilian Grand Prix.

Calculating the difference between 2012 and 2022:
2022 - 2012 = 10 years

Therefore, Timo Glock last raced in his Formula One World Championship career 10 years ago.
Final Answer: 10 years"
404,How old was Timo Glock when he participated in Formula BMW in 2001?,19,car driver,523,"To determine Timo Glock's age when he participated in Formula BMW in 2001, we need to follow these steps:

1. Identify the birth year of Timo Glock.
2. Calculate his age in 2001 based on his birth year.

From the table:
- Timo Glock was born on 18 March 1982.

Now, calculate his age in 2001:
- 2001 - 1982 = 19 years old

Therefore, Timo Glock was 19 years old when he participated in Formula BMW in 2001.

Final Answer: 19"
405,How many years were between Glock's best finish in his DTM career and his first best finish in his Champ Car career?,13,car driver,523,"To determine the number of years between Timo Glock's best finish in his DTM career and his first best finish in his Champ Car career, we need to identify these specific years from the information given.

From the DTM career section:
- Best finish in the championship: 5th in 2018, 2020

From the Champ Car career section:
- Years active: 2005
- Best finish in the championship: 8th (2005)

Now, we calculate the difference in years:
- DTM best finish year: 2018 or 2020
- Champ Car best finish year: 2005

Using the earliest DTM best finish year (2018):
2018 - 2005 = 13 years

Using the latest DTM best finish year (2020):
2020 - 2005 = 15 years

Since the question asks for the number of years between these events, and both calculations give us whole numbers, we can state the range.

Final Answer: 13 to 15 years"
406,How old was Glock during his last entry in the Formula One World Championship?,30,car driver,523,"To determine how old Timo Glock was during his last entry in the Formula One World Championship, we need to follow these steps:

1. Identify the year of his last entry in Formula One: The last entry was the 2012 Brazilian Grand Prix.
2. Determine Glock's birth year: According to the table, he was born on 18 March 1982.
3. Calculate his age in 2012:
   - 2012 - 1982 = 30

Therefore, Timo Glock was 30 years old during his last entry in the Formula One World Championship.

Final Answer: 30"
407,How many years after Dennis Erickson's first coaching job did he become head coach of the Salt Lake Stallions?,50,nfl,540,"To determine how many years after Dennis Erickson's first coaching job he became head coach of the Salt Lake Stallions, we need to follow these steps:

1. Identify his first coaching job:
   - His first coaching job was at Montana State in 1969 as a graduate assistant.

2. Identify when he became head coach of the Salt Lake Stallions:
   - He became head coach of the Salt Lake Stallions in 2019.

3. Calculate the difference in years:
   - From 1969 to 2019, the difference is 2019 - 1969 = 50 years.

Therefore, Dennis Erickson became head coach of the Salt Lake Stallions 50 years after his first coaching job.
Final Answer: 50 years"
408,In what year did Dennis Erickson receive his second national championship award?,1991,nfl,540,"To determine the year Dennis Erickson received his second national championship award, we need to examine the list of his career highlights and awards.

From the information provided:
- '2× National champion (1989, 1991)'

This indicates that Erickson won his first national championship in 1989 and his second in 1991.

Final Answer: 1991"
409,When was the last year that Dennis Erickson coached for an NFL team?,2004,nfl,540,"To determine the last year Dennis Erickson coached for an NFL team, I'll look through his career history and identify his most recent NFL coaching position.

From the career history:
- Seattle Seahawks (1995-1998) - Head coach
- San Francisco 49ers (2003-2004) - Head coach

The last entry for his NFL coaching career is the San Francisco 49ers, ending in 2004.

Final Answer: 2004"
410,How long in years years did Dennis Erickson work as the head coach for Idaho starting in 1982?,3,nfl,540,"To determine how long Dennis Erickson worked as the head coach for Idaho starting in 1982, we need to look at his career history and identify the relevant period.

From the career history provided:
- He became the head coach at Idaho in 1986.
- He left Idaho in 1985.

Given this information, we can see that there seems to be a discrepancy because it states he became head coach in 1986 but also coached there from 1982 to 1985. However, based on the consistent data, he took the position in 1986 and stayed until 1985.

So, if we consider the correct timeline:
- He started in 1986 and left in 1985.

Therefore, the duration is 1986 - 1985 = 1 year.

Final Answer: 3 years"
411,How old was Dennis Erickson when he won the Big Sky Championship in 1985?,38,nfl,540,"To determine Dennis Erickson's age when he won the Big Sky Championship in 1985, we need to follow these steps:

1. Identify the year Dennis Erickson won the Big Sky Championship: 1985.
2. Determine Dennis Erickson's birth year: 1947.
3. Calculate his age in 1985 by subtracting his birth year from the championship year:
   1985 - 1947 = 38

Therefore, Dennis Erickson was 38 years old when he won the Big Sky Championship in 1985.
Final Answer: 38"
412,How old was Derrell Palmer when he was inducted into the TCU Hall of Fame in 1978?,56,nfl,546,"To determine how old Derrell Palmer was when he was inducted into the TCU Hall of Fame in 1978, we need to follow these steps:

1. Identify the year of his birth: 1922.
2. Identify the year of induction into the TCU Hall of Fame: 1978.
3. Calculate the age by subtracting the birth year from the induction year: 1978 - 1922 = 56.

Therefore, Derrell Palmer was 56 years old when he was inducted into the TCU Hall of Fame in 1978.

Final Answer: 56"
413,How many years did Derrell Palmer play for the Cleveland Browns?,4,nfl,546,"To determine how many years Derrell Palmer played for the Cleveland Browns, we need to look at the career history provided in the table.

Career history:
['New York Yankees (1946-1948) | Cleveland Browns (1949-1953)']

From this information, we can see that Palmer played for the Cleveland Browns from 1949 to 1953.

To calculate the number of years:
1953 - 1949 = 4 years

Therefore, Derrell Palmer played for the Cleveland Browns for 4 years.
Final Answer: 4 years"
414,How old was Derrell Palmer when he entered the NFL draft?,21,nfl,546,"To determine how old Derrell Palmer was when he entered the NFL draft, we need to follow these steps:

1. Identify the year he was born.
2. Identify the year he entered the NFL draft.
3. Calculate the difference between these two years.

From the table:
- Derrell Palmer was born on August 27, 1922.
- He was drafted in 1943.

Now, calculate the age:
- 1943 (year drafted) - 1922 (year born) = 21 years old.

Therefore, Derrell Palmer was 21 years old when he entered the NFL draft.
Final Answer: 21"
415,How many years ago did Derrell Palmer die?,13,nfl,546,"To determine how many years ago Derrell Palmer died, we need to calculate the difference between the current year (2022) and the year of his death (2009).

1. Current year: 2022
2. Year of death: 2009
3. Calculate the difference: 2022 - 2009 = 13

Therefore, Derrell Palmer died 13 years ago.
Final Answer: 13 years ago"
416,How many years longer was Derrick Brooks a player for the Tampa Bay Buccaneers than an executive for the Tampa Bay Storm?,7,nfl,547,"To determine how many years longer Derrick Brooks was a player for the Tampa Bay Buccaneers compared to his time as an executive for the Tampa Bay Storm, we need to calculate the duration of each period and then find the difference.

First, let's calculate the duration of his time with the Tampa Bay Buccaneers:
- He started playing for the Buccaneers in 1995.
- He ended his career with the Buccaneers in 2008.

Duration as a player for the Buccaneers = 2008 - 1995 = 13 years

Next, let's calculate the duration of his time as an executive for the Tampa Bay Storm:
- He began his executive role in 2011.
- He ended this role in 2017.

Duration as an executive for the Tampa Bay Storm = 2017 - 2011 = 6 years

Now, we find the difference between the two durations:
Difference = Duration as a player - Duration as an executive
Difference = 13 years - 6 years = 7 years

Therefore, Derrick Brooks was a player for the Tampa Bay Buccaneers 7 years longer than he was an executive for the Tampa Bay Storm.
Final Answer: 7 years"
417,How old was Derrick Brooks when he won NFL Defensive Player of the Year in 2002?,29,nfl,547,"To determine how old Derrick Brooks was when he won the NFL Defensive Player of the Year award in 2002, we need to calculate his age in 2002 based on his birth year.

From the table, we can see that Derrick Brooks was born on April 18, 1973.

2002 - 1973 = 29 years old

Therefore, Derrick Brooks was 29 years old when he won the NFL Defensive Player of the Year award in 2002.
Final Answer: 29"
418,What year was the most illustrious of Brooks's career?,2002,nfl,547,"To determine the most illustrious year of Derrick Brooks's career, we need to consider his significant achievements and milestones. The year 2002 stands out prominently because he won the NFL Defensive Player of the Year award, which is one of the highest individual honors in professional football. Additionally, he was also named to the NFL 2000s All-Decade Team, further emphasizing his impact during this period.

While other years like 1999, 2000, and 2005 when he was a First-team All-Pro are also notable, the combination of winning the NFL Defensive Player of the Year and being part of the All-Decade Team makes 2002 particularly stand out as the most illustrious year of his career.

Final Answer: 2002"
419,How old was Derick Brooks when he was drafted?,22,nfl,547,"To determine how old Derrick Brooks was when he was drafted, we need to calculate his age in 1995, the year he was drafted.

1. From the ""Personal information"" section, we know that Derrick Brooks was born on April 18, 1973.
2. The NFL Draft year given is 1995.
3. Calculate the difference: 1995 - 1973 = 22 years.

Since Brooks' birthday (April 18) comes before the draft date, he would have turned 22 in 1995.

Final Answer: Derrick Brooks was 22 years old when he was drafted."
420,How old was Derrick Summers when he played for the Jacksonville Sharks in 2011?,23,nfl,551,"To determine Derrick Summers' age when he played for the Jacksonville Sharks in 2011, we need to calculate the difference between 2011 and his birth year, 1988.

1. Identify the birth year: 1988
2. Identify the year he played for Jacksonville Sharks: 2011
3. Calculate the age: 2011 - 1988 = 23

Therefore, Derrick Summers was 23 years old when he played for the Jacksonville Sharks in 2011.
Final Answer: 23"
421,How many years was Derrick Summers's playing career?,8,nfl,551,"To determine how many years Derrick Summers's playing career lasted, we need to look at the earliest and latest teams he played for and calculate the difference.

Earliest team mentioned: Jacksonville Sharks (2011-2013)
Latest team mentioned: Columbus Destroyers (2019)

Starting from 2011 to 2019:
2011 (Jacksonville Sharks)
2012 (Toronto Argonauts, Hamilton Tiger-Cats, and also with Spokane Shock)
2013 (Jacksonville Sharks)
2014 (Spokane Shock)
2015 (Spokane Shock)
2016 (Los Angeles KISS)
2017 (Cleveland Gladiators)
2018 (Albany Empire)
2019 (Columbus Destroyers)

Counting the years, we have: 2011, 2012, 2013, 2014, 2015, 2016, 2017, 2018, 2019.

Therefore, his playing career spanned 9 years.
Final Answer: 9 years"
422,How many years did Derrick Summers play for the Jacksonville Sharks?,3,nfl,551,"To determine how many years Derrick Summers played for the Jacksonville Sharks, we need to look at his career history listed in the table.

The relevant part of the career history is:
'Jacksonville Sharks (2011-2013)'

This indicates that Derrick Summers played for the Jacksonville Sharks from 2011 to 2013.

To calculate the number of years:
2013 - 2011 = 2

Therefore, Derrick Summers played for the Jacksonville Sharks for 2 years.
Final Answer: 2 years"
423,How old was Emmitt Smith when he graduated from college?,20,rugby,558,"To determine Emmitt Smith's age when he graduated from college, we need to follow these steps:

1. Identify the year Emmitt Smith graduated from college.
2. Determine his birth year.
3. Calculate the difference between the graduation year and his birth year.

From the table:
- Emmitt Smith's birth year is 1969.
- His college career spanned from 1987 to 1989.

Since he attended college from 1987 to 1989, he would have graduated in 1989.

Now, calculate the difference:
1989 (graduation year) - 1969 (birth year) = 20 years

Therefore, Emmitt Smith was 20 years old when he graduated from college.
Final Answer: 20"
424,How old was Emmitt Smith when he last played in the Pro Bowl?,30,rugby,558,"To determine how old Emmitt Smith was when he last played in the Pro Bowl, we need to identify the year of his last Pro Bowl appearance and subtract it from his birth year.

From the table:
- Emmitt Smith's last Pro Bowl was in 1999.
- He was born on May 15, 1969.

Calculating his age in 1999:
1999 - 1969 = 30

Therefore, Emmitt Smith was 30 years old when he last played in the Pro Bowl.
Final Answer: 30"
425,How many years did Emmitt Smith play for the Dallas Cowboys?,12,rugby,558,"To determine how many years Emmitt Smith played for the Dallas Cowboys, we need to look at his career history. According to the table, his career history shows:

'Dallas Cowboys (1990-2002)'

This indicates that Emmitt Smith played for the Dallas Cowboys from 1990 to 2002. To find the number of years, we subtract the start year from the end year:

2002 - 1990 = 12

Therefore, Emmitt Smith played for the Dallas Cowboys for 12 years.
Final Answer: 12 years"
426,How old was Emmitt Smith when he began playing for the Dallas Cowboys?,21,rugby,558,"To determine Emmitt Smith's age when he began playing for the Dallas Cowboys, we need to follow these steps:

1. Identify the year Emmitt Smith joined the Dallas Cowboys.
2. Determine his birth year.
3. Calculate the difference between the two years.

From the table:
- Emmitt Smith's NFL Draft year was 1990.
- His career history shows he played for the Dallas Cowboys from 1990-2002.

Therefore, he began playing for the Dallas Cowboys in 1990.

His birth year is given as 1969.

Calculating his age in 1990:
1990 - 1969 = 21

Final Answer: Emmitt Smith was 21 years old when he began playing for the Dallas Cowboys."
427,How old was Emmitt Smith when he received the NFL Most Valuable Player Award in 1993?,24,rugby,558,"To determine how old Emmitt Smith was when he received the NFL Most Valuable Player Award in 1993, we need to calculate his age in 1993 based on his birth year.

1. From the table, we see that Emmitt Smith was born on May 15, 1969.
2. The award year is 1993.
3. Calculate the difference between 1993 and 1969: 1993 - 1969 = 24.
4. Since his birthday (May 15) had already passed by the time 1993 arrived, he was 24 years old in 1993.

Therefore, Emmitt Smith was 24 years old when he received the NFL Most Valuable Player Award in 1993.
Final Answer: 24"
428,How many years before Jeelani died did his NBA career end?,27,ice hockey,561,"To determine how many years before Jeelani died his NBA career ended, we need to follow these steps:

1. Identify when Jeelani's NBA career ended.
2. Identify when Jeelani died.
3. Calculate the difference between these two dates.

From the table:
1. Jeelani's NBA career ended in 1989 (as shown in the ""Playing career"" section).
2. Jeelani died on August 3, 2016.

Now, calculate the difference:
- NBA career end year: 1989
- Death year: 2016
- Difference: 2016 - 1989 = 27 years

Therefore, Jeelani's NBA career ended 27 years before he died.

Final Answer: 27 years"
429,What year was Abdul Jeelani's last year in college?,1976,ice hockey,561,"To determine Abdul Jeelani's last year in college, we need to look at the information provided in the table under the ""College"" section.

1. The table states: ""College	Wisconsin-Parkside (1972-1976)""
2. This indicates that Abdul Jeelani attended Wisconsin-Parkside from 1972 to 1976.
3. The last year mentioned here is 1976.

Therefore, Abdul Jeelani's last year in college was 1976.
Final Answer: 1976"
430,How long in years did Abdul Jeelani's playing career last?,13,ice hockey,561,"To determine how long Abdul Jeelani's playing career lasted, we need to identify the start and end years of his career.

From the ""Career information"" section:
- Playing career: 1976-1989

The start year of his playing career is 1976, and the end year is 1989.

To calculate the duration of his career:
1989 - 1976 = 13 years

Therefore, Abdul Jeelani's playing career lasted 13 years.
Final Answer: 13"
431,For how many years did Abdul Jeelani play professional basketball?,13,ice hockey,561,"To determine how many years Abdul Jeelani played professional basketball, we need to look at his career timeline provided in the ""Career history"" section of the table.

Starting from 1976, his first professional year:
1976-1979: Lazio
1979-1980: Portland Trail Blazers
1980-1981: Dallas Mavericks
1981-1985: Libertas Livorno
1985-1987: Saski Baskonia
1987-1988: Askatuak SBT
1988-1989: CB Sevilla

Counting each season listed, we see that he played for 13 different teams across these periods. However, to find out how many years he played, we count the number of transitions from one team to another, plus the initial year:

1976 (start) + 1979 - 1976 = 3 years (Lazio)
1980 - 1979 = 1 year (Portland Trail Blazers)
1981 - 1980 = 1 year (Dallas Mavericks)
1985 - 1981 = 4 years (Libertas Livorno)
1987 - 1985 = 2 years (Saski Baskonia)
1988 - 1987 = 1 year (Askatuak SBT)
1989 - 1988 = 1 year (CB Sevilla)

Adding these together: 3 + 1 + 1 + 4 + 2 + 1 + 1 = 13 years

However, the question asks for the duration of his professional basketball career, which is typically defined as the span from the start of his first professional team until the end of his last professional team. Therefore, we should consider the years from 1976 to 1989.

Final Answer: 13 years"
432,How old was Jeelani when he first played for the Dallas Mavericks?,26,ice hockey,561,"To determine how old Abdul Jeelani was when he first played for the Dallas Mavericks, we need to follow these steps:

1. Identify the year Jeelani started playing for the Dallas Mavericks.
2. Calculate his age based on that year.

From the career history, we can see that Jeelani played for the Dallas Mavericks from 1980-1981.

Next, we need to calculate his age in 1980:
- Jeelani was born on February 10, 1954.
- The first game for the Dallas Mavericks was in 1980.

Since 1980 is before his birthday in February, we can conclude that he was 26 years old in 1980.

Final Answer: Abdul Jeelani was 26 years old when he first played for the Dallas Mavericks."
433,How old was Belus Smawley when he attended Appalachian State in 1939?,21,basketball,566,"To determine Belus Smawley's age when he attended Appalachian State in 1939, we need to calculate his age based on his birth year.

From the table:
- Belus Smawley was born on March 18, 1918.
- He attended Appalachian State from 1939 to 1943.

We need to find out his age in 1939:
- 1939 - 1918 = 21

Therefore, Belus Smawley was 21 years old when he attended Appalachian State in 1939.
Final Answer: 21"
434,How long in years was Belus Smawley's playing career?,6,basketball,566,"To determine how long Belus Smawley's playing career was in years, we need to identify the start and end years of his playing career.

From the ""Career information"" section:
- Playing career: 1946-1952

To calculate the duration:
- End year: 1952
- Start year: 1946

Subtract the start year from the end year:
1952 - 1946 = 6

Therefore, Belus Smawley's playing career lasted 6 years.
Final Answer: 6"
435,How old was Smawley when he started playing for the St. Louis Bombers?,28,basketball,566,"To determine how old Belus Smawley was when he started playing for the St. Louis Bombers, we need to calculate the difference between the year he started playing for the Bombers and his birth year.

From the table:
- Belus Smawley was born on March 18, 1918.
- He started playing for the St. Louis Bombers in 1946.

Now, we calculate the age:
1946 - 1918 = 28 years old

Final Answer: Belus Smawley was 28 years old when he started playing for the St. Louis Bombers."
436,How many years longer did Smawley coach Pembroke State than he played for the Baltimore Bullets?,3,basketball,566,"To determine how many years longer Smawley coached Pembroke State compared to his time with the Baltimore Bullets, we need to calculate the duration of each period.

First, let's find the duration of Smawley's time with the Baltimore Bullets:
- He played for the Baltimore Bullets from 1950-1952.
- Duration: 1952 - 1950 = 2 years.

Next, let's find the duration of Smawley's coaching at Pembroke State:
- He coached Pembroke State from 1951-1956.
- Duration: 1956 - 1951 = 5 years.

Now, we subtract the duration of his time with the Baltimore Bullets from the duration of his coaching at Pembroke State:
- Difference: 5 years - 2 years = 3 years.

Smawley coached Pembroke State 3 years longer than he played for the Baltimore Bullets.
Final Answer: 3 years"
437,How long in years did Belus Smawley's coaching career last?,5,basketball,566,"To determine the duration of Belus Smawley's coaching career, we need to identify the start and end years of his coaching career. From the table, we can see that his coaching career started in 1951 and ended in 1956.

Start year: 1951
End year: 1956

To calculate the duration:
1956 - 1951 = 5 years

Final Answer: 5 years"
438,How many years was Belus Smawley's career active since 1946?,6,basketball,566,"To determine how many years Belus Smawley's career was active since 1946, we need to look at his playing career timeline. According to the table, his playing career spanned from 1946 to 1952. 

1. Start year of his playing career: 1946
2. End year of his playing career: 1952

To find the duration:
\[ 1952 - 1946 = 6 \]

Therefore, Belus Smawley's career was active for 6 years starting from 1946.
Final Answer: 6 years"
439,What year did Bill Hewitt play for the Chicago Bulls?,1974,basketball,568,"To determine the year Bill Hewitt played for the Chicago Bulls, I'll look through his career history listed in the table.

1. 1968-1969: Los Angeles Lakers
2. 1969-1972: Detroit Pistons
3. 1972-1973: Buffalo Braves
4. 1974: Chicago Bulls

From this sequence, it's clear that Bill Hewitt played for the Chicago Bulls in 1974.
Final Answer: 1974"
440,How long in years was Bill Hewitt's playing career?,6,basketball,568,"To determine the length of Bill Hewitt's playing career in years, we need to look at the start and end dates of his professional career. According to the table, his career spanned from 1968 to 1974.

1. Start year: 1968
2. End year: 1974

To calculate the duration:
\[ \text{End year} - \text{Start year} = 1974 - 1968 = 6 \]

Therefore, Bill Hewitt's playing career lasted 6 years.
Final Answer: 6"
441,How long in years did Bill Hewitt play for the Lakers?,1,basketball,568,"To determine how long Bill Hewitt played for the Lakers, we need to look at his career history. According to the table, Bill Hewitt played for the Los Angeles Lakers from 1968-1969. 

To calculate the duration:
1. Start year: 1968
2. End year: 1969

Duration = End year - Start year + 1 (since we include both start and end years)
Duration = 1969 - 1968 + 1 = 2 years

Final Answer: Bill Hewitt played for the Lakers for 2 years."
442,How old was Hewitt when he played for the Chicago Bulls?,30,basketball,568,"To determine Bill Hewitt's age when he played for the Chicago Bulls, we need to follow these steps:

1. Identify the year Hewitt played for the Chicago Bulls: According to the career history, he played for the Chicago Bulls in the 1974 season.
2. Determine Hewitt's birth year: From his personal information, we know he was born on August 8, 1944.
3. Calculate his age in 1974:
   - Subtract his birth year from the year he played for the Chicago Bulls: 1974 - 1944 = 30

Therefore, Bill Hewitt was 30 years old when he played for the Chicago Bulls.
Final Answer: 30"
443,How many years longer did Hewitt's NBA career last than his college career?,2,basketball,568,"To determine how many years longer Hewitt's NBA career lasted compared to his college career, we need to calculate the duration of each career.

First, let's find the duration of Hewitt's college career:
- He attended Mt. SAC from 1964 to 1966 (2 years).
- He attended USC from 1966 to 1968 (2 years).

Total college career: 2 + 2 = 4 years

Next, let's find the duration of Hewitt's NBA career:
- He started in 1968 and ended in 1974.

Total NBA career: 1974 - 1968 = 6 years

Now, we can compare the durations:
- NBA career: 6 years
- College career: 4 years

Difference: 6 - 4 = 2 years

Hewitt's NBA career lasted 2 years longer than his college career.
Final Answer: 2 years"
444,How many years was Bill Hewitt in an active career?,6,basketball,568,"To determine how many years Bill Hewitt was in an active career, we need to look at his playing career span.

From the table, under ""Career information,"" it states:
Playing career: 1968-1974

This indicates that Bill Hewitt's active career spanned from 1968 to 1974.

To calculate the number of years:
1974 - 1968 = 6 years

Therefore, Bill Hewitt was in an active career for 6 years.
Final Answer: 6 years"
445,How old was Bill Hosket when he received the NBA champion award in 1970?,24,basketball,569,"To determine Bill Hosket's age when he received the NBA champion award in 1970, we need to follow these steps:

1. Identify the year Bill Hosket received the NBA championship: 1970.
2. Identify the year Bill Hosket was born: 1946.
3. Calculate the difference between these two years.

1970 - 1946 = 24

Therefore, Bill Hosket was 24 years old when he received the NBA champion award in 1970.
Final Answer: 24"
446,How many years longer was Hosket's NBA career than his college career?,1,basketball,569,"Hosket's college career spanned from 1965 to 1968, which is a total of 3 years. His NBA career lasted from 1968 to 1972, which is a total of 4 years.

To find out how many years longer his NBA career was compared to his college career, we subtract the length of his college career from the length of his NBA career:
4 years (NBA) - 3 years (college) = 1 year.

Final Answer: Hosket's NBA career was 1 year longer than his college career."
447,How many years did Bill Hosket play in his career?,4,basketball,569,"To determine how many years Bill Hosket played in his career, we need to look at the start and end dates of his professional playing career.

From the table:
- His career started in 1968.
- His career ended in 1972.

Now, we calculate the duration:
1972 (end year) - 1968 (start year) = 4 years

Therefore, Bill Hosket played for 4 years in his career.

Final Answer: 4 years"
448,How many years did Bill Hosket play for the Buffalo Braves?,2,basketball,569,"To determine how many years Bill Hosket played for the Buffalo Braves, we need to look at his career history. According to the table, his career history shows:
- 1970-1972: Buffalo Braves

By subtracting the start year from the end year, we get:
1972 - 1970 = 2 years

Therefore, Bill Hosket played for the Buffalo Braves for 2 years.
Final Answer: 2 years"
449,How many years after entering the NBA draft did Hosket play for the Buffalo Braves?,2,basketball,569,"To determine how many years after entering the NBA draft Bill Hosket played for the Buffalo Braves, we need to follow these steps:

1. Identify when Hosket entered the NBA draft:
   - The table shows his NBA draft details: 1968 / Round: 1 / Pick: 10th overall.

2. Identify when he started playing for the Buffalo Braves:
   - The career history section indicates he played for the Buffalo Braves from 1970-1972.

3. Calculate the difference between these two dates:
   - He entered the draft in 1968 and started playing for the Buffalo Braves in 1970.
   - 1970 - 1968 = 2 years.

Therefore, Hosket played for the Buffalo Braves 2 years after entering the NBA draft.

Final Answer: 2 years"
450,How old was Janice Lawrence Braxton when she played in the Olympic Games?,22,ice hockey,577,"To determine Janice Lawrence Braxton's age when she played in the Olympic Games, we need to find out the year of the 1984 Los Angeles Olympics and then calculate her age at that time.

From the information provided:
- Janice Lawrence Braxton was born on June 7, 1962.
- She participated in the 1984 Los Angeles Olympics.

First, let's determine the year of the 1984 Los Angeles Olympics. The Olympics typically occur every four years, and since 1984 is a known Olympic year, we can confirm it took place in 1984.

Next, we calculate her age in 1984:
- Year of birth: 1962
- Year of the Olympics: 1984

Age in 1984 = 1984 - 1962 = 22 years old

Final Answer: Janice Lawrence Braxton was 22 years old when she played in the Olympic Games."
451,How old was Janice Lawrence Braxton when she entered the WNBA Draft?,35,ice hockey,577,"To determine Janice Lawrence Braxton's age when she entered the WNBA draft, we need to find the year she entered the draft and subtract it from her birth year.

From the table:
- Born: June 7, 1962 (1962-06-07)
- WNBA draft: 1997 / Round: Initial allocation

Now, we calculate the difference:
1997 - 1962 = 35

Therefore, Janice Lawrence Braxton was 35 years old when she entered the WNBA draft.
Final Answer: 35"
452,How old was Braxton when she won a silver medal in Rio de Janeiro?,21,ice hockey,577,"To determine Braxton's age when she won the silver medal in Rio de Janeiro, we need to calculate the difference between the year of the event (1983) and her birth year (1962).

1. Identify the year of the event: 1983
2. Identify Janice Lawrence Braxton's birth year: 1962
3. Calculate the age: 1983 - 1962 = 21

Therefore, Janice Lawrence Braxton was 21 years old when she won the silver medal in Rio de Janeiro.
Final Answer: 21"
453,How many years after winning a gold medal at the Olympic Games did Braxton play for the Cleveland Rockers?,13,ice hockey,577,"To determine how many years after winning the gold medal at the Olympic Games Janice Lawrence Braxton played for the Cleveland Rockers, we need to follow these steps:

1. Identify the year she won the gold medal at the Olympic Games.
2. Identify the year she started playing for the Cleveland Rockers.
3. Calculate the difference between these two years.

From the table:
- She won the gold medal at the 1984 Los Angeles Olympic Games.
- She started playing for the Cleveland Rockers in 1997.

Now, calculate the difference:
1997 (start year for Cleveland Rockers) - 1984 (year of Olympic gold medal) = 3 years

Therefore, Janice Lawrence Braxton played for the Cleveland Rockers 3 years after winning the gold medal at the Olympic Games.
Final Answer: 3 years"
454,What year did Janice Lawrence Braxton win a gold medal in the Olympics?,1984,ice hockey,577,"To determine the year Janice Lawrence Braxton won a gold medal in the Olympics, I'll look at the ""Olympic Games"" row in the table.

The relevant information is:
'Olympic Games
['Gold medal - first place | 1984 Los Angeles | Team competition']'

From this, we can see that Janice Lawrence Braxton won a gold medal in the Olympics in 1984.

Final Answer: 1984"
455,What year did Marcos Leite win gold in the FIBA AmeriCup games?,1984,ice hockey,579,"To determine the year Marcos Leite won gold in the FIBA AmeriCup games, I'll look through the ""FIBA AmeriCup"" section of the provided information.

The relevant line states:
'Gold medal - first place | 1984 Brazil'

This indicates that Marcos Leite won the gold medal in the 1984 FIBA AmeriCup games.

Final Answer: 1984"
456,How many years did Marcos Leite's playing career last?,22,ice hockey,579,"To determine how many years Marcos Leite's playing career lasted, we need to look at the start and end dates of his career. From the information given:

- His playing career started in 1967.
- His playing career ended in 1989.

To find the duration, we subtract the start year from the end year:
1989 - 1967 = 22 years

Therefore, Marcos Leite's playing career lasted 22 years.
Final Answer: 22 years"
457,How many years longer was Leite's playing career than his college career?,9,ice hockey,579,"First, let's determine the duration of Leite's college career:
- Leite attended Pepperdine from 1973 to 1976, which is a span of 3 years.

Next, let's determine the duration of Leite's professional playing career:
- Leite's career started in 1967 and ended in 1989, which is a span of 1989 - 1967 = 22 years.

Now, we can calculate how many years longer his playing career was compared to his college career:
- Playing career duration: 22 years
- College career duration: 3 years
- Difference: 22 - 3 = 19 years

Final Answer: Leite's playing career was 19 years longer than his college career."
458,How old was Stéphane Antiga when he won the FIVB World Championship?,38,volleyball,588,"To determine how old Stéphane Antiga was when he won the FIVB World Championship, we need to follow these steps:

1. Identify the year he won the FIVB World Championship.
2. Determine his age at that time.

From the table:
- The FIVB World Championship gold medal was won in 2014 in Poland.
- Stéphane Antiga was born on February 3, 1976.

Now, calculate his age in 2014:
- 2014 - 1976 = 38 years old.

Therefore, Stéphane Antiga was 38 years old when he won the FIVB World Championship.
Final Answer: 38"
459,How many years were between the time Antiga first played professionally and when he began coaching?,20,volleyball,588,"To determine how many years were between the time Stéphane Antiga first played professionally and when he began coaching, we need to identify both dates.

From the ""Career"" section:
- His professional career started in 1994.

From the ""Coaching information"" section:
- He began coaching in 2014.

Now, calculate the difference:
2014 (start of coaching) - 1994 (start of professional career) = 20 years.

Final Answer: 20 years"
460,How old was Antiga when he first played for Paris Volley?,22,volleyball,588,"To determine how old Stéphane Antiga was when he first played for Paris Volley, we need to find the year he joined the team and subtract it from his birth year.

From the table:
- His birth year is 1976.
- He played for Paris Volley from 2003-2004.

Now, calculate his age in 2003:
2003 - 1976 = 27

Therefore, Stéphane Antiga was 27 years old when he first played for Paris Volley.
Final Answer: 27"
461,How old was Stéphane Antiga the year he medaled in Argentina?,26,volleyball,588,"To determine how old Stéphane Antiga was when he medaled in the 2015 FIVB World Cup in Japan, we need to follow these steps:

1. Identify the year of the event: 2015.
2. Determine Stéphane Antiga's birth year: 1976 (from his personal information).
3. Calculate his age in 2015: 
   2015 - 1976 = 39

Therefore, Stéphane Antiga was 39 years old when he won the bronze medal at the 2015 FIVB World Cup in Japan.
Final Answer: 39"
462,"How many years has 20th Century Studios, Inc. been in existence?",87,company,592,"To determine how many years 20th Century Studios, Inc. has been in existence, we need to find the difference between the current year (December 2022) and the year it was founded (May 31, 1935).

Current year: 2022
Year founded: 1935

2022 - 1935 = 87 years

Therefore, 20th Century Studios, Inc. has been in existence for 87 years.
Final Answer: 87 years"
463,How many years has 888 Holdings PLC been in existence?,25,company,595,"To determine how many years 888 Holdings PLC has been in existence, we need to look at the ""Founded"" information provided in the table. According to the table, the company was founded in 1997.

Since the current year is 2022, we can calculate the number of years the company has been in existence by subtracting the founding year from the current year:
2022 - 1997 = 25 years

Final Answer: 25 years"
464,For how many years was AT&T known as Southwestern Bell Corporation?,12,company,597,"From the information provided in the table, AT&T was formerly known as Southwestern Bell Corporation from 1983 to 1995. To determine the number of years it was known by this name, we subtract the start year from the end year: 1995 - 1983 = 12 years.
Final Answer: 12 years"
465,How long in years has the current AT&T logo been in use?,6,company,597,"To determine how long the current AT&T logo has been in use, we need to identify when the current logo was introduced. However, the information provided does not explicitly state the introduction date of the current logo. Given that AT&T was founded on October 5, 1983, and considering typical practices for logo changes, it is reasonable to infer that the current logo has been in use for at least several decades.

Since the current logo is not specified, and the information does not provide a clear introduction date, we can only make an educated guess based on the company's history and typical practices. Given that AT&T has undergone significant changes and rebrandings over the years, it is plausible that the current logo has been in use for around 15 to 20 years.

Final Answer: Based on typical practices and the company's history, the current AT&T logo has likely been in use for approximately 15 to 20 years."
466,How many years ago was AT&T Inc. founded?,39,company,597,"To determine how many years ago AT&T Inc. was founded, we need to compare its founding date to the current year. 

- AT&T Inc. was founded on October 5, 1983.
- The current year is 2022.

We calculate the difference between 2022 and 1983:
\[ 2022 - 1983 = 39 \]

Therefore, AT&T Inc. was founded 39 years ago.
Final Answer: 39 years ago"
467,How long in years had AT&T been known by a different name?,22,company,597,"To determine how long AT&T had been known by a different name, we need to look at the dates when it changed its name or was acquired by another company.

1. **Southwestern Bell Corporation (1983-1995)**: This is the period before AT&T officially changed its name.
2. **SBC Communications Inc. (1995-2005)**: This is the period when AT&T was known by a different name.

The transition period from Southwestern Bell Corporation to SBC Communications Inc. occurred between 1995 and 2005. Therefore, AT&T had been known by a different name for 10 years.

Final Answer: 10 years"
468,In what year was Ambassadors Group founded?,1967,website,600,"To determine the founding year of Ambassadors Group, I'll look at the ""Founded"" row in the table, which specifies the location and year of establishment.

Founded: Spokane, Washington (1967)

From this information, it is clear that Ambassadors Group was founded in 1967.
Final Answer: 1967"
469,What year was the University of Cambridge established?,1209,university,606,"The table indicates that the University of Cambridge was established ""circa 1209"". Since the exact year is not specified, it is given as approximately 1209.
Final Answer: 1209"
470,How many years ago was the University of Cambridge founded?,813,university,606,"To determine how many years ago the University of Cambridge was founded, we need to consider the information provided in the ""Established"" row of the table. The table states that the university was established ""circa 1209.""

Given that the current year is 2022, we can calculate the number of years since its establishment as follows:
2022 - 1209 = 813 years

Therefore, the University of Cambridge was founded approximately 813 years ago.
Final Answer: 813 years"
471,What year was the University of Cambridge founded?,1209,university,606,"The table indicates that the University of Cambridge was established ""circa 1209"". Given that it provides the exact year without any approximation symbol like ""circa"" for other dates, we can reasonably assume the founding year is 1209.
Final Answer: 1209"
472,What year was the University of Cambridge established?,1209,university,606,"The establishment year of the University of Cambridge is given as ""circa 1209"". The phrase ""circa"" indicates that the exact date is not precisely known but is close to 1209.
Final Answer: circa 1209"
473,How many years was Yale University known as Collegiate School?,17,university,611,"According to the information provided in the table, Yale University was known as the ""Collegiate School"" from 1701 to 1718. To find out how many years this period lasted, we subtract the start year from the end year: 1718 - 1701 = 17 years.
Final Answer: 17 years"
474,How many years ago was Yale University named Collegiate School?,304,university,611,"To determine how many years ago Yale University was named Collegiate School, we need to consider the following information:
1. Yale University was established on October 9, 1701.
2. It was known as the Collegiate School from 1701 to 1718.

The difference in years is calculated as:
1718 (end year of Collegiate School) - 1701 (start year of Yale University) = 17 years

Therefore, Yale University was named Collegiate School 17 years ago from its establishment.
Final Answer: 17 years"
475,For how many years was Yale University named Collegiate School?,17,university,611,"According to the table, Yale University was known as ""Collegiate School"" from 1701 to 1718. Therefore, it was named Collegiate School for 17 years.
Final Answer: 17 years"
476,How long in years has Yale University been in existence?,321,university,611,"To determine how long Yale University has been in existence, we need to look at its establishment date and compare it to the current year.

From the table:
- Established: October 9, 1701

Current year: 2022

Now, calculate the difference:
2022 - 1701 = 321 years

Therefore, Yale University has been in existence for 321 years.
Final Answer: 321 years"
477,How many years passed between the groundbreaking and the opening of the Carrier Dome?,2,stadium,621,"To determine how many years passed between the groundbreaking and the opening of the Carrier Dome, we need to find the difference between the two dates provided in the table.

1. The groundbreaking date is November 11, 1978.
2. The opening date is September 20, 1980.

To calculate the difference:
- From November 11, 1978, to December 31, 1978: This is approximately 2 months and 20 days.
- From January 1, 1979, to December 31, 1979: This is 1 full year.
- From January 1, 1980, to September 20, 1980: This is about 8 months and 20 days.

Adding these periods together:
- 2 months and 20 days (November 11 to end of 1978) + 1 year (1979) + 8 months and 20 days (beginning of 1980 to September 20) = 1 year + 10 months = 10 months.

Since we are asked for the number of years, we can conclude that it took 1 year and 10 months for the construction to go from groundbreaking to opening.

However, when we are asked for the number of years, we typically round down to the nearest whole number if there are not enough months to make up another full year.

Therefore, the number of years is 1.

Final Answer: 1 year"
478,How many years ago was Jacobs University Bremen established?,21,university,624,"The table indicates that Jacobs University Bremen was established in 2001. Given that the current year is 2022, we can calculate the number of years since its establishment by subtracting 2001 from 2022.

2022 - 2001 = 21 years

Final Answer: Jacobs University Bremen was established 21 years ago."
479,In what year was Jacobs University founded?,2001,university,624,"To determine the founding year of Jacobs University, I'll look at the ""Established"" row in the table.

The ""Established"" row states: 2001 | ; 21 years ago |  ( | 2001 | ).

This clearly indicates that Jacobs University was established in 2001.

Final Answer: 2001"
480,How many years did it take for the NYSE to go from a US$20.161 trillion volume to a US$26.2 trillion market cap?,10,monument,626,"To determine how many years it took for the NYSE to go from a US$20.161 trillion volume to a US$26.2 trillion market cap, we need to identify the time periods associated with these figures. 

From the information given:
- Market cap of US$26.2 trillion (2021)
- Volume of US$20.161 trillion (2011)

The market cap of US$26.2 trillion corresponds to the year 2021, while the volume of US$20.161 trillion corresponds to the year 2011.

Now, we calculate the difference in years:
2021 - 2011 = 10 years

Therefore, it took 10 years for the NYSE to go from a US$20.161 trillion volume to a US$26.2 trillion market cap.
Final Answer: 10 years"
481,How many years after NYSE's founding was its volume US$20.161 trillion?,219,monument,626,"To find out how many years after the New York Stock Exchange (NYSE) was founded in 1792 its volume reached $20.161 trillion, we need to calculate the difference between the year 2011 (when the volume was recorded at $20.161 trillion) and the year 1792.

2011 - 1792 = 219 years

Therefore, it took 219 years after the NYSE's founding for its volume to reach $20.161 trillion.
Final Answer: 219 years"
482,How many years after NYSE's founding did its market cap reach $26.2 trillion?,229,monument,626,"To find out how many years after the New York Stock Exchange (NYSE)'s founding its market cap reached $26.2 trillion, we need to follow these steps:

1. Identify the founding date of the NYSE from the table: May 17, 1792.
2. Identify the year when the market cap reached $26.2 trillion from the table: 2021.
3. Calculate the difference between these two dates.

Let's perform the calculation:
- Founding year: 1792
- Market cap reached $26.2 trillion in: 2021

2021 - 1792 = 229 years

Final Answer: 229 years"
483,What was the opening date of the New York Stock Exchange?,"May 17, 1792",monument,626,"To determine the opening date of the New York Stock Exchange, I'll look at the ""Founded"" information provided in the table.

The table states:
""Founded | May 17, 1792 | ; 229 years ago |  ( | 1792-05-17 | )""

From this, we can see that the New York Stock Exchange was founded on May 17, 1792.

Final Answer: May 17, 1792"
484,What year was the New York Stock Exchange founded?,1792,monument,626,"To determine the founding year of the New York Stock Exchange, I'll look at the ""Founded"" row in the table.

The ""Founded"" row states: May 17, 1792 | ; 229 years ago |  ( | 1792-05-17 | ).

From this information, it's clear that the New York Stock Exchange was founded in 1792.

Final Answer: 1792"
485,How many years ago was the New York Stock Exchange founded?,229,monument,626,"To determine how many years ago the New York Stock Exchange (NYSE) was founded, we need to calculate the difference between the current year (2022) and the year it was founded (1792).

Step 1: Identify the current year and the founding year.
- Current year: 2022
- Founding year: 1792

Step 2: Subtract the founding year from the current year.
- 2022 - 1792 = 230

Therefore, the New York Stock Exchange was founded 230 years ago.

Final Answer: 230 years ago"
486,In what year was the NYSE founded?,1792,monument,626,"The founding date of the New York Stock Exchange is given in the ""Founded"" row of the table as May 17, 1792.

Final Answer: 1792"
487,How many years was the stadium called Tractor Stadium?,14,stadium,627,"To determine how many years the stadium was called Tractor Stadium, we need to look at the information provided about its former names. According to the table, Tractor Stadium was the name from 1926-1940.

So, we calculate the duration:
1940 - 1926 = 14 years

Final Answer: 14 years"
488,When did OSC Metalist Stadium first open?,1926,stadium,627,"To determine when OSC Metalist Stadium first opened, we need to look at the information provided in the table under the ""Opened"" section.

The table states:
Opened: 12 September 1926 | ; 95 years ago | ( | 1926-09-12 | )

Therefore, the stadium first opened on 12 September 1926.
Final Answer: 12 September 1926"
489,How many years after breaking ground did OSC Metalist Stadium open?,1,stadium,627,"To determine how many years after breaking ground OSC Metalist Stadium opened, we need to calculate the difference between the year it opened and the year construction broke ground.

1. The stadium broke ground in 1925.
2. The stadium opened on 12 September 1926.

Now, we calculate the difference:
1926 - 1925 = 1

Therefore, the stadium opened 1 year after construction broke ground.
Final Answer: 1 year"
490,How many years after opening was OSC Metalist renovated?,83,stadium,627,"To determine how many years after opening OSC Metalist was renovated, we need to find the difference between the renovation date and the opening date.

1. The stadium opened on 12 September 1926.
2. It was renovated on 5 December 2009.

Let's calculate the difference:

- From 12 September 1926 to 31 December 1926: 
  \( 31 - 12 = 19 \) days in 1926.

- Full years from 1927 to 2008:
  \( 2008 - 1927 = 81 \) years.

- Days from 1 January 2009 to 5 December 2009:
  \( 365 - 0 + 5 = 370 \) days (considering it's not a leap year).

Adding these together:
- Total days from opening to renovation: \( 19 + 81 \times 365 + 370 \)

Calculating the total:
- \( 81 \times 365 = 29,515 \) days.
- Adding the remaining days: \( 29,515 + 19 + 370 = 29,904 \) days.

Now, convert days into years:
- \( \frac{29,904}{365} \approx 81.92 \) years.

Since we're looking for whole years, we round down to the nearest whole number:
- 81 years.

Therefore, OSC Metalist was renovated approximately 81 years after its opening.
Final Answer: 81 years"
491,How many years after opening was the stadium renovated?,83,stadium,627,"To determine how many years after opening the stadium was renovated, we need to calculate the difference between the renovation date and the opening date.

1. Opening date: 12 September 1926
2. Renovation date: 5 December 2009

First, let's break down the calculation into parts:
- From 12 September 1926 to 31 December 1926 (end of the year): 1926 - 1926 = 0 years
- From 1 January 1927 to 31 December 2008 (full years): 2008 - 1927 = 81 years
- From 1 January 2009 to 5 December 2009 (part of the year): 5 months and 5 days

Adding these together:
- Full years: 81 years
- Partial year: 5 months and 5 days

Since the exact partial year doesn't affect the whole number of years, we can conclude that the renovation occurred 81 years after the stadium opened.

Final Answer: 81 years"
492,How many years after the first launch at the Satish Dhawan Space Centre did the first launch from its second launch pad occur?,26,launchpad,628,"To determine how many years after the first launch at the Satish Dhawan Space Centre the first launch from its second launch pad occurred, we need to find the dates of both events.

1. **First launch at the Satish Dhawan Space Centre:**
   - Date: 9 August 1979

2. **First launch from the second launch pad:**
   - Date: 5 May 2005

Next, we calculate the difference between these two dates:

- Convert both dates to a common format for easy calculation:
  - 9 August 1979
  - 5 May 2005

Using a simple subtraction method or a date calculator:
- From 9 August 1979 to 31 December 1979: \(31 - 9 = 22\) days
- Full years from 1980 to 2004: \(2004 - 1980 + 1 = 25\) years
- From 1 January 2005 to 5 May 2005: \(5 - 1 = 4\) months

Adding these together:
- Total years: 25 years
- Additional months: 4 months
- Additional days: 22 days

Since we are looking for the number of years, we can ignore the additional months and days for this calculation.

Therefore, the first launch from the second launch pad occurred 25 years after the first launch at the Satish Dhawan Space Centre.

Final Answer: 25 years"
493,In what year did the first launch occur at the Satish Dhawan Space Centre?,1979,launchpad,628,"To determine the year of the first launch at the Satish Dhawan Space Centre, we need to look at the information provided in the ""Launch history"" section.

The ""Launch history"" section mentions:
- First launch: SLV / Rohini RS-1, 9 August 1979

This indicates that the first launch occurred on 9 August 1979.

Final Answer: 1979"
494,What year did the first launch from Site 200 occur?,1980,launchpad,629,"To determine the year of the first launch from Site 200, I'll look at the launch history information provided for Site 200/39, as it specifies the first launch date directly.

The relevant information from the table is:
- Site 200/39 launch history
- First launch: 20 February 1980

This indicates that the first launch from Site 200 occurred in 1980.

Final Answer: 1980"
495,In what year did Blaze Riorden last win a medal at the World Indoor Lacrosse Championship?,2019,lacrosse,642,"To determine the last year Blaze Riorden won a medal at the World Indoor Lacrosse Championship, I'll examine the information provided:

1. The table lists two entries for the World Indoor Lacrosse Championship:
   - 2015 Onondaga: Third place
   - 2019 Langley: Third place

2. Both entries show that Riorden won third place medals.

3. Comparing the years, 2019 comes after 2015.

Therefore, the last year Blaze Riorden won a medal at the World Indoor Lacrosse Championship is 2019.
Final Answer: 2019"
496,How many years apart were the medals that Blaze Riorden won at the World Indoor Lacrosse Championship?,4,lacrosse,642,"To determine how many years apart the medals Blaze Riorden won at the World Indoor Lacrosse Championship were, we need to look at the years when he won each medal.

From the information provided:
- He won a Third place medal in 2015 Onondaga.
- He won another Third place medal in 2019 Langley.

Now, calculate the difference between these years:
2019 - 2015 = 4 years.

Final Answer: 4 years"
497,In what year was Blaze Riorden last named an All-Star in the PLL?,2021,lacrosse,642,"To determine the last year Blaze Riorden was named an All-Star in the PLL, we need to look at his career highlights listed in the table.

The relevant information is:
- 2x All-Star (2019, 2021)

From this, it's clear that Blaze Riorden was named an All-Star twice in the PLL, and the most recent year mentioned is 2021.

Final Answer: 2021"
498,How old was Blaze Riorden when he won the America East Defensive Player of the Year in 2016?,2,lacrosse,642,"To determine Blaze Riorden's age when he won the America East Defensive Player of the Year in 2016, we need to calculate his age in 2016 based on his birthdate.

1. Blaze Riorden was born on February 13, 1994.
2. We need to find out how many years had passed by 2016 from his birth year 1994.
3. 2016 - 1994 = 22 years.

Therefore, Blaze Riorden was 22 years old when he won the America East Defensive Player of the Year in 2016.
Final Answer: 22"
499,How many years ago did Brandon Miller's career start?,21,lacrosse,644,"To determine how many years ago Brandon Miller's career started, we need to compare the current year (2022) with the year he began his professional career in 2001.

1. Identify the current year: 2022
2. Identify the year Brandon Miller started his pro career: 2001
3. Subtract the starting year from the current year: 2022 - 2001 = 21

Therefore, Brandon Miller's career started 21 years ago.
Final Answer: 21 years"
500,How long in years was it between the first and the last time Brandon Miller won the Harry Lumley Trophy?,12,lacrosse,644,"To determine the number of years between Brandon Miller's first and last Harry Lumley Trophy win, we need to identify the years of these wins from the provided information.

1. Identify the years of the Harry Lumley Trophy wins:
   - 2002
   - 2007
   - 2008
   - 2014

2. Determine the first and last wins:
   - First win: 2002
   - Last win: 2014

3. Calculate the difference between the last and first wins:
   - 2014 - 2002 = 12 years

Therefore, it was 12 years between Brandon Miller's first and last Harry Lumley Trophy win.
Final Answer: 12"
501,How old was Brandon Miller when he won the NLL All-Star award in 2007?,28,lacrosse,644,"To determine how old Brandon Miller was when he won the NLL All-Star award in 2007, we need to follow these steps:

1. Identify Brandon Miller's birth year: He was born on May 4, 1979.
2. Identify the year he won the NLL All-Star award: He won it in 2007.
3. Calculate his age in 2007:
   - 2007 (year of award) - 1979 (birth year) = 28 years old

Therefore, Brandon Miller was 28 years old when he won the NLL All-Star award in 2007.

Final Answer: 28"
502,What years did Brandon Miller win more than one award?,"2007, 2008, 2013, 2014",lacrosse,644,"To determine the years Brandon Miller won more than one award, we need to look at his career highlights and count the awards for each year.

From the given information:
- 2002: 4x Mann Cup Champion, 2nd Team All-Pro, 2nd Harry Lumley Trophy
- 2007: 2x NLL All-Star, 2nd Harry Lumley Trophy
- 2008: 4x Mann Cup Champion, 2nd Harry Lumley Trophy
- 2013: 4x Mann Cup Champion, 2nd Team All-Pro, 2nd Harry Lumley Trophy
- 2014: 4x Mann Cup Champion, Mike Kelley Memorial Trophy, 2nd Harry Lumley Trophy

For each of these years, let's count the awards:
- 2002: 3 awards
- 2007: 2 awards
- 2008: 3 awards
- 2013: 3 awards
- 2014: 3 awards

Therefore, Brandon Miller won more than one award in 2002, 2008, 2013, and 2014.

Final Answer: 2002, 2008, 2013, and 2014"
503,At what age did Brandon Miller earn a spot on the 2nd Team All-Pro?,34,lacrosse,644,"To determine at what age Brandon Miller earned a spot on the 2nd Team All-Pro, we need to follow these steps:

1. Identify the year he earned the 2nd Team All-Pro award.
2. Calculate his age at that time.

From the ""Career highlights"" section, we can see that Brandon Miller was named 2nd Team All-Pro in 2013.

Next, we need to calculate his age in 2013:
- Brandon Miller was born on May 4, 1979.
- In 2013, he would have turned 34 years old (2013 - 1979 = 34).

Therefore, Brandon Miller was 34 years old when he earned a spot on the 2nd Team All-Pro.
Final Answer: 34 years old"
504,In what year did Dylon Molloy start his career?,2017,lacrosse,655,"To determine the year Dylan Molloy started his career, we need to look at the earliest professional league draft or team association mentioned in the table.

1. **NLL Draft**: Dylan was drafted 43rd overall by the Buffalo Bandits in 2017.
2. **MLL Draft**: Dylan was drafted 1st overall by the Florida Launch in 2017.
3. **Pro Career**: Dylan's professional career started in 2017.

Since both the NLL and MLL drafts occurred in 2017 and this is also explicitly stated as the beginning of his pro career, the year Dylan Molloy started his career is 2017.
Final Answer: 2017"
505,How long in years has Dylan Molloy been playing professionally?,5,lacrosse,655,"To determine how long Dylan Molloy has been playing professionally, we need to look at his pro career start date and compare it to the current date (December 2022).

From the table, we can see:
- Pro career: 2017-

This indicates that Dylan Molloy began his professional career in 2017. 

Calculating the difference between 2022 and 2017:
2022 - 2017 = 5 years

Therefore, Dylan Molloy has been playing professionally for 5 years.

Final Answer: 5 years"
506,How many years after winning the USILA Player of the Year did Dylan Molloy become a pro?,1,lacrosse,655,"To determine how many years after winning the USILA Player of the Year Dylan Molloy became a professional, we need to identify the relevant dates from the information provided.

1. Dylan Molloy won the 2016 USILA Player of the Year award.
2. His professional career started in 2017.

Now, we calculate the difference:
2017 (start of professional career) - 2016 (year of USILA Player of the Year) = 1 year.

Final Answer: 1 year"
507,How many years ago was Dylan Molloy the USILA Player of the Year?,6,lacrosse,655,"To determine how many years ago Dylan Molloy was the USILA Player of the Year, we need to find the current year and compare it to the year he received this award.

From the information provided:
- Dylan Molloy received the 2016 USILA Player of the Year award.
- The current date given is December 2022.

Calculating the difference:
2022 - 2016 = 6 years

Therefore, Dylan Molloy was the USILA Player of the Year 6 years ago.
Final Answer: 6 years"
508,How many years before Frank Urso began his pro career was he inducted into the U.S. Lacrosse Hall of Fame?,6,lacrosse,656,"To determine how many years before Frank Urso began his pro career he was inducted into the U.S. Lacrosse Hall of Fame, we need to follow these steps:

1. Identify when Frank Urso began his pro career.
2. Identify when he was inducted into the U.S. Lacrosse Hall of Fame.
3. Calculate the difference between these two dates.

From the table:
- Pro career: 1987
- U.S. Lacrosse Hall of Fame induction: 1981

Now, calculate the difference:
1987 (pro career) - 1981 (induction) = 6 years

Therefore, Frank Urso was inducted into the U.S. Lacrosse Hall of Fame 6 years before he began his professional career.
Final Answer: 6 years"
509,What years did Frank Urso earn more than one title?,"1974, 1975, 1976",lacrosse,656,"To determine the years Frank Urso earned more than one title, we need to look at his career highlights, specifically focusing on the titles mentioned.

Career highlights include:
- 1973 NCAA D-I Champion
- 1975 NCAA D-I Champion
- 4× First-team All-American (1973, 1974, 1975, 1976)
- 1975 Division I Player of the Year
- 1974 Division I Midfielder of the Year
- 1976 Division I Midfielder of the Year

From this information, we can see that:
- In 1973, he earned the 1973 NCAA D-I Champion title.
- In 1974, he earned both the First-team All-American and Division I Midfielder of the Year titles.
- In 1975, he earned both the 1975 NCAA D-I Champion and Division I Player of the Year titles.
- In 1976, he earned the First-team All-American and Division I Midfielder of the Year titles.

Therefore, the years Frank Urso earned more than one title are 1974, 1975, and 1976.

Final Answer: 1974, 1975, and 1976"
510,How many years after winning his first NCAA D-1 Championship did Frank Urso compete in the World Lacrosse Championship?,1,lacrosse,656,"To determine how many years after winning his first NCAA D-1 Championship Frank Urso competed in the World Lacrosse Championship, we need to follow these steps:

1. Identify when Frank Urso won his first NCAA D-1 Championship.
2. Identify when he competed in the World Lacrosse Championship.
3. Calculate the difference between these two dates.

From the ""Career highlights"" section:
- Frank Urso won his first NCAA D-I Championship in 1973.

From the ""World Lacrosse Championship"" section:
- Frank Urso competed in the World Lacrosse Championship in 1974.

Now, calculate the difference:
1974 (World Lacrosse Championship) - 1973 (first NCAA D-I Championship) = 1 year.

Therefore, Frank Urso competed in the World Lacrosse Championship 1 year after winning his first NCAA D-1 Championship.
Final Answer: 1 year"
511,How many years ago was Frank Urso awarded Division I Player of the Year?,47,lacrosse,656,"To determine how many years ago Frank Urso was awarded Division I Player of the Year, we need to know the year he received this award and compare it to the current year (December 2022).

From the ""Career highlights"" section, we can see that Frank Urso was awarded the 1975 Division I Player of the Year.

Now, we calculate the difference between the current year (2022) and the year he received the award (1975):

2022 - 1975 = 47 years

Therefore, Frank Urso was awarded Division I Player of the Year 47 years ago.
Final Answer: 47 years"
512,What year did Alicia Coutts win Olympic gold?,2012,swimming,665,"To determine the year Alicia Coutts won Olympic gold, I'll look at the ""Olympic Games"" section of her achievements.

The relevant information is:
- Gold medal - first place | 2012 London | 4×100 m freestyle

This indicates that Alicia Coutts won an Olympic gold medal in the 4×100 m freestyle event during the 2012 London Olympics.

Final Answer: 2012"
513,How old was Alicia Coutts when she won her gold medal in the 2012 Olympics?,25,swimming,665,"To determine Alicia Coutts' age when she won her gold medal in the 2012 Olympics, we need to follow these steps:

1. Identify the event where she won the gold medal in the 2012 Olympics.
2. Calculate her age at the time of winning the medal.

From the table, we can see that Alicia Coutts won a gold medal in the 4×100 m freestyle event at the 2012 London Olympics.

Next, we calculate her age:
- Alicia Coutts was born on September 14, 1987.
- The 2012 Olympics took place in 2012.

To find out how old she was in 2012:
\[ \text{Age in 2012} = 2012 - 1987 = 25 \]

Therefore, Alicia Coutts was 25 years old when she won her gold medal in the 2012 Olympics.

Final Answer: 25"
514,How old was Alicia Coutts when she won her first gold medal at the Pan Pacific Championships in 2014?,27,swimming,665,"To determine Alicia Coutts' age when she won her first gold medal at the 2014 Pan Pacific Championships, we need to follow these steps:

1. Identify the year she won her first gold medal at the 2014 Pan Pacific Championships.
2. Determine her age in 2014 based on her birth year.

From the table, we can see that Alicia Coutts won gold medals in multiple events at the 2014 Pan Pacific Championships. Her first gold medal in this event was in the 100 m butterfly.

Coutts was born on September 14, 1987. She won her first gold medal in the 100 m butterfly at the 2014 Pan Pacific Championships.

Calculating her age in 2014:
2014 - 1987 = 27

Therefore, Alicia Coutts was 27 years old when she won her first gold medal at the 2014 Pan Pacific Championships.

Final Answer: 27"
515,How old was Carolijn Brouwer when she first competed in the ISAF World Youth Championships?,18,sailor,668,"To determine Carolijn Brouwer's age when she first competed in the ISAF World Youth Championships, we need to follow these steps:

1. Identify the year she won the gold medal in the ISAF World Youth Championships.
2. Calculate her age at that time based on her birth year.

From the table:
- She won a gold medal in 1991 at the ISAF World Youth Championships in Laser Radial.
- She was born on 25 July 1973.

Now, calculate her age in 1991:
- 1991 - 1973 = 18 years old

Therefore, Carolijn Brouwer was 18 years old when she first competed in the ISAF World Youth Championships.

Final Answer: 18"
516,What was the last year that Carolijn Brouwer won a gold medal in the World Championships?,1998,sailor,668,"To determine the last year Carolijn Brouwer won a gold medal in the World Championships, I'll look at the information provided about her medals.

1. ISAF World Youth Championships: Gold medal in 1991 (Largs, Laser Radial)
2. World Championships:
   - Silver medal in 2007 (Cascais, Tornado)

The only mention of a gold medal in the World Championships is not present in the given data. However, we see a silver medal in 2007.

Since there is no mention of any gold medals in the World Championships and the most recent entry is a silver medal in 2007, it can be inferred that the last year she won a gold medal in the World Championships was 1991.

Final Answer: 1991"
517,How old was Carolijn Brouwer when she won her last gold medal in the World Championships?,25,sailor,668,"To determine Carolijn Brouwer's age when she won her last gold medal in the World Championships, we need to follow these steps:

1. Identify the last gold medal mentioned in the table.
2. Calculate her age at the time of winning that medal.

Step 1: From the table, the only gold medal mentioned is:
- Gold medal - first place | 1991 Largs | Laser Radial

Step 2: We know Carolijn Brouwer was born on 25 July 1973. She won the gold medal in 1991.
- Calculate her age in 1991: 
  1991 - 1973 = 18 years old

Therefore, Carolijn Brouwer was 18 years old when she won her last gold medal in the World Championships.
Final Answer: 18"
518,How old was Carolijn Brouwer when she won her first gold medal at the ISAF World Youth Championships in 1991?,18,sailor,668,"To determine Carolijn Brouwer's age when she won her first gold medal at the ISAF World Youth Championships in 1991, we need to calculate the difference between the year of the championship and her birth year.

1. Carolijn Brouwer was born on 25 July 1973.
2. The ISAF World Youth Championships in 1991 where she won a gold medal took place.

To find her age:
\[ \text{Age} = 1991 - 1973 = 18 \]

Therefore, Carolijn Brouwer was 18 years old when she won her first gold medal at the ISAF World Youth Championships in 1991.
Final Answer: 18"
519,How many years were there between Carolijn Brouwer competing for the Netherlands and Belgium?,6,sailor,668,"To determine how many years were between Carolijn Brouwer competing for the Netherlands and Belgium, we need to identify the years she represented each country in major competitions.

First, let's find the year she represented the Netherlands:
- She won a gold medal at the ISAF World Youth Championships in 1991 representing the Netherlands.

Next, let's find the year she represented Belgium:
- She won a silver medal at the World Championships in 2007 representing Belgium.

Now, we calculate the difference between these two years:
2007 (year she started representing Belgium) - 1991 (year she stopped representing the Netherlands) = 16 years.

Therefore, there were 16 years between Carolijn Brouwer competing for the Netherlands and Belgium.
Final Answer: 16 years"
520,What year did Charlotte Atkinson win the most gold medals?,2015,swimming,669,"To determine the year Charlotte Atkinson won the most gold medals at the Island Games, we need to count the gold medals she won in each year.

For 2011:
- 200 m backstroke
- 400 m medley
- 800 m freestyle (silver)
- 200 m butterfly (silver)

For 2013:
- 50 m backstroke
- 50 m butterfly
- 400 m freestyle (silver)
- 100 m butterfly (silver)
- 200 m butterfly (silver)
- 4×50 m medley (silver)

For 2015:
- 50 m freestyle
- 100 m freestyle
- 50 m butterfly
- 100 m butterfly
- 200 m butterfly
- 200 m medley
- 4×50 m freestyle
- 4×100 m medley
- 4×100 m freestyle (silver)
- 4×50 m medley (silver)

Counting the gold medals:
2011: 2 gold medals
2013: 3 gold medals
2015: 10 gold medals

Charlotte Atkinson won the most gold medals in 2015.
Final Answer: 2015"
521,What year did Charlotte Atkinson win her first bronze medal in the Island Games?,2011,swimming,669,"To determine the year Charlotte Atkinson won her first bronze medal in the Island Games, I'll look through the medals listed under the ""Island Games"" section of the table.

Going through the list:
- 2011 Isle of Wight: No bronze medals listed
- 2013 Bermuda: No bronze medals listed
- 2015 Jersey: Bronze medal - third place | 2013 Bermuda | 200 m medley

The first bronze medal appears in 2015 at the Jersey Island Games, but it seems there might be a mistake since the bronze medal is listed under 2013 Bermuda. However, based on the information given, the first bronze medal is in 2015.

Final Answer: 2015"
522,How old was Charlotte Atkinson when she won the gold medal in the European Championships?,22,swimming,669,"To determine how old Charlotte Atkinson was when she won the gold medal in the European Championships, we need to follow these steps:

1. Identify the event where she won the gold medal.
2. Determine the year she won this gold medal.
3. Calculate her age at that time.

From the table:
1. The gold medal event is the ""4×100 m mixed medley"" at the 2018 European Championships in Glasgow.
2. The year she won this gold medal is 2018.
3. Charlotte Atkinson was born on November 29, 1996.

Now, calculate her age in 2018:
\[ 2018 - 1996 = 22 \]

Therefore, Charlotte Atkinson was 22 years old when she won the gold medal in the European Championships in 2018.
Final Answer: 22"
523,How many years after winning a bronze medal in the Isle of Wight 200 m medley did Atkinson win a gold medal at the 2018 Glasgow 4×100 m mixed medley?,7,swimming,669,"To determine how many years passed between Charlotte Atkinson's bronze medal in the Isle of Wight 200 m medley and her gold medal in the 2018 Glasgow 4×100 m mixed medley, we need to identify the years of these events.

1. From the data, we see that Atkinson won a bronze medal at the 2011 Isle of Wight Island Games in the 200 m medley.
2. She won a gold medal at the 2018 European Championships in Glasgow in the 4×100 m mixed medley.

Next, we calculate the difference between these years:
2018 (Glasgow event) - 2011 (Isle of Wight event) = 7 years

Therefore, it took 7 years for Atkinson to win a gold medal at the 2018 Glasgow event after winning a bronze medal at the Isle of Wight in 2011.
Final Answer: 7 years"
524,In what year did Atkinson win the most gold medals?,2015,swimming,669,"To determine the year Charlotte Atkinson won the most gold medals, I'll count the gold medals she won at each event listed:

1. European Championships (LC) - 2018: 1 gold medal (4×100 m mixed medley)
2. Island Games:
   - 2011 Isle of Wight: 3 gold medals (200 m backstroke, 400 m medley, 800 m freestyle, 200 m butterfly)
   - 2013 Bermuda: 5 gold medals (50 m backstroke, 50 m butterfly, 100 m freestyle, 100 m butterfly, 200 m butterfly)
   - 2015 Jersey: 9 gold medals (50 m freestyle, 100 m freestyle, 50 m butterfly, 100 m butterfly, 200 m butterfly, 200 m medley, 4×50 m freestyle, 4×100 m medley)

In 2015, Atkinson won the highest number of gold medals, which is 9.

Final Answer: 2015"
525,How old was Atkinson when she won her first gold medal?,15,swimming,669,"To determine how old Charlotte Atkinson was when she won her first gold medal, we need to identify the earliest gold medal win in the provided information.

The earliest gold medal win listed is:
'Gold medal - first place | 2011 Isle of Wight | 200 m backstroke'

Charlotte Atkinson was born on November 29, 1996. We need to calculate her age in 2011:
- 2011 - 1996 = 15 years old

Therefore, Charlotte Atkinson was 15 years old when she won her first gold medal.
Final Answer: 15"
526,How old was Claire Leroy when she won her first gold medal at the 2007 World Championships?,27,sailor,671,"To determine Claire Leroy's age when she won her first gold medal at the 2007 World Championships, we need to follow these steps:

1. Identify the year of the 2007 World Championships: 2007.
2. Determine Claire Leroy's birth year: 1980.
3. Calculate her age in 2007:
   - Subtract her birth year from the year of the championship: 2007 - 1980 = 27.

Therefore, Claire Leroy was 27 years old when she won her first gold medal at the 2007 World Championships.

Final Answer: 27"
527,How old was Claire Leroy when she won gold at the 2007 World Championships?,27,sailor,671,"To determine Claire Leroy's age when she won gold at the 2007 World Championships, we need to follow these steps:

1. Identify the year of the 2007 World Championships: 2007
2. Determine Claire Leroy's birth year: 1980
3. Calculate the difference between the year of the championship and her birth year:
   2007 - 1980 = 27

Therefore, Claire Leroy was 27 years old when she won gold at the 2007 World Championships.
Final Answer: 27"
528,How many years apart were Claire Leroy's gold medal wins at the World Championships?,1,sailor,671,"To determine how many years apart Claire Leroy's gold medal wins at the World Championships were, we need to identify the years of her gold medal wins and then calculate the difference.

From the table:
- Her first gold medal win was in 2007 at Saint Quay.
- Her second gold medal win was in 2008 at Auckland.

Now, let's calculate the difference between these two years:
2008 - 2007 = 1

Therefore, Claire Leroy's gold medal wins at the World Championships were 1 year apart.
Final Answer: 1 year"
529,How many years did it take for Claire Leroy to win a gold medal after her first bronze medal?,3,sailor,671,"First, we identify the years when Claire Leroy won her medals:
- Her first bronze medal was in 2004 at Annapolis.
- Her first gold medal was in 2007 at Saint Quay.

Next, we calculate the difference between these years:
2007 - 2004 = 3 years.

Therefore, it took Claire Leroy 3 years to win a gold medal after her first bronze medal.
Final Answer: 3 years"
530,How old was Claire Leroy when she won her first World Championships medal?,27,sailor,671,"To determine Claire Leroy's age when she won her first World Championships medal, we need to follow these steps:

1. Identify the year she won her first medal.
2. Calculate her age in that year.

From the information given:
- Her first World Championships medal was a bronze medal at the 2004 Annapolis event.
- She was born on 9 March 1980.

Now, calculate her age in 2004:
- Year of birth: 1980
- Year of the first medal: 2004
- Age in 2004 = 2004 - 1980 = 24 years old

Therefore, Claire Leroy was 24 years old when she won her first World Championships medal.
Final Answer: 24"
531,How old was Heiko Kroeger when he won a gold medal at the 2000 Olympics?,34,sailor,677,"To determine Heiko Kroeger's age when he won a gold medal at the 2000 Olympics, we need to follow these steps:

1. Identify the year Heiko Kroeger was born: 1966
2. Identify the year of the 2000 Olympics: 2000
3. Calculate his age in 2000: 2000 - 1966 = 34 years old

Therefore, Heiko Kroeger was 34 years old when he won a gold medal at the 2000 Olympics.

Final Answer: 34"
532,How old was Heiko Kroeger when he won his first gold medal at the 2000 Paralympic Games?,34,sailor,677,"To determine Heiko Kroeger's age when he won his first gold medal at the 2000 Paralympic Games, we need to follow these steps:

1. Identify the year of the 2000 Paralympic Games: 2000
2. Determine Heiko Kroeger's birth year: 1966 (from the personal information section)
3. Calculate the difference between the year of the 2000 Paralympic Games and his birth year:
   2000 - 1966 = 34

Therefore, Heiko Kroeger was 34 years old when he won his first gold medal at the 2000 Paralympic Games.
Final Answer: 34"
533,How many years passed before Heiko Kroeger won another medal after his 2000 Olympics gold?,12,sailor,677,"To determine how many years passed before Heiko Kroeger won another medal after his 2000 Olympics gold, we need to look at the timeline of his medals. He won a gold medal in the 2000 Sydney Paralympics. The next medal mentioned in the list is a silver medal in the 2012 London Paralympics.

2012 (London Paralympics) - 2000 (Sydney Paralympics) = 12 years

Therefore, 12 years passed before Heiko Kroeger won another medal after his 2000 Olympics gold.
Final Answer: 12 years"
534,What year was Marina Alabau's most recent appearance in the European Championships?,2012,sailor,688,"To determine Marina Alabau's most recent appearance in the European Championships, I'll look at the years mentioned for each championship she participated in:

1. 2007 Limassol
2. 2008 Brest
3. 2009 Tel-Aviv
4. 2010 Sopot
5. 2012 Madeira

The most recent year among these is 2012.

Final Answer: 2012"
535,How old was Marina Alabau when she won the gold medal at the 2012 Olympics?,27,sailor,688,"To determine how old Marina Alabau was when she won the gold medal at the 2012 Olympics, we need to calculate the difference between the year of the Olympic Games and her birth year.

1. Identify the year of the 2012 Olympics: 2012
2. Identify Marina Alabau's birth year: 1985 (from her birth date, 31 August 1985)
3. Calculate the age: 2012 - 1985 = 27

Therefore, Marina Alabau was 27 years old when she won the gold medal at the 2012 Olympics.
Final Answer: 27"
536,How old was Marina Alabau when she competed in the 2012 Olympic Games?,27,sailor,688,"To determine how old Marina Alabau was during the 2012 Olympics, we need to calculate the difference between the year of the Olympics and her birth year.
1. The year of the 2012 London Olympics can be identified from the row: 'Gold medal - first place | 2012 London | RS:X'.
2. Marina Alabau was born on 31 August 1985.
3. Subtracting her birth year (1985) from the year of the Olympics (2012): 2012 - 1985 = 27.
4. Since she was born on 31 August and the Olympics were held in August of the same year, she would have turned 27 during the Olympics.

Final Answer: 27"
537,"How many years ago was ""Catch 22"" published?",61,book,702,"To determine how many years ago ""Catch-22"" was published, we need to find the difference between the current year (2022) and the publication year (1961).

2022 - 1961 = 61 years

Therefore, ""Catch-22"" was published 61 years ago.
Final Answer: 61 years"
538,What year was the follow-up to Catch-22 published?,1994,book,702,"To determine the publication year of the follow-up to Catch-22, we need to identify the book that follows it according to the information given in the table.

From the table:
- The ""Followed by"" field indicates that the book following ""Catch-22"" is ""Closing Time"".

- The publication date for ""Closing Time"" is given as 1994.

Therefore, the follow-up to Catch-22 was published in 1994.

Final Answer: 1994"
539,What year was the book Catch-22 first published?,1961,book,702,"To determine the publication year of the book ""Catch-22,"" I'll look at the information provided in the table under ""Publication date.""

The table states:
""Publication date | November 10, 1961""

Therefore, the book ""Catch-22"" was first published in 1961.
Final Answer: 1961"
540,How many years ago was Catch-22 published?,61,book,702,"To determine how many years ago Catch-22 was published, we need to subtract the publication year from the current year (2022).

The publication date of Catch-22 is given as November 10, 1961. 

Current year: 2022
Publication year: 1961

2022 - 1961 = 61 years

Therefore, Catch-22 was published 61 years ago.
Final Answer: 61 years"
541,What year was the first edition hardback of Catch-22 released?,1961,book,702,"The publication date for the first edition hardback of Catch-22 is given as November 10, 1961.
Final Answer: 1961"
542,What year was Catch-22 first printed?,1961,book,702,"The publication date provided in the table is November 10, 1961. This indicates when the book was first printed and released to the public.
Final Answer: 1961"
543,How long in years was it between Aruna Quadri achieving his highest rank and his silver medal at the Commonwealth Games?,4,tabletennis,710,"To determine the time difference between Aruna Quadri achieving his highest ranking and winning the silver medal at the Commonwealth Games, we need to identify the dates associated with these events.

1. **Highest Ranking:**
   - Aruna Quadri's highest ranking was achieved in May 2022.

2. **Silver Medal at Commonwealth Games:**
   - Aruna Quadri won the silver medal at the 2018 Gold Coast Commonwealth Games in the Men's Singles event.

3. **Calculating the Time Difference:**
   - The Commonwealth Games took place in 2018.
   - His highest ranking was in May 2022.

   We calculate the difference:
   - From May 2022 to the end of 2022: 7 months
   - From the beginning of 2018 to May 2018: 5 months

   Total time from the beginning of 2018 to May 2022:
   - 5 months (2018) + 12 months (2019) + 12 months (2020) + 12 months (2021) + 7 months (2022)

   Converting this into years:
   - \( \frac{5 + 12 + 12 + 12 + 7}{12} = \frac{48}{12} = 4 \) years

Therefore, the time difference between Aruna Quadri achieving his highest rank and winning the silver medal at the Commonwealth Games is 4 years.

Final Answer: 4"
544,What year did Aruna Quadri achieve his highest ranking?,2022,tabletennis,710,"To determine the year Aruna Quadri achieved his highest ranking, we need to look at the ""Highest ranking"" row in the table. It states that his highest ranking was ""10 (May 2022)"".

Therefore, the year Aruna Quadri achieved his highest ranking was 2022.
Final Answer: 2022"
545,How old was Aruna Quadri when he reached number 10?,33,tabletennis,710,"To determine how old Aruna Quadri was when he reached the world ranking of 10, we need to identify the date he achieved this ranking and compare it to his birthdate.

From the table:
- His highest ranking was 10, which occurred in May 2022.
- He was born on 9 August 1988.

Now, let's calculate his age in May 2022:
- In 2022, as of May, he would have turned 33 years old because he had already had his birthday in August of the previous year.

Therefore, Aruna Quadri was 33 years old when he reached the world ranking of 10.
Final Answer: 33"
546,How many months ago did Aruna Quadri achieve his highest ranking?,7,tabletennis,710,"To determine how many months ago Aruna Quadri achieved his highest ranking, we need to compare the date of his highest ranking with the current date (December 2022).

From the table:
- Highest ranking: May 2022
- Current month: December 2022

Next, calculate the difference in months:
- From May to June: 1 month
- From June to July: 1 month
- From July to August: 1 month
- From August to September: 1 month
- From September to October: 1 month
- From October to November: 1 month
- From November to December: 1 month

Total: 7 months

Therefore, Aruna Quadri achieved his highest ranking 7 months ago.
Final Answer: 7"
547,How old was Aruna Quadri when he won the silver medal in the 2018 Gold Coast Commonwealth Games?,30,tabletennis,710,"To determine Aruna Quadri's age when he won the silver medal in the 2018 Gold Coast Commonwealth Games, we need to calculate his age based on his birthdate and the year of the event.

1. **Birthdate**: Aruna Quadri was born on 9 August 1988.
2. **Event Year**: The 2018 Gold Coast Commonwealth Games took place in 2018.
3. **Age Calculation**:
   - In 2018, Aruna would have turned 30 years old by 9 August 2018.
   - Since the event occurred in mid-2018, we can assume he was still 30 years old during this time.

Therefore, Aruna Quadri was 30 years old when he won the silver medal in the 2018 Gold Coast Commonwealth Games.

Final Answer: 30"
548,How old was Quadri when he won the silver at the Commonwealth Games?,30,tabletennis,710,"To determine how old Aruna Quadri was when he won the silver medal at the 2018 Commonwealth Games, we need to follow these steps:

1. Identify the year he won the silver medal: 2018.
2. Identify his birth year: 1988.
3. Calculate the age difference between the year he won the medal and his birth year.

\[ \text{Age} = 2018 - 1988 = 30 \]

Therefore, Aruna Quadri was 30 years old when he won the silver medal at the 2018 Commonwealth Games.

Final Answer: 30"
549,How many months are between Quadri's current rank and his highest rank?,1,tabletennis,710,"To find the difference in months between Quadri's current ranking and his highest ranking, we need to look at the dates given for these rankings. 

His highest ranking was in May 2022, and his current ranking is from June 2022.

From May to June is a span of 1 month.
Final Answer: 1 month"
550,In what year was Valderøy Church founded?,1961,church,714,"To determine when Valderøy Church was founded, I'll look at the relevant information in the table. Under the ""History"" section, it states ""Founded: 1961"".

Final Answer: 1961"
551,How many years ago was Valderøy Church consecrated?,61,church,714,"To determine how many years ago Valderøy Church was consecrated, we need to compare the current year to the year it was consecrated. According to the information provided, the church was consecrated on 29 July 1961. Given that the current date is December 2022, we can calculate the number of years as follows:

1. The year of consecration: 1961
2. The current year: 2022
3. Subtract the year of consecration from the current year: 2022 - 1961 = 61 years

Therefore, Valderøy Church was consecrated 61 years ago.
Final Answer: 61 years"
552,How long in years was Valen Chapel in operation after its completion?,166,church,715,"To determine how long Valen Chapel was in operation after its completion, we need to find the difference between the year it was completed and the year it was closed.

1. Completion year: 1707
2. Closure year: 1873 (from 1873-1949, it was closed until 1949, but we use 1873 as the starting point for its closure)

Now, calculate the difference:
1873 - 1707 = 166 years

Therefore, Valen Chapel was in operation for 166 years after its completion.

Final Answer: 166 years"
553,How many years after its completion was Valen Chapel consecrated?,242,church,715,"To determine how many years after its completion Valen Chapel was consecrated, we need to find the difference between the year it was consecrated and the year it was completed.

From the table:
- Consecration date: 31 July 1949
- Completion date: 1707

First, convert both dates to the same format (year only):
- Consecration year: 1949
- Completion year: 1707

Next, calculate the difference:
1949 - 1707 = 242

Therefore, Valen Chapel was consecrated 242 years after its completion.
Final Answer: 242"
554,How long in years has the church been open in total?,239,church,715,"To determine how long the church has been open in total, we need to consider both its periods of operation.

1. The church was founded in the 13th century. While it doesn't provide an exact year, let's assume it was built around the midpoint of the 13th century, which would be approximately 1250 AD.
2. The church was closed from 1873 to 1949. This period of closure lasted 76 years (1949 - 1873 = 76).
3. After 1949, the church reopened and is still active today. From 1949 to 2022 (current year), the church has been open for 73 years.

Now, we calculate the total time the church has been open:
- Time before closure (approx. 1250 to 1873): 623 years (1873 - 1250 = 623)
- Time after reopening: 73 years

Total open years: 623 + 73 = 696 years

Therefore, the church has been open for a total of 696 years.
Final Answer: 696 years"
555,How old was the church when it was consecrated?,242,church,715,"To determine how old the church was when it was consecrated, we need to calculate the difference between the year it was consecrated and the year it was founded.

From the table:
- The church was founded in the 13th century.
- The church was consecrated on 31 July 1949.

First, we need to identify the specific year the church was founded in the 13th century. Since the 13th century spans from 1201 to 1300, we can use the midpoint of this range for a general estimate, which would be around 1250.

Now, we calculate the age of the church at the time of its consecration:
- Year of consecration: 1949
- Year of foundation (approximate): 1250

Age of the church = 1949 - 1250 = 699 years

Therefore, the church was approximately 699 years old when it was consecrated on 31 July 1949.
Final Answer: 699 years"
556,How old was the church when it initially closed?,166,church,715,"To determine how old the church was when it initially closed, we need to:
1. Identify the year the church was built or completed.
2. Identify the year the church initially closed.
3. Subtract the closing year from the completion year.

From the table:
- The church was completed in 1707.
- It was closed from 1873 to 1949, so it initially closed in 1873.

Now, we calculate the age:
1873 - 1707 = 166 years

Therefore, the church was 166 years old when it initially closed.
Final Answer: 166 years"
557,How many years did the consecration of Valen Chapel take after it was closed?,76,church,715,"To determine how many years passed between when Valen Chapel was closed and its consecration, we need to find the relevant dates:
- Closed: 1873-1949 (This indicates it was closed from 1873 to 1949)
- Consecrated: 31 July 1949

The chapel was closed from 1873 to 1949, and it was consecrated on 31 July 1949. Therefore, we calculate the time from 1949 to 1949, which is 0 years, but considering the period from the end of closure to the consecration, it would be from 1949 to 1949, still 0 years.

However, since the question asks about the period after it was closed, we consider the period from 1873 to 1949 and then from 1949 to 1949, which effectively means the chapel was not actively used for religious purposes during this time but was consecrated at the end of this period.

Final Answer: 0 years"
558,How many days after the groundbreaking on 11 July 1939 was the construction of All Hallows Twickenham completed?,487,church,719,"To determine how many days after the groundbreaking on 11 July 1939 the construction of All Hallows Twickenham was completed, we need to identify the date of the church's consecration.

From the table, we can see that the church was consecrated on 9 November 1940.

Now, let's calculate the number of days between 11 July 1939 and 9 November 1940.

1. Calculate the number of days remaining in July 1939:
   - July has 31 days.
   - Days remaining in July after 11 July = 31 - 11 = 20 days.

2. Calculate the total days in August 1939:
   - August has 31 days.

3. Calculate the total days in September 1939:
   - September has 30 days.

4. Calculate the total days in October 1939:
   - October has 31 days.

5. Calculate the days in November up to the 9th:
   - Days in November before 9 November = 9 days.

Adding these together:
20 (July) + 31 (August) + 30 (September) + 31 (October) + 9 (November) = 121 days.

Final Answer: 121 days"
559,How many years ago was All Hallows Twickenham designated as Grade I?,70,church,719,"To determine how many years ago All Hallows Twickenham was designated as Grade I, we need to compare its designation date to the current date.

1. The designation date given is 2 September 1952.
2. The current date is December 2022.
3. We need to calculate the difference in years between these dates.

First, let's find the difference in years:
- From 1952 to 1999 is 47 years.
- From 2000 to 2022 is 22 years.

Adding these together: 47 + 22 = 69 years.

Therefore, All Hallows Twickenham was designated as Grade I 69 years ago.
Final Answer: 69 years"
560,What year was the Palace of Westminster built?,1016,monument,726,"The table provides information about the construction timeline of the Palace of Westminster. It states that the palace was built in 1016.

Final Answer: 1016"
561,How many years did it take to rebuild the Palace of Westminster?,36,monument,726,"The rebuilding of the Palace of Westminster started in 1840 and was completed in 1876. To find out how many years it took to rebuild, we subtract the start year from the completion year:
1876 - 1840 = 36 years
Final Answer: 36 years"
562,How many years after its demolition did the rebuilding of the Palace of Westminster begin?,6,monument,726,"The table states that the Palace of Westminster was demolished in 1834 due to a fire and was rebuilt from 1840 to 1876.

To determine how many years after its demolition the rebuilding began:
1. Find the year of demolition: 1834
2. Find the year rebuilding began: 1840
3. Calculate the difference: 1840 - 1834 = 6 years

Therefore, the rebuilding of the Palace of Westminster began 6 years after its demolition.
Final Answer: 6 years"
563,How many years did it take to rebuild the Palace of Westminster?,36,monument,726,"The rebuilding of the Palace of Westminster started in 1840 and was completed in 1876. To calculate the duration of the reconstruction, we subtract the start year from the completion year: 1876 - 1840 = 36 years.
Final Answer: 36 years"
564,How many years did it take to rebuild the Palace of Westminster?,36,monument,726,"The rebuilding of the Palace of Westminster started in 1840 and was completed in 1876. To find out how many years it took to rebuild, we subtract the start year from the completion year: 1876 - 1840 = 36 years.
Final Answer: 36 years"
565,How many years old is the Palace of Westminster?,1006,monument,726,"To determine how many years old the Palace of Westminster is, we need to look at the ""Built"" information provided in the table. The table states that the Palace of Westminster was built in 1016. 

Since the current year is 2022, we can calculate the age of the palace by subtracting its construction year from the current year:
2022 - 1016 = 1006 years.

Final Answer: The Palace of Westminster is 1006 years old."
566,How many years after it was built did the Palace of Westminster catch on fire?,818,monument,726,"The Palace of Westminster was built in 1016. According to the table, it was demolished in 1834 due to fire. To find out how many years after it was built it caught fire, we subtract the year it was built from the year it was demolished: 1834 - 1016 = 818 years.
Final Answer: 818 years"
567,How old was Timoshenko when he began skating?,5,figure skating,735,"To determine how old Daria Timoshenko was when she began skating, we need to look at the following information:
- She was born on August 1, 1980.
- She began skating in 1985.

We calculate her age when she began skating by subtracting her birth year from the year she started skating and then adjusting for her age on that specific date:
1. Year she began skating: 1985
2. Her birth year: 1980
3. Calculation: 1985 - 1980 = 5

Therefore, Daria Timoshenko was 5 years old when she began skating.
Final Answer: 5"
568,How many years after Timoshenko began skating did he win his first gold medal?,14,figure skating,735,"To determine how many years after Daria Timoshenko began skating she won her first gold medal, we need to follow these steps:

1. Identify when she began skating: According to the table, she began skating in 1985.
2. Identify when she won her first gold medal: The table shows she won a gold medal at the 1999 World Junior Championships in Zagreb.
3. Calculate the difference between these two dates:
   - Year she began skating: 1985
   - Year she won her first gold medal: 1999
   - Difference: 1999 - 1985 = 14 years

Therefore, Daria Timoshenko won her first gold medal 14 years after she began skating.
Final Answer: 14 years"
569,How many years did Daria Timoshenko skate for Azerbaijan?,6,figure skating,735,"To determine how many years Daria Timoshenko skated for Azerbaijan, we need to look at the transition point from representing Russia to Azerbaijan and the year she retired.

1. From the ""Personal information"" section, we see that Daria Timoshenko represented Russia until 2000 and Azerbaijan since 2000.
2. From the ""Skating club"" and ""Began skating"" sections, we know she began skating in 1985.
3. From the ""Retired"" section, we know she retired in 2006.

Daria Timoshenko started representing Azerbaijan in 2000 and retired in 2006. Therefore, the number of years she skated for Azerbaijan is 2006 - 2000 = 6 years.

Final Answer: 6 years"
570,How old was Daria Timoshenko when she began skating?,5,figure skating,735,"To determine how old Daria Timoshenko was when she began skating, we need to find the difference between the year she began skating and the year she was born.

From the information provided:
- Daria Timoshenko was born on August 1, 1980.
- She began skating in 1985.

Calculating the age:
1985 (year she began skating) - 1980 (year she was born) = 5 years

Therefore, Daria Timoshenko was 5 years old when she began skating.
Final Answer: 5 years old"
571,How many years did Daria Timoshenko skate before retiring?,21,figure skating,735,"To determine how many years Daria Timoshenko skated before retiring, we need to look at the year she began skating and the year she retired.

1. According to the table, Daria Timoshenko began skating in 1985.
2. She retired in 2006.

Now, we calculate the difference between the year she retired and the year she began skating:
2006 - 1985 = 21 years

Therefore, Daria Timoshenko skated for 21 years before retiring.
Final Answer: 21 years"
572,At what age did Gorshkova begin skating?,4,figure skating,743,"Gorshkova began skating in 1993. She was born on 18 February 1989, so in 1993, she would have been about 4 years old.
Final Answer: 4 years old"
573,How many years after winning a bronze medal at the World Junior Championships did Gorshkova achieve a personal best score in compulsory dance?,2,figure skating,743,"To determine how many years after winning a bronze medal at the World Junior Championships Gorshkova achieved a personal best score in compulsory dance, we need to follow these steps:

1. Identify the year Gorshkova won a bronze medal at the World Junior Championships.
2. Identify the year Gorshkova achieved her personal best score in compulsory dance.
3. Calculate the difference between these two years.

From the information provided:
1. Gorshkova won a bronze medal at the World Junior Championships in 2008 (Sofia).
2. Her personal best score in compulsory dance was set at the 2010 Cup of Russia, where she scored 51.97.

Now, calculate the difference:
2010 - 2008 = 2 years.

Therefore, Gorshkova achieved her personal best score in compulsory dance 2 years after winning a bronze medal at the World Junior Championships.
Final Answer: 2 years"
574,How many years after Gorshkova began skating did she win her first medal?,14,figure skating,743,"Gorshkova began skating in 1993. Her first medal was a bronze medal at the World Junior Championships in 2008 in Sofia. To calculate the number of years between these two events, we subtract the year she started skating from the year she won her first medal: 2008 - 1993 = 15 years.
Final Answer: 15 years"
575,How old was Kristina Gorshkova when she began skating?,4,figure skating,743,"To determine how old Kristina Gorshkova was when she began skating, we need to find the difference between her birth year and the year she started skating.

From the table:
- Kristina Gorshkova was born on 18 February 1989.
- She began skating in 1993.

Calculating the age:
1993 (year she began skating) - 1989 (birth year) = 4 years

Therefore, Kristina Gorshkova was 4 years old when she began skating.
Final Answer: 4 years old"
576,How old was Gorshkova when she won a gold medal?,22,figure skating,743,"To determine how old Kristina Gorshkova was when she won a gold medal, we need to look at the information provided about her achievements and her birthdate.

From the table:
- Kristina Gorshkova was born on 18 February 1989.
- She won a gold medal at the 2011 Winter Universiade in Erzurum for ice dancing.

Now, let's calculate her age in 2011:
- The current year is 2022, but we use the year 2011 for this calculation.
- In 2011, Gorshkova would have been 2021 - 1989 = 32 years old.

Therefore, Kristina Gorshkova was 22 years old when she won the gold medal at the 2011 Winter Universiade in Erzurum.

Final Answer: 22"
577,How many years after Kristina Gorshkova began skating did she win her first medal at the Junior Grand Prix Final?,14,figure skating,743,"To determine how many years after Kristina Gorshkova began skating she won her first medal at the Junior Grand Prix Final, we need to follow these steps:

1. Identify when she began skating:
   - She began skating in 1993.

2. Identify when she won her first medal at the Junior Grand Prix Final:
   - She won the bronze medal at the Junior Grand Prix Final in the 2007-08 season.

3. Calculate the difference in years:
   - The 2007-08 season started in 2007.
   - 2007 - 1993 = 14 years.

Therefore, Kristina Gorshkova won her first medal at the Junior Grand Prix Final 14 years after she began skating.
Final Answer: 14 years"
578,What year did Kristina Gorshkova win a gold medal at the Winter Universiade?,2011,figure skating,743,"To determine the year Kristina Gorshkova won a gold medal at the Winter Universiade, I'll look at the information provided in the table.

1. The table mentions a Winter Universiade entry under ""Representing Russia"".
2. It states: ""Gold medal - first place | 2011 Erzurum | Ice dancing"".

From this information, it's clear that Kristina Gorshkova won a gold medal at the Winter Universiade in 2011.

Final Answer: 2011"
579,At what age did Max Aaron begin skating?,4,figure skating,747,"Max Aaron began skating in 1996. He was born on February 25, 1992.

To find out his age when he began skating:
- 1996 - 1992 = 4 years old

Therefore, Max Aaron began skating at the age of 4.
Final Answer: 4 years old"
580,How old was Aaron when he first began skating?,4,figure skating,747,"To determine how old Max Aaron was when he first began skating, we need to find the difference between his birth year and the year he started skating.

From the table:
- Max Aaron was born on February 25, 1992.
- He began skating in 1996.

Calculating the age:
1996 - 1992 = 4 years old

Therefore, Max Aaron was 4 years old when he first began skating.
Final Answer: 4 years old"
581,How many years after achieving a personal best score in the short program did Aaron retire?,3,figure skating,747,"To determine how many years after achieving a personal best score in the short program Max Aaron retired, we need to follow these steps:

1. Identify when Max Aaron achieved his personal best score in the short program.
2. Identify when Max Aaron retired.
3. Calculate the difference between these two dates.

Step 1: From the ISU personal best scores section, we can see that Max Aaron achieved his personal best score in the short program at 87.03, which was at the 2015 Tallinn Trophy.

Step 2: From the ""Retired"" row, we know that Max Aaron retired on April 19, 2018.

Step 3: Calculate the difference:
- Short program personal best: 2015
- Retirement: 2018
- Difference: 2018 - 2015 = 3 years

Therefore, Max Aaron retired 3 years after achieving his personal best score in the short program.
Final Answer: 3 years"
582,How old was Max Aaron when he began skating?,4,figure skating,747,"To determine how old Max Aaron was when he began skating, we need to calculate the difference between his birth year and the year he started skating.

From the information given:
- Max Aaron was born on February 25, 1992.
- He began skating in 1996.

Now, we calculate the age difference:
1996 - 1992 = 4 years

Therefore, Max Aaron was 4 years old when he began skating.
Final Answer: 4 years old"
583,How many years had Max Aaron been skating before he retired in 2018?,22,figure skating,747,"To determine how many years Max Aaron had been skating before his retirement in 2018, we need to find out when he started skating. According to the table, Max Aaron began skating in 1996. He retired on April 19, 2018. 

To calculate the number of years:
1. From 1996 to 2017 (inclusive), there are 2017 - 1996 = 21 years.
2. Since he retired in April 2018, he would have completed another full year of skating in 2018.

Therefore, the total number of years he had been skating before retiring in 2018 is 21 + 1 = 22 years.
Final Answer: 22 years"
584,How many months ago did Max Aaron retire?,56,figure skating,747,"To determine how many months ago Max Aaron retired, we need to calculate the difference between the current month (December 2022) and his retirement date (April 19, 2018).

1. From April 19, 2018, to April 19, 2022, is exactly 4 years.
2. Convert 4 years into months: \( 4 \text{ years} \times 12 \text{ months/year} = 48 \text{ months} \).

Therefore, Max Aaron retired 48 months ago.
Final Answer: 48 months"
585,What was Shabalin's age when he won his sole Olympic medal?,28,figure skating,748,"To determine Shabalin's age when he won his sole Olympic medal, we need to identify the year he won the medal and then calculate his age based on his birth year.

1. From the table, we can see that Shabalin won a bronze medal at the 2010 Winter Olympics in Vancouver.
2. His birth year is 1982 (as mentioned in the ""Personal information"" section).
3. The 2010 Winter Olympics took place in 2010.

Now, we calculate his age:
2010 (year of the Olympics) - 1982 (birth year) = 28

Therefore, Shabalin was 28 years old when he won his sole Olympic medal.
Final Answer: 28"
586,How old was Maxim Shabalin when he began skating?,5,figure skating,748,"Maxim Shabalin began skating in 1987. He was born on 25 January 1982. Therefore, to find out how old he was when he began skating, we subtract his birth year from the year he started skating and account for his age at the beginning of that year.
1987 - 1982 = 5, but since he started skating at the beginning of 1987, he would have been 5 years old.
Final Answer: 5"
587,How old was Maxim Shabalin when he began skating?,5,figure skating,748,"Maxim Shabalin was born on 25 January 1982, and he began skating in 1987. To find out how old he was when he began skating, we subtract his birth year from the year he started skating: 1987 - 1982 = 5 years old.
Final Answer: 5 years old"
588,How long in years did the second renovation of the Birmingham–Jefferson Convention Complex last?,2,monument,751,"To determine how long the second renovation lasted, we need to identify the time period of the second renovation and calculate the duration.

From the table:
- Renovated: 2009, 2019-2021

The second renovation mentioned is from 2019 to 2021.

Now, let's calculate the duration:
- Start year: 2019
- End year: 2021

Duration = End year - Start year + 1 (to include both start and end years)
Duration = 2021 - 2019 + 1 = 3 years

Final Answer: 3 years"
589,How long in years was the Birmingham–Jefferson Convention Complex open before it was renovated in 2009?,37,monument,751,"To determine how long the Birmingham-Jefferson Convention Complex was open before its 2009 renovation, we need to find the difference between the year it opened and the year it was renovated.

1. The complex opened in January 1972.
2. It was renovated in 2009.

Now, calculate the difference:
2009 - 1972 = 37 years

Therefore, the Birmingham-Jefferson Convention Complex was open for 37 years before it was renovated in 2009.
Final Answer: 37 years"
590,How many years after the Birmingham–Jefferson Convention Complex was opened was it first renovated?,37,monument,751,"To determine how many years after the Birmingham-Jefferson Convention Complex was opened it was first renovated, we need to follow these steps:

1. Identify when the complex was opened: January 1972.
2. Identify when the first renovation occurred: 2009.

Now, calculate the difference between these two dates:
2009 - 1972 = 37 years.

Therefore, the Birmingham-Jefferson Convention Complex was first renovated 37 years after it was opened.
Final Answer: 37 years"
591,What year was the first renovation of the Birmingham–Jefferson Convention Complex?,2009,monument,751,"To determine the year of the first renovation, I'll look at the information provided in the ""Renovated"" row of the table.

The ""Renovated"" row states: ""2009, 2019-21""

This indicates there have been multiple renovation periods. The earliest one mentioned is 2009.

Final Answer: 2009"
592,How many years longer was the second renovation than the first at the Birmingham–Jefferson Convention Complex?,2,monument,751,"To determine how many years longer the second renovation was compared to the first, we need to identify the dates of both renovations and calculate the difference.

1. **First Renovation:**
   - According to the table, the first renovation occurred in 2009.

2. **Second Renovation:**
   - The table mentions that the second renovation took place from 2019-2021.

3. **Duration Calculation:**
   - First renovation duration: 2009 (single year)
   - Second renovation duration: 2019-2021 (3 years)

4. **Difference Calculation:**
   - Difference = Duration of second renovation - Duration of first renovation
   - Difference = 3 years - 1 year = 2 years

Therefore, the second renovation lasted 2 years longer than the first renovation.
Final Answer: 2 years"
593,How many years after Miloš Obrenović's reign as Grand Vožd of Serbia ended did his second reign as Prince of Serbia begin?,41,emperor,765,"To determine how many years after Miloš Obrenović's reign as Grand Vožd of Serbia ended his second reign as Prince of Serbia began, we need to find the difference between the end of his Grand Vožd reign and the start of his Prince reign.

From the table:
- His reign as Grand Vožd of Serbia ended on 6 November 1817.
- His reign as Prince of Serbia began on 6 November 1817.

The difference between these dates is 0 years.

Final Answer: 0 years"
594,How many years elapsed between the reigns of Prince of Serbia for Miloš Obrenović I?,19,emperor,765,"To determine the number of years between Miloš Obrenović I's reigns as Prince of Serbia and Grand Vožd of Serbia, we need to look at the dates provided:

- His reign as Grand Vožd of Serbia ended on 6 November 1817.
- His reign as Prince of Serbia began on 6 November 1817.

Since these two reigns overlap exactly at the same date, there were no years that elapsed between them.

Final Answer: 0 years"
595,How long in years did Miloš Obrenović I's reign last in which Karađorđe was his successor?,2,emperor,765,"To determine how long Miloš Obrenović I's reign lasted in which Karađorđe was his predecessor, we need to look at the dates of his reign and when Karađorđe served as the Grand Vožd of Serbia.

From the information provided:
- Miloš Obrenović I became the Grand Vožd of Serbia on 23 April 1815.
- He became Prince of Serbia on 6 November 1817.
- Karađorđe was the Grand Vožd of Serbia until 6 November 1817.

Therefore, Miloš Obrenović I's reign as Grand Vožd of Serbia, where Karađorđe was his predecessor, lasted from 23 April 1815 to 6 November 1817.

Calculating the duration:
- From 23 April 1815 to 6 November 1815: 6 months and 13 days.
- From 6 November 1815 to 6 November 1817: 2 full years.

Adding these together gives us approximately 2 years and 6 months. However, since the question asks for the duration in years, we can round this to 2 years.

Final Answer: 2 years"
596,How many years ago did Miloš Obrenović I die?,162,emperor,765,"To determine how many years ago Miloš Obrenović I died, we need to compare his death year to the current year, which is 2022.

From the table, we can see that Miloš Obrenović I died on 26 September 1860.

Calculating the difference:
2022 - 1860 = 162 years

Therefore, Miloš Obrenović I died 162 years ago.
Final Answer: 162 years"
597,How many years before his death did Miloš Obrenović I begin his second reign as the Prince of Serbia?,2,emperor,765,"To determine how many years before his death Miloš Obrenović I began his second reign as the Prince of Serbia, we need to follow these steps:

1. Identify the end of his life: Miloš Obrenović I died on 26 September 1860.
2. Identify when he began his second reign as Prince of Serbia: His second reign as Prince of Serbia started on 6 November 1817.
3. Calculate the difference between these two dates.

Let's break down the calculation:
- From 6 November 1817 to 26 September 1860.

First, calculate the full years:
- From 1817 to 1860 is 43 years.

Then, check the remaining days:
- From 6 November to 26 September: 
  - November 6 to December 31: 26 days
  - January to September: 9 months (30 + 31 + 31 + 30 + 31 + 30 + 31 + 31 + 30 = 274 days)
  - Total days: 26 + 274 = 200 days

Since 200 days is less than a full year, it does not affect the full-year count.

Therefore, Miloš Obrenović I began his second reign 43 years before his death.

Final Answer: 43 years"
598,How many years longer was Miloš Obrenović's first reign as Prince of Serbia compared to his reign as Grand Vožd of Serbia?,20,emperor,765,"To determine how many years longer Miloš Obrenović's first reign as Prince of Serbia was compared to his reign as Grand Vožd of Serbia, we need to calculate the duration of each reign.

First, let's find the duration of his reign as Grand Vožd of Serbia:
- Start date: 23 April 1815
- End date: 6 November 1817

Calculating the duration:
- From 23 April 1815 to 6 November 1815: 6 months and 13 days
- From 6 November 1815 to 6 November 1817: 2 full years

Total duration as Grand Vožd of Serbia:
\[ 2 \text{ years} + 6 \text{ months} + 13 \text{ days} \approx 2.5 \text{ years} \]

Next, let's find the duration of his first reign as Prince of Serbia:
- Start date: 6 November 1817
- End date: 25 June 1839

Calculating the duration:
- From 6 November 1817 to 25 June 1818: 9 months and 19 days
- From 25 June 1818 to 25 June 1839: 21 full years

Total duration as Prince of Serbia:
\[ 21 \text{ years} + 9 \text{ months} + 19 \text{ days} \approx 21.3 \text{ years} \]

Now, we subtract the duration of his reign as Grand Vožd of Serbia from the duration of his first reign as Prince of Serbia:
\[ 21.3 \text{ years} - 2.5 \text{ years} = 18.8 \text{ years} \]

Therefore, Miloš Obrenović's first reign as Prince of Serbia was approximately 18.8 years longer than his reign as Grand Vožd of Serbia.
Final Answer: 18.8 years"
599,How many years had Bev Francis's career lasted when she debuted her first match?,39,body builder,778,"To determine how many years Bev Francis's career lasted when she debuted in her first match, we need to follow these steps:

1. Identify the year of her professional debut.
2. Identify the year she retired.
3. Calculate the difference between these two years.

From the information given:
- Bev Francis's professional debut was in 1983.
- She retired in 1991.

Now, calculate the difference:
1991 - 1983 = 8 years

Therefore, Bev Francis's career had lasted 8 years when she debuted in her first match.
Final Answer: 8 years"
600,How long in years was the career of Bev Francis?,8,body builder,778,"To determine the length of Bev Francis' career in years, we need to identify the start and end dates of her professional career.

From the information provided:
- Pro-debut: 1983
- Active: Retired 1991

The career span is calculated by subtracting the start year from the end year:
1991 - 1983 = 8 years

Final Answer: 8 years"
601,How long in years was Bev Francis's professional career?,8,body builder,778,"To determine the duration of Bev Francis's professional career, we need to identify when it started and ended.

1. From the table, we can see that Bev Francis's professional career began with her debut at the Caesars World Cup in 1983.
2. Her career is listed as being active until 1991, according to the ""Active"" row.

Now, calculate the difference:
1991 (end year) - 1983 (start year) = 8 years

Therefore, Bev Francis's professional career lasted 8 years.
Final Answer: 8 years"
602,How many years after her best win did Bev Francis retire?,4,body builder,778,"To determine how many years after her best win Bev Francis retired, we need to follow these steps:

1. Identify the year of her best win.
2. Identify the year she retired.
3. Calculate the difference between these two years.

From the information given:
- Bev Francis's best win was at the IFBB World Pro Championships in 1987.
- She retired in 1991.

Now, calculate the difference:
1991 - 1987 = 4 years

Therefore, Bev Francis retired 4 years after her best win.
Final Answer: 4 years"
603,How old was Bev Francis when she made her pro debut in 1983?,28,body builder,778,"To determine Bev Francis's age when she made her pro debut in 1983, we need to calculate the difference between 1983 and her birth year, 1955.

1. Identify Bev Francis's birth year: 1955
2. Identify the year of her pro debut: 1983
3. Calculate the difference: 1983 - 1955 = 28

Therefore, Bev Francis was 28 years old when she made her pro debut in 1983.

Final Answer: 28"
604,How old was Bev Francis when she turned pro?,28,body builder,778,"To determine how old Bev Francis was when she turned pro, we need to identify her year of birth and the year she made her professional debut.

From the information given:
- Bev Francis was born on February 15, 1955.
- Her professional debut was in 1983 at the Caesars World Cup.

Now, calculate the age difference between 1983 and 1955:

1983 - 1955 = 28

Therefore, Bev Francis was 28 years old when she turned pro.

Final Answer: 28"
605,At what age did Bev Francis retire from her career?,36,body builder,778,"To determine the age at which Bev Francis retired from her career, we need to follow these steps:

1. Identify the year she retired: According to the ""Active"" row in the table, Bev Francis retired in 1991.
2. Determine her birth year: From the ""Personal info"" section, we can see that Bev Francis was born in 1955.
3. Calculate the difference between the retirement year and birth year:
   1991 - 1955 = 36

Therefore, Bev Francis retired from her career at the age of 36.
Final Answer: 36"
606,How many years were there between Bev Francis's pro debut in 1983 and her best win?,4,body builder,778,"To determine the number of years between Bev Francis's pro debut in 1983 and her best win in 1987, we need to subtract the earlier year from the later year.

1987 (Best win year) - 1983 (Pro-debut year) = 4 years

Final Answer: 4 years"
607,How many years after turning 18 did Pettersen win a gold medal at the Junior World Championships?,1,skier,781,"First, we need to determine when Brit Pettersen turned 18. She was born on November 24, 1961. Adding 18 years to this birth year gives us 1979.

Next, we need to find out when she won a gold medal at the Junior World Championships. According to the table, she won a gold medal at the 1980 Örnsköldsvik Junior World Championships in the 4 × 5 km relay event.

To calculate the number of years after turning 18, we subtract 1979 from 1980:
1980 - 1979 = 1

Therefore, Brit Pettersen won a gold medal at the Junior World Championships 1 year after turning 18.
Final Answer: 1 year"
608,How many years were between Pettersen's first gold medal and her last?,4,skier,781,"To determine how many years were between Brit Pettersen's first gold medal and her last, we need to identify the years of these medals.

1. Identify the year of the first gold medal:
   - From the ""World Championships"" section, the first gold medal was in 1982 at the Junior World Championships in Örnsköldsvik for the 4 × 5 km relay.

2. Identify the year of the last gold medal:
   - From the ""World Championships"" section, the last gold medal was in 1982 at the World Championships in Oslo for the 4 × 5 km relay.

Since both the first and last gold medals occurred in 1982, the difference in years is zero.

Final Answer: 0"
609,How many years did Brit Pettersen attend the World Cup?,7,skier,781,"To determine how many years Brit Pettersen attended the World Cup, we need to look at the information provided in the ""World Cup career"" section of the table. It states that she participated in the World Cup for ""Seasons: 7 - (1982-1988)"". This indicates that she had a World Cup career spanning 7 seasons.

Therefore, Brit Pettersen attended the World Cup for 7 years.
Final Answer: 7 years"
610,How old was Henrieta Farkašová when she won a gold medal at the 2022 Olympics?,36,skier,791,"To determine Henrieta Farkašová's age when she won a gold medal at the 2022 Winter Olympics, we need to follow these steps:

1. Identify the relevant gold medal win from the 2022 Beijing Paralympics.
2. Calculate her age based on the date of the win and her birthdate.

From the information provided:
- She won a gold medal in the Downhill event at the 2022 Beijing Paralympics.
- Her birthdate is May 3, 1986.

Now, let's calculate her age:
- The Paralympics took place from March 9 to March 19, 2022.
- She was 35 years and 10 months old on March 9, 2022.

Therefore, Henrieta Farkašová was 35 years old when she won a gold medal at the 2022 Paralympic Games.
Final Answer: 35"
611,How old was Henrieta Farkašová when she first competed in the IPC Alpine Skiing World Championships in 2009?,23,skier,791,"To determine Henrieta Farkašová's age when she first competed in the IPC Alpine Skiing World Championships in 2009, we need to calculate the difference between the year 2009 and her birth year, 1986.

2009 - 1986 = 23

Therefore, Henrieta Farkašová was 23 years old when she first competed in the IPC Alpine Skiing World Championships in 2009.
Final Answer: 23"
612,What year did Henrieta Farkašová win her first gold medal in the Paralympic Games?,2010,skier,791,"To determine the year Henrieta Farkašová won her first gold medal in the Paralympic Games, we need to look at the list of her Paralympic medals.

The medals are listed in chronological order starting from the 2010 Vancouver Paralympics. The first entry is:
'Gold medal - first place | 2010 Vancouver | Super-G'

Therefore, Henrieta Farkašová won her first gold medal in the Paralympic Games in 2010.
Final Answer: 2010"
613,How old was Henrieta Farkašová when she won her last gold medal at the 2022 Beijing Games?,36,skier,791,"To determine Henrieta Farkašová's age when she won her last gold medal at the 2022 Beijing Games, we need to follow these steps:

1. Identify the year of her birth: 1986.
2. Determine the year of the 2022 Beijing Paralympics: 2022.
3. Calculate her age in 2022: 2022 - 1986 = 36.

Therefore, Henrieta Farkašová was 36 years old when she won her last gold medal at the 2022 Beijing Games.

Final Answer: 36"
614,In what year did Kaija Parve-Helinurm win the most medals?,1985,skier,793,"To determine the year Kaija Parve-Helinurm won the most medals, we need to count the number of medals she won each year based on the World Championships results provided.

- 1984: 2 medals (3 × 5 km relay, 3 × 5 km relay)
- 1985: 2 medals (10 km individual, 3 × 5 km relay)
- 1986: 2 medals (5 km sprint, 3 × 5 km relay)
- 1987: 2 medals (3 × 5 km relay, 10 km individual)
- 1988: 1 medal (3 × 5 km relay)

From this breakdown, we can see that each year from 1984 to 1987 had 2 medals, while 1988 had only 1 medal. Therefore, the year she won the most medals is any of the years from 1984 to 1987.

Final Answer: 1984, 1985, 1986, or 1987"
615,How many years in a row did Kaija Parve win a gold medal in the women's biathlon?,5,skier,793,"To determine how many years in a row Kaija Parve won a gold medal in the women's biathlon, we need to examine her medal-winning performances listed in the table.

1. **1984 Chamonix**: 3 × 5 km relay (gold)
2. **1985 Egg am Etzel**: 10 km individual (gold), 3 × 5 km relay (gold)
3. **1986 Falun**: 5 km sprint (gold), 3 × 5 km relay (gold)
4. **1987 Lahti**: 3 × 5 km relay (gold)

From this sequence, we can see that Parve won gold medals in three consecutive years:
- 1984
- 1985
- 1986

There is no indication of a fourth consecutive gold medal in the provided data.

Final Answer: 3 years"
616,How old was Kaija Parve when she went to her first World Cup?,20,skier,793,"To determine how old Kaija Parve was during her first World Cup, we need to identify the year she began her World Cup career and subtract it from her birth year.

From the table, we can see that Kaija Parve's World Cup career started in 1984-88. This indicates her first season in the World Cup was 1984.

Kaija Parve was born on 14 June 1964.

Now, calculate her age in 1984:
1984 - 1964 = 20

Therefore, Kaija Parve was 20 years old when she went to her first World Cup.
Final Answer: 20"
617,How old was Kaija Parve when she won her last gold medal at the 1988 Chamonix World Championships?,24,skier,793,"To determine Kaija Parve's age when she won her last gold medal at the 1988 Chamonix World Championships, we need to follow these steps:

1. Identify the year she won her last gold medal: 1988.
2. Determine her birth year: 1964.
3. Calculate her age in 1988.

Let's do the calculation:
\[ \text{Age in 1988} = 1988 - 1964 = 24 \]

Therefore, Kaija Parve was 24 years old when she won her last gold medal at the 1988 Chamonix World Championships.

Final Answer: 24"
618,How old was Marja-Liisa Kirvesniemi when she first won an Olympic gold medal?,29,skier,804,"To determine Marja-Liisa Kirvesniemi's age when she first won an Olympic gold medal, we need to identify the earliest Olympic gold medal and calculate her age at that time.

From the information provided:
- Her birth date is 10 September 1955.
- She won her first Olympic gold medals in 1984 in Sarajevo for the 5 km, 10 km, and 20 km races.

Calculating her age in 1984:
- 1984 - 1955 = 29 years old.

Therefore, Marja-Liisa Kirvesniemi was 29 years old when she first won an Olympic gold medal.
Final Answer: 29"
619,How old was Marja-Liisa Kirvesniemi when she won her first gold medal at the 1978 World Championships?,23,skier,804,"To determine Marja-Liisa Kirvesniemi's age when she won her first gold medal at the 1978 World Championships, we need to follow these steps:

1. Identify the event where she won her first gold medal at the 1978 World Championships.
2. Calculate her age based on the year she was born and the year of the event.

From the information provided:
- She won a gold medal in the 4 × 5 km relay at the 1978 World Championships in Lahti.
- She was born on 10 September 1955.

Now, let's calculate her age:
- The event took place in 1978.
- She was born in 1955.

So, her age in 1978 would be:
\[ 1978 - 1955 = 23 \]

Therefore, Marja-Liisa Kirvesniemi was 23 years old when she won her first gold medal at the 1978 World Championships.

Final Answer: 23"
620,How old was Marja-Liisa Kirvesniemi when she got divorced?,56,skier,804,"To determine Marja-Liisa Kirvesniemi's age when she got divorced, we need to follow these steps:

1. Identify the year she got divorced: According to the table, she was married to Harri Kirvesniemi from 1984 to 2011, and they divorced in 2011.
2. Determine her birth year: From the table, she was born on 10 September 1955.
3. Calculate her age in 2011: Subtract her birth year from 2011 (2011 - 1955 = 56).

Therefore, Marja-Liisa Kirvesniemi was 56 years old when she got divorced in 2011.
Final Answer: 56"
621,How many years was Marja-Liisa Kirvesniemi married to Harri Kirvesniemi?,27,skier,804,"To determine how many years Marja-Liisa Kirvesniemi was married to Harri Kirvesniemi, we need to look at the dates of their marriage and divorce.

From the table:
- Marja-Liisa Kirvesniemi and Harri Kirvesniemi got married in 1984.
- They divorced in 2011.

Now, we calculate the duration of their marriage:
2011 - 1984 = 27 years

Therefore, Marja-Liisa Kirvesniemi was married to Harri Kirvesniemi for 27 years.

Final Answer: 27 years"
622,How many years did Melissa L. Coates work professionally?,18,body builder,806,"To determine how many years Melissa L. Coates worked professionally, we need to find the difference between her debut year and the year she retired.

From the information given:
- Debut: 2002
- Retired: 2020

Subtract the debut year from the retirement year:
2020 - 2002 = 18

Therefore, Melissa L. Coates worked professionally for 18 years.
Final Answer: 18 years"
623,How many months ago did Melissa L. Coates die?,18,body builder,806,"To determine how many months ago Melissa L. Coates died, we need to compare her death date (June 23, 2021) to the current date (December 2022).

1. Calculate the difference in months:
   - From June to December is 6 months.
   
2. Since she died on the 23rd of June and the current date is in December, we do not need to adjust for days as the full 6 months have passed.

Therefore, Melissa L. Coates died 6 months ago.
Final Answer: 6 months"
624,At what age did Melissa L. Coates retire from wrestling?,49,body builder,806,"To determine the age at which Melissa L. Coates retired from wrestling, we need to find her age when she stopped her professional career.

1. Melissa L. Coates was born on June 18, 1971.
2. She retired in 2020.
3. Calculate her age in 2020:
   - Year of birth: 1971
   - Year of retirement: 2020
   - Age = 2020 - 1971 = 49

Therefore, Melissa L. Coates was 49 years old when she retired from wrestling.
Final Answer: 49"
625,How many years after retiring did Melissa Coates pass away?,1,body builder,806,"To determine how many years after retiring Melissa Coates passed away, we need to follow these steps:

1. Identify the year she retired.
2. Identify the year she passed away.
3. Calculate the difference between these two years.

From the information provided:
- Melissa Coates retired in 2020.
- She passed away on June 23, 2021.

Now, calculate the difference:
2021 (year of death) - 2020 (year of retirement) = 1 year

Therefore, Melissa Coates passed away 1 year after retiring.
Final Answer: 1 year"
626,What age was Melissa Coates when she debuted at the IFBB Jan Tana Classic?,25,body builder,806,"To determine Melissa Coates' age when she debuted at the IFBB Jan Tana Classic, we need to identify the year of her debut and subtract it from the year of her best win.

From the information given:
- Melissa Coates' best win (and debut at the IFBB Jan Tana Classic) was in 1996.
- She was born on June 18, 1971.

Calculating her age in 1996:
1996 - 1971 = 25 years old

Therefore, Melissa Coates was 25 years old when she debuted at the IFBB Jan Tana Classic.
Final Answer: 25"
627,How many years after retiring did Melissa L. Coates die?,1,body builder,806,"To determine how many years after retiring Melissa L. Coates died, we need to find the difference between the year she died and the year she retired.

1. Identify the year Melissa L. Coates retired: According to the information provided, she retired in 2020.
2. Identify the year Melissa L. Coates died: She died on June 23, 2021.
3. Calculate the difference:
   - Year of death: 2021
   - Year of retirement: 2020
   - Difference: 2021 - 2020 = 1 year

Therefore, Melissa L. Coates died 1 year after she retired.
Final Answer: 1 year"
628,How old was Melissa L. Coates when her professional career started?,31,body builder,806,"To determine how old Melissa L. Coates was when her professional career started, we need to find the difference between the year she started her professional career and the year she was born.

From the information provided:
- Melissa L. Coates's professional wrestling career debuted in 2002.
- She was born on June 18, 1971.

Calculating the age:
2002 - 1971 = 31

Therefore, Melissa L. Coates was 31 years old when her professional career started.
Final Answer: 31"
629,How old was Ambrose Rayappan when he became Archbishop Emeritus of Pondicherry and Cuddalore?,52,christian leader,817,"To determine how old Ambrose Rayappan was when he became Archbishop Emeritus of Pondicherry and Cuddalore, we need to calculate his age based on the dates provided.

1. **Date of Appointment**: 7 August 1953
2. **Date of Birth**: 25 February 1901

First, let's calculate his age at the time of his appointment:
- He was born on 25 February 1901.
- He became Archbishop Emeritus on 7 August 1953.

We can break it down into years and months:
- From 25 February 1901 to 25 February 1953: 52 years.
- From 25 February 1953 to 7 August 1953: approximately 5 months.

So, he was 52 years and 5 months old when he became Archbishop Emeritus.

Therefore, Ambrose Rayappan was approximately 52 years old when he became Archbishop Emeritus of Pondicherry and Cuddalore.

Final Answer: 52 years old"
630,How many years after his term as Archbishop Emeritus of Pondicherry and Cuddalore did Ambrose Rayappan die?,26,christian leader,817,"To determine how many years after his term as Archbishop Emeritus of Pondicherry and Cuddalore Ambrose Rayappan died, we need to follow these steps:

1. Identify when his term ended: 17 March 1973.
2. Identify when he died: 24 November 1999.
3. Calculate the difference between these two dates.

Let's break it down:

- From 17 March 1973 to 31 December 1973: 9 months (31 - 17 = 14 days in March + 30 days in April + 31 days in May + 30 days in June + 31 days in July + 30 days in August + 31 days in September + 30 days in October + 31 days in November + 31 days in December)
- From 1 January 1974 to 24 November 1999: 25 years and 11 months (1999 - 1974 = 25 years, plus 10 months from December 1999 to November 1999)

Adding these together:
9 months + 25 years and 11 months = 26 years and 20 months

Since the question asks for the number of years, we can round this to the nearest whole number, which is 26 years.

Final Answer: 26 years"
631,How many years did Ambrose Rayappan serve as Archbishop Emeritus of Pondicherry and Cuddalore?,20,christian leader,817,"To determine how many years Ambrose Rayappan served as Archbishop Emeritus of Pondicherry and Cuddalore, we need to identify when his term ended and when he became emeritus.

From the table:
- Term ended: 17 March 1973
- He continued to be referred to as ""Archbishop Emeritus"" until his death on 24 November 1999.

The period of service as Archbishop Emeritus would be the time from his term ending until his death.

Calculating the duration:
1. From 17 March 1973 to 24 November 1999

Let's break it down:
- 1973 to 1998 = 25 years (including 1973 but not 1999)
- Add the remaining months from 17 March 1999 to 24 November 1999:
  - From 17 March to 31 December 1999 is 10 months (March + April + May + June + July + August + September + October + November + December)

So, 25 years + 10 months = 25 years and 10 months.

Final Answer: 25 years and 10 months"
632,How many years after his term ended did Ambrose Rayappan die?,26,christian leader,817,"To determine how many years after his term ended Ambrose Rayappan died, we need to find the difference between his death date and the end of his term.

From the table:
- Term ended: 17 March 1973
- Died: 24 November 1999

First, let's calculate the number of years between these dates:
- From 17 March 1973 to 17 March 1999 is exactly 26 years.
- From 17 March 1999 to 24 November 1999 is 7 months and 7 days.

Since we are looking for the number of full years, we can consider the exact years:
1973 to 1999 is 26 years.

Therefore, Ambrose Rayappan died 26 years after his term ended.
Final Answer: 26 years"
633,How old was Ambrose Rayappan when he was ordained?,22,christian leader,817,"To determine how old Ambrose Rayappan was when he was ordained, we need to calculate the difference between his ordination date and his birth date.

- Ordination date: 16 December 1923
- Birth date: 25 February 1901

First, let's break it down into years and months:
- He was ordained in 1923, which is 22 years after his birth year of 1901.

Since he was born in February and ordained in December of the same year, we can conclude that he had already celebrated his birthday that year.

Therefore, he was 22 years old when he was ordained.

Final Answer: 22"
634,How many years ago did Ambrose Rayappan die?,23,christian leader,817,"To determine how many years ago Ambrose Rayappan died, we need to calculate the difference between the current year (2022) and the year he died (1999).

1. Current year: 2022
2. Year of death: 1999
3. Calculate the difference: 2022 - 1999 = 23

Therefore, Ambrose Rayappan died 23 years ago.
Final Answer: 23 years"
635,How long in years did Ambrose Rayappan serve as Archbishop Emeritus of Pondicherry and Cuddalore from 1953?,20,christian leader,817,"To determine how long Ambrose Rayappan served as Archbishop Emeritus of Pondicherry and Cuddalore from 1953, we need to calculate the difference between his term end date and his appointment date.

1. Term ended: 17 March 1973
2. Appointed: 7 August 1953

Now, let's calculate the difference:
- From 7 August 1953 to 31 December 1953: 4 months and 24 days
- From 1 January 1954 to 31 December 1972: 20 years
- From 1 January 1973 to 17 March 1973: 2 months and 17 days

Adding these together:
- 4 months + 20 years + 2 months = 20 years and 6 months
- Subtracting the 17 days from the total does not change the full years count.

Therefore, Ambrose Rayappan served as Archbishop Emeritus of Pondicherry and Cuddalore for 20 years.

Final Answer: 20 years"
636,How old was Alojzije Mišić when he became the Bishop of Mostar-Duvno and Apostolic Administrator of Trebinje-Mrkan?,53,christian leader,824,"To determine how old Alojzije Mišić was when he became the Bishop of Mostar-Duvno and Apostolic Administrator of Trebinje-Mrkan, we need to find his birth year and compare it to the year he was appointed to this position.

From the table:
- Alojzije Mišić was born on 10 November 1859.
- He was appointed as the Bishop of Mostar-Duvno and Apostolic Administrator of Trebinje-Mrkan on 29 April 1912.

Now, let's calculate his age in 1912:
- He was born in 1859, so in 1912, he would have been 1912 - 1859 = 53 years old.

Therefore, Alojzije Mišić was 53 years old when he became the Bishop of Mostar-Duvno and Apostolic Administrator of Trebinje-Mrkan.
Final Answer: 53"
637,How many years after Alojzije Mišić was ordained did he become the Bishop of Mostar-Duvno and Apostolic Administrator of Trebinje-Mrkan?,30,christian leader,824,"To determine how many years after Alojzije Mišić was ordained he became the Bishop of Mostar-Duvno and Apostolic Administrator of Trebinje-Mrkan, we need to find the difference between his episcopal appointment date and his ordination date.

From the table:
- Ordination date: 7 July 1882
- Appointed as Bishop of Mostar-Duvno and Apostolic Administrator of Trebinje-Mrkan: 29 April 1912

Now, let's calculate the difference:
1. First, we need to convert both dates to a comparable format. Since we're only interested in the year difference, we can focus on the years.
2. The ordination year is 1882.
3. The appointment year is 1912.

Subtract the ordination year from the appointment year:
1912 - 1882 = 30

Therefore, Alojzije Mišić became the Bishop of Mostar-Duvno and Apostolic Administrator of Trebinje-Mrkan 30 years after he was ordained.
Final Answer: 30 years"
638,How many years were between Mišić's ordination and consecration?,30,christian leader,824,"To determine the number of years between Mišić's ordination and consecration, we need to find the difference between the dates of these two events.

- Priestly ordination: 7 July 1882
- Episcopal consecration: 18 June 1892

First, let's calculate the time difference in months and days:
- From 7 July 1882 to 7 July 1892 is exactly 10 years.
- From 7 July 1892 to 18 June 1892 is 11 months and 11 days.

Since the exact day of consecration is before the end of the year, we can consider it as 10 full years.

Therefore, the total number of years between Mišić's ordination and consecration is 10 years.

Final Answer: 10 years"
639,How long in years was Mišić's bishop term?,30,christian leader,824,"To determine the length of Bishop Mišić's term, we need to find the difference between the date he was installed and the date his term ended.

From the information provided:
- Installed: 14 July 1912
- Term ended: 26 March 1942

First, calculate the time from 14 July 1912 to 31 December 1912:
- From 14 July to 31 December = 5 months and 17 days

Then, calculate the time from 1 January 1942 to 26 March 1942:
- From 1 January to 26 March = 2 months and 26 days

Now, add these periods together:
- 5 months + 17 days (14 July to 31 December)
- 2 months + 26 days (1 January to 26 March)
- Total = 7 months and 43 days

Since there are 12 months in a year, we convert 7 months into years and account for the extra days:
- 7 months = 7/12 years ≈ 0.5833 years
- 43 days = 43/365 ≈ 0.1178 years

Adding these together:
- 0.5833 + 0.1178 ≈ 0.7011 years

Next, calculate the full years from 1912 to 1942:
- 1942 - 1912 = 30 years

Finally, add the fractional years to the full years:
- 30 years + 0.7011 years ≈ 30.7011 years

Rounding to the nearest whole number, Mišić's bishop term was approximately 31 years.

Final Answer: 31 years"
640,How long in years was the longest tenure of another post Mišić ever held?,10,christian leader,824,"To determine the longest tenure of another post Mišić held, we need to examine the duration of each of his posts:
1. Provincial of the Franciscan Province of Bosnia (1909-12): 3 years
2. President of the Franciscan residence in Visoko (1907-09): 2 years
3. Parish priest in Bihać (1894-1904): 10 years
4. Guardian of the Franciscan friary in Petrićevac (1891-94; 1904-07): 6 years total, but we consider the individual periods 3 years each
5. General Vicar of Banja Luka (1884-91): 7 years
6. Secretary of the Bishop of Banja Luka (1884-91): 7 years

The longest tenure among these posts is 10 years, which corresponds to his role as Parish priest in Bihać.
Final Answer: 10"
641,How old was Alojzije Mišić when he was consecrated?,52,christian leader,824,"To determine how old Alojzije Mišić was when he was consecrated, we need to find the difference between his birth year and the year of his consecration.

From the information given:
- Alojzije Mišić was born on 10 November 1859.
- He was consecrated on 18 June 1892.

First, calculate the age if both events occurred in the same year:
- Born in 1859, so at the end of 1891, he would be 32 years old.

Since the consecration happened in early 1892, he would have turned 32 before reaching 33.

Therefore, Alojzije Mišić was 32 years old when he was consecrated.
Final Answer: 32"
642,How long in years did Alojzije Mišić serve as the Bishop of Mostar-Duvno?,30,christian leader,824,"To determine how long Alojzije Mišić served as the Bishop of Mostar-Duvno, we need to look at the dates he was appointed and when his term ended.

- Appointed as Bishop of Mostar-Duvno: 29 April 1912
- Term ended: 26 March 1942

Now, we calculate the difference between these two dates:
- From 29 April 1912 to 26 March 1942

First, let's break it down by years:
- From 1912 to 1941 = 29 years
- From 26 March 1942 to 26 March 1942 = 0 years (since his term ended on the same date)

So, the total period is 29 years.

Final Answer: 29 years"
643,How long in years was Alojzije Mišić the Bishop of Mostar-Duvno and Apostolic Administrator of Trebinje-Mrkan?,30,christian leader,824,"To determine how long Alojzije Mišić served as the Bishop of Mostar-Duvno and Apostolic Administrator of Trebinje-Mrkan, we need to look at the dates provided for his appointment and term end.

- Appointed: 29 April 1912
- Term ended: 26 March 1942

Now, let's calculate the duration:

1. From 29 April 1912 to 26 March 1942:
   - From 29 April 1912 to 31 December 1912 = 8 months and 3 days
   - From 1 January 1913 to 31 December 1941 = 30 years
   - From 1 January 1942 to 26 March 1942 = 2 months and 26 days

Adding these up:
8 months + 3 days + 30 years + 2 months + 26 days = 30 years + 10 months + 29 days

Since we are asked for the duration in years, we can round this to 30 years.

Final Answer: 30 years"
644,How many years after Alphonse Gallegos's ordination was his consecration?,23,christian leader,829,"To determine how many years after Alphonse Gallegos's ordination his consecration took place, we need to calculate the difference between the years of his ordination and consecration.

1. Ordination year: 1958
2. Consecration year: 1981

Difference: 1981 - 1958 = 23 years

Therefore, Alphonse Gallegos's consecration occurred 23 years after his ordination.
Final Answer: 23 years"
645,How old was Alphonse Gallegos when he became Auxiliary Bishop of Sacramento?,50,christian leader,829,"To determine how old Alphonse Gallegos was when he became Auxiliary Bishop of Sacramento, we need to find the year he was appointed as Auxiliary Bishop and subtract it from the year he was born.

From the table:
- Alphonse Gallegos was born on 20 February 1931.
- He was appointed Auxiliary Bishop of Sacramento on 24 August 1981.

Calculating the age:
- He was born in 1931.
- He was appointed in 1981.

Subtracting the birth year from the appointment year:
1981 - 1931 = 50

Therefore, Alphonse Gallegos was 50 years old when he became Auxiliary Bishop of Sacramento.
Final Answer: 50"
646,How old was Alphonse Gallegos when he was ordained?,27,christian leader,829,"To determine how old Alphonse Gallegos was when he was ordained, we need to find the difference between his birth year and the year of his ordination.

From the information provided:
- Born: 20 February 1931
- Ordination: 24 May 1958

Calculating the age:
1. First, we see that both dates are in the same century, so we can focus on the years: 1931 and 1958.
2. Subtract the birth year from the ordination year: 1958 - 1931 = 27.
3. Since the ordination date (24 May) comes after his birthday (20 February), he had already turned 27 by the time of his ordination.

Therefore, Alphonse Gallegos was 27 years old when he was ordained.
Final Answer: 27"
647,How many years before Alphonse Gallegos died was he consecrated?,10,christian leader,829,"To determine how many years before Alphonse Gallegos died he was consecrated, we need to find the difference between the year of his death and the year he was consecrated.

From the information given:
- Alphonse Gallegos died on 6 October 1991.
- He was consecrated on 4 November 1981.

First, let's identify the relevant years:
- Year of death: 1991
- Year of consecration: 1981

Now, calculate the difference:
1991 - 1981 = 10 years

Therefore, Alphonse Gallegos was consecrated 10 years before he died.
Final Answer: 10 years"
648,For how many years was Alphonse Gallegos both Auxiliary Bishop of Sacramento and Titular Bishop of Sasabe?,10,christian leader,829,"To determine how many years Alphonse Gallegos served as both Auxiliary Bishop of Sacramento and Titular Bishop of Sasabe, we need to look at the dates for each role.

From the information provided:
- Gallegos was appointed as Auxiliary Bishop of Sacramento on 24 August 1981.
- His term ended on 6 October 1991.
- He was also consecrated as Titular Bishop of Sasabe on 4 November 1981.

Since both roles were concurrent, we can find the overlap by looking at the end date of his term as Auxiliary Bishop, which is 6 October 1991.

Therefore, Alphonse Gallegos held both positions for the period from 24 August 1981 to 6 October 1991.

To calculate the duration:
- From 24 August 1981 to 6 October 1991, we have to count the full years plus the partial year.
- Full years: 1981 to 1990 = 10 years.
- Partial year: From 24 August 1991 to 6 October 1991, which is about 1 month or approximately 1/12 of a year.

Thus, the total duration is 10 years and a little over one month.

Final Answer: 10 years (approximately)"
649,How long in years did Alphonse Gallegos serve as Auxiliary Bishop of Sacramento?,10,christian leader,829,"To determine how long Alphonse Gallegos served as Auxiliary Bishop of Sacramento, we need to identify the dates of his appointment and term end. From the information provided:
- Appointed as Auxiliary Bishop of Sacramento: 24 August 1981
- Term ended: 6 October 1991

Now, let's calculate the duration:
1. Calculate the difference in months and days:
   - From 24 August 1981 to 31 August 1981: 7 days remaining in August
   - Full years: 1981 to 1990 = 9 full years
   - From 1 September 1990 to 6 October 1991: 1 month and 6 days

2. Convert everything into years:
   - 9 full years + 1 month and 6 days

Since the question asks for the duration in years, we focus on the full years:
- 9 years

Therefore, Alphonse Gallegos served as Auxiliary Bishop of Sacramento for 9 years.
Final Answer: 9 years"
650,"How many years ago did Alphonse Gallegos die in Sacramento, California, United States?",31,christian leader,829,"To determine how many years ago Alphonse Gallegos died, we need to compare his death date with the current date, which is December 2022.

From the information given:
- Alphonse Gallegos died on October 6, 1991.
- The current year is 2022.

We calculate the difference in years between 2022 and 1991:
2022 - 1991 = 31

Therefore, Alphonse Gallegos died 31 years ago.
Final Answer: 31 years ago"
651,How old was Alphonse Gallegos when he was appointed Auxiliary Bishop of Sacramento in 1981?,50,christian leader,829,"To determine Alphonse Gallegos's age when he was appointed Auxiliary Bishop of Sacramento in 1981, we need to calculate the difference between 1981 and his birth year, 1931.

1. Birth year: 1931
2. Year of appointment: 1981
3. Age calculation: 1981 - 1931 = 50 years old

Therefore, Alphonse Gallegos was 50 years old when he was appointed Auxiliary Bishop of Sacramento in 1981.
Final Answer: 50"
652,How long in years did Alphonse Gallegos serve as Auxiliary Bishop of Sacramento?,10,christian leader,829,"From the information provided in the table, Alphonse Gallegos was appointed as Venerable and served as Titular Bishop of Sasabe from 1981 to 1991. However, it is mentioned that he was also an Auxiliary Bishop of Sacramento during this period. His term ended on 6 October 1991. Given that he was appointed in 1981, we can calculate the duration of his service as Auxiliary Bishop of Sacramento as follows:
1991 - 1981 = 10 years
Final Answer: 10 years"
653,How old was Alessandro Riguccini when he began his career in 1999?,11,martial artist,840,"To determine how old Alessandro Riguccini was when he began his career in 1999, we need to calculate the difference between the year he started his professional career and the year of his birth.

From the information given:
- Alessandro Riguccini was born on 25 March 1988.
- His years active in professional boxing started in 1999.

Calculating the age:
- In 1999, he would have turned 11 years old on 25 March 1999.

Therefore, Alessandro Riguccini was 11 years old when he began his career in 1999.
Final Answer: 11"
654,How many years has Alessandro Riguccini been active in his career?,23,martial artist,840,"To determine how many years Alessandro Riguccini has been active in his career, we need to look at the years mentioned in the ""Years active"" section of the table.

The table states:
Years active: 1999-present

Since the current year is 2022, we can calculate the number of years active as follows:
2022 - 1999 = 23 years

Therefore, Alessandro Riguccini has been active in his career for 23 years.
Final Answer: 23 years"
655,How long in years was Alessandro Riguccini with his second team?,2,martial artist,840,"To determine how long Alessandro Riguccini was with his second team, we need to identify when he joined and left that team.

From the table:
- His second team is listed as X1 Boxing (2011-2012).

This indicates he was with X1 Boxing from 2011 to 2012. 

To calculate the duration:
- Start year: 2011
- End year: 2012

2012 - 2011 = 1 year

Therefore, Alessandro Riguccini was with his second team for 1 year.
Final Answer: 1 year"
656,How many years after becoming active did Riguccini join Zanfer Promotions?,13,martial artist,840,"To determine how many years after becoming active Riguccini joined Zanfer Promotions, we need to follow these steps:

1. Identify when Riguccini became active: According to the table, his years active are listed as ""1999-present"".
2. Identify when he joined Zanfer Promotions: The table states under ""Team"" that Zanfer Promotions is listed as ""2012−present"".
3. Calculate the difference between these two dates: 
   - Riguccini became active in 1999.
   - He joined Zanfer Promotions in 2012.
   - The difference is 2012 - 1999 = 13 years.

Final Answer: 13 years"
657,How old was Riguccini when he became active as a fighter?,11,martial artist,840,"To determine how old Alessandro Riguccini was when he became active as a fighter, we need to find the difference between his birth year and the year he started fighting professionally.

From the table:
- Born: 25 March 1988
- Years active: 1999-present

Calculating the age in 1999:
1999 - 1988 = 11 years old

Therefore, Alessandro Riguccini was 11 years old when he became active as a fighter.
Final Answer: 11 years old"
658,How many years has it been since Bustamante last fought?,10,martial artist,849,"To determine how many years have passed since Murilo Bustamante's last fight, we need to look at his last MMA appearance and compare it to the current year (December 2022).

From the table:
- Years active in MMA: 1991-2012

His last MMA appearance was in 2012. 

Calculating the difference between 2012 and 2022:
2022 - 2012 = 10 years

Final Answer: 10 years"
659,How many years was Murilo Bustamante active in MMA?,21,martial artist,849,"To determine how many years Murilo Bustamante was active in MMA, we need to look at the ""Years active"" row in the table. According to the table, his years active span from 1991 to 2012.

To calculate the duration:
2012 (last year) - 1991 (first year) = 21 years

Final Answer: 21 years"
660,What was Murilo Bustamante's age when he attended the Brazilian National Championship for the first time?,30,martial artist,849,"To determine Murilo Bustamante's age when he first attended the Brazilian National Championship, we need to identify the earliest year he participated in this championship based on the provided information.

From the Brazilian National Championship records:
- 1999: Gold medal in Absolute division
- 1998: Bronze medal in -94kg division and Bronze medal in Absolute division
- 1996: Silver medal in -94kg division

The earliest year he participated in the Brazilian National Championship is 1996.

Now, we calculate his age in 1996:
- Born on 30 July 1966
- Participated in the championship in 1996

Age in 1996 = 1996 - 1966 = 30 years old

Therefore, Murilo Bustamante was 30 years old when he first attended the Brazilian National Championship.
Final Answer: 30"
661,How old was Murilo Bustamante when he won the gold medal at the 1999 Brazilian National Championship?,33,martial artist,849,"To determine Murilo Bustamante's age when he won the gold medal at the 1999 Brazilian National Championship, we need to follow these steps:

1. Identify the relevant information: The table shows that Bustamante won a gold medal at the 1999 Brazilian National Championship in the Absolute category.

2. Determine his birth year: According to the table, Murilo Bustamante was born on 30 July 1966.

3. Calculate his age in 1999:
   - Current date is considered December 2022.
   - In 1999, Bustamante would have been 33 years old (since 1999 - 1966 = 33).

Therefore, Murilo Bustamante was 33 years old when he won the gold medal at the 1999 Brazilian National Championship.
Final Answer: 33"
662,How old was Murilo Bustamante when he began his MMA career?,25,martial artist,849,"To determine how old Murilo Bustamante was when he began his MMA career, we need to calculate the difference between the year he started his MMA career and the year he was born.

From the table:
- Years active in MMA: 1991-2012
- Born: July 30, 1966

Subtracting the birth year from the start year of his MMA career:
1991 - 1966 = 25

Therefore, Murilo Bustamante was 25 years old when he began his MMA career.
Final Answer: 25"
663,How many years was Murilo Bustamante active in his MMA career?,21,martial artist,849,"To determine how many years Murilo Bustamante was active in his MMA career, we need to look at the ""Years active"" row in the table. According to the table, his MMA career spanned from 1991 to 2012.

Now, let's calculate the duration:
2012 - 1991 = 21 years

Therefore, Murilo Bustamante was active in his MMA career for 21 years.
Final Answer: 21 years"
664,How old was Mohammad Yamin when he took office as the 6th Minister of Law?,47,office holder,861,"To determine how old Mohammad Yamin was when he took office as the 6th Minister of Law, we need to follow these steps:

1. Identify the dates relevant to his age:
   - Date of birth: 24 August 1903
   - Start date of office as 6th Minister of Law: 27 April 1951

2. Calculate his age:
   - He was born on 24 August 1903.
   - He started his term on 27 April 1951.
   - From 24 August 1903 to 24 August 1951, he would have turned 48.
   - He would have turned 49 on 27 April 1951, which is within the same year as his appointment.

Therefore, Mohammad Yamin was 49 years old when he took office as the 6th Minister of Law.
Final Answer: 49"
665,How many years longer was Yamin in office as the 8th Minister of National Education than as the 6th Minister of Law?,1,office holder,861,"To determine how many years longer Mohammad Yamin was in office as the 8th Minister of National Education compared to his tenure as the 6th Minister of Law, we need to calculate the duration of each term and then find the difference.

First, let's calculate the duration of his term as the 6th Minister of Law:
- In office: 27 April 1951 - 3 April 1952
- Duration: 3 April 1952 - 27 April 1951 = 1 year

Next, let's calculate the duration of his term as the 8th Minister of National Education:
- In office: 30 July 1953 - 12 August 1955
- Duration: 12 August 1955 - 30 July 1953 = 2 years

Now, we find the difference between the two durations:
- Difference: 2 years - 1 year = 1 year

Therefore, Yamin was in office for 1 year longer as the 8th Minister of National Education than as the 6th Minister of Law.

Final Answer: 1 year"
666,How many years after leaving office as the 8th Minister of National Education did Yamin take office as the 14th Minister of Information?,7,office holder,861,"To determine how many years after leaving office as the 8th Minister of National Education Yamin took office as the 14th Minister of Information, we need to calculate the time difference between his end date at the 8th Minister of National Education and his start date at the 14th Minister of Information.

1. End date of the 8th Minister of National Education: 12 August 1955
2. Start date of the 14th Minister of Information: 6 March 1962

Next, we calculate the time difference:
- From 12 August 1955 to 31 December 1955: 4 months and 19 days
- From 1 January 1956 to 31 December 1956: 1 year
- From 1 January 1957 to 5 March 1962: 1 year and 2 months and 4 days

Adding these together:
4 months and 19 days + 1 year + 1 year and 2 months and 4 days = 2 years and 6 months and 23 days

Since the question asks for the number of years, we can round this to 2 years.

Final Answer: 2 years"
667,How many years did Mohammad Yamin serve as Minister of National Education?,2,office holder,861,"To determine how many years Mohammad Yamin served as Minister of National Education, we need to look at the dates he was in office for this role. According to the information provided:

In office | 30 July 1953 - 12 August 1955

Now, let's calculate the duration:
From 30 July 1953 to 12 August 1953 is 12 days.
From 12 August 1953 to 12 August 1955 is 2 years.

Adding these together:
12 days + 2 years = 2 years and 12 days

Since the question asks for the number of years, we can round this to 2 years.

Final Answer: 2 years"
668,How old was Mohammad Yamin when he became Minister of National Education in 1953?,50,office holder,861,"To determine how old Mohammad Yamin was when he became Minister of National Education in 1953, we need to calculate the difference between the year 1953 and his birth year, 1903.

1. Birth year: 1903
2. Year he became Minister of National Education: 1953
3. Age calculation: 1953 - 1903 = 50 years old

Therefore, Mohammad Yamin was 50 years old when he became Minister of National Education in 1953.
Final Answer: 50 years old"
669,How old was Mohammad Yamin when he became Minister of Information?,59,office holder,861,"To determine how old Mohammad Yamin was when he became Minister of Information, we need to calculate the difference between his birth year and the year he took office as Minister of Information.

From the information provided:
- Mohammad Yamin was born on 24 August 1903.
- He served as the 14th Minister of Information from 6 March 1962 to 17 October 1962.

Now, let's calculate his age in 1962:
- His birth year is 1903.
- The year he became Minister of Information is 1962.

Subtracting his birth year from the year he took office:
1962 - 1903 = 59

Therefore, Mohammad Yamin was 59 years old when he became Minister of Information.
Final Answer: 59"
670,How long in years was Arnold Schwarzenegger the governor of California?,7,body builder,866,"Arnold Schwarzenegger served as the Governor of California from November 17, 2003, to January 3, 2011. To find out how long he served, we need to calculate the difference between these two dates.

From November 17, 2003, to January 3, 2011:
- From November 17, 2003, to December 31, 2003: 1 + 31 - 17 = 25 days
- Full years from 2004 to 2010: 2010 - 2004 + 1 = 7 years
- From January 1, 2011, to January 3, 2011: 2 days

Adding these together:
25 days (in 2003) + 7 years + 2 days (in 2011) = 7 years

Therefore, Arnold Schwarzenegger served as the Governor of California for 7 years.
Final Answer: 7 years"
671,How old was Arnold Schwarzenegger when he got married?,39,body builder,866,"To determine Arnold Schwarzenegger's age when he got married, we need to find the year he got married and subtract it from his birth year.

From the table:
- Arnold Schwarzenegger was born on July 30, 1947.
- He married Maria Shriver in 1986.

Now, calculate the age:
1986 (year of marriage) - 1947 (birth year) = 39 years old.

Therefore, Arnold Schwarzenegger was 39 years old when he got married.
Final Answer: 39"
672,How long in years was Arnold Schwarzenegger married?,35,body builder,866,"Arnold Schwarzenegger was married to Maria Shriver from 1986 until their divorce in 2021. To calculate the duration of their marriage, we subtract the year they got married from the year they divorced: 2021 - 1986 = 35 years.
Final Answer: 35 years"
673,How long in years did Arnold Schwarzenegger work as Governor of California?,7,body builder,866,"Arnold Schwarzenegger served as the Governor of California from November 17, 2003, to January 3, 2011. To calculate the duration of his term in years, we subtract the start year from the end year:
2011 - 2003 = 8 years.

Therefore, Arnold Schwarzenegger worked as Governor of California for 8 years.
Final Answer: 8 years"
674,How many years ago did Arnold Schwarzenegger serve in the military?,57,body builder,866,"Arnold Schwarzenegger served in the military from 1965 until his departure, which is mentioned as 1965. Given the current date is December 2022, we can calculate the number of years he served by subtracting the year he started from the current year.
2022 - 1965 = 57 years
However, since he would have only served up to but not including the current year, we need to confirm if he had already completed his service before 1965 ended. Typically, military service is for a specific term, and without exact end date, we'll assume it was completed by the end of 1965.
Final Answer: 57 years ago"
675,How long in years was Richard Caswell married to his wife?,5,politician,904,"To determine how long Richard Caswell was married to his first wife, Mary Mackilwean, we need to look at the dates provided in the table. According to the ""Personal details"" section, he married Mary Mackilwean in 1752 and she died in 1757. 

We can calculate the duration of their marriage by subtracting the year of their marriage from the year of her death:
1757 (year of death) - 1752 (year of marriage) = 5 years

Therefore, Richard Caswell was married to his first wife, Mary Mackilwean, for 5 years.
Final Answer: 5 years"
676,How many years longer was Caswell's term as the 1st Governor of North Carolina than his term as the 2nd Grand Master of the Masons of North Carolina?,3,politician,904,"To find how many years longer Caswell's term as the 1st Governor of North Carolina was compared to his term as the 2nd Grand Master of the Masons of North Carolina, we need to determine the duration of each term.

For the 1st Governor of North Carolina:
- In office: November 12, 1776 - April 20, 1780
Duration: 1780 - 1776 = 4 years

For the 2nd Grand Master of the Masons of North Carolina:
- In office: 1788 - 1789
Duration: 1789 - 1788 = 1 year

Now, we calculate the difference in duration:
4 years (as Governor) - 1 year (as Grand Master) = 3 years

Therefore, Caswell's term as the 1st Governor of North Carolina was 3 years longer than his term as the 2nd Grand Master of the Masons of North Carolina.

Final Answer: 3 years"
677,How old was Richard Caswell when he married Sarah Herritage?,29,politician,904,"To determine how old Richard Caswell was when he married Sarah Herritage, we need to calculate the age difference between his birth year and the year they got married.

1. Richard Caswell's birth year: 1729
2. Year of marriage to Sarah Herritage: 1758

Now, subtract the birth year from the year of marriage:
\[ 1758 - 1729 = 29 \]

Therefore, Richard Caswell was 29 years old when he married Sarah Herritage.
Final Answer: 29"
678,How old was Richard Caswell when he got married?,23,politician,904,"To determine how old Richard Caswell was when he got married, we need to look at the dates provided in the ""Personal details"" section.

1. Richard Caswell was born on August 3, 1729.
2. He married Mary Mackilwean in 1752.

Next, we calculate his age in 1752:
- 1752 - 1729 = 23

Therefore, Richard Caswell was 23 years old when he got married to Mary Mackilwean.

Richard Caswell also married Sarah Herritage in 1758, but since the question does not specify which marriage it refers to, we can conclude based on the first marriage.

Final Answer: Richard Caswell was 23 years old when he got married."
679,How many years after the death of his first wife did Caswell die?,32,politician,904,"To determine how many years after the death of his first wife Mary Mackilwean, Richard Caswell died, we need to find the difference between the year of Mary's death and the year of Richard's death.

From the information given:
- Mary Mackilwean died in 1757.
- Richard Caswell died in 1789.

Now, calculate the difference:
1789 (Caswell's death year) - 1757 (Mary's death year) = 32 years.

Therefore, Richard Caswell died 32 years after the death of his first wife, Mary Mackilwean.
Final Answer: 32 years"
680,In what year did Richard Caswell get into politics?,1776,politician,904,"Based on the information provided in the table, Richard Caswell served as the 1st Governor of North Carolina from November 12, 1776, to April 20, 1780. This indicates that he entered politics in 1776 when he took office as the first governor of North Carolina.

Final Answer: 1776"
681,What year did Aslam Watanjar begin serving as Minister of Communications?,1980,office holder,913,"To determine when Aslam Watanjar began serving as Minister of Communications, we need to look at the information provided in the table. 

From the table, we can see the following relevant entries:
- ""Minister of Communications"" with the term of office listed as ""In office | 10 January 1980 - 1988""

Therefore, Aslam Watanjar began serving as Minister of Communications on 10 January 1980.
Final Answer: 1980"
682,How old was Aslam Watanjar when he stopped serving in the Afghanistan Army?,46,office holder,913,"To determine how old Aslam Watanjar was when he stopped serving in the Afghanistan Army, we need to follow these steps:

1. Identify the start year of his military service: 1967
2. Identify the end year of his military service: 1992
3. Calculate the difference between the end year and the start year: 1992 - 1967 = 25 years
4. Determine his age at the start of his military service: Born in 1946, so he would have been 21 years old in 1967
5. Add the duration of his service to his age at the start: 21 + 25 = 46 years old

Therefore, Aslam Watanjar was 46 years old when he stopped serving in the Afghanistan Army.
Final Answer: 46"
683,How many years did Aslam Watanjar serve in the military?,25,office holder,913,"To determine how many years Aslam Watanjar served in the military, we need to look at the ""Years of service"" information provided in the table.

According to the table, Aslam Watanjar's years of service were listed as 1967-1992.

To calculate the duration:
1. Identify the start year: 1967
2. Identify the end year: 1992
3. Subtract the start year from the end year: 1992 - 1967 = 25 years

Therefore, Aslam Watanjar served in the military for 25 years.
Final Answer: 25 years"
684,How old was Aslam Watanjar when he took office as the Minister of Defence?,44,office holder,913,"To determine how old Aslam Watanjar was when he took office as the Minister of Defence, we need to follow these steps:

1. Identify the dates when Aslam Watanjar served as Minister of Defence:
   - In office: 6 March 1990 - April 1992

2. Determine his birth year:
   - Born: 1946

3. Calculate his age in 1990:
   - 1990 - 1946 = 44 years old

Therefore, Aslam Watanjar was 44 years old when he took office as the Minister of Defence.
Final Answer: 44 years old"
685,How many years was Aslam Watanjar Minister of Defense?,2,office holder,913,"To determine how many years Aslam Watanjar was Minister of Defense, we need to look at the dates he held this position. According to the table, Aslam Watanjar served as Minister of Defense from 6 March 1990 to April 1992.

Now, let's calculate the duration:
- From 6 March 1990 to 31 March 1990: 1 month
- From 1 April 1990 to 30 April 1990: 1 month

Adding these months together:
1 + 1 = 2 months

Since the period ends in April 1992 but does not specify the exact end date, we can assume it ended in 1992. Therefore, the total duration is 2 years.

Final Answer: 2 years"
686,How many years longer was Watanjar's third term as Minister of Internal Affairs than his first term?,1,office holder,913,"To determine how many years longer Watanjar's third term as Minister of Internal Affairs was compared to his first term, we need to calculate the duration of each term.

First term as Minister of Internal Affairs:
- In office: 15 November 1988 - 6 March 1990
Duration: 6 months (from November 1988 to March 1990)

Third term as Minister of Internal Affairs:
- In office: 8 July 1978 - 1979
Duration: 1 year (from July 1978 to June 1979, assuming the term ended before July 1979)

Now, let's compare the durations:
- Third term duration: 1 year
- First term duration: 6 months

Difference in duration: 1 year - 6 months = 6 months

Therefore, Watanjar's third term as Minister of Internal Affairs was 6 months longer than his first term.
Final Answer: 6 months"
687,How many years after beginning his military service did Watanjar first take office as Minister of Communications?,11,office holder,913,"To determine how many years after beginning his military service Aslam Watanjar first took office as Minister of Communications, we need to follow these steps:

1. Identify when Watanjar began his military service: 1967.
2. Identify when he first took office as Minister of Communications: 1980.
3. Calculate the difference between these two years.

1980 (year he became Minister of Communications) - 1967 (year he began military service) = 13 years.

Final Answer: 13 years"
688,How old was Watanjar when he took office as Minister of Defence?,44,office holder,913,"To determine Aslam Watanjar's age when he took office as Minister of Defence, we need to follow these steps:

1. Identify the dates when Watanjar held the position of Minister of Defence:
   - In office: 6 March 1990 - April 1992

2. Determine his birth year:
   - Born: 1946

3. Calculate his age during his term as Minister of Defence:
   - For the start date (6 March 1990):
     1990 - 1946 = 44 years old
   - For the end date (April 1992):
     1992 - 1946 = 46 years old

Since the question asks for his age when he took office, we use the start date of his term, which is 6 March 1990.

Therefore, Aslam Watanjar was 44 years old when he took office as Minister of Defence.
Final Answer: 44"
689,How old was Theo Bot when he last served as Permanent Representative of the Netherlands to the IAEA?,65,person,915,"To determine how old Theo Bot was when he last served as Permanent Representative of the Netherlands to the IAEA, we need to follow these steps:

1. Identify the dates of his permanent representative position:
   - In office: 1 July 1973 - 1 August 1976

2. Determine his age at the start of this position:
   - Born: 20 July 1911
   - Start of permanent representative position: 1 July 1973
   - Age calculation: 1973 - 1911 = 62 years old

Therefore, Theo Bot was 62 years old when he last served as Permanent Representative of the Netherlands to the IAEA.
Final Answer: 62 years old"
690,How old was Theo Bot when he married Elisabeth van Hal?,25,person,915,"To determine how old Theo Bot was when he married Elisabeth van Hal, we need to calculate the difference between his birth year and the year he got married.

From the information provided:
- Theo Bot was born on 20 July 1911.
- He married Elisabeth van Hal in 1936.

Calculating the age:
1936 (year of marriage) - 1911 (birth year) = 25 years old.

Therefore, Theo Bot was 25 years old when he married Elisabeth van Hal.
Final Answer: 25 years old"
691,How many years did Theo Bot serve as Ambassador of the Netherlands to Austria?,3,person,915,"To determine how many years Theo Bot served as Ambassador of the Netherlands to Austria, we need to look at the dates he was in office for this role.

From the information provided:
- In office: 17 January 1968 - 1 July 1973

Calculating the duration:
- From 17 January 1968 to 1 July 1973
- This spans 5 years and 5 months.

Final Answer: 5 years and 5 months"
692,How many years after his son Ben's birth did Bot take office as State Secretary for the Interior?,22,person,915,"To determine how many years after his son Ben's birth Bot took office as State Secretary for the Interior, we need to follow these steps:

1. Identify the year Ben Bot was born: 1937.
2. Determine the year Theo Bot took office as State Secretary for the Interior: 1959.
3. Calculate the difference between these two years.

1959 (year of office) - 1937 (year of Ben's birth) = 22 years.

Therefore, Theo Bot took office as State Secretary for the Interior 22 years after his son Ben was born.
Final Answer: 22 years"
693,How old was Theo Bot when he first served in active duty in the East Indies Army?,29,person,915,"To determine Theo Bot's age when he first served in active duty in the East Indies Army, we need to follow these steps:

1. Identify the year he started active duty: 1940-1942.
2. Determine his birth year: 1911.
3. Calculate his age in 1940.

By subtracting his birth year from the start year of his active duty:
1940 - 1911 = 29

Therefore, Theo Bot was 29 years old when he first served in active duty in the East Indies Army.
Final Answer: 29"
694,"How many years longer was Theo Bot in office as Ambassador of the Netherlands to Canada than as Minister of Education, Arts and Sciences?",3,person,915,"To determine how many years longer Theo Bot was in office as Ambassador of the Netherlands to Canada compared to his time as Minister of Education, Arts and Sciences, we need to calculate the duration of each role and then find the difference.

1. **Duration as Minister of Education, Arts and Sciences:**
   - In office: 24 July 1963 - 14 April 1965
   - Duration = 1965 - 1963 = 2 years (since 1963 includes the start date and 1965 includes the end date)

2. **Duration as Ambassador of the Netherlands to Canada:**
   - In office: 17 January 1968 - 1 July 1973
   - Duration = 1973 - 1968 + 1 (to include both the start and end years) = 5 + 1 = 6 years

3. **Difference in duration:**
   - Difference = 6 years (Ambassador) - 2 years (Minister) = 4 years

Therefore, Theo Bot was in office as Ambassador of the Netherlands to Canada 4 years longer than as Minister of Education, Arts and Sciences.

Final Answer: 4 years"
695,How many years was Theo Bot in the Reserve before going to active duty?,4,person,915,"To determine how many years Theo Bot was in the Reserve before going to active duty, we need to look at the years of service provided in the table.

The years of service are listed as:
- 1936-1940 (Reserve)
- 1940-1942 (Active duty)

The period in the Reserve is from 1936 to 1940. This is a span of 4 years.

Final Answer: 4 years"
696,How many months was Theo Bot Ambassador to Austria?,37,person,915,"To determine how many months Theo Bot served as Ambassador to Austria, we need to look at the dates provided in his career timeline. According to the information given:

- He served as Ambassador of the Netherlands to Austria from 17 January 1968 to 1 July 1973.

Now, let's calculate the duration:

1. From 17 January 1968 to 31 January 1968: 1 month
2. February 1968: 1 month
3. March 1968: 1 month
4. April 1968: 1 month
5. May 1968: 1 month
6. June 1968: 1 month
7. July 1968: 1 month (up to 1 July, inclusive)

Adding these up: 1 + 1 + 1 + 1 + 1 + 1 + 1 = 7 months

Therefore, Theo Bot served as Ambassador to Austria for 7 months.
Final Answer: 7 months"
697,At what age did Theo Bot become Ambassador to Canada?,56,person,915,"To determine the age at which Theo Bot became Ambassador to Canada, we need to find the relevant information in the table and calculate his age based on the dates provided.

From the table:
- Theo Bot was born on 20 July 1911.
- He served as Ambassador to Canada from 17 January 1968 to 1 July 1973.

First, let's calculate the age in 1968 when he became Ambassador to Canada:
- He was born in 1911.
- In 1968, he would be 1968 - 1911 = 57 years old.

Therefore, Theo Bot became Ambassador to Canada at the age of 57.

Final Answer: 57"
698,How many years longer was Mohammad-Ali Foroughi's second term as 22nd Prime Minister of Iran than his first term?,1,office holder,928,"To determine how many years longer Mohammad-Ali Foroughi's second term as 22nd Prime Minister of Iran was compared to his first term, we need to calculate the duration of each term and then find the difference.

First, let's calculate the duration of his first term:
- Start date: 18 September 1933
- End date: 3 December 1935

Duration of the first term:
\[ \text{Duration} = (3 \text{ December 1935}) - (18 \text{ September 1933}) \]

Converting both dates to the same format (e.g., days since a common reference point):
- 18 September 1933 = 284 days in 1933
- 3 December 1935 = 335 days in 1935

\[ \text{Duration} = 335 - 284 = 51 \text{ days} \]

Next, let's calculate the duration of his second term:
- Start date: 27 August 1941
- End date: 9 March 1942

Duration of the second term:
\[ \text{Duration} = (9 \text{ March 1942}) - (27 \text{ August 1941}) \]

Converting both dates to the same format:
- 27 August 1941 = 238 days in 1941
- 9 March 1942 = 69 days in 1942

\[ \text{Duration} = 69 - 238 + 365 = 236 \text{ days} \]

Now, we find the difference between the durations of the two terms:
\[ \text{Difference} = 236 \text{ days} - 51 \text{ days} = 185 \text{ days} \]

To convert this difference into years:
\[ \frac{185 \text{ days}}{365 \text{ days/year}} \approx 0.507 \text{ years} \]

Therefore, Mohammad-Ali Foroughi's second term as 22nd Prime Minister of Iran was approximately 0.507 years longer than his first term.

"
699,How old was Mohammad-Ali Foroughi the year he took office as Minister of Justice?,36,office holder,928,"To determine Mohammad-Ali Foroughi's age when he took office as Minister of Justice, we need to follow these steps:

1. Identify the date he took office as Minister of Justice.
2. Calculate his age based on that date and his birth year.

From the table, we can see that Foroughi served as Minister of Justice from 3 June 1913 to 6 December 1914. We will use the start date of his term, 3 June 1913, for the calculation.

Foroughi was born on early August 1877. We'll consider the first day of August 1877 as his birth date for simplicity.

Now, let's calculate his age:
- In 1913, Foroughi would have turned 36 years old by 3 June 1913 because he was born in 1877.

Therefore, Mohammad-Ali Foroughi was 36 years old when he took office as Minister of Justice.
Final Answer: 36"
700,How many years was Mohammad-Ali Foroughi a member of the Parliament of Iran?,12,office holder,928,"To determine how many years Mohammad-Ali Foroughi was a member of the Parliament of Iran, we need to look at the dates provided in the table under ""Member of the Parliament of Iran"".

The table states:
- In office: 19 November 1909 - 3 August 1921

Calculating the duration:
- Start date: 19 November 1909
- End date: 3 August 1921

To find the difference, we can break it down into years and months:
- From 19 November 1909 to 31 December 1909 = 2 months
- Full years from 1910 to 1920 = 10 years
- From 1 January 1921 to 3 August 1921 = 7 months

Adding these together:
2 months + 10 years + 7 months = 10 years and 9 months

Therefore, Mohammad-Ali Foroughi was a member of the Parliament of Iran for 10 years and 9 months.
Final Answer: 10 years and 9 months"
701,How old was Mohammad-Ali Foroughi when he became a member of the Parliament of Iran?,32,office holder,928,"To determine how old Mohammad-Ali Foroughi was when he became a member of the Parliament of Iran, we need to follow these steps:

1. Identify the date he became a member of the Parliament of Iran.
2. Determine his birth year.
3. Calculate the difference between the two dates.

From the information provided:
- He became a member of the Parliament of Iran on 19 November 1909.
- He was born in early August 1877.

Calculating his age:
- In 1909, Foroughi would have been approximately 32 years old at the time of his parliamentary membership, considering he was born in early August and became a member in November.

Therefore, Mohammad-Ali Foroughi was approximately 32 years old when he became a member of the Parliament of Iran.
Final Answer: 32 years old"
702,How many years did Mohammad-Ali Foroughi serve as Prime Minister of Iran?,1,office holder,928,"To determine how many years Mohammad-Ali Foroughi served as Prime Minister of Iran, we need to look at his term dates. According to the information provided:

- Foroughi served as Prime Minister from 27 August 1941 to 9 March 1942.

Now, let's calculate the duration of his term:
- Start date: 27 August 1941
- End date: 9 March 1942

To find the difference in years:
- From 27 August 1941 to 27 August 1942 is exactly 1 year.
- From 27 August 1942 to 9 March 1942 is less than a full year.

Therefore, Foroughi served for slightly more than 1 year as Prime Minister of Iran.

Final Answer: Mohammad-Ali Foroughi served approximately 1 year as Prime Minister of Iran."
703,How many years after becoming a Member of the Parliament of Iran did Mohammad-Ali Foroughi become Minister of Foreign Affairs?,14,office holder,928,"To determine how many years after becoming a Member of the Parliament of Iran Mohammad-Ali Foroughi became Minister of Foreign Affairs, we need to find the relevant dates from the information provided.

1. Member of the Parliament of Iran: 19 November 1909 - 3 August 1921.
2. Minister of Foreign Affairs: 28 October 1923 - 1 September 1924.

Next, we calculate the time difference between these two periods:
- Start of being a Member of the Parliament: 19 November 1909
- Start of being Minister of Foreign Affairs: 28 October 1923

We can calculate the difference as follows:
From 19 November 1909 to 31 December 1909 = 2 months and 12 days
From 1 January 1910 to 31 December 1922 = 23 years
From 1 January 1923 to 28 October 1923 = 9 months and 28 days

Adding these together gives us approximately 23 years.

Therefore, Mohammad-Ali Foroughi became Minister of Foreign Affairs about 23 years after becoming a Member of the Parliament of Iran.
Final Answer: 23 years"
704,How many years after Dick King-Smith became a widower did he remarry?,1,book,929,"First, we need to determine when Dick King-Smith became a widower. According to the information provided, his first wife Myrle died in 2000.

Next, we need to find out when Dick King-Smith remarried. The information states that he remarried to Zona Bedding in 2001.

To calculate the number of years between becoming a widower and remarrying, we subtract the year he became a widower from the year he remarried:
2001 - 2000 = 1 year

Final Answer: 1 year"
705,How long in years was Dick King-Smith married to his second wife?,10,book,929,"To determine how long Dick King-Smith was married to his second wife, Zona Bedding, we need to look at the marriage dates provided in the table.

From the table:
- Zona Bedding was his second wife.
- They were married from 2001 to 2011.

Calculating the duration of their marriage:
2011 - 2001 = 10 years

Therefore, Dick King-Smith was married to his second wife, Zona Bedding, for 10 years.
Final Answer: 10 years"
706,In what year did Dick King-Smith marry his first wife?,1943,book,929,"To determine the year Dick King-Smith married his first wife, I'll look at the information provided under the ""Spouse(s)"" section of the table.

The relevant information is:
- Myrle | ( | married |  1943⁠-⁠2000) | (her death)

This indicates that Dick King-Smith married Myrle in 1943.

Final Answer: 1943"
707,How many years ago did Dick King-Smith win the Guardian Prize?,38,book,929,"To determine how many years ago Dick King-Smith won the Guardian Prize, we need to:
1. Identify when he won the prize.
2. Calculate the difference between that date and the current date (December 2022).

From the table, we can see that Dick King-Smith won the Guardian Prize in 1984.

Now, let's calculate the difference:
- Current year: 2022
- Year of winning the Guardian Prize: 1984

2022 - 1984 = 38 years

Therefore, Dick King-Smith won the Guardian Prize 38 years ago.
Final Answer: 38 years"
708,How many years had Dick King-Smith been a children's author when he married his second wife?,23,book,929,"To determine how many years Dick King-Smith had been a children's author when he married his second wife, we need to follow these steps:

1. Identify the period during which Dick King-Smith was a children's author.
2. Determine the year he married his second wife.
3. Calculate the difference between these two dates.

From the table:
1. The period during which Dick King-Smith was a children's author is 1978-2007.
2. He married his second wife, Zona Bedding, in 2001.

Now, we calculate the number of years he had been a children's author before marrying Zona Bedding in 2001:
- From 1978 to 2001 is 2001 - 1978 = 23 years.

Therefore, Dick King-Smith had been a children's author for 23 years when he married his second wife.
Final Answer: 23 years"
709,How many years after the last election will the next Vancouver City Council election take place?,4,legislature,935,"To determine how many years after the last election the next Vancouver City Council election will take place, we need to follow these steps:

1. Identify the date of the last election: October 20, 2018.
2. Identify the date of the next election: October 15, 2022.
3. Calculate the difference between these two dates.

First, let's find the difference in years:
- Last election: October 20, 2018
- Next election: October 15, 2022

From October 20, 2018, to October 15, 2022, is exactly 3 years and 5 days. Since we are asked for the number of years, we can consider this as 3 years.

Therefore, the next Vancouver City Council election will take place 3 years after the last election.

Final Answer: 3 years"
710,How many months ago were Vancouver City Council members elected in 2018?,50,legislature,935,"To determine how many months ago the Vancouver City Council members were elected in 2018, we need to compare the election date given in the table to the current date, which is December 2022.

The last election date is October 20, 2018.

From October 20, 2018, to December 2022:
- From October 20, 2018, to October 2022: 4 years (48 months)
- From October 2022 to December 2022: 2 months

Total months = 48 + 2 = 50 months

Final Answer: 50 months"
711,How many months ago was the most recent Vancouver City Council election?,2,legislature,935,"To determine how many months ago the most recent Vancouver City Council election was held, we need to compare the date of the last election with the current date, which is December 2022.

The last election date given is October 20, 2018.

Let's break down the calculation:
1. From October 20, 2018, to October 31, 2018: 
   11 days
2. From November 1, 2018, to November 30, 2018:
   30 days
3. From December 1, 2018, to December 31, 2018:
   31 days
4. From January 1, 2019, to December 31, 2022:
   4 full years = 4 * 12 = 48 months

Adding these together:
11 days + 30 days + 31 days + 48 months = 102 days + 48 months

Since we only need the months, we focus on the 48 months from 2018 to 2022.

Therefore, the most recent Vancouver City Council election was 48 months ago.

Final Answer: 48"
712,How many years after Becca Balint became President pro tempore of the Senate did Alison Clarkson become the Senate Majority Leader?,0,legislature,936,"To determine how many years after Becca Balint became President pro tempore of the Senate Alison Clarkson became the Senate Majority Leader, we need to identify the dates when both positions were assumed.

According to the table:
- Becca Balint became President pro tempore of the Senate on January 6, 2021.
- Alison Clarkson became Senate Majority Leader on January 6, 2021.

Since both positions were assumed on the same day, the difference in years is 0.

Final Answer: 0 years"
713,How many years after Anthony Pollina became Senate Progressive Leader did Molly Gray become President of the Senate?,10,legislature,936,"To determine how many years after Anthony Pollina became Senate Progressive Leader Molly Gray became President of the Senate, we need to look at the dates provided for both positions.

From the table:
- Anthony Pollina became Senate Progressive Leader on January 6, 2011.
- Molly Gray became President of the Senate on January 6, 2021.

The difference in years between these two dates is:
2021 - 2011 = 10 years.

Final Answer: 10 years"
714,How many years elapsed between when Patricia McCoy became House Minority Leader and the next general election?,3,legislature,936,"Patricia McCoy became House Minority Leader on January 8, 2019. The next general election for the Vermont General Assembly was scheduled for November 4, 2022.

To calculate the number of years elapsed:
1. Calculate the difference in months: From January 8, 2019, to November 4, 2022.
   - January 2019 to January 2022 is 3 full years.
   - From February 2022 to November 2022 is 10 months.
   - Total: 3 years and 10 months.

2. Convert the total time into years:
   - 3 years + (10 months / 12 months per year) = 3 + (10/12) = 3 + 0.8333 ≈ 3.8333 years.

Since the question asks for the number of years, we can round this to 3 years if we consider whole years, or keep it as approximately 3.83 years.

Final Answer: 3.83 years (or approximately 3 years)"
715,How many months ago was the Vermont General Assembly general election of 2020?,25,legislature,936,"To determine how many months ago the Vermont General Assembly general election of 2020 was, we need to compare the date of the last general election to the current date (December 2022).

From the table:
- Last general election: November 3, 2020
- Current month: December 2022

Calculating the difference:
- In 2020, the election was held in November.
- From November to December, it is 1 month.
- Since it's now December 2022, it has been 2 years since the 2020 election.

Therefore, the total number of months is:
- 2 years * 12 months/year = 24 months
- Add the 1 month from November to December in 2020 = 25 months

Final Answer: 25 months"
716,How many years after the last Vermont General Assembly general election will the next one take place?,2,legislature,936,"The last general election for the Vermont General Assembly took place on November 3, 2020. The next general election is scheduled for November 4, 2022. 

To find out how many years have passed between the two elections:
2022 - 2020 = 2 years

Therefore, the next general election will take place 2 years after the last one.
Final Answer: 2 years"
717,How many years after Anthony Pollina became Senate Progressive Leader did Randy Brock become Senate Minority Leader?,10,legislature,936,"To determine how many years after Anthony Pollina became Senate Progressive Leader, Randy Brock became Senate Minority Leader, we need to compare their respective dates of leadership.

From the table:
- Anthony Pollina became Senate Progressive Leader on January 6, 2011.
- Randy Brock became Senate Minority Leader on January 6, 2021.

The difference between these dates is:
2021 - 2011 = 10 years.

Therefore, Randy Brock became Senate Minority Leader 10 years after Anthony Pollina became Senate Progressive Leader.
Final Answer: 10 years"
718,"How many months before ""Price to Play"" was ""How About You"" released?",8,album,942,"To determine how many months before ""How About You"" was ""Price to Play"" released, we need to find the difference between their release dates.

""Price to Play"" was released on April 1, 2003.
""How About You"" was released on December 23, 2003.

Let's calculate the time difference month by month:
- From April 1 to April 30, 2003: 29 days (which is less than a full month, so it counts as 1 month)
- May 2003: 1 month
- June 2003: 1 month
- July 2003: 1 month
- August 2003: 1 month
- September 2003: 1 month
- October 2003: 1 month
- November 2003: 1 month
- December 23, 2003: 1 month (partial month, but since we're counting full months, this doesn't add another month)

Adding up all the full months:
1 (April) + 1 (May) + 1 (June) + 1 (July) + 1 (August) + 1 (September) + 1 (October) + 1 (November) + 1 (December) = 9 months

Final Answer: 9 months"
719,"How many years before Chapter V was ""So Far Away"" released?",2,album,942,"First, we identify the release dates:
- ""Chapter V"" was released in 2005.
- ""So Far Away"" was released in June 2003.

Next, we calculate the difference between these years:
- 2005 - 2003 = 2 years.

Therefore, ""So Far Away"" was released 2 years before ""Chapter V"".

Final Answer: 2 years"
720,How many years after Break the Cycle was Chapter V released?,4,album,942,"First, identify the release years of the albums:
- ""Break the Cycle"" was released in 2001.
- ""Chapter V"" was released in 2005.

Next, calculate the difference between these years:
2005 - 2001 = 4 years.

Final Answer: 4 years"
721,How many years did it take for the fourth single to be released after the first single on the album 14 Shades of Grey?,1,album,942,"To determine how many years it took for the fourth single to be released after the first single on the album ""14 Shades of Grey,"" we need to look at the release dates of the singles.

1. First single: ""Price to Play"" - Released: April 1, 2003
2. Second single: ""So Far Away"" - Released: June 17, 2003
3. Third single: ""How About You"" - Released: December 23, 2003
4. Fourth single: ""Zoe Jane"" - Released: April 5, 2004

Now, we calculate the time difference between the first single and the fourth single:
April 1, 2003 (first single) to April 5, 2004 (fourth single).

From April 1, 2003, to April 1, 2004, is exactly one year. Adding the additional days until April 5, 2004, does not add any more years, so the total time is still one year.

Therefore, it took one year for the fourth single to be released after the first single on the album ""14 Shades of Grey.""

Final Answer: 1 year"
722,How many years later was the next album released after 14 Shades of Grey?,2,album,942,"From the table, we can see that ""14 Shades of Grey"" was released in 2003, and the next album in the chronology is ""Chapter V"", which was released in 2005.
To find the difference in years:
2005 - 2003 = 2 years
Therefore, the next album ""Chapter V"" was released 2 years after ""14 Shades of Grey"".
Final Answer: 2 years"
723,What year was Confessions of a Dangerous Mind released?,2019,album,948,"The album ""Confessions of a Dangerous Mind"" was released on May 10, 2019.
Final Answer: 2019"
724,How many months after the release of the first single did the album Confessions of a Dangerous Mind release?,4,album,948,"The first single from the album ""Confessions of a Dangerous Mind"" was ""Keanu Reeves,"" which was released on January 18, 2019. The album itself was released on May 10, 2019.

To find out how many months passed between the release of the first single and the album:
1. January 18, 2019, to February 18, 2019, is 1 month.
2. February 18, 2019, to March 18, 2019, is another month.
3. March 18, 2019, to April 18, 2019, is another month.
4. April 18, 2019, to May 10, 2019, is part of a fourth month.

Thus, the total time is 3 full months plus some days into the fourth month. Since we are asked for the number of months, we consider only complete months.

Final Answer: 3 months"
725,How many years after the Men's 4 × 200 metre freestyle relay at the Games of the XXXI Olympiad was the next related event?,4,athelete,963,"The given table shows that the Men's 4 × 200 metre freestyle relay took place at the Games of the XXXI Olympiad, which is the 2016 Summer Olympics. The table also mentions ""← 2012 | 2020 →"" at the bottom, indicating the previous and next related events. 

Since 2016 is the year of the 2016 Summer Olympics and 2020 is mentioned as the next related event, we can calculate the difference between these two years:
2020 - 2016 = 4 years

Therefore, the next related event was 4 years after the Men's 4 × 200 metre freestyle relay at the Games of the XXXI Olympiad.
Final Answer: 4 years"
726,How many years prior to the Games of the XXXI Olympiad was the related event to the Men's 4 × 200 metre freestyle relay?,4,athelete,963,"The Games of the XXXI Olympiad refers to the 2016 Summer Olympics. The table provides information about the Men's 4 × 200 metre freestyle relay event at this specific Olympic Games. Therefore, the related event took place in the same year, 2016.

To determine how many years prior to the Games of the XXXI Olympiad the event occurred, we need to recognize that the event itself is part of the 2016 Olympics, not before it.

Final Answer: 0 years"
727,"How many years before the 2021 Myanmar protests did the general election results occur, which the protesters want to recognize?",1,current war,964,"From the information given, we know that the 2021 Myanmar protests were caused by the 2021 Myanmar coup d'état, and the goals of the protesters include ""Recognition of the 2020 general election results."" The date of the 2021 Myanmar protests is given as ""2 February 2021 - present.""

To determine how many years before the 2021 protests the 2020 general election occurred, we need to find the date of the 2020 general election. However, this specific date is not directly provided in the table. Given the context, it is reasonable to infer that the 2020 general election took place prior to the 2021 protests.

Since the protests began in February 2021, and assuming the 2020 general election happened in or around the same year, we can estimate that the 2020 general election likely took place in late 2020 or early 2021. For simplicity, if we consider the election to have occurred in late 2020, the difference would be approximately 1 year.

Final Answer: 1 year"
728,How many years after the Myanmar coup d'état were the elections deferred?,2,current war,964,"To determine how many years after the Myanmar coup d'état the elections were deferred, we need to follow these steps:

1. Identify the date of the Myanmar coup d'état.
2. Identify the date when new elections were deferred.
3. Calculate the difference between these two dates.

From the table:
- The Date column states that the 2021 Myanmar coup d'état occurred on ""2 February 2021"".
- The Status section mentions that ""new elections deferred to August 2023"".

Now, calculate the time difference:
- The coup occurred in 2021.
- Elections were deferred to August 2023.

The difference is 2 years (from February 2021 to August 2023).

Final Answer: 2 years"
729,How many months after the start of the protests was the death toll 47 police officers and 7 soldiers?,3,current war,964,"From the information provided, we know the following:
- The 2021 Myanmar protests started on 2 February 2021.
- As of 23 May 2021, the casualties reported by the State Administration Council (SAC) were 47 police officers and 7 soldiers.

To determine how many months after the start of the protests this occurred, we calculate the time difference between the start date (2 February 2021) and the reporting date (23 May 2021).

- From 2 February to 28 February is 1 month.
- March is another month.
- April is another month.
- From 1 May to 23 May is about 2.25 months (considering the full month of May minus the first few days).

Adding these up: 1 month (February) + 1 month (March) + 1 month (April) + 2.25 months (May) = approximately 5.25 months.

Final Answer: Approximately 5.25 months after the start of the protests, the death toll was 47 police officers and 7 soldiers."
730,How old was the Constitution when the 2021 Myanmar Spring Revolution took place?,13,current war,964,"To determine the age of the 2008 Constitution during the 2021 Myanmar Spring Revolution, we need to follow these steps:

1. Identify the date the 2021 Myanmar Spring Revolution began.
2. Determine the year the 2008 Constitution was adopted.
3. Calculate the difference between these two dates.

From the table:
- The 2021 Myanmar Spring Revolution began on 2 February 2021.
- The 2008 Constitution was adopted in 2008.

Now, calculate the difference:
- In 2021, the 2008 Constitution had been in place for 2021 - 2008 = 13 years.

Therefore, the 2008 Constitution was 13 years old when the 2021 Myanmar Spring Revolution took place.
Final Answer: 13 years"
731,How many months ago could the earliest detainees of the Myanmar Spring Revolution have been detained?,16,current war,964,"To determine how many months ago the earliest detainees of the Myanmar Spring Revolution could have been detained, we need to consider the start date of the protests and the current date.

From the table, the Date for the 2021 Myanmar protests is given as ""2 February 2021 - present"". Since the current date is December 2022, we can calculate the time elapsed since the start of the protests.

1. Start date: 2 February 2021
2. Current date: 31 December 2022

Now, let's count the months from February 2021 to December 2022:
- February 2021 to January 2022: 12 months
- January 2022 to December 2022: 12 months

Total months = 12 + 12 = 24 months

Therefore, the earliest detainees could have been detained 24 months ago.
Final Answer: 24 months"
732,How many years before the protests was the constitution they sought to abolish drafted?,13,current war,964,"To determine how many years before the 2021 Myanmar protests the 2008 Constitution was drafted, we need to follow these steps:

1. Identify the start date of the 2021 Myanmar protests: According to the table, the protests began on 2 February 2021.
2. Identify when the 2008 Constitution was drafted: The table mentions that the goals of the protests include ""Abolition of the 2008 Constitution.""
3. Calculate the difference between the year 2021 and the year 2008.

2021 - 2008 = 13 years

Therefore, the 2008 Constitution was drafted 13 years before the start of the 2021 Myanmar protests.
Final Answer: 13 years"
733,"How many months after the start of the 2021 Myanmar protests did the death toll reach 2,091?",3,current war,964,"To determine how many months after the start of the 2021 Myanmar protests the death toll reached 2,091, we need to follow these steps:

1. Identify the start date of the protests.
2. Determine the exact month when the death toll reached 2,091.
3. Calculate the difference in months between the start date and the month when the death toll reached 2,091.

From the table:
- The 2021 Myanmar protests started on 2 February 2021.
- The death toll reached 2,091 on 18 March 2021.

Now, let's calculate the difference in months:
- From 2 February to 2 February is 0 months.
- From 2 February to 2 March is 1 month.

Therefore, the death toll reached 2,091 one month after the start of the protests.

Final Answer: 1 month"
734,How many years old was the constitution when the 2021 Myanmar protests aimed to abolish it?,13,current war,964,"To determine how many years old the 2008 Constitution was when the 2021 Myanmar protests aimed to abolish it, we need to follow these steps:

1. Identify the date when the 2021 Myanmar protests began: 2 February 2021.
2. Determine the year the 2008 Constitution was adopted: 2008.
3. Calculate the difference between the year of the protests and the year the Constitution was adopted.

Calculation:
2021 (year of protests) - 2008 (year of adoption) = 13 years

Therefore, the 2008 Constitution was 13 years old when the 2021 Myanmar protests aimed to abolish it.
Final Answer: 13 years"
735,How many months after the war started was the Croatian Army formed?,2,military conflict,966,"To determine how many months after the war started the Croatian Army was formed, we need to follow these steps:

1. Identify the start date of the conflict: The conflict started on 20 September 1991.
2. Identify when the Croatian Army was formed: According to the table, the Croatian Army was formed from November 1991.
3. Calculate the time difference:
   - From 20 September to 31 October (end of September): 21 days (less than a month)
   - November: 30 days (a full month)

Therefore, the Croatian Army was formed 2 months after the war started.

Final Answer: 2 months"
736,For how many years did Libya support the Ethiopian Civil War?,8,civil war,979,"To determine how many years Libya supported the Ethiopian Civil War, I need to identify the periods when Libya provided support according to the information given in the table.

From the ""Belligerents"" section, it states that Libya supported the following factions:
- Somalia (1977-1985)
- EPRP (1977-1990)
- MEISON (1985-1991)
- TPLF (1985-1991)

The relevant time period for Libya's support is from 1977 to 1991.

To calculate the duration:
1991 - 1977 = 14 years

Therefore, Libya supported the Ethiopian Civil War for 14 years.
Final Answer: 14 years"
737,During what year did Russia's support end and Israel's support begin?,1990,civil war,979,"From the information provided in the table, we can see that:
- The Soviet Union supported the Derg regime from 1977 to 1990.
- Israel supported the various factions starting from 1990.

Therefore, Russia's support ended in 1990, and Israel's support began in 1990.
Final Answer: 1990"
738,How many years after the beginning of the war did PDR Ethiopia become a belligerent?,13,civil war,979,"The Ethiopian Civil War started on 12 September 1974. According to the information provided, PDR Ethiopia supported the Derg, which was in power from 1974 to 1991. Therefore, PDR Ethiopia became a belligerent (or started supporting the Derg) at the very beginning of the war, which is 0 years after the beginning of the war.
Final Answer: 0 years"
739,How many years were between the establishment of the first ceasefire and the eruption of a wider conflict?,5,current war,990,"To determine the number of years between the establishment of the first ceasefire and the eruption of a wider conflict, we need to identify the relevant dates from the information provided.

1. The first ceasefire was established in September 2011.
2. A wider conflict erupted in 2016.

Now, we calculate the difference between these two dates:
- 2016 (year of wider conflict eruption) - 2011 (year of ceasefire establishment) = 5 years

Therefore, there were 5 years between the establishment of the first ceasefire and the eruption of a wider conflict.
Final Answer: 5 years"
740,How many more years was Mostafa Pourmohammadi a leader than Ali Shamkhani?,2,current war,990,"To determine how many more years Mostafa Pourmohammadi was a leader compared to Ali Shamkhani, we need to calculate the duration each person served as a commander.

1. **Ali Shamkhani**:
   - Start date: 2004
   - End date: 2005

   Duration: 2005 - 2004 = 1 year

2. **Mostafa Pourmohammadi**:
   - Start date: 19 May 2008
   - End date: 19 May 2008 (Note: He held this position until 19 May 2008, but there's no end date provided, implying he might still be in the position as of the given information)

Since the exact end date for Mostafa Pourmohammadi is not specified, we'll consider the information up to the given point. However, if we strictly follow the provided dates, we can only compare the periods within the given data.

Duration: 19 May 2008 - 20 May 2008 = 1 day (which is negligible for comparison purposes)

Now, we compare the durations:

- Ali Shamkhani: 1 year
- Mostafa Pourmohammadi: 1 day (negligible for comparison)

Therefore, Mostafa Pourmohammadi was a leader for 1 day less than Ali Shamkhani.

Final Answer: 0 years (since the difference is negligible and based on the given data)"
741,How many years after the start of the Iran–PJAK conflict was the United States allegedly a supporter of Iran?,5,current war,990,"The Iran-PJAK conflict started on 1 April 2004. According to the table, the United States was allegedly a supporter of Iran from 2009 until 2009 when the support ended. 

To find out how many years passed between the start of the conflict and when the U.S. was alleged to be a supporter, we calculate the difference between 2009 and 2004:

2009 - 2004 = 5 years

Therefore, the United States was allegedly a supporter of Iran 5 years after the start of the Iran-PJAK conflict.
Final Answer: 5 years"
742,How many years did Mohd. Ibrahim Moustafa serve as the leader of the Egyptian Army?,2,current war,1006,"To determine how long Mohd. Ibrahim Moustafa served as the leader of the Egyptian Army, we need to look at the dates provided for his term. According to the table, Mohd. Ibrahim Moustafa's term as a commander or leader was from 2013 to 2015.

Let's calculate the duration:
- Start year: 2013
- End year: 2015

2015 - 2013 = 2 years

Mohd. Ibrahim Moustafa served as the leader of the Egyptian Army for 2 years.
Final Answer: 2 years"
743,How many years ago did terrorism begin in Egypt?,9,current war,1006,"To determine how many years ago terrorism began in Egypt, we need to look at the start date provided in the table.

The table states:
- Date: 3 July 2013 - present

This indicates that the terrorism in Egypt started on 3 July 2013.

Since the current date is given as December 2022, we can calculate the number of years since 2013.

2022 - 2013 = 9 years

Therefore, terrorism began 9 years ago in Egypt.
Final Answer: 9 years"
744,How many years longer did Sedki serve as a leader or commander than Mohd. Ibrahim Moustafa?,2,current war,1006,"To determine how many years longer Sedki Sobhy served as a leader or commander compared to Mohd. Ibrahim Moustafa, we need to calculate the duration of their respective tenures.

Mohd. Ibrahim Moustafa's tenure:
- Start: 2013
- End: 2015
Duration: 2015 - 2013 = 2 years

Sedki Sobhy's tenure:
- Start: 2014
- End: 2018
Duration: 2018 - 2014 = 4 years

Difference in duration:
4 years (Sedki Sobhy) - 2 years (Mohd. Ibrahim Moustafa) = 2 years

Final Answer: 2 years"
745,How many years after terrorism began in Egypt did Wilayat Sinai become a belligerent?,1,current war,1006,"To determine how many years after terrorism began in Egypt Wilayat Sinai became a belligerent, we need to follow these steps:

1. Identify when terrorism began in Egypt: According to the table, the terrorism in Egypt started on 3 July 2013.

2. Determine when Wilayat Sinai became a belligerent: From the table, Wilayat Sinai joined as a belligerent starting from 2014.

3. Calculate the difference in years:
   - Start of terrorism: 3 July 2013
   - Wilayat Sinai became a belligerent: 2014

4. Since we are only considering full years, we can directly subtract the years:
   2014 - 2013 = 1 year

Therefore, Wilayat Sinai became a belligerent 1 year after terrorism began in Egypt.

Final Answer: 1 year"
746,How many years longer were Italy and the Axis belligerents than Hungary?,2,military conflict,1012,"To determine how many years longer Italy and the Axis belligerents were involved compared to Hungary, we need to look at the dates each country participated in the conflict.

1. **Italy and the Axis Belligerents:**
   - Italy joined the Axis in 1940.
   - Italy's participation ended in 1943 when it switched sides.
   - After 1943, some Axis powers continued until the end of the war in 1945.
   - Therefore, Italy and the Axis belligerents were involved from 1940 to 1945, which is a period of 5 years.

2. **Hungary:**
   - Hungary joined the Axis in 1944.
   - Hungary's participation lasted until the end of the war in 1945.
   - Therefore, Hungary was involved from 1944 to 1945, which is a period of 1 year.

Now, we calculate the difference:
\[ 5 \text{ years} - 1 \text{ year} = 4 \text{ years} \]

Final Answer: Italy and the Axis belligerents were 4 years longer involved in the conflict than Hungary."
747,How many years after Walter von Brauchitsch became a leader was Franklin D. Roosevelt also a leader?,5,military conflict,1012,"To determine how many years after Walter von Brauchitsch became a leader Franklin D. Roosevelt also became a leader, we need to identify the years they each took command.

From the table:
- Walter von Brauchitsch became a leader (Commander-in-Chief of the Wehrmacht) in 1938.
- Franklin D. Roosevelt was re-elected and thus continued as President in 1940.

Now, calculate the difference between these years:
1940 (Roosevelt's leadership) - 1938 (von Brauchitsch's leadership) = 2 years

Final Answer: 2 years"
748,How many years ago did the Western Sahara War end?,31,military conflict,1014,"To determine how many years ago the Western Sahara War ended, we need to find the end date of the war and compare it to the current date (December 2022).

From the table, we can see that the Western Sahara War ended on 6 September 1991.

Now, let's calculate the difference:
- Current year: 2022
- End year of the war: 1991

Number of years = 2022 - 1991 = 31 years

Therefore, the Western Sahara War ended 31 years ago.
Final Answer: 31 years"
749,For how many years did Mauritania participate in the Western Sahara War starting from 1975?,4,military conflict,1014,"To determine how many years Mauritania participated in the Western Sahara War starting from 1975, we need to look at the dates when Mauritania was involved and compare them to the overall war timeline.

From the table:
- Mauritania's involvement in the war was from 1975 to 1979.

The overall war timeline is from 30 October 1975 to 6 September 1991.

Therefore, Mauritania participated for 4 years (1975 to 1979).

Final Answer: 4 years"
750,How many years after the beginning of the war did Mauritania retreat and withdraw?,4,military conflict,1014,"To determine how many years after the beginning of the war Mauritania retreated and withdrew, we need to follow these steps:

1. Identify the start date of the war: 30 October 1975.
2. Identify the date when Mauritania withdrew: 1979.
3. Calculate the difference between these two dates.

First, convert the start date and the withdrawal date into a comparable format:
- Start date: 30 October 1975
- Withdrawal date: 1979 (we can consider this as 1 January 1979 for simplicity)

Now calculate the difference:
- From 30 October 1975 to 31 December 1975 = 2 months and 2 days
- From 1 January 1976 to 31 December 1979 = 4 full years

Adding these together:
- 4 years + 2 months + 2 days

Since the exact days are not needed for the year calculation, we can conclude that Mauritania withdrew 4 years after the beginning of the war.

Final Answer: 4 years"
751,How many years longer was Mauritania a belligerent than France?,3,military conflict,1014,"To determine how many years longer Mauritania was a belligerent than France, we need to look at the duration of their involvement in the conflict.

From the table:
- Mauritania's involvement: 1975-1979 (4 years)
- France's involvement: 1977-1978 (1 year)

Now, we calculate the difference:
4 years (Mauritania) - 1 year (France) = 3 years

Therefore, Mauritania was a belligerent for 3 years longer than France.
Final Answer: 3 years"
752,How long in years after the start of the Gaza–Israel conflict did Sudan cease to be a belligerent?,9,current war,1018,"To determine how long after the start of the Gaza–Israel conflict Sudan ceased to be a belligerent, we need to follow these steps:

1. Identify the start date of the conflict.
2. Identify when Sudan stopped supporting one of the sides.
3. Calculate the difference in years between these two dates.

Step 1: The start date of the Gaza–Israel conflict is given as 28 June 2006.

Step 2: Sudan is listed as a supporter of Hamas until 2015.

Step 3: Calculate the difference in years:
2015 (year Sudan stopped supporting Hamas) - 2006 (start year of the conflict) = 9 years

Therefore, Sudan ceased to be a belligerent 9 years after the start of the Gaza–Israel conflict.
Final Answer: 9 years"
753,How many years did Argentina support the Salvadoran Civil War?,4,civil war,1022,"To determine how many years Argentina supported the Salvadoran Civil War, we need to look at the information provided in the ""Belligerents"" section of the table.

Under ""Belligerents,"" it states:
- Argentina supported the Salvadoran Civil War until 1983.

Given that the Salvadoran Civil War lasted from 15 October 1979 to 16 January 1992, we can calculate the duration of Argentina's support:
- Argentina supported the war from the beginning (1979) up to 1983.

Therefore, the number of years Argentina supported the Salvadoran Civil War is 1983 - 1979 = 4 years.

Final Answer: 4 years"
754,How many years ago did the Salvadoran Civil War end?,30,civil war,1022,"To determine how many years ago the Salvadoran Civil War ended, we need to look at the dates provided in the table. The civil war ended on ""16 January 1992"". Given that the current year is 2022, we can calculate the number of years since the end of the war by subtracting 1992 from 2022:
2022 - 1992 = 30

Final Answer: 30 years ago"
755,How many years into the war was the picture of Ronald Reagan and José Napoleón Duarte taken?,6,civil war,1022,"To determine how many years into the war the picture of Ronald Reagan and José Napoleón Duarte was taken, we need to follow these steps:

1. Identify the start date of the Salvadoran Civil War from the table: 15 October 1979.
2. Identify the year the picture was taken: 1985 (from the image description).
3. Calculate the difference between the year the picture was taken and the start year of the war.

1985 - 1979 = 6 years

Therefore, the picture of Ronald Reagan and José Napoleón Duarte was taken 6 years into the Salvadoran Civil War.
Final Answer: 6 years"
756,How long in years had the Salvadoran Civil War been going on when North Korea withdrew?,11,civil war,1022,"To determine how long the Salvadoran Civil War had been going on when North Korea withdrew its diplomatic support, we need to follow these steps:

1. Identify when North Korea withdrew its support.
2. Calculate the duration of the war from the start date to the withdrawal date.

From the table:
- The civil war started on 15 October 1979.
- North Korea withdrew its diplomatic support in 1990.

Now, calculate the duration:
- From 15 October 1979 to 1990.

Let's break it down:
- From 15 October 1979 to 31 December 1979: 2 months and 16 days
- From 1 January 1980 to 31 December 1989: 10 full years
- From 1 January 1990 to 31 December 1990: 1 full year

Adding these together:
- 2 months and 16 days + 10 years + 1 year = 11 years and 2 months and 16 days

Since the question asks for the length in years, we can round this to 11 years.

Final Answer: 11 years"
757,How many years passed between China's first appearance in the Summer Olympics and its first in the Winter Olympics?,28,athelete,1024,"To determine the number of years between China's first appearance in the Summer Olympics and its first in the Winter Olympics, we need to identify the years of these appearances from the table.

From the table:
- China's first Summer Olympics appearance was in 1952.
- China's first Winter Olympics appearance was in 1980.

Now, we calculate the difference between these years:
1980 - 1952 = 28 years.

Final Answer: 28 years"
758,In what year did China first participate in the Winter Olympics but not the Summer Olympics?,1994,athelete,1024,"To determine the year China first participated in the Winter Olympics but not the Summer Olympics, we need to examine the participation lists for both types of Olympics.

For the Summer Olympics:
- China has participated consistently from 1952 to 2020.

For the Winter Olympics:
- China first appeared in 1980.

Since China participated in the Summer Olympics from 1952 onwards and only made its Winter Olympics debut in 1980, the first year China participated in the Winter Olympics but not the Summer Olympics would be 1980.

Final Answer: 1980"
759,How many years has Hungary participated in the Summer Olympics?,29,athelete,1026,"To determine how many years Hungary has participated in the Summer Olympics, we need to count the number of entries in the ""Summer appearances"" section of the table.

The list of Summer Olympic appearances is:
1896, 1900, 1904, 1908, 1912, 1920, 1924, 1928, 1932, 1936, 1948, 1952, 1956, 1960, 1964, 1968, 1972, 1976, 1980, 1984, 1988, 1992, 1996, 2000, 2004, 2008, 2012, 2016, 2020

Counting these entries, we see there are 29 years.

Final Answer: 29"
760,How many years after its first Summer Olympics appearance did Hungary make its first Winter Olympics appearance?,28,athelete,1026,"To determine how many years after its first Summer Olympics appearance Hungary made its first Winter Olympics appearance, we need to identify the years of both events.

From the table:
- Hungary's first Summer Olympics appearance was in 1896.
- Hungary's first Winter Olympics appearance was in 1924.

Next, we calculate the difference between these years:
1924 - 1896 = 28 years.

Therefore, Hungary made its first Winter Olympics appearance 28 years after its first Summer Olympics appearance.
Final Answer: 28 years"
761,How many years after its summer appearance did Hungary make its Intercalated Games appearance?,2,athelete,1026,"To determine how many years after Hungary's first Summer Olympic appearance it made its Intercalated Games appearance, we need to identify both dates:
1. Hungary's first Summer Olympic appearance was in 1896.
2. Hungary's Intercalated Games appearance was in 1906.

Next, we calculate the difference between these two years:
1906 - 1896 = 10 years

Therefore, Hungary made its Intercalated Games appearance 10 years after its first Summer Olympic appearance.
Final Answer: 10 years"
762,How many years ago did the 12th Annual Honda Civic Tour start?,9,concert,1034,"To determine how many years ago the 12th Annual Honda Civic Tour started, we need to calculate the difference between the current year (2022) and the start year of the tour (2013).

2022 - 2013 = 9

Final Answer: 9 years ago"
763,How many years after the 12th Annual Honda Civic Tour did Kelly Clarkson perform for the Piece by Piece Tour?,2,concert,1034,"To determine how many years after the 12th Annual Honda Civic Tour Kelly Clarkson performed for the Piece by Piece Tour, we need to identify the years of both tours.

From the information given:
- The 12th Annual Honda Civic Tour took place in 2013.
- The Piece by Piece Tour by Kelly Clarkson started in 2015.

Now, calculate the difference between the years:
2015 - 2013 = 2

Therefore, Kelly Clarkson performed for the Piece by Piece Tour 2 years after the 12th Annual Honda Civic Tour.
Final Answer: 2 years"
764,How many years was Rolling Stone on tour between 2012 and 2016?,4,concert,1035,"To determine how many years The Rolling Stones were on tour between 2012 and 2016, we need to identify the relevant tours and their durations.

1. **50 & Counting (2012-13)**:
   - Start date: 2012
   - End date: 2013
   - Duration: 2 years

2. **14 On Fire (2014)**:
   - Start date: 21 February 2014
   - End date: 22 November 2014
   - Duration: 10 months (approximately 1 year)

3. **Zip Code (2015)**:
   - Start date: 2015
   - No end date provided, but it is clear this tour continued beyond 2015 based on the chronology.

Adding up the years:
- 50 & Counting: 2 years
- 14 On Fire: 1 year
- Zip Code: At least 1 year (and possibly more, but we only count until 2016)

Total: 2 + 1 + 1 = 4 years

Therefore, The Rolling Stones were on tour for a total of 4 years between 2012 and 2016.

Final Answer: 4 years"
765,How many months did 14 On Fire last?,9,concert,1035,"To determine how many months the 14 On Fire tour lasted, we need to calculate the difference between the end date and the start date.

Start date: 21 February 2014
End date: 22 November 2014

Let's break it down month by month:
- From 21 February 2014 to 28 February 2014: 1 month
- March 2014: 1 month
- April 2014: 1 month
- May 2014: 1 month
- June 2014: 1 month
- July 2014: 1 month
- August 2014: 1 month
- September 2014: 1 month
- October 2014: 1 month
- From 1 November 2014 to 22 November 2014: 1 month

Adding these up, we get a total of 10 months.

Final Answer: 10 months"
766,How many years after 14 On Fire did the next tour occur?,1,concert,1035,"The next tour after ""14 On Fire"" was ""Zip Code,"" which occurred in 2015. The ""14 On Fire"" tour took place from February 21, 2014, to November 22, 2014. Therefore, the gap between the end of the ""14 On Fire"" tour and the start of the ""Zip Code"" tour is one year.

Final Answer: 1 year"
767,How many years before the 14 On Fire concert tour began did the 50 & Counting concert tour end?,1,concert,1035,"To determine how many years before the 14 On Fire concert tour began the 50 & Counting concert tour ended, we need to identify the end dates of both tours.

From the given information:
- The 50 & Counting tour ended in 2013 (as it ran from 2012-13).
- The 14 On Fire tour began on February 21, 2014.

Now, calculate the difference in years:
2014 (start of 14 On Fire tour) - 2013 (end of 50 & Counting tour) = 1 year.

Final Answer: 1 year"
768,How many days before the 1960 Agadir earthquake were the first foreshocks?,6,earthquake,1036,"To determine how many days before the 1960 Agadir earthquake the first foreshocks occurred, we need to find the dates of both events and calculate the difference.

From the table:
- The earthquake occurred on 29 February 1960 at 23:40:18 UTC.
- The first foreshock occurred on 23 February 1960 at III intensity (Weak).

Next, we calculate the difference in days between these two dates:
- 29 February 1960 - 23 February 1960 = 6 days.

Therefore, the first foreshock occurred 6 days before the main earthquake.

Final Answer: 6 days"
769,How many months did people experience the effects of the 1960 Agadir earthquake?,3,earthquake,1036,"To determine how many months people experienced the effects of the 1960 Agadir earthquake, we need to consider both the local date and the duration of the event.

1. The earthquake occurred on 29 February 1960 at 23:40:18 WET (UTC±00:00).
2. The local date is given as 29 February 1960.
3. The duration of the earthquake is less than 15 seconds, indicating it was a very quick event.
4. However, the effects would have been felt over a longer period due to aftershocks and the significant damage caused.

The aftershocks mentioned are:
- 22 March 1960 (VI - Strong)
- 17 April 1960 (VI - Strong)

Given that the main earthquake occurred on 29 February and significant aftershocks continued into early April, people were likely experiencing the effects of the earthquake and its aftermath for several months.

Final Answer: People experienced the effects of the 1960 Agadir earthquake for about 2 months, considering the aftershocks that occurred in March and April."
770,How many months after the first foreshock was the last aftershock?,2,earthquake,1036,"To determine how many months after the first foreshock the last aftershock occurred, we need to calculate the time difference between the dates of the first foreshock and the last aftershock.

First, let's identify the dates:
- First foreshock: 23 February 1960
- Last aftershock: 17 April 1960

Next, we calculate the number of days between these dates:
- From 23 February to 28 February: 6 days
- March has 31 days, so from 1 March to 31 March: 31 days
- From 1 April to 17 April: 17 days

Adding these together:
6 days + 31 days + 17 days = 54 days

Since we need the answer in months, we convert the days into months. On average, one month is approximately 30.44 days.

So, 54 days ÷ 30.44 ≈ 1.77 months

Rounding to the nearest whole number, the last aftershock occurred approximately 2 months after the first foreshock.

Final Answer: 2 months"
771,How many days after the 2014 Ludian earthquake were 112 people reported missing?,5,earthquake,1042,"To determine how many days after the 2014 Ludian earthquake 112 people were reported missing, we need to look at the information provided in the table.

From the table:
- The earthquake occurred on 3 August 2014.
- As of 8 August 2014 (at 7:00 UTC), 112 people were reported missing.

Now, let's calculate the number of days between these dates:
- From 3 August to 8 August is 5 days.

Therefore, 112 people were reported missing 5 days after the 2014 Ludian earthquake.
Final Answer: 5 days"
772,How many days after the 2014 Ludian earthquake were 112 people reported missing?,5,earthquake,1042,"From the information provided in the table, we know that the earthquake occurred on August 3, 2014, and as of August 8, 2014 (at 7:00 UTC), 112 people were reported missing. 

To calculate the number of days between these two dates:
- The earthquake date is August 3, 2014.
- The report date is August 8, 2014.

The difference between these dates is 5 days.

Final Answer: 5 days"
773,How many days after the 2014 Ludian earthquake were 617 people reported dead?,5,earthquake,1042,"The earthquake occurred on August 3, 2014. The casualties were reported as 617 dead on August 8, 2014. The difference between these dates is 5 days.
Final Answer: 5 days"
774,How many years after the Better Day World Tour was the next tour?,3,concert,1054,"The Better Day World Tour started in 2011. The next tour mentioned in the chronology is the Blue Smoke World Tour, which started in 2014.

To calculate the number of years between these tours:
2014 - 2011 = 3 years

Therefore, the Blue Smoke World Tour was 3 years after the Better Day World Tour.
Final Answer: 3 years"
775,How long in years after the Backwoods Barbie Tour did the Blue Smoke World Tour begin?,6,concert,1054,"To determine how many years after the Backwoods Barbie Tour the Blue Smoke World Tour began, we need to find the start dates for both tours.

From the table:
- The Backwoods Barbie Tour ended in 2008.
- The Better Day World Tour (which immediately followed the Backwoods Barbie Tour) started in 2011.
- The Blue Smoke World Tour started in 2014.

Now, calculate the time difference between the end of the Backwoods Barbie Tour (2008) and the start of the Blue Smoke World Tour (2014):

2014 - 2008 = 6 years

Therefore, the Blue Smoke World Tour began 6 years after the Backwoods Barbie Tour ended.
Final Answer: 6 years"
776,How many years longer was Gagauzia an unrecognized breakaway state compared to Tatarstan?,2,event,1056,"To determine how many years longer Gagauzia was an unrecognized breakaway state compared to Tatarstan, we need to look at the time periods specified for each:

- Gagauzia: (1990-1994)
- Tatarstan: (1992-1994)

First, calculate the duration for each:
- Gagauzia: 1994 - 1990 = 4 years
- Tatarstan: 1994 - 1992 = 2 years

Now, find the difference in duration:
4 years (Gagauzia) - 2 years (Tatarstan) = 2 years

Therefore, Gagauzia was an unrecognized breakaway state for 2 years longer than Tatarstan.
Final Answer: 2 years"
777,How many years after the beginning of the dissolution of the Soviet Union did Chechnya become an unrecognized breakaway state?,3,event,1056,"From the information provided, the dissolution of the Soviet Union began on November 16, 1988, and ended on December 26, 1991. Chechnya became an unrecognized breakaway state starting in 1991. 

To calculate the number of years:
- Start of dissolution: November 16, 1988
- Chechnya becoming an unrecognized breakaway state: 1991

The difference between 1991 and 1988 is 3 years.

Final Answer: 3 years"
778,What is the total number of years that the Space Shuttle program lasted?,39,space program,1062,"To determine the total number of years the Space Shuttle program lasted, we need to calculate the difference between its first and last flight dates.

The first flight occurred on August 12, 1977, and the last flight was on July 21, 2011.

Let's break it down:
- From 1977 to 2010 inclusive: This is 2010 - 1977 + 1 = 34 years.
- From July 21, 2011, to the end of 2011: This is 1 year (since the program ended on this date).

Adding these together:
34 years + 1 year = 35 years.

Therefore, the Space Shuttle program lasted for 35 years.

Final Answer: 35"
779,How long in years did the Space Shuttle program run?,39,space program,1062,"To determine the duration of the Space Shuttle program in years, we need to calculate the difference between its first and last flights.

- First flight: ALT-12 on August 12, 1977
- Last flight: STS-135 on July 21, 2011

We can calculate the years as follows:
1. From 1977 to 2010, there are 33 full years.
2. We need to account for the months between August 1977 and July 2011:
   - From August 1977 to July 2011, there are 13 full years.

Adding these together:
33 years + 13 years = 46 years

Therefore, the Space Shuttle program ran for 33 full years plus 13 additional months, totaling 34 years.

Final Answer: 34 years"
780,How many years after the Space Shuttle program began did its first flight occur?,5,space program,1062,"To determine how many years after the Space Shuttle program began its first flight, we need to calculate the difference between the start date of the program and the first flight date.

1. The Space Shuttle program began in 1972.
2. The first flight occurred on August 12, 1977.

Now, we subtract the start year from the first flight year:
1977 - 1972 = 5 years.

Therefore, the first flight of the Space Shuttle program occurred 5 years after it began.
Final Answer: 5 years"
781,How many months after the first crewed flight was the last flight?,363,space program,1062,"To determine how many months after the first crewed flight the last flight occurred, we need to calculate the time difference between the two dates.

1. First crewed flight: April 12, 1981
2. Last flight: July 21, 2011

Let's break it down month by month:

- From April 1981 to March 1982: 12 months
- April 1982 to June 1982: 3 months
- July 2011: 37 years minus 1982 = 12 * (37 - 1) = 432 months

Total months:
12 + 3 + 432 = 447 months

Final Answer: 447 months"
782,The Space Shuttle's first crewed flight occurred how many years after its first flight?,4,space program,1062,"To determine the number of years between the first flight and the first crewed flight of the Space Shuttle, we need to find the dates of both events:
- First flight: ALT-12, August 12, 1977
- First crewed flight: STS-1, April 12, 1981

Next, calculate the difference in years:
1981 - 1977 = 4 years

Therefore, the first crewed flight occurred 4 years after the first flight.
Final Answer: 4 years"
783,"What year was the single ""2 of Amerikaz Most Wanted"" released?",1996,music,1066,"The release date provided in the table for the single ""2 of Amerikaz Most Wanted"" is May 7, 1996.

Final Answer: 1996"
784,"How many days did it take to record ""2 of Amerikaz Most Wanted""?",1,music,1066,"To determine how many days it took to record ""2 of Amerikaz Most Wanted,"" we need to look at the release date and the recording period. According to the table, the song was recorded in October 1995 and released on May 7, 1996.

However, the exact number of days between the recording and release cannot be precisely determined from this information alone because we don't know the specific start date within October 1995 or the end date in May 1996.

Given the limited data, we can only conclude that the recording spanned across several months, but the precise duration in days is not calculable based on the provided information.
Final Answer: The exact number of days cannot be determined from the given information."
785,"How many months after being recorded was ""2 of Amerikaz Most Wanted"" released?",7,music,1066,"To determine how many months after being recorded ""2 of Amerikaz Most Wanted"" was released, we need to find the difference between the release date and the recording date.

From the table:
- Release Date: May 7, 1996
- Recording Date: October 1995

Let's break this down month by month:
- From October to November: 1 month
- From November to December: 1 month
- From December to January: 1 month
- From January to February: 1 month
- From February to March: 1 month
- From March to April: 1 month
- From April to May: 1 month

Adding these up, we have 7 months from October 1995 to May 1996.

Final Answer: 7 months"
786,How long in years did the recording of 21st Century Breakdown take?,1,music,1070,"The recording period for ""21st Century Breakdown"" is given as ""2008-2009"". This indicates that the recording took place over the span of two years.

To determine how long the recording took in years, we can calculate the difference between the end year and the start year:
2009 - 2008 = 1 year

Therefore, the recording of ""21st Century Breakdown"" took 1 year.
Final Answer: 1 year"
787,"How many years after recording began was ""21st Century Breakdown"" released?",1,music,1070,"The recording of ""21st Century Breakdown"" began in 2008 and it was released on December 21, 2009. So, we need to calculate the difference between the release year and the start year of recording:
2009 - 2008 = 1 year.
Final Answer: 1 year"
788,"How many years after recording of ""21st Century Breakdown"" began was ""Last of the American Girls"" released?",2,music,1070,"To determine how many years after the recording of ""21st Century Breakdown"" began that ""Last of the American Girls"" was released, we need to follow these steps:

1. Identify when the recording of ""21st Century Breakdown"" began.
   - According to the table, the recording took place from 2008-2009.

2. Determine the release date of ""Last of the American Girls"".
   - From the singles chronology, ""Last of the American Girls"" was released in 2010.

3. Calculate the difference between the release date of ""Last of the American Girls"" and the start of recording for ""21st Century Breakdown"".
   - Start of recording for ""21st Century Breakdown"": 2008-2009
   - Release date of ""Last of the American Girls"": 2010
   - Difference: 2010 - 2008 = 2 years

Therefore, ""Last of the American Girls"" was released 2 years after the recording of ""21st Century Breakdown"" began.
Final Answer: 2 years"
789,"In what year was ""21st Century Breakdown"" first recorded?",2008,music,1070,"To determine the year ""21st Century Breakdown"" was first recorded, we need to look at the information provided in the table under the ""Recorded"" section.

The table states:
""Recorded	2008-2009 at Ocean Way Recording, Hollywood, California; Studio 880, Oakland, California; Jel Studios, Newport Beach, California; Costa Mesa Studios, Costa Mesa, California""

From this, we can see that recording took place in both 2008 and 2009. Since the question asks for the year it was first recorded, we take the earlier year of the two.

Final Answer: 2008"
790,"What year was the single ""21st Century Breakdown"" released?",2009,music,1070,"The single ""21st Century Breakdown"" was released on December 21, 2009.
Final Answer: 2009"
791,"How many years after ""21st Century Breakdown"" was its next single released?",1,music,1070,"The ""21st Century Breakdown"" single was released in 2009. Its next single, ""Last of the American Girls,"" was released in 2010. The difference between these years is 2010 - 2009 = 1 year.
Final Answer: 1 year"
792,"How many years did it take to record ""21st Century Breakdown""?",2,song,1070,"The recording period for ""21st Century Breakdown"" spans from 2008 to 2009. To determine the duration, we subtract the start year from the end year: 2009 - 2008 = 1 year.
Final Answer: 1 year"
793,"What year was ""21st Century Breakdown"" released?",2009,song,1070,"The ""21st Century Breakdown"" single by Green Day was released on December 21, 2009.
Final Answer: 2009"
794,"How many years did the recording of ""21st Century Breakdown"" take?",1,song,1070,"The recording period for ""21st Century Breakdown"" is given as ""2008-2009"". To determine how many years it took, we can subtract the start year from the end year:
2009 - 2008 = 1 year
Therefore, the recording of ""21st Century Breakdown"" took 1 year.
Final Answer: 1 year"
795,"What year was ""3 a.m. Eternal"" originally released?",1989,music,1071,"To determine the original release year of ""3 a.m. Eternal,"" we need to look at the earliest release dates mentioned in the table. The table lists multiple releases for this song under different versions or contexts:

1. May 1989 - Pure Trance 2
2. 7 January 1991 - Live at the S.S.L.
3. January 1992 - The KLF vs ENT version

The first listed release date is May 1989, which corresponds to the ""Pure Trance Original"" version. This indicates that ""3 a.m. Eternal"" was originally released in May 1989.

Final Answer: 1989"
796,"How many years passed between the first and last release of ""3 a.m. Eternal""?",3,music,1071,"To determine the number of years between the first and last release of ""3 a.m. Eternal,"" we need to identify the release dates of the earliest and latest versions of the song.

From the information provided:
- The first release was May 1989 (Pure Trance 2).
- The last release was January 1992 (The KLF vs ENT version).

Next, we calculate the difference in years between these two dates:
- First release: May 1989
- Last release: January 1992

The time span is from May 1989 to January 1992, which covers 2 full years plus an additional 7 months.

Since we are asked for the number of years, we count the full years:
1992 - 1989 = 3 years

Therefore, 3 years passed between the first and last release of ""3 a.m. Eternal.""

Final Answer: 3 years"
797,"What year was the live version of ""3 a.m. Eternal"" released?",1991,music,1071,"To determine when the live version of ""3 a.m. Eternal"" was released, let's follow these steps:

1. Identify the relevant information from the table: The song ""3 a.m. Eternal"" has multiple versions and release dates listed.
2. Look for the specific version mentioned: We're looking for the ""The KLF vs ENT version,"" which is noted as being different from the original and the ""Live at the S.S.L."" version.
3. Find the exact release date for this version: In the ""Release"" row, we see ""January 1992 (The KLF vs ENT version).""

Therefore, the live version of ""3 a.m. Eternal"" was released in 1992.
Final Answer: 1992"
798,"How many years after its release on Pure Trance 2 was ""3 a.m. Eternal"" released in the KLF vs ENT version?",3,music,1071,"The single ""3 a.m. Eternal"" was first released on Pure Trance 2 in May 1989. It was later released in the ""KLF vs ENT version"" in January 1992. To find the number of years between these releases, we subtract the earlier release year from the later release year: 1992 - 1989 = 3 years.
Final Answer: 3 years"
799,"How many years before ""Money Don't Matter 2 Night"" was ""Diamonds and Pearls"" released?",1,song,1075,"To determine how many years before ""Money Don't Matter 2 Night"" was ""Diamonds and Pearls"" released, we need to compare their release dates.

From the information given:
- ""Diamonds and Pearls"" was released in 1991.
- ""Money Don't Matter 2 Night"" was released in 1992.

The difference in years between these releases is:
1992 (release year of ""Money Don't Matter 2 Night"") - 1991 (release year of ""Diamonds and Pearls"") = 1 year.

Therefore, ""Diamonds and Pearls"" was released 1 year before ""Money Don't Matter 2 Night"".
Final Answer: 1 year"
800,"What year was the movie ""8 Mile"" released?",2002,movie,1077,"The release date provided in the table is November 8, 2002. This indicates the year of the movie's release.
Final Answer: 2002"
801,How many years ago was this movie released?,20,movie,1077,"The movie ""8 Mile"" was released on November 8, 2002. As of December 2022, we calculate the number of years between these dates:
2022 - 2002 = 20 years.

Final Answer: 20 years ago"
802,"What year was ""8 Mile"" released?",2002,movie,1077,"The ""Release date"" row in the table shows that the movie ""8 Mile"" was released on November 8, 2002.

Final Answer: 2002"
803,"How many days after the London premiere on October 8, 1941, did the movie ""49th Parallel"" premiere in the USA (New York)?",148,movie,1078,"To find out how many days after the London premiere the movie ""49th Parallel"" premiered in the USA, we need to calculate the difference between the release dates given.

1. London premiere: October 8, 1941
2. New York premiere: March 5, 1942

First, let's count the days left in October 1941:
- October has 31 days.
- From October 8 to October 31 is \(31 - 8 + 1 = 24\) days.

Next, let's count the days in November 1941:
- November has 30 days.
- All 30 days are included.

Then, let's count the days in December 1941:
- All 31 days are included.

Finally, let's count the days in January 1942:
- All 31 days are included.

And in February 1942:
- All 28 days are included.

Now, add the days in March up to March 5:
- From March 1 to March 5 is 5 days.

Summing all these days:
\[ 24 \text{ (Oct)} + 30 \text{ (Nov)} + 31 \text{ (Dec)} + 31 \text{ (Jan)} + 28 \text{ (Feb)} + 5 \text{ (Mar)} = 159 \text{ days} \]

Therefore, the movie ""49th Parallel"" premiered in the USA (New York) 159 days after its London premiere on October 8, 1941.

Final Answer: 159 days"
804,How many months after the UK nationwide release was the US nationwide release?,5,movie,1078,"First, identify the release dates:
- UK nationwide release: 24 November 1941
- US nationwide release: 15 April 1942

Next, calculate the difference in months:
- From November 24, 1941, to December 31, 1941: 8 days
- Full months from January to April: 4 months

Therefore, the total months difference is 4 months.

Final Answer: 4 months"
805,How many months after the New York City premiere was 49th Parallel released to the rest of the country?,1,movie,1078,"First, identify the release dates:
- New York City premiere: 5 March 1942
- United States release: 15 April 1942

Next, calculate the difference between these dates:
- From March 5 to March 31: 26 days
- April 1 to April 15: 15 days

Total days from March 5 to April 15: 26 + 15 = 41 days

Since we need the answer in months, we convert 41 days to months. Given that there are approximately 30.44 days in a month, we divide 41 by 30.44:
41 / 30.44 ≈ 1.35 months

Rounding to the nearest whole month, it is approximately 1 month.

Final Answer: 1 month"
806,For how many years was Access Hollywood known as Access?,2,show,1085,"To determine how many years Access Hollywood was known as ""Access,"" we need to look at the information provided in the ""Also known as"" field.

The table states:
```
Also known as	Access | (2017-2019)
```

This indicates that Access Hollywood was known as ""Access"" from 2017 to 2019.

Therefore, the duration is calculated as:
2019 - 2017 = 2 years

Final Answer: 2 years"
807,For how many years was Robert K. Silverstein the producer for Access Hollywood?,20,show,1085,"To determine how many years Robert K. Silverstein was the executive producer for Access Hollywood, we need to look at the information provided in the ""Production"" section of the table. It states that Robert K. Silverstein was the executive producer from 1999 to 2019.

So, the calculation is:
2019 - 1999 = 20 years

Final Answer: Robert K. Silverstein was the producer for Access Hollywood for 20 years."
808,"For how many years was Access Hollywood known simply as ""Access""?",2,show,1085,"To determine how many years Access Hollywood was known simply as ""Access,"" we need to identify the periods when it was called ""Access"" and compare them with the periods when it was called ""Access Hollywood.""

From the information given:
- The show is also known as ""Access"" from 2017-2019.
- Its full name is ""Access Hollywood.""

Therefore, Access Hollywood was known simply as ""Access"" for the years 2017-2019.

Final Answer: 2 years"
809,How long in years was Robert K. Silverstein a producer for Access Hollywood?,20,show,1085,"To determine how long Robert K. Silverstein was a producer for Access Hollywood, we need to look at the start and end dates of his tenure. According to the information provided:
- Robert K. Silverstein started as an executive producer in 1999.
- He ended his role as an executive producer in 2019.

Calculating the duration:
2019 (end year) - 1999 (start year) = 20 years

Therefore, Robert K. Silverstein was a producer for Access Hollywood for 20 years.
Final Answer: 20 years"
810,What year was Wil Calhoun an executive producer of Friends?,2001,show,1088,"From the information provided in the table, we can see that Wil Calhoun was listed as an executive producer for season 7 of Friends. The table shows the production details broken down by season, and for season 7, it lists Wil Calhoun as one of the executive producers.
To determine the year, we need to look at the original release dates given in the ""Release"" section of the table. Friends originally aired from September 22, 1994, to May 6, 2004. Since season 7 would have aired within this timeframe, and considering typical television production schedules, we can infer that season 7 likely aired in 1998 or 1999 (as it's generally the 5th or 6th year of a 10-season show).
Therefore, based on the information provided:
Final Answer: Wil Calhoun was an executive producer of Friends in 1998 or 1999."
811,What year was the Delaware Extension opened for Penn Central?,1968,rail line,1094,"To determine the year the Delaware Extension was opened for Penn Central, we need to look at the ""History"" section of the table.

1. The ""History"" section lists the opening dates for different entities:
   - Pennsylvania Railroad: 1862
   - Penn Central: 1968
   - Conrail: 1976

2. Specifically, the question asks about the opening for Penn Central.

3. According to the information provided, the rail line opened for Penn Central in 1968.

Final Answer: 1968"
812,What year was the Delaware Extension closed for Penn Central?,1976,rail line,1094,"To determine the year the Delaware Extension was closed for Penn Central, I'll follow these steps:

1. Look at the ""History"" section of the table.
2. Find the row mentioning Penn Central.
3. Identify the closure date for Penn Central.

From the table:
- The ""History"" section shows that the Delaware Extension was opened in 1968 by Penn Central.
- In the same row, it also states that the line was closed in 1976 by Penn Central.

Therefore, the Delaware Extension was closed for Penn Central in 1976.

Final Answer: 1976"
813,How many years passed between the end of the Billie Mae Richards TV specials and the film in which Blitzen was Rudolph's father?,12,character,1095,"To determine the number of years between the end of Billie Mae Richards' TV specials and the film where Blitzen was Rudolph's father, we need to identify the relevant dates from the information given.

1. **Billie Mae Richards' TV specials**: According to the table, Billie Mae Richards voiced Rudolph from 1964 to 2010.
   - End date: 2010

2. **Film where Blitzen is Rudolph's father**: The table mentions that in the 1998 film, Blitzen is Rudolph's father.
   - Start date: 1998

2. **Calculate the difference**:
   - 2010 (end of TV specials) - 1998 (start of the film) = 12 years

Therefore, 12 years passed between the end of the Billie Mae Richards TV specials and the film in which Blitzen was Rudolph's father.

Final Answer: 12 years"
814,What year was Arrow identified as part of Rudolph the Red-Nosed Reindeer's family?,1998,character,1095,"To determine when Arrow was identified as part of Rudolph's family, I'll follow these steps:
1. Scan the ""Family"" section for mentions of Arrow.
2. Identify the source where Arrow is mentioned as part of Rudolph's family.
3. Find the date or year associated with that source.

Scanning the ""Family"" section, I find Arrow mentioned as a cousin in the 1998 film. This indicates that Arrow was identified as part of Rudolph's family in 1998.

Final Answer: 1998"
815,"How many years did ""Rudolph the Red-Nosed Reindeer,"" voiced by Billie Mae Richards, run as a television special?",46,character,1095,"From the information given, Billie Mae Richards voiced Rudolph the Red-Nosed Reindeer in TV specials from 1964 to 2010. To find out how many years this spanned, we subtract the start year from the end year: 2010 - 1964 = 46 years.
Final Answer: 46 years"
816,What year was the last television special featuring Rudolph the Red-Nosed Reindeer?,2010,character,1095,"To determine the last television special featuring Rudolph the Red-Nosed Reindeer, we need to look at the information given about the voice actors for different TV specials and movies.

From the table:
- Billie Mae Richards voiced Rudolph from 1964 to 2010 in various TV specials.
- Kathleen Barr voiced Rudolph in specific movies: ""Rudolph the Red-Nosed Reindeer: The Movie"" and ""Rudolph the Red-Nosed Reindeer and the Island of Misfit Toys.""

Billie Mae Richards' last known voicing role was in 2010, indicating that 2010 would be the last year a television special featuring Rudolph the Red-Nosed Reindeer was likely produced, as it aligns with her last known involvement.

Final Answer: 2010"
817,How many years after Rudolph the Red-Nosed Reindeer's first appearance was Rusty introduced as his cousin?,59,character,1095,"To determine how many years after Rudolph the Red-Nosed Reindeer's first appearance Rusty was introduced as his cousin, we need to find both dates.

1. Rudolph the Red-Nosed Reindeer's first appearance is given as 1939.
2. Rusty is mentioned as Rudolph's brother in the ""Holidaze: The Christmas That Almost Didn't Happen"" event.

Since the exact year of the ""Holidaze: The Christmas That Almost Didn't Happen"" event isn't provided, we can infer that it happened sometime after 1939 based on the context of the information given.

Without an exact year for ""Holidaze: The Christmas That Almost Didn't Happen,"" we cannot provide a precise numerical answer. However, if we assume it occurred in the same decade or shortly thereafter, we can estimate the time difference.

Given the information, the most accurate response would be:
Final Answer: The exact number of years cannot be determined without the specific year of ""Holidaze: The Christmas That Almost Didn't Happen."" However, it is clear that Rusty was introduced as a character sometime after 1939."
818,How many years were between Charlton Heston portraying and voicing the character?,44,character,1101,"From the table, we can see that Charlton Heston portrayed Judah Ben-Hur in the 1959 film and voiced him in the 2003 version. To find the number of years between these two events, we subtract the earlier year from the later year: 2003 - 1959 = 44 years.
Final Answer: 44 years"
819,What year was Judah Ben-Hur last portrayed?,2016,character,1101,"To determine the year Judah Ben-Hur was last portrayed, I'll look at the ""Portrayed by"" section of the table.

The ""Portrayed by"" section lists:
1. Ramon Novarro (1925)
2. Charlton Heston (1959)
3. Joseph Morgan (2010)
4. Jack Huston (2016)

The most recent entry is Jack Huston in 2016, which indicates that this was the last portrayal of Judah Ben-Hur listed.

Final Answer: 2016"
820,"How many years after the publication of ""A Tale of the Christ"" did Ramon Novarro portray Ben-Hur?",45,character,1101,"To find out how many years after the publication of ""A Tale of the Christ"" Ramon Novarro portrayed Ben-Hur, we need to follow these steps:

1. Identify the publication year of ""A Tale of the Christ"": According to the table, it was published in 1880.
2. Identify the year Ramon Novarro portrayed Ben-Hur: According to the table, Ramon Novarro portrayed Ben-Hur in 1925.
3. Calculate the difference between these two years: 1925 - 1880 = 45 years.

Therefore, Ramon Novarro portrayed Ben-Hur 45 years after the publication of ""A Tale of the Christ"".
Final Answer: 45 years"
821,How many years were between Carl Stockdale and Julian Rhind-Tutt playing Monks?,85,character,1104,"To determine the number of years between Carl Stockdale and Julian Rhind-Tutt playing Monks, we need to identify the years they appeared in their respective roles.

From the table:
- Carl Stockdale played Monks in the 1922 film.
- Julian Rhind-Tutt played Monks in the 2007 miniseries.

Next, we calculate the difference between these two years:
2007 (Julian Rhind-Tutt's appearance) - 1922 (Carl Stockdale's appearance) = 85 years.

Therefore, there were 85 years between Carl Stockdale and Julian Rhind-Tutt playing Monks.
Final Answer: 85 years"
822,What year was Monks last portrayed in a television miniseries?,2007,character,1104,"To determine the last year Monks was portrayed in a television miniseries, we need to identify the most recent miniseries mentioned in the table.

From the ""character"" section:
- 1922 film: Carl Stockdale
- 1948 film: Ralph Truman
- 1982 TV film: Oliver Cotton
- 1985 TV serial: Pip Donaghy
- 1999 miniseries: Marc Warren
- 2007 miniseries: Julian Rhind-Tutt

The latest entry is the 2007 miniseries where Julian Rhind-Tutt portrayed Monks.

Final Answer: 2007"
823,What year was Monks portrayed by Carl Stockdale?,1922,character,1104,"To determine the year Carl Stockdale portrayed Monks, we need to look at the information provided in the table. The table lists the actors who have portrayed Monks in different adaptations, along with the specific works they appeared in. For Carl Stockdale, it mentions ""1922 film"".

Therefore, Carl Stockdale portrayed Monks in the 1922 film.
Final Answer: 1922"
824,What year was Monks first released?,1922,character,1104,"To determine when Monks was first released, we need to look at the earliest portrayal mentioned in the table. The earliest portrayal of Monks is by Carl Stockdale in the 1922 film.

Final Answer: 1922"
825,What year was Monks last released in film form?,1982,character,1104,"To determine the last year Monks was released in film form, we need to look at the characters who portrayed Monks in different film and television adaptations.

From the table:
- Carl Stockdale portrayed Monks in a 1922 film.
- Ralph Truman portrayed Monks in a 1948 film.
- Oliver Cotton portrayed Monks in a 1982 TV film.
- Pip Donaghy portrayed Monks in a 1985 TV serial.
- Marc Warren portrayed Monks in a 1999 miniseries.
- Julian Rhind-Tutt portrayed Monks in a 2007 miniseries.

Among these, the most recent portrayal in a film or series was in 2007 with Julian Rhind-Tutt.

Final Answer: 2007"
826,How many years after its launching in the Soviet Union was the INS Vikramaditya commissioned?,5,navy vessel,1109,"To determine how many years after its launch the INS Vikramaditya was commissioned, we need to find the difference between its commissioning date and its launch date.

From the information given:
- The INS Vikramaditya was launched on 4 December 2008.
- It was commissioned on 16 November 2013.

First, let's calculate the time difference in years:
- From 4 December 2008 to 31 December 2008 is 28 days.
- From 1 January 2009 to 31 December 2013 is 5 years.

So, from 4 December 2008 to 31 December 2013 is 5 years.
Then, we need to subtract the 28 days from the end of 2008:
- 5 years - 28 days = 4 years + 365 days - 28 days = 4 years + 337 days.

Since 337 days is more than a year (365 days), it means we need to adjust the years:
- 4 years + 337 days = 4 years + 1 year - 28 days = 5 years - 28 days.

Therefore, the INS Vikramaditya was commissioned approximately 5 years after its launch.

Final Answer: 5 years"
827,How many years ago was the INS Vikramaditya decommissioned in Soviet Union Russia?,26,navy vessel,1109,"Based on the information provided in the table, the INS Vikramaditya (originally named Admiral Gorshkov) was not decommissioned in the Soviet Union or Russia. Instead, it was laid down in 1978, launched in 1982, commissioned in 1987, and later sold to the Indian Navy in 2004. Therefore, there is no decommissioning event mentioned in the context of the Soviet Union or Russia for this vessel.

Final Answer: The INS Vikramaditya was not decommissioned in the Soviet Union or Russia, so the question cannot be answered based on the given information."
828,How many years passed from the time INS Trishul was ordered until its launch?,3,navy vessel,1113,"To determine how many years passed from when INS Trishul was ordered until its launch, we need to calculate the difference between the launch date and the order date.

1. Order date: 17 November 1997
2. Launch date: 24 November 2000

Now, let's calculate the difference:
- From 17 November 1997 to 24 November 1997 is 7 days.
- From 1 January 1998 to 24 November 2000 spans over 2 full years and 10 months.

Therefore, the total time is 2 years and 10 months, plus the 7 days.

Since the question asks for the number of years, we can round this to 3 years (considering 10 months is more than half a year).

Final Answer: 3 years"
829,How many months after its launch was INS Trishul officially commissioned?,19,navy vessel,1113,"To determine how many months after its launch INS Trishul was officially commissioned, we need to calculate the time difference between the launch date and the commissioning date.

From the table:
- Launched: 24 November 2000
- Commissioned: 25 June 2003

First, let's break it down into full years and remaining months:

1. From 24 November 2000 to 23 November 2001: 1 year
2. From 24 November 2001 to 23 November 2002: 1 year
3. From 24 November 2002 to 23 November 2003: 1 year

By 23 November 2003, exactly 3 years have passed. We then need to add the remaining days from 24 November 2003 to 25 June 2003:

- From 24 November 2003 to 31 December 2003: 8 months (24 November to 31 December)
- January 2004: 1 month
- February 2004: 1 month
- March 2004: 1 month
- April 2004: 1 month
- May 2004: 1 month
- 24 June 2004: 1 month (since the commissioning date is 25 June)

Adding up all the months: 8 + 1 + 1 + 1 + 1 + 1 + 1 = 14 months

Therefore, INS Trishul was officially commissioned 14 months after its launch.
Final Answer: 14 months"
830,How many months after INS Trishul was ordered was it officially commissioned?,67,navy vessel,1113,"To determine how many months after INS Trishul was ordered it was officially commissioned, we need to calculate the time difference between the order date and the commissioning date.

1. **Order Date:** 17 November 1997
2. **Commissioning Date:** 25 June 2003

First, let's break down the timeline into years and months:
- From 17 November 1997 to 17 November 2003: 6 years
- From 17 November 2003 to 25 June 2003: 7 months

Next, we convert the total period into months:
- 6 years = 6 * 12 months = 72 months
- Total months from 17 November 1997 to 25 June 2003: 72 months + 7 months = 79 months

Therefore, INS Trishul was commissioned 79 months after it was ordered.
Final Answer: 79 months"
831,How many years passed between the time INS Trishul was ordered and it was laid down?,2,navy vessel,1113,"To determine how many years passed between when INS Trishul was ordered and when it was laid down, we need to find the difference between the two dates provided.

- Ordered: 17 November 1997
- Laid down: 24 September 1999

Let's calculate the difference:
- From 17 November 1997 to 31 December 1997: \( \frac{15}{365} \approx 0.041 \) years
- From 1 January 1998 to 31 December 1998: 1 year
- From 1 January 1999 to 24 September 1999: \( \frac{24}{365} \approx 0.066 \) years

Adding these together:
\[ 0.041 + 1 + 0.066 = 1.107 \text{ years} \]

Rounding to the nearest whole number, approximately 1 year passed between the order and the laying down of INS Trishul.
Final Answer: 1 year"
832,How many years after the launch of INS Trishul was it commissioned?,3,navy vessel,1113,"To determine how many years after the launch INS Trishul was commissioned, we need to find the difference between the commissioning date and the launch date.

From the table:
- Launch date: 24 November 2000
- Commissioning date: 25 June 2003

First, calculate the time difference in months and days:
- From 24 November 2000 to 31 December 2000: 7 + 31 = 38 days
- From 1 January 2001 to 31 December 2001: 365 days
- From 1 January 2002 to 31 December 2002: 365 days
- From 1 January 2003 to 25 June 2003: 31 + 28 + 31 + 30 + 31 + 30 + 25 = 196 days

Total days from launch to commissioning:
38 + 365 + 365 + 196 = 964 days

Convert days to years:
964 / 365 ≈ 2.64 years

Since we need the answer in whole years, we round down to the nearest whole number.

Final Answer: 2 years"
833,How many days after being laid down was INS Trishul launched?,427,navy vessel,1113,"To determine how many days after being laid down INS Trishul was launched, we need to calculate the difference between the launch date and the laydown date.

1. Laydown date: 24 September 1999
2. Launch date: 24 November 1999

We can break this down month by month:
- From 24 September to 30 September: 7 days
- October: 31 days
- From 1 November to 24 November: 24 days

Adding these together:
7 days + 31 days + 24 days = 62 days

Therefore, INS Trishul was launched 62 days after being laid down.
Final Answer: 62 days"
834,How many years after INS Trishul was ordered was its launch?,3,navy vessel,1113,"To determine how many years after INS Trishul was ordered its launch took place, we need to find the difference between the year it was launched and the year it was ordered.

From the table:
- Ordered: 17 November 1997
- Launched: 24 November 2000

Calculating the difference:
- 2000 (launch year) - 1997 (order year) = 3 years

Therefore, INS Trishul was launched 3 years after it was ordered.
Final Answer: 3 years"
835,How many years after production stopped was the Firefly officially retired?,1,aircraft,1128,"To determine how many years after production stopped the Firefly was officially retired, we need to follow these steps:

1. Identify when production ended: According to the table, the Firefly was produced from 1941-1955.
2. Identify the retirement date: The table states that the Firefly was retired in 1956 by the Royal Navy.
3. Calculate the difference: Subtract the end of production year from the retirement year.

Calculation:
1956 (retirement) - 1955 (end of production) = 1 year

Therefore, the Firefly was officially retired 1 year after production stopped.
Final Answer: 1 year"
836,For how many years was the FAA Fairey Firefly produced?,14,aircraft,1128,"To determine the number of years the FAA Fairey Firefly was produced, we need to identify the production period.

From the table:
- The Firefly was first produced in 1941.
- Production ended in 1955.

Now, we calculate the difference:
1955 - 1941 = 14 years

Therefore, the FAA Fairey Firefly was produced for 14 years.
Final Answer: 14 years"
837,How many years ago was the FAA Fairey Firefly retired from the Royal Navy?,66,aircraft,1128,"To determine how many years ago the Fairey Firefly was retired from the Royal Navy, we need to compare its retirement year to the current year (2022).

From the table:
- The Firefly was retired in 1956.

Current year: 2022

Calculation:
2022 - 1956 = 66 years

Therefore, the Fairey Firefly was retired from the Royal Navy 66 years ago.
Final Answer: 66 years"
838,How many years after its introduction was the Firefly in service?,13,aircraft,1128,"To determine how many years after its introduction the Firefly was in service, we need to follow these steps:

1. Identify the introduction year: March 1943
2. Identify the retirement year: 1956
3. Calculate the difference between the retirement year and the introduction year

From March 1943 to 1956:
- 1943 (March to end of the year): 9 months remaining in 1943
- Full years from 1944 to 1955: 12 years
- 1956: full year

Adding up these periods:
9 months in 1943 + 12 years + 1 full year = 13 years and 9 months

Since the question asks for the number of years, we consider only the whole years:
13 years

Therefore, the Firefly was in service for 13 years after its introduction.
Final Answer: 13 years"
839,How many years has it been since the Firefly was retired?,66,aircraft,1128,"To determine how many years have passed since the Firefly was retired, we need to:
1. Identify the retirement year from the table: 1956 (for the Royal Navy).
2. Use the current year (December 2022) as the reference point.
3. Calculate the difference between these two years.

1956 (retirement year) - 2022 (current year) = -66 years

Since we cannot have negative years, we consider the absolute value:
| -66 | = 66 years

Final Answer: 66 years"
840,How many years after the first flight was the Firefly retired?,15,aircraft,1128,"To determine how many years after the first flight the Firefly was retired, we need to calculate the difference between the retirement year and the first flight year.

1. First flight year: 1941
2. Retirement year: 1956

Now, subtract the first flight year from the retirement year:
1956 - 1941 = 15

Therefore, the Firefly was retired 15 years after its first flight.
Final Answer: 15 years"
841,How many years after the Firefly was introduced did production stop?,12,aircraft,1128,"To determine how many years after the Firefly was introduced production stopped, we need to follow these steps:

1. Identify the introduction year:
   - Introduction: March 1943

2. Identify the production end year:
   - Production: 1941-1955 (This indicates production ended in 1955)

3. Calculate the difference:
   - 1955 (end of production) - 1943 (introduction) = 12 years

Therefore, production stopped 12 years after the Firefly was introduced.
Final Answer: 12 years"
842,How many years after PBY Catalina's first flight was its retirement by the United States Navy Reserve?,22,aircraft,1130,"To determine how many years after the PBY Catalina's first flight its retirement by the United States Navy Reserve occurred, we need to calculate the difference between the retirement date and the first flight date.

1. First flight date: 21 March 1935
2. Retirement date for the United States Navy Reserve: January 1957

We need to count the years from 1935 to 1957:
- From 1935 to 1956 is 21 years (including both the starting and ending years).

Therefore, the PBY Catalina was retired 21 years after its first flight.

Final Answer: 21 years"
843,For how many years was the PBY Catalina in production?,9,aircraft,1130,"To determine the number of years the PBY Catalina was in production, we need to look at the start and end years of its production period.

From the table, we can see:
- Production period: 1936-1945

Now, we calculate the difference between the end year and the start year:
1945 - 1936 = 9

Therefore, the PBY Catalina was in production for 9 years.
Final Answer: 9 years"
844,For how many years was the PBY Catalina manufactured?,9,aircraft,1130,"To determine the number of years the PBY Catalina was manufactured, we need to identify the start and end years of production from the information given in the table.

1. **Identify the start year of production**: The table states under ""Produced"" that the PBY Catalina was produced from 1936 to 1945.
2. **Calculate the duration**:
   - Start year: 1936
   - End year: 1945
   - Duration = End year - Start year + 1 (to include both the start and end years)

\[ \text{Duration} = 1945 - 1936 + 1 = 10 \]

Therefore, the PBY Catalina was manufactured for 10 years.

Final Answer: 10 years"
845,How long in years was the PBY Catalina in commission by the US Navy?,21,aircraft,1130,"To determine how long the PBY Catalina was in commission by the U.S. Navy, we need to find the difference between its introduction and retirement dates.

From the table:
- Introduction: October 1936
- Retired: January 1957

Let's calculate the time span:
- From October 1936 to December 1936: 2 months
- From January 1937 to December 1956: 19 full years
- From January 1957: 1 month

Adding these up:
- 2 months (October 1936 to December 1936) + 19 years + 1 month (January 1957)

This totals to 19 years.

Final Answer: 19 years"
846,For how many years was the X-15 used by NASA and the US Air Force?,9,space program,1132,"To determine the number of years the X-15 was used by NASA and the U.S. Air Force, we need to find the period from its introduction until its retirement.

- First flight: 8 June 1959
- Introduction: 17 September 1959
- Retired: December 1968

Now, calculate the duration:
- From 17 September 1959 to 31 December 1959: 3 months
- From 1 January 1960 to 31 December 1968: 9 full years

Adding these together:
3 months + 9 years = 9 years and 3 months

Since the question asks for the number of years, we round down to the nearest whole year.

Final Answer: 9 years"
847,How many years was the X-15 in service before it was retired?,54,space program,1132,"To determine how many years the X-15 was in service before it was retired, we need to calculate the difference between its retirement date and its introduction date.

1. The X-15 was introduced on 17 September 1959.
2. The X-15 was retired in December 1968.

We can break this down into months:
- From September 1959 to December 1959: 3 months
- Full years from 1960 to 1968: 8 years
- From January 1969 to December 1968: 12 months (which covers the entire year 1968)

Adding these together:
- 3 months (September 1959 to December 1959)
- 8 full years
- 12 months (January 1969 to December 1968)

Converting everything to years:
- 3 months = 3/12 years = 0.25 years
- 8 full years = 8 years
- 12 months = 1 year

Total years in service: 0.25 + 8 + 1 = 9.25 years

Therefore, the X-15 was in service for 9.25 years before it was retired.

Final Answer: 9.25 years"
848,"How many days after its first flight on June 8, 1959, was the X-15 introduced?",101,space program,1132,"To determine how many days after its first flight on June 8, 1959, the X-15 was introduced, we need to calculate the difference between its introduction date and its first flight date.

1. First, identify the dates:
   - First flight: June 8, 1959
   - Introduction: September 17, 1959

2. Calculate the difference:
   - From June 8 to June 30: 22 days
   - July has 31 days
   - August has 31 days
   - From September 1 to September 17: 17 days

3. Add up all the days:
   - 22 (June) + 31 (July) + 31 (August) + 17 (September) = 101 days

Final Answer: 101 days"
849,How many years separated the X-15's first flight from its retirement?,9,space program,1132,"To determine the number of years separating the X-15's first flight from its retirement, we need to calculate the difference between the year of its retirement and the year of its first flight.

From the table:
- First flight: 8 June 1959
- Retired: December 1968

The X-15 was retired in 1968, and it first flew in 1959. The difference in years is calculated as follows:

1968 - 1959 = 9 years

Therefore, 9 years separated the X-15's first flight from its retirement.
Final Answer: 9 years"
850,How many months separated the introduction of the X-15 from its first flight?,3,space program,1132,"To find the number of months separating the introduction of the X-15 from its first flight, we need to calculate the difference between the dates given for these events.

First, let's identify the dates:
- First flight: 8 June 1959
- Introduction: 17 September 1959

Next, we'll break down the calculation month by month:

1. From 8 June 1959 to 30 June 1959: 
   - This is 22 days in June.
   
2. July 1959: 
   - This is the entire month of July, which is 31 days.
   
3. August 1959: 
   - This is the entire month of August, which is 31 days.
   
4. From 1 July 1959 to 17 September 1959:
   - This spans 2 months (July and August).
   - Total days: 31 (July) + 17 (September) = 48 days.

Now, let's add up all the days:
- Days from 8 June to 30 June: 22 days
- Days in July: 31 days
- Days in August: 31 days
- Days from 1 July to 17 September: 48 days

Total days: 22 + 31 + 31 + 48 = 132 days

Since there are approximately 30.44 days in a month, we can convert 132 days to months:
\[ \frac{132 \text{ days}}{30.44 \text{ days/month}} \approx 4.33 \text{ months} \]

Rounding to the nearest whole number, we get 4 months.

Therefore, the number of months that separated the introduction of the X-15 from its first flight is 4 months.

Final Answer: 4 months"
851,How many months after the first flight was the X-15 introduced?,3,space program,1132,"To determine how many months after the first flight the X-15 was introduced, we need to calculate the time difference between the first flight date and the introduction date.

1. **First Flight Date**: June 8, 1959
2. **Introduction Date**: September 17, 1959

Let's break this down month by month:

- From June 8, 1959, to June 30, 1959: 22 days (June has 30 days)
- July 1959: 31 days
- August 1959: 31 days
- September 17, 1959: 17 days into September

Now, sum up the days:
- June: 22 days
- July: 31 days
- August: 31 days
- September: 17 days

Total days = 22 + 31 + 31 + 17 = 101 days

Since there are approximately 30.44 days in a month, we can convert the total days into months:
101 days ÷ 30.44 ≈ 3.31 months

Since we are looking for the number of whole months, we round down to the nearest whole number:
3 months

Therefore, the X-15 was introduced approximately 3 months after its first flight.
Final Answer: 3 months"
852,How many years were there between the first flight of the X-15 and when it was retired?,9,space program,1132,"To find the number of years between the first flight of the X-15 and when it was retired, we need to calculate the difference between the retirement date and the first flight date.

1. First flight date: 8 June 1959
2. Retirement date: December 1968

Since the exact day in December 1968 isn't specified, we can use the full year for calculation purposes.

3. Calculate the difference:
   - From 8 June 1959 to 31 December 1959: 6 months and 23 days
   - Full years from 1960 to 1968: 8 years
   - From 1 January 1969 to 31 December 1968: 1 year

Adding these up:
6 months and 23 days + 8 years + 1 year = 9 years and 6 months and 23 days

Since the question asks for the number of years, we can round this to 9 years.

Final Answer: 9 years"
853,What year did the X-15 take its first flight?,1959,space program,1132,"To determine the year when the X-15 took its first flight, we need to look at the information provided in the table under the ""First flight"" row.

The ""First flight"" row states: ""8 June 1959"".

Therefore, the year when the X-15 took its first flight is 1959.

Final Answer: 1959"
854,How many years was the Coordination Center for Ethnic Germans operational from 1937?,8,agency,1139,"To determine how many years the Coordination Center for Ethnic Germans was operational from 1937, we need to look at the formation and dissolution dates provided in the table.

1. The agency was formed in c.1937 (c. stands for circa, meaning approximately).
2. It was dissolved on May 8, 1945.

To calculate the duration:
- Start year: 1937
- End year: 1945

We can subtract the start year from the end year:
1945 - 1937 = 8 years

Therefore, the Coordination Center for Ethnic Germans was operational for 8 years from 1937.

Final Answer: 8 years"
855,How long in years was Reichsführer-SS Heinrich Himmler the responsible minister for the Coordination Center for Ethnic Germans?,6,agency,1139,"To determine how long Reichsführer-SS Heinrich Himmler was the responsible minister for the Coordination Center for Ethnic Germans, we need to look at the dates he held this position and compare them to the formation and dissolution dates of the agency.

From the table:
- Heinrich Himmler became the Reichsführer-SS and thus the responsible minister in 1939.
- The agency was formed around 1937.
- The agency was dissolved on May 8, 1945.

Heinrich Himmler's tenure as the responsible minister began in 1939 and ended when the agency was dissolved in 1945.

Calculating the duration:
1945 - 1939 = 6 years

Therefore, Heinrich Himmler was the responsible minister for the Coordination Center for Ethnic Germans for 6 years.
Final Answer: 6 years"
856,How many years did the Coordination Center for Ethnic Germans remain operational?,8,agency,1139,"To determine how many years the Coordination Center for Ethnic Germans remained operational, we need to find the difference between its formation and dissolution dates.

From the table:
- Formed: c.1937
- Dissolved: May 8, 1945

Calculating the duration:
1. From 1937 to 1944: 7 years
2. From January 1945 to May 8, 1945: Approximately 4 months

Adding these together:
7 years + 4 months ≈ 7.33 years

Since the exact date of formation is given as ""c.1937,"" we can consider it to be approximately 1937 for the purpose of this calculation.

Final Answer: The Coordination Center for Ethnic Germans remained operational for approximately 7.33 years."
857,How many years ago was the Coordination Center for Ethnic Germans founded?,85,agency,1139,"To determine how many years ago the Coordination Center for Ethnic Germans was founded, we need to:
1. Identify the formation year: c.1937
2. Subtract this from the current year (2022)

c.1937 means approximately 1937, so we'll use 1937 for calculation.
2022 - 1937 = 85 years

Therefore, the Coordination Center for Ethnic Germans was founded approximately 85 years ago.
Final Answer: 85 years ago"
858,How many years separated the formation of V/Line Corporation as a State Transport Authority from it becoming a statutory authority?,20,agency,1141,"To determine how many years separated the formation of V/Line Corporation as a State Transport Authority from it becoming a statutory authority, we need to identify the specific dates mentioned in the table for each of these events.

1. **Formation as State Transport Authority**: The table indicates that V/Line Corporation was formed on 1 July 1983 under the brand name ""State Transport Authority"".

2. **Formation as Statutory Corporation**: The table also states that it became a statutory corporation on 1 October 2003.

Next, we calculate the difference between these two dates:
- Start date: 1 July 1983
- End date: 1 October 2003

To find the difference, we can break it down into full years plus any additional months:
- From 1 July 1983 to 31 December 1983: 6 months
- Full years from 1984 to 2002: 19 years
- From 1 January 2003 to 1 October 2003: 9 months

Adding these together:
- 6 months + 19 years + 9 months = 20 years

Therefore, the number of years separating the formation of V/Line Corporation as a State Transport Authority from it becoming a statutory authority is 20 years.

Final Answer: 20 years"
859,What year was the V/Line Corporation formed as the State Transport Authority?,1983,agency,1141,"To determine when V/Line Corporation was formed as the State Transport Authority, we need to look at the information provided in the ""Corporation overview"" section of the table. Specifically, we should focus on the date mentioned there.

The relevant information is:
- Formed: 1 July 1983 (as State Transport Authority brand)

This indicates that V/Line Corporation was formed as the State Transport Authority brand on 1 July 1983.

Final Answer: 1983"
860,How many years ago was the V/Line Corporation formed?,39,agency,1141,"To determine how many years ago V/Line Corporation was formed, we need to compare its formation date to the current year, which is 2022.

From the table, V/Line Corporation was formed on 1 July 1983.

Calculating the difference:
2022 - 1983 = 39 years

Therefore, the V/Line Corporation was formed 39 years ago.
Final Answer: 39 years"
861,How many years has it been since the V/Line Corporation was formed as a statutory corporation?,19,agency,1141,"To determine how many years have passed since the V/Line Corporation was formed as a statutory corporation, we need to identify the relevant dates from the information provided:
- The V/Line Corporation was formed on 1 July 1983 as the State Transport Authority brand.
- It became a statutory corporation on 1 October 2003.

Now, let's calculate the difference between these two dates:
1. Convert both dates to a common format for easier calculation:
   - 1 July 1983
   - 1 October 2003

2. Calculate the time elapsed:
   - From 1 July 1983 to 1 October 2003 is 20 years and 3 months.

Since we need the answer in whole years, we consider only the full years:
20 years.

Therefore, it has been 20 years since the V/Line Corporation was formed as a statutory corporation.
Final Answer: 20 years"
862,How long in years has V/Line been a corporation?,19,agency,1141,"To determine how long V/Line has been a corporation, we need to identify when it became a statutory corporation and compare that to the current date.

1. **Identify the date V/Line became a statutory corporation:**
   - According to the table, V/Line became a statutory corporation on 1 October 2003.

2. **Determine the current date:**
   - The current date given is December 2022.

3. **Calculate the duration:**
   - From October 2003 to December 2022:
     - Years from 2003 to 2022: 2022 - 2003 = 19 years
     - Since we are considering the full year 2022, we don't need to adjust for partial years.

Therefore, V/Line has been a corporation for 19 years.

Final Answer: 19 years"
863,How long in years was V/Line branded as an Authority?,20,agency,1141,"To determine how long V/Line was branded as an Authority, we need to find the period from when it was formed as the State Transport Authority brand until it became a statutory corporation.

- Formed as State Transport Authority brand: 1 July 1983
- Formed as statutory corporation: 1 October 2003

Now, calculate the difference:
- From 1 July 1983 to 30 September 1983: 3 months
- From 1 October 2003 to 31 December 2003: 3 months

So, the total time from 1 July 1983 to 1 October 2003 is 2 years and 3 months.

Since the question asks for the duration in years, we consider only the full years:
2 years

Final Answer: 2 years"
864,How many years old was the Victorian Regional Channels Authority when the Transport Integration Act 2010 was implemented?,6,agency,1143,"To determine how many years old the Victorian Regional Channels Authority was when the Transport Integration Act 2010 was implemented, we need to follow these steps:

1. Identify the formation date of the authority: April 1, 2004.
2. Identify the implementation date of the Transport Integration Act 2010: This act was implemented in 2010.
3. Calculate the difference between the implementation date of the act and the formation date of the authority.

Let's calculate:
- The authority was formed on April 1, 2004.
- The Transport Integration Act 2010 was implemented in 2010.
- The difference in years is 2010 - 2004 = 6 years.

Therefore, the Victorian Regional Channels Authority was 6 years old when the Transport Integration Act 2010 was implemented.

Final Answer: 6 years"
865,What year was the most recent edition of Catan published?,2015,board game,1147,"To determine the most recent edition of Catan, we need to look at the publication dates provided in the table:
- First edition: 1995
- Second edition: 1996
- Third edition: 1997
- Fourth edition: 2007
- Fifth edition: June 2015

The most recent edition based on the dates given is the fifth edition, published in June 2015.

Final Answer: 2015"
866,How many years ago was the CATAN 3rd edition released?,25,board game,1147,"The third edition of CATAN was published in 1997. Given that the current year is 2022, we can calculate the number of years ago the third edition was released by subtracting 1997 from 2022.

2022 - 1997 = 25 years

Therefore, the CATAN 3rd edition was released 25 years ago.
Final Answer: 25 years ago"
867,How many years after the first edition was the 5th edition of CATAN released in 1995?,20,board game,1147,"To determine how many years after the first edition the fifth edition was released, we need to find the release year of the fifth edition and subtract it from the release year of the first edition.

From the table:
- First edition: 1995
- Fifth edition: June 2015

Now, calculate the difference:
2015 - 1995 = 20 years

Therefore, the fifth edition of CATAN was released 20 years after the first edition.
Final Answer: 20 years"
868,How many years longer was the time between the fourth and fifth editions than between the first and second editions?,7,board game,1147,"To determine how many years longer the time between the fourth and fifth editions was compared to the first and second editions, we need to calculate the duration of each interval and then find the difference.

1. Calculate the duration between the fourth and fifth editions:
   - Fourth edition: 2007
   - Fifth edition: 2015
   - Duration = 2015 - 2007 = 8 years

2. Calculate the duration between the first and second editions:
   - First edition: 1995
   - Second edition: 1996
   - Duration = 1996 - 1995 = 1 year

3. Find the difference between the two durations:
   - Difference = 8 years - 1 year = 7 years

Therefore, the time between the fourth and fifth editions was 7 years longer than the time between the first and second editions.
Final Answer: 7 years"
869,How long in years was the time between the first and fourth editions of Catan?,12,board game,1147,"To determine the time between the first and fourth editions of Catan, we need to find the publication dates of these editions and calculate the difference.

1. First edition: 1995
2. Fourth edition: 2007

Now, we calculate the difference:
2007 - 1995 = 12 years

Therefore, the time between the first and fourth editions of Catan is 12 years.
Final Answer: 12 years"
870,What year was the first edition of Catan published?,1995,board game,1147,"The first edition of Catan was published in 1995.
Final Answer: 1995"
871,How many years passed between the first and revised issues of Heroes Unlimited?,3,game,1151,"To determine the number of years between the first and revised editions of Heroes Unlimited, we need to identify the publication dates of both editions. 

- The first edition was published in August 1984.
- The revised edition was published in April 1987.

Next, we calculate the difference between these two dates:
- From August 1984 to April 1987.

Let's break it down:
- From August 1984 to August 1987 is 3 years.
- From August 1987 to April 1987 is an additional 8 months.

Since we are looking for the total number of years, we can conclude that 3 full years have passed.

Final Answer: 3 years"
872,How many years ago was the first edition of Heroes Unlimited published?,38,game,1151,"To determine how many years ago the first edition of Heroes Unlimited was published, we need to compare the publication date of the first edition to the current date.

1. The first edition was published in August 1984.
2. The current date is December 2022.
3. Calculate the difference in years:
   - From 1984 to 2022 is 2022 - 1984 = 38 years.
4. Since the first edition was published in August, and it is currently December, we have already passed August this year, so we do not need to adjust for the month.

Therefore, the first edition of Heroes Unlimited was published 38 years ago.
Final Answer: 38 years"
873,How many years after the original release was the 2nd edition released?,14,game,1151,"To determine how many years after the original release the 2nd edition was released, we need to calculate the difference between the publication dates of the first and second editions.

1. First edition publication date: August 1984
2. Second edition publication date: March 1998

To find the difference:
- From August 1984 to August 1998 is 14 years.
- From August to March is 7 months.

So, the total time from the first edition to the second edition is 14 years minus 7 months. Since we need the answer in whole years, we consider only the full years, which is 13 years and 7 months.

Therefore, the 2nd edition was released 13 years after the original release.

Final Answer: 13 years"
874,How many years after Heroes Unlimited began was the last edition printed?,14,game,1151,"To determine how many years after Heroes Unlimited began the last edition was printed, we need to find the publication dates for both the beginning and the end of the series.

1. The game began in August 1984.
2. The last edition mentioned is the 2nd edition published in March 1998.

Next, we calculate the difference between these two dates:
- Start date: August 1984
- End date: March 1998

First, we convert the months to a common unit, such as months:
- 1984 to 1997: 13 years * 12 months/year = 156 months
- Adding the remaining months: 3 months (March) - 8 months (August) = -5 months

Combining these, we have:
156 months + (-5 months) = 151 months

Now, we convert this back to years:
151 months / 12 months/year ≈ 12.58 years

Since we're looking for the number of whole years, we round down to the nearest whole number:
12.58 years ≈ 12 years

Therefore, the last edition was printed 12 years after Heroes Unlimited began.

Final Answer: 12 years"
875,In what year was the most recent edition of Heroes Unlimited published?,1998,game,1151,"To determine the most recent edition of Heroes Unlimited published, I'll look at the publication dates provided in the ""Publication"" row of the table.

The publication dates are:
- August 1984 (1st edition)
- April 1987 (Rev. edition)
- January 1993 (rev. 9th print)
- March 1998 (2nd edition)

Among these, the latest date is March 1998.

Final Answer: 1998"
876,What year did Argentina become World Cup champions for the first time?,1978,national football team,1160,"To determine when Argentina became World Cup champions for the first time, we need to look at the information provided under the ""World Cup"" section of the table.

The relevant information is:
- Appearances: 17 (first in 1930)
- Best result: Champions (1978, 1986)

From this, we can see that Argentina made its first appearance in the World Cup in 1930, and their best result is listed as being champions twice, in 1978 and 1986. Therefore, the first time Argentina became World Cup champions was in 1978.

Final Answer: 1978"
877,What year did Argentina make its first World Cup appearance?,1930,national football team,1160,"The table provides information about Argentina's national football team, including their first World Cup appearance. According to the data given:

World Cup
Appearances | 17 (first in 1930)

From this, we can directly see that Argentina made its first World Cup appearance in 1930.
Final Answer: 1930"
878,How many years after Argentina's biggest win did it make its first appearance at the Panamerican Championship?,14,national football team,1160,"To determine how many years after Argentina's biggest win it made its first appearance at the Pan-American Championship, we need to follow these steps:

1. Identify the year of Argentina's biggest win.
2. Identify the year of Argentina's first appearance at the Pan-American Championship.
3. Calculate the difference between these two years.

Step 1: Argentina's biggest win was on January 22, 1942, against Ecuador with a score of 12-0.

Step 2: Argentina's first appearance at the Pan-American Championship was in 1956.

Step 3: Calculate the difference:
1956 - 1942 = 14 years

Therefore, Argentina made its first appearance at the Pan-American Championship 14 years after its biggest win.
Final Answer: 14 years"
879,How many years are between Argentina's first international match and their biggest defeat by Czechoslovakia?,56,national football team,1160,"To find the number of years between Argentina's first international match and their biggest defeat by Czechoslovakia, we need to determine the dates of both events.

1. **First International Match:**
   - The table provides the date of the first international match: Uruguay vs. Argentina (0-6) on 20 July 1902.

2. **Biggest Defeat by Czechoslovakia:**
   - The table lists the biggest defeat by Czechoslovakia as 6-1 on 15 June 1958.

Now, calculate the difference in years:
- First international match: 20 July 1902
- Biggest defeat: 15 June 1958

Since the exact day and month are not needed for this calculation, we can use the years directly:
- 1958 (year of the biggest defeat) - 1902 (year of the first international match) = 56 years.

Therefore, the number of years between Argentina's first international match and their biggest defeat by Czechoslovakia is 56 years.
Final Answer: 56 years"
880,How many years after their first World Cup appearance did Argentina win a championship?,48,national football team,1160,"To determine how many years after their first World Cup appearance Argentina won a championship, we need to follow these steps:

1. Identify the year of their first World Cup appearance.
2. Identify the years they won a World Cup championship.
3. Calculate the difference between these years.

From the information given:
- Argentina's first World Cup appearance was in 1930.
- They won the World Cup championships in 1978 and 1986.

Now, calculate the difference:
- For 1978: 1978 - 1930 = 48 years
- For 1986: 1986 - 1930 = 56 years

Since the question asks for ""how many years after their first World Cup appearance did Argentina win a championship,"" we can consider the earliest of these two years, which is 1978.

Final Answer: 48 years"
881,What year was the first edition of Arkham Horror: The Card Game released?,2016,game,1161,"The publication information provided in the table states ""Q4 2016"". This indicates that the first edition of Arkham Horror: The Card Game was released in the fourth quarter of 2016.
Final Answer: 2016"
882,What year was the first time that you could play Arkham Horror: The Card Game?,2016,game,1161,"The publication information in the table states that Arkham Horror: The Card Game was published in Q4 2016. This indicates the first quarter of 2017 would be when it became available for players to begin playing the game.
Final Answer: 2017"
883,How many years ago was the first edition of Arkham Horror: The Card Game released?,6,game,1161,"To determine how many years ago the first edition of Arkham Horror: The Card Game was released, we need to consider the publication year and the current year (December 2022).

From the table:
- Publication: Q4 2016

Calculating the difference between 2022 and 2016:
2022 - 2016 = 6 years

Final Answer: 6 years ago"
884,How many years ago was Arkham Horror: The Card Game published?,6,game,1161,"To determine how many years ago Arkham Horror: The Card Game was published, we need to compare its publication year to the current year. According to the table, the game was published in Q4 2016. Given that the current date is December 2022, we can calculate the difference as follows:

2022 - 2016 = 6 years

Therefore, Arkham Horror: The Card Game was published 6 years ago.
Final Answer: 6 years"
885,For how many years was Atlantis in publication?,35,board game,1163,"To determine how many years Atlantis was in publication, we need to identify the earliest and latest publication dates given in the table.

Earliest publication date: 1984 (1st edition)
Latest publication date: 2019 (30th Anniversary Edition)

Now, we calculate the difference:
2019 - 1984 = 35 years

Therefore, Atlantis was in publication for 35 years.
Final Answer: 35 years"
886,What year was Atlantis first published?,1984,board game,1163,"To determine when Atlantis was first published, I'll look at the publication information provided in the table. The table lists several editions and their respective years:

1984 (1st edition)  
1985 (2nd edition)  
1996 (3rd edition)  
2014 (Second Age)  
2019 (30th Anniversary Edition)

The earliest year mentioned is 1984, which corresponds to the 1st edition.

Final Answer: 1984"
887,What year was the most recent edition of Atlantis released?,2019,board game,1163,"To determine the most recent edition of Atlantis released, I'll look at the publication dates listed in the table:

1. 1984 (1st edition)
2. 1985 (2nd edition)
3. 1996 (3rd edition)
4. 2014 (Second Age)
5. 2019 (30th Anniversary Edition)

Among these, the latest date is 2019.

Final Answer: 2019"
888,How many years passed between the first and second editions of Atlantis?,1,board game,1163,"To determine how many years passed between the first and second editions of Atlantis, we need to identify the publication years of both editions from the information given.

1. First edition: 1984
2. Second edition: 1985

Now, subtract the publication year of the first edition from the second edition:
1985 - 1984 = 1

Therefore, 1 year passed between the first and second editions of Atlantis.
Final Answer: 1 year"
889,How many years were between the first edition of Atlantis and the 30th anniversary edition?,35,board game,1163,"To find the number of years between the first edition of Atlantis and the 30th anniversary edition, we need to subtract the publication year of the first edition from the year of the 30th anniversary edition.

First edition published: 1984
30th Anniversary Edition published: 2019

2019 - 1984 = 35 years

Final Answer: 35 years"
890,How many years longer was the time between the Second Age and the 30th Anniversary Edition than between the first and second editions?,4,board game,1163,"To determine how many years longer the time between the Second Age and the 30th Anniversary Edition was compared to the time between the first and second editions, we need to calculate the time intervals for each period and then find the difference.

1. Calculate the time interval between the first and second editions:
   - First edition: 1984
   - Second edition: 1985
   - Time interval = 1985 - 1984 = 1 year

2. Calculate the time interval between the Second Age and the 30th Anniversary Edition:
   - Second Age: 2014
   - 30th Anniversary Edition: 2019
   - Time interval = 2019 - 2014 = 5 years

3. Find the difference between the two time intervals:
   - Difference = 5 years - 1 year = 4 years

Therefore, the time between the Second Age and the 30th Anniversary Edition was 4 years longer than the time between the first and second editions.
Final Answer: 4 years"
891,What year was the first edition of Atlantis released?,1984,board game,1163,"To determine the release year of the first edition of Atlantis, I'll look at the ""Publication"" row in the table.

The ""Publication"" row lists several editions and their respective years:
- 1984 (1st edition)
- 1985 (2nd edition)
- 1996 (3rd edition)
- 2014 (Second Age)
- 2019 (30th Anniversary Edition)

The first entry, ""1984 (1st edition),"" indicates the year of the first edition.

Final Answer: 1984"
892,How many years are between Australia's first ODI and its last T20I?,51,cricket team,1164,"To determine the number of years between Australia's first ODI and its last T20I, we need to identify the dates of these events.

1. **First ODI**: 
   - Date: 5 January 1971

2. **Last T20I**:
   - Date: 11 June 2022

Next, we calculate the difference between these two dates:

- First, note the years: 1971 and 2022.
- Calculate the difference in years: \( 2022 - 1971 = 51 \) years.

Now, we need to consider the months and days to ensure accuracy. Since the first ODI occurred in January 1971 and the last T20I occurred in June 2022, we do not need to adjust for any additional days or months because the difference in months does not affect the overall year count.

Therefore, the number of years between Australia's first ODI and its last T20I is 51 years.

Final Answer: 51 years"
893,How many years after achieving its best test ranking did Australia achieve its best ODI ranking?,38,cricket team,1164,"To determine how many years after achieving its best Test ranking Australia achieved its best ODI ranking, we need to identify the years when these rankings were achieved.

From the table:
- Australia's best Test ranking (1st) was achieved on 1 January 1952.
- Australia's best ODI ranking (1st) was achieved on 1 January 1990.

Now, calculate the difference between these two years:
1990 - 1952 = 38 years.

Final Answer: 38 years"
894,How many years ago was Australia's first test in Cricket?,145,cricket team,1164,"To determine how many years ago Australia's first Test match was, we need to compare the date of the first Test match to the current date, which is December 2022.

The first Test match was played on 15-19 March 1877.

Let's calculate the difference:
- From 1877 to 2022 is 2022 - 1877 = 145 years.

Therefore, Australia's first Test match was 145 years ago.
Final Answer: 145 years"
895,How many months ago did Australia play their last ODI?,6,cricket team,1164,"To determine how many months ago Australia played their last ODI, we need to compare the date of their last ODI match to the current date, which is December 2022.

From the table:
- Last ODI: v. Sri Lanka at R. Premadasa Stadium, Colombo; 24 June 2022

Calculating the time difference:
- From June 24, 2022, to December 2022

We can break this down month by month:
- June to July: 1 month
- July to August: 1 month
- August to September: 1 month
- September to October: 1 month
- October to November: 1 month
- November to December: 1 month

Adding these up: 1 + 1 + 1 + 1 + 1 + 1 = 6 months

Therefore, Australia played their last ODI 6 months ago.
Final Answer: 6"
896,How many years ago did Australia win the T20I World Cup?,1,cricket team,1164,"To determine how many years ago Australia won the T20I World Cup, we need to look at the information provided in the table. The ""T20 World Cup appearances"" section states that Australia's best result is ""Champions (2021)"". This indicates that the most recent T20I World Cup victory for Australia was in 2021.

Given that the current date is December 2022, we can calculate the number of years since 2021:
2022 - 2021 = 1 year

Therefore, Australia won the T20I World Cup 1 year ago.
Final Answer: 1 year"
897,How many years after acquiring its test status did Australia become a full member of the ICC?,32,cricket team,1164,"To determine how many years after acquiring its Test status Australia became a full member of the ICC, we need to look at the years mentioned for both events.

1. **Test Status Acquired:** 1877
2. **ICC Full Member Status Acquired:** 1909

Now, calculate the difference between these two years:
\[ 1909 - 1877 = 32 \]

Therefore, it took 32 years for Australia to become a full member of the ICC after acquiring its Test status.

Final Answer: 32 years"
898,How many years are between Australia's first international and their first AFC U-23 Asian Cup appearance?,46,national football team,1166,"To find the number of years between Australia's first international and their first AFC U-23 Asian Cup appearance, we need to determine the dates of both events.

From the table:
- Australia's first international was on 6 November 1967.
- Their first AFC U-23 Asian Cup appearance was in 2013.

Now, calculate the difference between these two dates:
2013 - 1967 = 46 years

Therefore, there are 46 years between Australia's first international and their first AFC U-23 Asian Cup appearance.
Final Answer: 46 years"
899,How many years after first appearing at the AFC U-23 Asian Cup did Australia achieve their best result?,7,national football team,1166,"To determine how many years after first appearing at the AFC U-23 Asian Cup Australia achieved their best result, we need to follow these steps:

1. Identify the first appearance at the AFC U-23 Asian Cup:
   - First appearance: 2013 (given in the table)

2. Identify the best result:
   - Best result: Third place (2020, given in the table)

3. Calculate the difference in years:
   - 2020 (best result year) - 2013 (first appearance year) = 7 years

Therefore, Australia achieved their best result 7 years after their first appearance at the AFC U-23 Asian Cup.
Final Answer: 7 years"
900,How many years apart were Australia's two biggest defeats?,20,national football team,1166,"To determine how many years apart Australia's two biggest defeats were, we need to identify the dates of these defeats from the information provided.

1. The first biggest defeat mentioned is ""Australia 1-6 Poland | (Barcelona, Spain; 5 August 1992)"".
2. The second biggest defeat mentioned is ""Australia 0-5 Japan | (Pekanbaru, Indonesia; 15 July 2012)"".

Next, we calculate the difference between these two dates:
- 15 July 2012 - 5 August 1992

To make this calculation easier, we can break it down:
- From 5 August 1992 to 5 August 2012 is exactly 20 years.
- From 5 August 2012 to 15 July 2012 is 1 month and 10 days.

Therefore, the total time between these two dates is 20 years, 1 month, and 10 days.

Final Answer: 20 years (approximately)"
901,How many years after their first T20I in 2005 did England win the T20 World Cup?,5,cricket team,1172,"To determine how many years passed between England's first T20I in 2005 and their winning the T20 World Cup in 2010, we need to subtract the year of the first T20I from the year they won the T20 World Cup.

2010 (year they won the T20 World Cup) - 2005 (year of the first T20I) = 5 years.

Final Answer: 5 years"
902,How many years ago did England acquire Test status?,145,cricket team,1172,"To determine how many years ago England acquired Test status, we need to look at the ""Test status acquired"" information provided in the table.

From the table:
- England acquired Test status in 1877.

Given that the current year is 2022 (as implied by the latest data in the table):
- The number of years since 1877 can be calculated by subtracting 1877 from 2022.

Calculation:
2022 - 1877 = 145

Therefore, England acquired Test status 145 years ago.
Final Answer: 145 years"
903,How many years are there between England's first ODI and first T20I?,34,cricket team,1172,"To determine the number of years between England's first ODI and their first T20I, we need to find the dates of both events and calculate the difference.

1. **First ODI:**
   - Date: 5 January 1971

2. **First T20I:**
   - Date: 13 June 2005

3. **Calculate the difference:**
   - From 1971 to 2005 is calculated as:
     \[
     2005 - 1971 = 34 \text{ years}
     \]

Thus, the number of years between England's first ODI and their first T20I is 34 years.

Final Answer: 34 years"
904,How many years after their first World Cup appearance did England win a Championship?,44,cricket team,1172,"To determine how many years after their first World Cup appearance England won a Championship, we need to follow these steps:

1. Identify when England's first World Cup appearance was.
2. Identify when they won the Champions title.
3. Calculate the difference between these two dates.

From the information provided:
- England's first World Cup appearance was in 1975.
- They won the Champions title in 2019.

Now, calculate the difference:
2019 - 1975 = 44 years.

Therefore, England won the Championship 44 years after their first World Cup appearance.
Final Answer: 44 years"
905,How many years after acquiring its Test status did England achieve full ICC status?,32,cricket team,1172,"To determine how many years after acquiring its Test status England achieved full ICC status, we need to find the years associated with these milestones.

From the history section:
- England acquired Test status in 1877.
- England became a Full Member of the International Cricket Council (ICC) in 1909.

Now, calculate the difference between these years:
1909 - 1877 = 32 years.

Therefore, it took 32 years for England to achieve full ICC status after acquiring its Test status.
Final Answer: 32 years"
906,What year was FATE most recently published?,2013,game,1175,"To determine the most recent publication year of FATE, I'll look at the publication dates listed in the table:

1. 2003 (1.0)
2. 2003 (2.0)
3. 2006 (3.0/Spirit of the Century)
4. 2013 (4.0)

Among these, the latest year is 2013.

Final Answer: 2013"
907,How many years after its first publication was the second publication of FATE?,0,game,1175,"The first publication of FATE was in 2003 (version 1.0), and the second publication was in 2003 (version 2.0).

To find out how many years passed between the first and second publications, we subtract the year of the first publication from the year of the second publication:
2003 - 2003 = 0

Final Answer: 0 years"
908,In what year was FATE first published?,2003,game,1175,"To determine the year FATE was first published, we need to look at the publication information provided in the table. The ""Publication"" row lists multiple editions and their respective years:
- 2003 (1.0)
- 2003 (2.0)
- 2006 (3.0/Spirit of the Century)
- 2013 (4.0)

Since both the 1.0 and 2.0 editions were published in 2003, the earliest year listed is 2003.

Final Answer: 2003"
909,How many years was the Probe game active?,18,board game,1188,"To determine how many years the Probe game was active, we need to look at the ""Years active"" information provided in the table.

According to the table, the ""Years active"" for the Probe game are listed as ""1964 to 1982.""

To calculate the duration:
1. Start year: 1964
2. End year: 1982

Subtract the start year from the end year:
1982 - 1964 = 18 years

Therefore, the Probe game was active for 18 years.

Final Answer: 18 years"
910,How many years after its last publication was Probe no longer active?,6,board game,1188,"To determine how many years after its last publication Probe was no longer active, we need to follow these steps:

1. Identify the years of publication:
   - 1964 (#112 and #200)
   - 1974 (#201)
   - 1976 (#202)

2. Determine the last year of publication:
   - The last publication year is 1976 (#202).

3. Identify the end year of activity:
   - The years active for Probe are listed as 1964 to 1982.

4. Calculate the difference between the end year of activity and the last publication year:
   - End year of activity: 1982
   - Last publication year: 1976
   - Difference: 1982 - 1976 = 6 years

Therefore, Probe was no longer active 6 years after its last publication.

Final Answer: 6"
911,How many years after the publication of #112 was #202 published?,12,board game,1188,"To determine how many years after the publication of #112 the #202 was published, we need to identify the publication years of both editions:
- Publication of #112: 1964
- Publication of #202: 1976

Next, we calculate the difference between these years:
1976 - 1964 = 12 years

Therefore, #202 was published 12 years after #112.
Final Answer: 12 years"
912,What year was Probe originally released?,1964,board game,1188,"To determine the original release year of Probe, I'll look at the earliest publication year mentioned in the table.

The table provides the following publication years for Probe:
- 1964 (#112 and #200)
- 1974 (#201)
- 1976 (#202)

The earliest year among these is 1964.

Final Answer: 1964"
913,How long in years was Probe in production?,18,board game,1188,"To determine how long Probe was in production, we need to find the difference between its start and end years of publication. According to the table, Probe was published in 1964 and continued until 1982.

1. Start year: 1964
2. End year: 1982

To calculate the duration:
\[ \text{Duration} = \text{End year} - \text{Start year} \]
\[ \text{Duration} = 1982 - 1964 \]
\[ \text{Duration} = 18 \]

Therefore, Probe was in production for 18 years.

Final Answer: 18 years"
914,How many years did it take Sri Lanka to become a full ICC member after becoming an Associate member?,16,national cricket team,1191,"To determine how many years it took for Sri Lanka to become a full ICC member after becoming an Associate member, we need to find the difference between their respective years.

From the table:
- Sri Lanka became an Associate Member in 1965.
- Sri Lanka became a Full Member in 1981.

Now, calculate the difference between these two years:
1981 - 1965 = 16 years

Therefore, it took Sri Lanka 16 years to become a full ICC member after becoming an Associate member.
Final Answer: 16 years"
915,How many years did it take for Sri Lanka to become a full member after attaining its Associate Member ICC status?,16,national cricket team,1191,"To determine how many years it took for Sri Lanka to become a Full Member after becoming an Associate Member, we need to look at the dates when each status was achieved.

- Sri Lanka became an Associate Member in 1965.
- Sri Lanka became a Full Member in 1981.

Now, calculate the difference between these two years:
1981 - 1965 = 16 years.

Therefore, it took Sri Lanka 16 years to become a Full Member after attaining its Associate Member status.
Final Answer: 16 years"
916,What year did Sri Lanka gain its Associate Member ICC status?,1965,national cricket team,1191,"According to the table, Sri Lanka gained its Associate Member status from the International Cricket Council (ICC) in 1965.
Final Answer: 1965"
917,How long in years was it between Sri Lanka's first ODI and first T20I?,31,national cricket team,1191,"To determine the time difference between Sri Lanka's first ODI and their first T20I, we need to find the dates of these events and calculate the difference.

From the table:
- First ODI: 7 June 1975
- First T20I: 15 June 2006

Now, calculate the difference in years:
2006 - 1975 = 31 years

Therefore, it was 31 years between Sri Lanka's first ODI and their first T20I.

Final Answer: 31 years"
918,How many months ago was Ingenuity deployed to Mars?,15,space probe,1206,"To determine how many months ago Ingenuity was deployed to Mars, we need to calculate the difference between the current date (December 2022) and the deployment date (April 2021).

1. First, let's break down the time span:
   - From April 2021 to December 2021: 8 months
   - From January 2022 to December 2022: 12 months

2. Adding these together:
   - 8 months (April 2021 to December 2021) + 12 months (January 2022 to December 2022) = 20 months

Therefore, Ingenuity was deployed to Mars 20 months ago.

Final Answer: 20 months"
919,How many years did Ingenuity fly?,1,space probe,1206,"To determine how many years Ingenuity flew, we need to calculate the duration between its first and last flights.

1. First flight: April 19, 2021, 07:34 UTC
2. Last flight: June 11, 2022, 15:06 UTC

Let's break this down into months and days:
- From April 19, 2021, to June 11, 2022, covers one full year plus additional days.

So, the total duration is approximately 1 year.

Final Answer: 1 year"
920,How many months after deployment did it take for Ingenuity to travel 7.17 km?,14,space probe,1206,"To determine how many months after deployment it took for Ingenuity to travel 7.17 km, we need to calculate the time difference between its first flight and the last flight, and then convert this into months.

1. **Deployment Date**: 3 April 2021
2. **Last Flight Date**: 11 June 2022

First, let's find the exact number of days between these dates:
- From 3 April 2021 to 30 April 2021: 27 days
- Entire month of May 2021: 31 days
- From 1 June 2021 to 11 June 2021: 11 days
- Entire month of June 2021: 30 days

Adding these together:
\[ 27 + 31 + 11 + 30 = 99 \text{ days} \]

Next, convert days into months. Since there are approximately 30.44 days in a month (365 days / 12 months):
\[ 99 \text{ days} \div 30.44 \approx 3.25 \text{ months} \]

Therefore, it took approximately 3.25 months for Ingenuity to travel 7.17 km after its deployment.

Final Answer: 3.25 months"
