id,question,answer,category,table_id,output,answer_format
0,At what age can an Australian both serve and be deployed in the Australian Defence Force?,18,army,1116,"To find the answer to the question, let's break it down step by step:

1. The question asks about the age at which an Australian can both serve and be deployed in the Australian Defence Force. This means we need to find the minimum age at which a person can be deployed after serving.

2. Looking at the ""Personnel"" section of the table, we see that there are three different ages mentioned:
   - 16.5 years (for selection)
   - 17 years (to serve)
   - 18 years (to deploy)

3. Since we are looking for the age at which a person can both serve and be deployed, we need to find the minimum age at which a person can serve and then be deployed.

4. From the information provided, it is clear that a person must be at least 17 years old to serve in the Australian Defence Force.

5. However, to be deployed, a person must be at least 18 years old.

6. Therefore, the minimum age at which an Australian can both serve and be deployed in the Australian Defence Force is 18 years.

Final Answer: The final answer is 18.",<num_years>
1,"After 2024, what year after will the next celebration of Purim occur?",2025,holiday,206,"To find the next celebration of Purim after 2024, we need to determine the pattern of Purim's date. 

1. The date of Purim is the 14th day of Adar in Jerusalem and all ancient walled cities, but in years when Adar is a short month, it is celebrated on the 15th of Adar.

2. Since the dates for 2021, 2022, and 2023 are given, we can analyze the pattern:
   - 2021 date: Sunset, 25 February - nightfall, 26 February
   - 2022 date: Sunset, 16 March - nightfall, 17 March
   - 2023 date: Sunset, 6 March - nightfall, 7 March

   Looking at the dates, we can see that the date of Purim is moving earlier in the year. 

3. Since Purim is celebrated on the 14th day of Adar, we can check the calendar for the years after 2024 to see when the 14th day of Adar will fall.

4. Given that the year is 2024, the next few years would be 2025, 2026, and 2027",yyyy
2,"At what age can an Australian first be selected, serve, be deployed, and be eligible for selective service in the Australian Defence Force?",19,army,1116,"Let's break down the question step by step to find the answer.

1. The question asks for the age at which an Australian can be selected, serve, be deployed, and be eligible for selective service in the Australian Defence Force.
2. Looking at the ""Personnel"" section of the table, we see that the information about military age is provided.
3. The table states that the military age for selection is 16.5 years, for serving is 17 years, for deployment is 18 years, and for special forces deployment is 19 years.
4. Since the question is asking for the age at which an Australian can be selected, serve, be deployed, and be eligible for selective service, we need to find the common age among these options.
5. The ages for selection, serving, and deployment are 16.5, 17, and 18 years, respectively. Since 16.5 years is the lowest age mentioned, it is likely that 16.5 years is the age at which an Australian can be selected and serve.
6. However, the question also mentions eligibility for selective service. Since selective service is related to conscription, and the table states that conscription is abolished in Australia, it is unlikely that the age",<num_years>
3,At what age did Brian Lara play for Southern Rocks?,41,cricket,528,"To find the age at which Brian Lara played for Southern Rocks, we need to follow these steps:

1. First, we need to find the year in which Brian Lara played for Southern Rocks. This can be found in the ""Domestic team information"" section of the table.

2. In the ""Domestic team information"" section, we see that Brian Lara played for Southern Rocks in the year 2010.

3. Next, we need to find Brian Lara's birth year. This can be found in the ""Personal information"" section of the table.

4. In the ""Personal information"" section, we see that Brian Lara was born on May 2, 1969.

5. Now, we need to calculate Brian Lara's age in 2010. To do this, we subtract his birth year from the year he played for Southern Rocks.

6. 2010 (year played for Southern Rocks) - 1969 (birth year) = 41

However, this is the age at the end of the year. Since his birthday is on May 2, we need to subtract 1 from the age to get his age at the time he played for Southern Rocks in 2010.

7. 41 - 1 = 40",<num_years>
4,At what age did Brian Lara play his last ODI?,37,cricket,528,"To find the age at which Brian Lara played his last ODI, we need to follow these steps:

1. Find the date of Brian Lara's last ODI: According to the table, Brian Lara's last ODI was on 21 April 2007.

2. Find Brian Lara's birthdate: According to the table, Brian Lara was born on 2 May 1969.

3. Calculate the age at which Brian Lara played his last ODI: To find Brian Lara's age at the time of his last ODI, we need to calculate the difference between the year of his last ODI (2007) and his birth year (1969), and then add his birth month and day. However, we must also account for the fact that his last ODI took place in April 2007.

   Since Brian Lara's birth year is 1969 and his last ODI was in 2007, we can calculate his age as follows: 
   2007 - 1969 = 38 years

   However, since his last ODI took place in April 2007, we must consider that he had not yet turned 38 at that point, but rather had just turned 38. Hence, we need to subtract",<num_years>
5,What year did Jenson Button first participate in the Australian Grand Prix?,2000,f1,0,"To answer the question, we need to follow these steps:

1.  Locate the relevant section of the table that contains information about Jenson Button's Formula One World Championship career.
2.  Within that section, find the information related to his first entry in the Formula One World Championship.
3.  Note the specific event mentioned as his first entry.

Step 1: Locate the relevant section of the table that contains information about Jenson Button's Formula One World Championship career.

The relevant section is:
```
Formula One World Championship career
Nationality	United Kingdom | British
Active years	2000-2017
Teams	Williams, Benetton, Renault, BAR, Honda, Brawn, McLaren
Engines	BMW, Renault, Honda, Mercedes
Car number	22
Entries	309 (306 starts)
Championships	1 (2009)
Wins	15
Podiums	50
Career points	1,235
Pole positions	8
Fastest laps	8
First entry	2000 Australian Grand Prix
First win	2006 Hungarian Grand Prix
Last win	2012 Brazilian Grand Prix
Last entry	2017 Monaco Grand Prix
```

Step 2: Within that section, find the information related",yyyy
6,At what age did Chiyonofuji Mitsugu retire?,36,sumo,131,"To find the age at which Chiyonofuji Mitsugu retired, we need to follow these steps:

1. Find the birthdate of Chiyonofuji Mitsugu from the table: 
   - Birthdate: June 1, 1955

2. Find the year of retirement from the table:
   - Retired: May, 1991

3. Since Chiyonofuji retired in May 1991, we need to calculate his age at that time. To do this, we'll first calculate his age at the end of 1991:
   - Year of birth: 1955
   - Year of retirement: 1991
   - Age at the end of 1991: 1991 - 1955 = 36 years old

4. Since Chiyonofuji retired in May 1991, we need to subtract the months from his age at the end of 1991 to find his age at the time of retirement:
   - Age at the end of 1991: 36 years old
   - Months to subtract: 5 (May)
   - Age at retirement: 36 - 5/12 ≈ 35.42 years old

However, considering that Chiyonofuji",<num_years>
7,After what age does the most common onset of gallbladder cancer occur?,65,disease,1201,"To answer the question, let's analyze the table step by step:

1. We are looking for information related to the ""onset"" of gallbladder cancer.
2. We see a section called ""Usual onset"" in the table.
3. In the ""Usual onset"" section, we find the information: ""Above 65 years old"".

Based on this analysis, we can conclude that the most common onset of gallbladder cancer occurs above the age of 65.

Final Answer: The most common onset of gallbladder cancer occurs above the age of 65.",<num_years>
8,After what date was Hurricane Gaston on land?,"August 29, 2004",cyclone,957,"To determine after what date Hurricane Gaston was on land, we need to analyze the information provided in the table.

Step 1: Identify the dates when Hurricane Gaston formed and dissipated.
- Formed: August 27, 2004
- Dissipated: September 3, 2004

Step 2: Since we are looking for the date after which Hurricane Gaston was on land, we need to find the date when it moved ashore.
- The table mentions that Hurricane Gaston moved ashore on August 29, 2004.

Step 3: Determine the date after which Hurricane Gaston was on land.
- Since Hurricane Gaston moved ashore on August 29, 2004, it means that it was on land from August 29, 2004, onwards.

Therefore, the date after which Hurricane Gaston was on land is August 29, 2004.

Final Answer: August 29, 2004.","%B %d, %Y"
9,"After winning a bronze medal at the 2001 Mediterranean Games, in which year did Alejandro Valverde next win a medal at the World Championships?",2003,cycling,99,"To find the year Alejandro Valverde next won a medal at the World Championships after winning a bronze medal at the 2001 Mediterranean Games, we need to look at the World Championships section of the table.

The table mentions the following World Championships:

- 2003 Hamilton: Silver medal
- 2005 Madrid: Silver medal
- 2006 Salzburg: Bronze medal
- 2012 Valkenburg: Bronze medal
- 2013 Florence: Bronze medal
- 2014 Ponferrada: Bronze medal
- 2018 Innsbruck: Gold medal

Since the question asks for the year after the 2001 Mediterranean Games, we need to find the first World Championships medal won by Valverde after 2001.

The first medal won by Valverde after 2001 is the silver medal in 2003. Therefore, the year Alejandro Valverde next won a medal at the World Championships is:

Final Answer: 2003",yyyy
10,Around which year will the next orbital period begin starting from the time of perihelion?,2206,planet,1138,"To find the year when the next orbital period begins starting from the time of perihelion, we need to follow these steps:

1. Find the time of perihelion: The time of perihelion is given as 2042-Sep-04.

2. Understand the orbital period: The orbital period is given as 164.8 years.

3. Determine the next orbital period: Since we know the time of perihelion and the orbital period, we can calculate the next orbital period by adding the orbital period to the year of perihelion.

4. Calculate the next orbital period: 
   - Year of perihelion: 2042
   - Orbital period: 164.8 years
   - Next orbital period: 2042 + 164.8 = 2206.8

Since we cannot have a fraction of a year, we round up to the nearest whole number to get the year when the next orbital period begins.

Final Answer: The final answer is 2207.",yyyy
11,"Between 2021 and 2024, how many years does Mardi Gras take place in February?",3,holiday,218,"To answer the question, let's break it down step by step:

1. We need to identify the years between 2021 and 2024 when Mardi Gras takes place in February.
2. From the table, we can see the dates for Mardi Gras in 2021, 2022, 2023, and 2024.
3. In 2021, Mardi Gras took place on February 16.
4. In 2022, Mardi Gras took place on March 1, which is not in February.
5. In 2023, Mardi Gras took place on February 21.
6. In 2024, Mardi Gras took place on February 13.

Now, let's count the number of years when Mardi Gras takes place in February: 2021 and 2023 and 2024.

Final Answer: The final answer is 3.",<num_years>
12,"Between 2021 and 2024, which year does Purim occur the earliest in the year?",2021,holiday,206,"To determine in which year Purim occurs the earliest between 2021 and 2024, let's examine the given dates for each year.

The dates provided are as follows:
- 2021: Sunset, 25 February - nightfall, 26 February
- 2022: Sunset, 16 March - nightfall, 17 March
- 2023: Sunset, 6 March - nightfall, 7 March
- 2024: Sunset, 23 March - nightfall, 24 March

Looking at these dates, we can see that in 2023, Purim occurs on 6 March, which is the earliest date among the four years.

Final Answer: 2023",yyyy
13,"Between 2021 and 2024, which year does Purim occur the latest in the year?",2024,holiday,206,"To determine the year when Purim occurs the latest in the year between 2021 and 2024, let's analyze the given dates for each year.

1. 2021: Sunset on 25 February - nightfall on 26 February
2. 2022: Sunset on 16 March - nightfall on 17 March
3. 2023: Sunset on 6 March - nightfall on 7 March
4. 2024: Sunset on 23 March - nightfall on 24 March

We can see that the date of Purim shifts slightly each year due to the Hebrew calendar being lunisolar. However, we are looking for the year when Purim occurs the latest in the year.

Comparing the dates, we can see that 2022 has the latest date in the year, with Purim occurring from sunset on 16 March to nightfall on 17 March.

Therefore, the final answer is:
Final Answer: The final answer is 2022.",yyyy
14,"Between 2021 and 2024, which year does Sukkot occur earliest in the year?",2021,holiday,219,"To find the year Sukkot occurs earliest in the year between 2021 and 2024, let's compare the dates for each year.

In 2021, Sukkot begins on the 15th day of Tishrei and ends on the 21st day of Tishrei, with the dates ranging from 20 September to 27 September (or 28 September outside of Israel).

In 2022, Sukkot begins on the 15th day of Tishrei and ends on the 21st day of Tishrei, with the dates ranging from 9 October to 16 October (or 17 October outside of Israel).

In 2023, Sukkot begins on the 15th day of Tishrei and ends on the 21st day of Tishrei, with the dates ranging from 29 September to 6 October (or 7 October outside of Israel).

In 2024, Sukkot begins on the 15th day of Tishrei and ends on the 21st day of Tishrei, with the dates ranging from 16 October to 23 October (or 24 October outside of Israel).

Comparing these dates, we can see that in 2023,",yyyy
15,"Between 2021 and 2024, which year does Sukkot occur latest in the year?",2024,holiday,219,"To find out which year Sukkot occurs latest in the year between 2021 and 2024, let's examine the date ranges for each year.

For 2021, Sukkot begins on 20 September and ends on 27 September.

For 2022, Sukkot begins on 9 October and ends on 16 October.

For 2023, Sukkot begins on 29 September and ends on 6 October.

For 2024, Sukkot begins on 16 October and ends on 23 October.

Comparing the start dates, 2022 has the earliest start date (9 October), and 2021 has the latest start date (20 September). However, we're looking for the year when Sukkot occurs latest in the year, which means we need to consider the end dates as well.

Among the given years, 2021 has the latest end date (27 September), which is also the latest date in the year. Therefore, Sukkot occurs latest in the year in 2021.

Final Answer: The final answer is 2021.",yyyy
16,By how many days did the Black Friday dates differ between 2022 and 2021?,1,holiday,214,"To find the difference in days between the Black Friday dates in 2022 and 2021, we need to follow these steps:

1. Identify the Black Friday date in 2022: The date is given in the table as November 25, 2022.
2. Identify the Black Friday date in 2021: The date is given in the table as November 26, 2021.
3. Calculate the difference between the two dates in days.

Let's convert the dates to a format that's easier to work with. We can use the format ""Year-Month-Day"".

2022-11-25 (2022 date)
2021-11-26 (2021 date)

Now, let's calculate the difference:

- Subtract the day from the 2022 date from the day of the 2021 date: 25 - 26 = -1
- Since the month and year are the same, we don't need to consider them in the calculation.
- A negative result indicates that the 2022 date is before the 2021 date, but we're interested in the difference, so we can ignore the sign.

The difference in days between the Black Friday dates in 2022 and 2021 is 1 day",<num_days>
17,By how many days did the National Election Day dates differ in 2022 and 2023?,1,holiday,209,"To find the difference in days between the National Election Day dates in 2022 and 2023, we need to follow these steps:

1. Identify the National Election Day dates for 2022 and 2023 from the table.
   - 2022 date: November 8
   - 2023 date: November 7

2. Calculate the difference in days between the two dates.
   - Since both dates are in the same month (November), we can directly subtract the day values.
   - 2022 date: 8
   - 2023 date: 7
   - Difference: 8 - 7 = 1

Therefore, the National Election Day dates differed by 1 day in 2022 and 2023.

Final Answer: The final answer is 1.",<num_days>
18,At what age did Dhanraj Pillay compete in his first Asian Games?,22,hockey,485,"To answer the question, we need to find the year in which Dhanraj Pillay first competed in the Asian Games and then calculate his age at that time.

Step 1: Identify the year in which Dhanraj Pillay first competed in the Asian Games.
From the table, we can see that the years in which Dhanraj Pillay competed in the Asian Games are:
- 1990 Beijing
- 1994 Hiroshima
- 1998 Bangkok
- 2002 Busan

The first Asian Games that Dhanraj Pillay competed in was the 1990 Beijing Asian Games.

Step 2: Calculate Dhanraj Pillay's age at the time of the 1990 Beijing Asian Games.
Dhanraj Pillay was born on 16 July 1968. 
To find his age at the time of the 1990 Asian Games, we need to subtract his birth year from the year of the Asian Games:
1990 - 1968 = 22

Therefore, Dhanraj Pillay was 22 years old when he first competed in the Asian Games.

Final Answer: The final answer is 22.",<num_years>
19,At what age did Dhanraj Pillay join the National team?,21,hockey,485,"To find the age at which Dhanraj Pillay joined the National team, we need to follow these steps:

1. Find the year Dhanraj Pillay joined the National team: 
   In the ""National team"" section of the table, the years Dhanraj Pillay played for the Indian National team are mentioned as '1989-2004'. Therefore, the year he joined the National team is 1989.

2. Find Dhanraj Pillay's birth year: 
   In the ""Personal information"" section of the table, it is mentioned that Dhanraj Pillay was born on 16 July 1968.

3. Calculate the age at which Dhanraj Pillay joined the National team:
   Since Dhanraj Pillay joined the National team in 1989 and was born in 1968, we need to find the difference between 1989 and 1968. 
   1989 - 1968 = 21

Therefore, Dhanraj Pillay joined the National team at the age of 21.

Final Answer: The final answer is 21.",<num_years>
20,At what age did Dhanraj Pillay play for Indian Gymkhana?,24,hockey,485,"To find the age at which Dhanraj Pillay played for Indian Gymkhana, we need to follow these steps:

1.  Find the year Dhanraj Pillay played for Indian Gymkhana.
2.  Find Dhanraj Pillay's birth year.
3.  Calculate the age by subtracting the birth year from the year he played for Indian Gymkhana.

From the table, we can see that Dhanraj Pillay played for Indian Gymkhana in the year 1992-1993.

Next, we find Dhanraj Pillay's birth year from the table. His birth year is 1968.

Now, we calculate the age by subtracting the birth year from the year he played for Indian Gymkhana:

1992 - 1968 = 24

However, since he played in the year 1992-1993, we need to consider the year 1993 as well.

1993 - 1968 = 25

Since the question asks for the age at which he played for Indian Gymkhana, we can consider both ages (24 and 25) as the answer. However, the question does not specify whether it's the age at the start or end of the year, so",<num_years>
21,At what age did Don Bradman join his second domestic team?,27,cricket,527,"To find the age at which Don Bradman joined his second domestic team, we need to follow these steps:

1. Identify the date Don Bradman joined his second domestic team: 
   - According to the table, Don Bradman joined his second domestic team, South Australia, in the season 1935/36.

2. Find the birth date of Don Bradman:
   - The table states that Don Bradman was born on 27 August 1908.

3. Determine the year Don Bradman joined his second domestic team:
   - Since the season is given as 1935/36, we can infer that the year is 1936.

4. Calculate the age of Don Bradman when he joined his second domestic team:
   - To find the age, we need to subtract the birth year from the year he joined his second team: 1936 - 1908 = 28.

5. Therefore, Don Bradman joined his second domestic team at the age of 28.

Final Answer: The final answer is 28.",<num_years>
22,At what age did Don Bradman play for the national side?,20,cricket,527,"To answer this question, we need to find Don Bradman's age at the time of his Test debut. We can do this by finding his birthdate and the date of his Test debut.

1. Find Don Bradman's birthdate: 
   From the table, we see that Don Bradman was born on 27 August 1908.

2. Find the date of Don Bradman's Test debut: 
   From the table, we see that Don Bradman made his Test debut on 30 November 1928.

3. Calculate Don Bradman's age at the time of his Test debut: 
   To calculate his age, we need to find the difference between the year of his Test debut and the year of his birth. Since his Test debut was in 1928, we subtract 1908 from 1928 to get 20. This is the number of years since his birth.

   However, since he made his debut in November 1928, and his birthday is in August, he had not yet turned 20 years old at the time of his debut.

   Therefore, Don Bradman was 19 years old when he played for the national side for the first time.

Final Answer: The final answer is 19.",<num_years>
23,At what age did Don Bradman play his last Test?,40,cricket,527,"To determine the age at which Don Bradman played his last Test, we need to follow these steps:

1. Identify the date of Don Bradman's last Test: According to the table, Don Bradman's last Test was on 18 August 1948.

2. Identify Don Bradman's date of birth: According to the table, Don Bradman was born on 27 August 1908.

3. Calculate Don Bradman's age at the time of his last Test: To find Don Bradman's age, we need to subtract his date of birth from the date of his last Test. Since both dates are in August, we can simply subtract the year of his birth from the year of his last Test: 1948 - 1908 = 40.

However, this is the age in years, not the age in months or days. Since Don Bradman's last Test was on 18 August 1948 and he was born on 27 August 1908, he had not yet had his birthday in 1948. Therefore, his age at the time of his last Test was 40 years old.

Final Answer: The final answer is 40.",<num_years>
24,At what age did Eddy Merckx last win 34 individual stages at the Tour de France?,30,cycling,635,"To find the age at which Eddy Merckx last won 34 individual stages at the Tour de France, we need to follow these steps:

1. Identify the year in which Eddy Merckx last won 34 individual stages at the Tour de France. According to the table, Eddy Merckx won 34 individual stages at the Tour de France in the years 1969-1972 and 1974, 1975.

2. Since we are looking for the last year, we take the most recent year from the list, which is 1975.

3. Now, we need to find the age of Eddy Merckx in 1975. According to the table, Eddy Merckx was born on June 17, 1945.

4. To find his age in 1975, we calculate the difference between 1975 and his birth year, 1945. 1975 - 1945 = 30.

However, this is the difference in years since his birth. To find his age, we need to consider the fact that he was born in June, so we need to subtract 1 from the result because he would have only had his birthday in 1975.

5. Therefore",<num_years>
25,At what age did Eddy Merckx win gold at the 1964 World Championships?,19,cycling,635,"To determine the age at which Eddy Merckx won gold at the 1964 World Championships, we need to follow these steps:

1. Identify the year in which Eddy Merckx won gold at the World Championships.
   From the ""Representing | Belgium"" section of the table, we find that Eddy Merckx won gold at the 1964 World Championships.

2. Determine Eddy Merckx's birthdate.
   From the ""Personal information"" section of the table, we find that Eddy Merckx was born on 17 June 1945.

3. Calculate Eddy Merckx's age at the time of the 1964 World Championships.
   Since Eddy Merckx was born on 17 June 1945 and won gold at the 1964 World Championships, we can calculate his age by subtracting his birth year from 1964.
   Age = 1964 - 1945 = 19

Therefore, Eddy Merckx was 19 years old when he won gold at the 1964 World Championships.

Final Answer: The final answer is 19.",<num_years>
26,What year did Rubens Barrichello have his best finish in his Stock Car Brasil career?,2014,f1,51,"To determine the year Rubens Barrichello had his best finish in his Stock Car Brasil career, let's analyze the information provided in the table step by step.

1. The table mentions that Rubens Barrichello's Stock Car Brasil career includes information about his championships, wins, poles, and best finish in the championship.

2. We are specifically looking for the year of his best finish in the championship.

3. According to the table, Rubens Barrichello's best finish in the championship is mentioned as 1st in 2014.

Therefore, the year Rubens Barrichello had his best finish in his Stock Car Brasil career is 2014.

Final Answer: The final answer is 2014.",yyyy
27,At what age did Farag turn professional?,17,squash,106,"To find the age at which Farag turned professional, we need to follow these steps:

1. Find the year Farag turned professional: The table states that Farag turned pro in 2009.
2. Find Farag's birth year: The table states that Farag was born on April 22, 1992.
3. Calculate the age at which Farag turned professional: To find Farag's age in 2009, we subtract his birth year from 2009. 

So, 2009 - 1992 = 17.

Therefore, Farag turned professional at the age of 17.

Final Answer: The final answer is 17.",<num_years>
28,At what age did Gagan Ajit Singh win a medal at the Asian Games?,22,hockey,486,"To answer the question, we need to follow these steps:

1. Identify the relevant information related to the Asian Games from the table.
2. Determine the year Gagan Ajit Singh won a medal at the Asian Games.
3. Find the birthdate of Gagan Ajit Singh.
4. Calculate the age of Gagan Ajit Singh at the time of winning the medal.

Step 1: Identify the relevant information related to the Asian Games.
From the table, we can see that under the ""Asian Games"" section, Gagan Ajit Singh won a Silver medal in 2002.

Step 2: Determine the year Gagan Ajit Singh won a medal at the Asian Games.
The year is already mentioned in the table as 2002.

Step 3: Find the birthdate of Gagan Ajit Singh.
The birthdate of Gagan Ajit Singh is mentioned in the ""Personal information"" section as 9 December 1980.

Step 4: Calculate the age of Gagan Ajit Singh at the time of winning the medal.
Since Gagan Ajit Singh was born on 9 December 1980 and won the medal in 2002, we need to calculate his age in 2002.
To do this, we",<num_years>
29,At what age did Gagan Ajit Singh win a medal at the Champions Challenge?,21,hockey,486,"To answer the question, let's break it down step by step:

1. **Identify the relevant information**: We need to find out at what age Gagan Ajit Singh won a medal at the Champions Challenge. To do this, we need to find the year he won the medal and his birth year.

2. **Find the year Gagan Ajit Singh won the medal**: According to the table, Gagan Ajit Singh won a Gold medal at the Champions Challenge in 2001.

3. **Find Gagan Ajit Singh's birth year**: According to the table, Gagan Ajit Singh was born on 9 December 1980.

4. **Calculate Gagan Ajit Singh's age at the time of winning the medal**: To calculate his age, we need to subtract his birth year from the year he won the medal. Age = Year of winning the medal - Birth year
Age = 2001 - 1980
Age = 21

Therefore, Gagan Ajit Singh was 21 years old when he won a medal at the Champions Challenge.

Final Answer: The final answer is 21.",<num_years>
30,At what age did Haguroyama Masaji achieve his highest rank?,26,sumo,137,"To answer this question, we need to follow these steps:

1. Identify the birth date of Haguroyama Masaji from the table.
   - From the table, we see that Haguroyama Masaji was born on November 18, 1914.

2. Identify the year in which Haguroyama Masaji achieved his highest rank.
   - From the table, we see that Haguroyama Masaji achieved his highest rank of Yokozuna in May, 1941.

3. Calculate the age of Haguroyama Masaji at the time he achieved his highest rank.
   - Since Haguroyama Masaji was born in 1914 and achieved his highest rank in 1941, we need to calculate the age difference between these two years.
   - 1941 - 1914 = 27 years.

4. Determine the month and day of the year in which Haguroyama Masaji achieved his highest rank.
   - From the table, we see that Haguroyama Masaji achieved his highest rank in May, 1941.

5. Calculate the age of Haguroyama Masaji at the specific date (May 1941) he achieved his highest rank.
   - Since Hag",<num_years>
31,At what age did Haguroyama Masaji receive his highest ranking?,27,sumo,137,"To answer the question, we need to follow these steps:

1. Find the information related to Haguroyama Masaji's highest rank in the table.
2. Determine the year he received his highest rank.
3. Find the information related to Haguroyama Masaji's birthdate.
4. Calculate the age of Haguroyama Masaji when he received his highest rank.

From the table, we can see that:
- Haguroyama Masaji's highest rank was Yokozuna, which he received in May 1941.
- Haguroyama Masaji was born on November 18, 1914.

Now, let's calculate his age when he received his highest rank:
- We need to find the difference in years between his birth year and the year he received his highest rank.
- Since he received his highest rank in May 1941, we can assume his age at that time was his birth year (1914) plus the number of years that have passed since his birth.
- 1941 - 1914 = 27 years

However, since his birthdate is November 18th, and he received his highest rank in May 1941, we need to subtract the fraction of the year that has passed",<num_years>
32,By how many days do the dates of Black Friday differ between 2021 and 2024?,3,holiday,214,"To find the difference in days between the dates of Black Friday in 2021 and 2024, we need to compare the given dates.

The date of Black Friday in 2021 is November 26, 2021.
The date of Black Friday in 2024 is November 29, 2024.

Step 1: Calculate the difference in days between the two dates.
To do this, we can count the days from November 26, 2021, to November 29, 2024.

Step 2: Count the days from November 26, 2021, to December 31, 2021 (1 year).
There are 365 days in a non-leap year and 366 days in a leap year. Since 2021 is not a leap year, there are 365 days.

Step 3: Count the days from January 1, 2022, to December 31, 2022 (2 years).
There are 365 days in a non-leap year and 366 days in a leap year. Since 2022 is a leap year, there are 366 days.

Step 4: Count the days from January 1, 2023, to December 31, 202",<num_days>
33,How many days after being completed was the Maori commissioned?,5,ship,1111,"To find the number of days after being completed that the Maori was commissioned, we need to follow these steps:

1. Determine the completion date of the Maori: The completion date of the Maori is 30 November 1938.
2. Determine the commissioning date of the Maori: The commissioning date of the Maori is 5 December 1938.
3. Calculate the difference between the commissioning date and the completion date: Since both dates are in the same month, we can calculate the difference by subtracting the day of the completion date from the day of the commissioning date.
   - Commissioning date: 5 December 1938
   - Completion date: 30 November 1938
   - Difference: 5 - 30 = -25 (This is incorrect, as we can't have a negative number of days.)
   We should instead calculate the difference in days from the start of the month, so:
   - Days in November: 30
   - Days from start of December: 5
   - Total days from completion to commissioning: 30 + 5 = 35

However, since the question asks for the number of days after being completed, we need to add 1 to",<num_days>
34,At what age did Haguroyama Masaji retire?,39,sumo,137,"To find the age at which Haguroyama Masaji retired, we need to follow these steps:

1. Find the year of Haguroyama Masaji's birth from the ""Personal information"" section of the table. 
   The year of birth is 1914.

2. Find the year of Haguroyama Masaji's retirement from the ""Career"" section of the table.
   The year of retirement is 1953.

3. Calculate the age at retirement by subtracting the year of birth from the year of retirement.
   Age at retirement = Year of retirement - Year of birth
   Age at retirement = 1953 - 1914
   Age at retirement = 39

Final Answer: The final answer is 39.",<num_years>
35,At what age did Jenson Button become active in his career?,20,f1,259,"To find the answer to the question, we need to follow these steps:

1. Identify the relevant information about Jenson Button's career from the table.
2. Determine the specific event or milestone mentioned in the question (becoming active in his career).
3. Extract the date or age associated with that event from the table.

Step 1: Identify the relevant information about Jenson Button's career.
The table contains information about Jenson Button's Formula One World Championship career, including his active years.

Step 2: Determine the specific event or milestone mentioned in the question (becoming active in his career).
The question asks at what age Jenson Button became active in his career. This implies we need to find the year he started his career and his birthdate to calculate his age at that time.

Step 3: Extract the date or age associated with that event from the table.
From the table, we can see that Jenson Button's active years in Formula One were from 2000 to 2017. We also know his birthdate is January 19, 1980.

Now, we need to calculate his age when he became active in 2000. 

To do this, we'll subtract his birth year from 2000 to find his",<num_years>
36,At what age did Jenson Button win his first Hungarian Grand Prix?,26,f1,259,"To find the answer to the question, we need to follow these steps:

1. Find the row that contains the information about Jenson Button's first win.
2. In that row, find the text that mentions the name of the grand prix where he won.
3. Since we already know the year of his first win (2006), we can verify that it's the correct grand prix.
4. Find the row that contains Jenson Button's birthdate.
5. Calculate his age at the time of his first win by subtracting his birth year from the year of his first win.

Let's follow these steps:

1. The row that contains the information about Jenson Button's first win is:

First win	2006 Hungarian Grand Prix

We can verify that it's the correct grand prix because the year of his first win is 2006.

2. The name of the grand prix where he won is ""Hungarian Grand Prix"".

3. We already know the year of his first win, which is 2006.

4. The row that contains Jenson Button's birthdate is:

Born
Jenson Alexander Lyons Button | ( | 1980-01-19 | ) | 19 January 1980 | (age 42)",<num_years>
37,At what age did Jenson Button win his last Brazilian Grand Prix?,32,f1,259,"To determine at what age Jenson Button won his last Brazilian Grand Prix, we need to follow these steps:

1. Find the date of Jenson Button's last Brazilian Grand Prix win.
2. Find Jenson Button's birthdate.
3. Calculate the age at which he won his last Brazilian Grand Prix.

Step 1: Find the date of Jenson Button's last Brazilian Grand Prix win.
The table mentions that Jenson Button won his last Brazilian Grand Prix in 2012. 

Step 2: Find Jenson Button's birthdate.
According to the table, Jenson Button was born on 19 January 1980.

Step 3: Calculate the age at which he won his last Brazilian Grand Prix.
Since Jenson Button won his last Brazilian Grand Prix in 2012 and he was born in 1980, we need to calculate his age in 2012.
2012 - 1980 = 32 years old

However, we need to consider the exact date of birth. Since Jenson Button was born on 19 January 1980 and won the Brazilian Grand Prix in 2012, we need to determine which year he was 32 years old.
Since Jenson Button was born in 1980, he would be",<num_years>
38,How many days after being launched was the Maori commissioned?,459,ship,1111,"To solve this problem, we need to find the difference in days between the commissioning date and the launch date of the Maori ship.

Step 1: Identify the launch date and commissioning date from the table.
- Launch date: 2 September 1937
- Commissioning date: 5 December 1938

Step 2: Calculate the difference in days between the commissioning date and the launch date.
To do this, we need to find the number of months between the two dates and multiply it by the number of days in a month, and then add the remaining days.

Step 3: Find the number of months between the two dates.
- Commissioning date: December 1938
- Launch date: September 1937 (this is actually 1936 but we are calculating the difference between the launch and commission date so we will use 1937 for the months calculation)
There are 11 months between September 1937 and December 1938.

Step 4: Calculate the number of days in the months between the two dates.
- September 1937: 30 days
- October 1937: 31 days
- November 1937: 30 days
- December 1937: 31 days",<num_days>
39,At what age did Kimi Räikkönen enter his first Formula One World Championship?,22,f1,344,"To find the age at which Kimi Räikkönen entered his first Formula One World Championship, we need to follow these steps:

1. Find the year in which Kimi Räikkönen entered his first Formula One World Championship.
2. Find Kimi Räikkönen's birth year.
3. Calculate the age by subtracting the birth year from the year of the first Formula One World Championship entry.

Step 1: Find the year of the first Formula One World Championship entry.
From the table, we see that Kimi Räikkönen's first entry was in the 2001 Australian Grand Prix.

Step 2: Find Kimi Räikkönen's birth year.
From the table, we see that Kimi Räikkönen was born on 17 October 1979.

Step 3: Calculate the age.
Since the current year is 2022, we can calculate the age by subtracting the birth year from 2022. However, the question does not specify the current year. Given that the birth year is 1979, we will assume the year of the first entry as the basis for calculation. 

Age = Year of first entry - Birth year
Age = 2001 -",<num_years>
40,At what age did Kimi Räikkönen get divorced?,35,f1,344,"To determine at what age Kimi Räikkönen got divorced, we need to follow these steps:

1. Find the year Kimi Räikkönen got divorced.
2. Determine Kimi Räikkönen's birth year.
3. Calculate his age at the time of divorce.

Step 1: 
From the table, we can see that Kimi Räikkönen got divorced in 2014.

Step 2:
Kimi Räikkönen was born on 1979-10-17.

Step 3:
To find his age at the time of divorce, we need to subtract his birth year from the year of divorce. However, since his birth year is not the entire year but rather a specific date, we should consider the year of his birth, which is 1979.

Now, we calculate his age at the time of divorce:
Year of divorce - Year of birth = Age at the time of divorce
2014 - 1979 = 35

Therefore, Kimi Räikkönen was 35 years old when he got divorced.

Final Answer: The final answer is 35.",<num_years>
41,At what age did Kimi Räikkönen win his first Formula One World Championship?,24,f1,344,"To determine the age at which Kimi Räikkönen won his first Formula One World Championship, we need to follow these steps:

1. Find the year in which Kimi Räikkönen won his first Formula One World Championship.
   - From the table, we see that Kimi Räikkönen won his first Formula One World Championship in the year 2007.

2. Determine the date of birth of Kimi Räikkönen.
   - From the table, we see that Kimi Räikkönen was born on 17 October 1979.

3. Calculate the age of Kimi Räikkönen at the time of winning his first Formula One World Championship.
   - To calculate the age, we need to know the date of the championship win. Since the year of the championship win is 2007, we can assume that it was around the end of the year, possibly at the 2007 Formula One World Championship.
   - The age can be calculated by subtracting the year of birth from the year of the championship win. However, since we are asked for the age at the time of the championship win, we should also consider the month and day of birth.
   - Kimi R",<num_years>
42,At what age did Mohamed El Shorbagy turn pro?,15,squash,108,"To find out at what age Mohamed El Shorbagy turned pro, let's follow these steps:

1. Find Mohamed El Shorbagy's birthdate: 
   - In the table, we see that Mohamed El Shorbagy was born on 12 January 1991.

2. Find Mohamed El Shorbagy's year of turning pro:
   - In the table, we see that Mohamed El Shorbagy turned pro in 2006.

3. Calculate Mohamed El Shorbagy's age when he turned pro:
   - To find the age, we need to subtract the year of birth from the year of turning pro.
   - Year of turning pro: 2006
   - Year of birth: 1991
   - Age = Year of turning pro - Year of birth = 2006 - 1991 = 15

Therefore, Mohamed El Shorbagy turned pro at the age of 15.

Final Answer: The final answer is 15.",<num_years>
43,At what age did Mohamed El Shorbagy win the World Team Championship?,20,squash,108,"To answer the question, we need to follow these steps:

1.  Identify the relevant information from the table related to the World Team Championships.
2.  Determine the year Mohamed El Shorbagy won the World Team Championship.
3.  Find the birthdate of Mohamed El Shorbagy.
4.  Calculate his age at the time of winning the World Team Championship.

Let's follow these steps:

1.  The relevant information from the table is:

    World Team Championships
    ['Gold medal - first place | 2011 Paderborn | Team']

    This indicates that Mohamed El Shorbagy won the World Team Championship in 2011.

2.  We have found the year of winning the World Team Championship.

3.  The birthdate of Mohamed El Shorbagy is:

    Born
    ( | 1991-01-12 | ) | 12 January 1991 | (age 31) | Alexandria, Egypt

    This indicates that he was born on January 12, 1991.

4.  To calculate his age at the time of winning the World Team Championship, we need to find the difference between the year of winning (2011) and his birth year (1991).

",<num_years>
44,How long in months did it last as Adal?,17,political party,932,"To find out how long the Adal party lasted as Adal, we need to identify the date when it was founded as Adal and the date when it was dissolved.

From the table, we can see that the Adal party was founded as Adal on 5 November 2020. We also know that it was dissolved on 26 April 2022.

Now, let's calculate the duration between these two dates. 

First, we need to find the difference in years:
2022 - 2020 = 2 years

Then, we need to find the difference in months:
April 2022 has 30 days, so from 5 November 2020 to 30 April 2022 is 17 months.
But the party was dissolved on 26 April 2022. Therefore, we need to subtract 26 days from November 2020 to April 2022.
5 November 2020 to 31 December 2020 is 1 month and 26 days.
1 month and 26 days is approximately equal to 1.083 months.
So from 5 November 2020 to 31 December 2020 is 1.083 months.
31 December 2020 to 31 January 2021 is ",<num_months>
45,At what age did Riccardo Patrese first win the Monaco Grand Prix?,28,f1,261,"To find the age at which Riccardo Patrese first won the Monaco Grand Prix, we need to follow these steps:

1. Identify the year Riccardo Patrese first won the Monaco Grand Prix.
   - According to the table, Riccardo Patrese first won the Monaco Grand Prix in 1982.

2. Determine Riccardo Patrese's birth year.
   - The table states that Riccardo Patrese was born on April 17, 1954.

3. Calculate Riccardo Patrese's age at the time of his first Monaco Grand Prix win.
   - To find the age, we subtract the birth year from the year of the first win: 1982 - 1954 = 28.

Therefore, Riccardo Patrese was 28 years old when he first won the Monaco Grand Prix.

Final Answer: The final answer is 28.",<num_years>
46,At what age did Riccardo Patrese start his career?,23,f1,261,"To find the age at which Riccardo Patrese started his career, we need to follow these steps:

1. Identify the year Riccardo Patrese started his career: This information is provided in the ""Formula One World Championship career"" subsection under ""First entry"". The year he started is mentioned as 1977.

2. Identify the year Riccardo Patrese was born: This information is provided in the ""Born"" subsection. The year he was born is mentioned as 1954.

3. Calculate the age of Riccardo Patrese when he started his career: To do this, we need to subtract the year he was born from the year he started his career. age = year_started - year_of_birth = 1977 - 1954 = 23

So, Riccardo Patrese started his career at the age of 23.

Final Answer: The final answer is 23.",<num_years>
47,At what age did Riccardo Patrese win the Japanese Grand Prix?,38,f1,261,"To answer the question, let's break down the information provided in the table.

Step 1: Identify the relevant information about the Japanese Grand Prix in the table.
The table mentions the ""Last win"" as the 1992 Japanese Grand Prix.

Step 2: Determine the date of the last win at the Japanese Grand Prix.
The table mentions that Riccardo Patrese won the 1992 Japanese Grand Prix.

Step 3: Identify the birthdate of Riccardo Patrese.
The table mentions that Riccardo Patrese was born on 17 April 1954.

Step 4: Calculate the age of Riccardo Patrese at the time of the last win.
Since the last win was in 1992 and Riccardo Patrese was born in 1954, we need to calculate his age at that time.

To calculate the age, we need to know the current year, which is 2022. We then subtract the birth year (1954) from the current year (2022) and the year of the last win (1992) to find the age at the time of the last win.

2022 - 1954 = 68 (age at the current year)
1992 - 1954 = ",<num_years>
48,At what age did Roger De Vlaeminck win his first World Championships gold medal?,28,cycling,637,"To find the answer, we need to follow these steps:

1.  Identify the information related to the World Championships gold medal in the table.
2.  Determine the year in which Roger De Vlaeminck won his first World Championships gold medal.
3.  Calculate Roger De Vlaeminck's age at the time of winning the World Championships gold medal.

Let's examine the table. There is no direct information about Roger De Vlaeminck's World Championships gold medal, but we do see that he won a silver medal in the 1975 World Championships. However, we also see that he won the World Cyclo-cross Championships in 1975, which is a gold medal.

Looking at the ""Born"" section of the table, we see that Roger De Vlaeminck was born on August 24, 1947. We also see that he won the World Cyclo-cross Championships in 1975. To calculate his age at the time of winning the gold medal, we need to subtract his birth year from the year he won the gold medal.

Since the year of birth is 1947 and the year of the gold medal is 1975, we can calculate his age as follows:

1975 - 1947 = 28",<num_years>
49,At what age did Roger De Vlaeminck win the Vuelta a España in 1984?,37,cycling,637,"To answer the question, we need to follow these steps:

1.  Find the information related to Roger De Vlaeminck's win in the Vuelta a España.
2.  Identify the year of his win, which is given as 1984.
3.  Find the information related to his age at the time of the win.

From the table, we can see that under the ""Major wins"" section, there is a mention of the Vuelta a España with a note that he won 1 individual stage in 1984. However, we need to find his age at the time of this win.

We can find his birthdate under the ""Personal information"" section, which states that he was born on 24 August 1947.

Now, we need to calculate his age in 1984. We can do this by subtracting his birth year from 1984.

1984 - 1947 = 37

Therefore, Roger De Vlaeminck was 37 years old when he won the Vuelta a España in 1984.

Final Answer: The final answer is 37.",<num_years>
50,At what age did Roger De Vlaeminck win the Vuelta a España?,37,cycling,637,"To find the answer, we need to follow these steps:

1.  Find the information related to the Vuelta a España in the table.
2.  Identify the specific information that mentions the age of Roger De Vlaeminck when he won the Vuelta a España.

From the table, we can see that Roger De Vlaeminck won an individual stage in the Vuelta a España in 1984. However, we need to find his age at that time.

1.  We find the information about Roger De Vlaeminck's birthdate in the ""Personal information"" section: ""Born	( | 1947-08-24 | ) | 24 August 1947 | (age 74) | Eeklo, East Flanders, Belgium.""
2.  We can see that the birthdate is August 24, 1947, and his age is 74. This implies that the current year is 2021, but since we are assuming the current date is December 2022, Roger De Vlaeminck's age is 75.
3.  However, we are looking for his age in 1984 when he won the Vuelta a España stage. To find this,",<num_years>
51,At what age did Sebastian Vettel win his first Italian Grand Prix?,21,f1,262,"To answer the question, we need to find the information about Sebastian Vettel's first win and his age at that time. 

Step 1: Identify the information about Sebastian Vettel's first win.
From the table, we can see that the first win is mentioned under the ""Formula One World Championship career"" section. Specifically, it says ""First win	2008 Italian Grand Prix"".

Step 2: Find the information about Sebastian Vettel's birthdate.
The birthdate is mentioned under the ""Born"" section of the table. It says ""( | 1987-07-03 | ) | 3 July 1987"".

Step 3: Calculate Sebastian Vettel's age at the time of his first win.
To find his age, we need to subtract his birth year from the year of his first win. The year of his first win is 2008, and he was born in 1987. 

Age = Year of first win - Birth year
Age = 2008 - 1987
Age = 21

So, Sebastian Vettel was 21 years old when he won his first Italian Grand Prix.

Final Answer: 21",<num_years>
52,At what age did Sebastian Vettel win his last race at the Singapore Grand Prix?,32,f1,262,"To answer the question, we need to find the age of Sebastian Vettel when he won his last race at the Singapore Grand Prix in 2019.

1. First, we need to find the date of Sebastian Vettel's last win, which is the 2019 Singapore Grand Prix.

2. Next, we need to find the date of Sebastian Vettel's birth, which is 3 July 1987.

3. Now, we need to calculate the age of Sebastian Vettel at the time of his last win. To do this, we will subtract his birth year from the year of his last win.

4. The year of his last win is 2019, and his birth year is 1987. Subtracting these two numbers gives us 2019 - 1987 = 32.

5. However, we are not done yet. We need to find the age at the exact date of his last win. Since his last win was in 2019, we need to consider the month and day of his birth. He was born on 3 July 1987.

6. Since the month and day of his birth are the same as the month and day of his last win, we can simply take the age calculated in the previous",<num_years>
53,For how many years did Dhanraj Pillay play for the national side?,15,hockey,485,"To determine the number of years Dhanraj Pillay played for the national side, we need to identify the years he played for the Indian national team. 

Step 1: Locate the relevant section of the table that contains information about Dhanraj Pillay's national team career. This section is titled ""National team.""

Step 2: Within the ""National team"" section, we find a list that includes the years he played for India, the number of appearances, and the number of goals scored. The relevant information is: '1989-2004 | India | 339 | (170)'.


Step 3: The years listed indicate the start and end years of his national team career. We need to calculate the number of years between these two dates.


Step 4: To calculate the number of years, we subtract the start year from the end year. The start year is 1989, and the end year is 2004. 

2004 - 1989 = 15


Step 5: Therefore, Dhanraj Pillay played for the national side for 15 years.


Final Answer: The final answer is 15.",<num_years>
54,For how many years did Jenson Button's professional career last?,17,f1,0,"To determine the number of years Jenson Button's professional career lasted, we need to identify the start and end years of his career.

Step 1: Identify the start year of Jenson Button's professional career.
From the table, we see that his ""Active years"" in Formula One are listed as ""2000-2017"". This indicates that his career started in the year 2000.

Step 2: Identify the end year of Jenson Button's professional career.
From the same information, we see that his ""Active years"" in Formula One are listed as ""2000-2017"", which indicates that his career ended in the year 2017.

Step 3: Calculate the number of years Jenson Button's professional career lasted.
To find the number of years, we subtract the start year from the end year: 2017 - 2000 = 17 years.

Final Answer: The final answer is 17.",<num_years>
55,For how many years did Raymond Poulidor belong to a professional team?,17,cycling,104,"To find the answer to the question, we need to look at the ""Professional team"" section of the table.

A: The table states that Raymond Poulidor belonged to the Mercier-BP-Hutchinson team from 1960 to 1977.

B: We need to find the difference between the year he joined the team and the year he left the team to determine the number of years he belonged to the team.

C: The year he joined the team is 1960 and the year he left the team is 1977.

D: To find the difference, we subtract the earlier year from the later year: 1977 - 1960 = 17

E: Therefore, Raymond Poulidor belonged to a professional team for 17 years.

Final Answer: The final answer is 17.",<num_years>
56,During what year did Ciriello win the most overall gold medals?,2014,hockey,670,"To find the year when Ciriello won the most overall gold medals, let's break down the information step by step:

1. We need to find all the years when Ciriello won gold medals. 
   From the table, we can see that he won gold medals in the following years:
   - 2010 (Commonwealth Games)
   - 2010 (Champions Trophy)
   - 2012 (Champions Trophy)
   - 2014 (Commonwealth Games)
   - 2014 (World Cup)

2. Next, we need to count the total number of gold medals he won in each year.
   - In 2010, he won 2 gold medals.
   - In 2012, he won 1 gold medal.
   - In 2014, he won 2 gold medals.

3. Now, let's compare the total number of gold medals won in each year to find the year when he won the most overall gold medals.
   - In 2010, he won 2 gold medals.
   - In 2012, he won 1 gold medal.
   - In 2014, he won 2 gold medals.

4. Since both 2010 and 2014 have",yyyy
57,For how many years did Sanath Jayasuriya play for Bloomfield?,17,cricket,56,"To determine for how many years Sanath Jayasuriya played for Bloomfield, we need to look at the Domestic team information section of the table.

In this section, we see a list of years and teams that Sanath Jayasuriya played for. The years are listed in a format of 'Year - Year', which indicates the range of years that he played for a particular team.

We are interested in the years that he played for Bloomfield. Looking at the list, we see that the years for Bloomfield are listed as '1994-2011'.

Since the years are listed as a range, we can calculate the number of years by subtracting the starting year from the ending year and adding 1.

1994 - 2011 = -17 (this is incorrect because it’s negative, the correct way to do this is to subtract 2011 from 1994 then add 1)

1994 - 2011 = -17 
2011 - 1994 = 17 
17 + 1 = 18 

However, the calculation 1994 - 2011 = -17 is incorrect. We should instead calculate the difference between 2011 and 1994 and then add 1. The correct calculation is:

",<num_years>
58,For how many years did Shohei Yamamoto play in the senior division?,18,boxing,484,"To find out how many years Shohei Yamamoto played in the senior division, we need to look at his senior career information.

Step 1: Identify the senior career years from the table.
The senior career years are listed under the ""Youth career"" section, but it seems like it's actually the ""Senior career"" section. It starts with the year 2001.

Step 2: Determine the last year of his senior career.
The last year listed in his senior career is 2018.

Step 3: Calculate the number of years he played in the senior division.
To find the number of years, we subtract the starting year from the last year. 
2018 - 2001 = 17

However, we need to consider that the years listed are inclusive, meaning he played in the senior division in both 2001 and 2018. So, we should count the years from 2001 to 2018, inclusive.

Final Answer: The final answer is 18.",<num_years>
59,For how many years did Viv Richards play domestically?,22,cricket,57,"To find the number of years Viv Richards played domestically, we need to analyze the information provided in the table.

1.  First, we need to identify the section that contains information about Viv Richards' domestic career. The relevant section is ""Domestic team information"".

2.  In this section, we see a list of teams Viv Richards played for, along with the years he played for each team. However, the years are not directly listed; instead, we have a list of years and teams in square brackets at the end of the section.

3.  To find the years Viv Richards played domestically, we need to look at the ""Domestic team information"" section again. It lists the teams he played for, but we need to look at the years he played for each team.

4.  Looking at the ""Domestic team information"" section, we see that Viv Richards played for Combined Islands from 1971-1981, Leeward Islands from 1971-1991, Somerset from 1974-1986, Queensland in 1976/77, and Glamorgan from 1990-1993.

5.  Now, we need to find the total number of years he played domestically. We can do this by finding the difference between",<num_years>
60,In which year did Alejandro Valverde achieve his first Tour de France victory?,2005,cycling,99,"To find the year Alejandro Valverde achieved his first Tour de France victory, let's follow these steps:

1.  Look for the ""Major wins"" section in the table, as it contains information about Valverde's achievements in the Tour de France.
2.  Within the ""Major wins"" section, find the subsection related to the Tour de France, which lists his individual stage wins.
3.  The subsection lists the years he won individual stages in the Tour de France: 2005, 2008, and 2012.
4.  Since we're looking for his first Tour de France victory, we need to identify which of these years was his first win.

From the information provided, Alejandro Valverde achieved his first Tour de France victory in the year 2005.

Final Answer: The final answer is 2005.",yyyy
61,For how many years had Chiyonofuji been a sumo wrestler since 1970?,21,sumo,131,"To find out how many years Chiyonofuji had been a sumo wrestler since 1970, we need to follow these steps:

1. Identify the year Chiyonofuji debuted as a sumo wrestler, which is 1970.
2. Identify the year Chiyonofuji retired as a sumo wrestler, which is 1991.
3. Calculate the difference between the year he retired and the year he debuted to find the total number of years he was an active sumo wrestler.

Given the years, the calculation is as follows:
1991 - 1970 = 21

So, Chiyonofuji had been a sumo wrestler for 21 years since 1970.

Final Answer: The final answer is 21.",<num_years>
62,For how many days is Diwali celebrated?,5,holiday,216,"To find the number of days Diwali is celebrated, let's analyze the information provided in the table.

1. The table mentions the different days of Diwali celebrations, including Dhanteras, Naraka Chaturdashi, Lakshmi Puja, Govardhan Puja, and Bhai Dooj.
2. We can see that these celebrations take place on different dates, starting from October 21, 2022, and ending on October 25, 2022.
3. Since each celebration is mentioned as a separate day, we can count the number of days by looking at the dates.

Based on the information provided, Diwali is celebrated for 5 days:

- October 21, 2022 (Dhanteras/Yama Deepam)
- October 22, 2022 (Naraka Chaturdashi/Kali Chaudas/Hanuman Puja/Chhoti Diwali)
- October 23, 2022 (Lakshmi Puja/Kali Puja/Sharda Puja/Kedar Gauri Vrat)
- October 24, 2022 (Govardhan Puja/Balipratipada/Gujarati New Year)
- October",<num_days>
63,For how many years has the current form of the Saudi Arabian Armed Forces been in effect?,79,army,1122,"A: Let's think step by step.

Step 1: We need to find the information about the current form of the Saudi Arabian Armed Forces.
Step 2: Looking at the table, we see that the current form of the Saudi Arabian Armed Forces is mentioned under the ""Current form"" section.
Step 3: The current form is given as 1943.
Step 4: We also see the year the Saudi Arabian Armed Forces was founded, which is 1745.
Step 5: To find the number of years the current form has been in effect, we need to subtract the founding year from the current form year.
Step 6: So, 1943 - 1745 = 198 years.

Final Answer: The final answer is 198.",<num_years>
64,What year did Felice Gimondi win his first medal?,1970,cycling,100,"To find the year Felice Gimondi won his first medal, we need to look at the information provided in the table under the ""UCI Road World Championships"" section.

Step 1:  Identify the section where medal information is provided.
The medal information is provided in the ""UCI Road World Championships"" section of the table.

Step 2:  Look for the earliest year mentioned in the medal information.
The earliest year mentioned is 1970, where it is stated that Felice Gimondi won a 'Bronze medal - third place'.

Step 3:  Determine if this is the first year Felice Gimondi won a medal.
Since 1970 is the earliest year mentioned, it is likely that this is the first year Felice Gimondi won a medal.

However, we need to confirm if there are any other years mentioned before 1970 in the table. Upon reviewing the table, we can see that the birth year of Felice Gimondi is mentioned as 1942, but this information does not relate to his medal wins.

Step 4:  Conclude the year Felice Gimondi won his first medal.
Based on the information provided, the year Felice Gimondi won his first medal",yyyy
65,For how many years was ExoMars launched?,6,orbitor,461,"To find out for how many years ExoMars was launched, we need to follow these steps:

1. Find the launch date of ExoMars: The launch date is given in the table as ""Launch date: 14 March 2016, 09:31 UTC.""

2. Determine the current year: Since the current date is given as December 2022, we can assume that the current year is 2022.

3. Calculate the duration of the mission: The mission duration is given in the table as ""Planned: 7 years | Elapsed: 6 years, 3 months, 18 days."" Since we are interested in the duration since the launch, we will use the elapsed time.

4. Subtract the elapsed time from the planned duration to find the remaining planned duration: The remaining planned duration is 7 years - 6 years = 1 year.

However, we are interested in the duration of the launch, not the remaining planned duration. Since the launch occurred 6 years ago, we can directly use this value.

Final Answer: The final answer is 6.",<num_years>
66,How long in years did Kapil Dev play ODI cricket?,16,cricket,52,"To find out how long Kapil Dev played ODI cricket, we need to determine the duration between his first and last ODI appearances.

Step 1: Identify Kapil Dev's first ODI appearance.
From the table, we see that Kapil Dev made his ODI debut on 1 October 1978.

Step 2: Identify Kapil Dev's last ODI appearance.
From the table, we see that Kapil Dev's last ODI was on 17 October 1994.

Step 3: Calculate the duration between the first and last ODI appearances.
To find the duration, we need to subtract the year of the first ODI from the year of the last ODI.
Last ODI year: 1994
First ODI year: 1978
Duration = Last ODI year - First ODI year = 1994 - 1978 = 16 years

However, we need to consider the month as well because the exact date is given. 
First ODI date: 1 October 1978
Last ODI date: 17 October 1994

Since the last ODI date is in October 1994 and the first ODI date is in October 1978, we can consider it",<num_years>
67,How long in years did Sachin Tendulkar play for Mumbai?,25,cricket,526,"To find the answer to the question, let's break it down step by step:

1. We need to find the information related to Sachin Tendulkar's domestic team, specifically his association with Mumbai.
2. Looking at the table, we find the section ""Domestic team information"" which contains a list of teams Sachin Tendulkar played for, along with the years.
3. In this section, we see that Sachin Tendulkar played for Mumbai from 1988-2013, and also from 2008-2013 for the Mumbai Indians.
4. However, we are interested in his association with Mumbai as a team, not as a franchise. Therefore, we consider the years from 1988 to 2013 as his playing years for Mumbai.
5. The question asks for the duration of his association with Mumbai, which is the difference between the start and end years of his playing period with the team.

Final Answer: The final answer is 25 years.",<num_years>
68,For how many days was Hurricane Gaston over the water?,3,cyclone,957,"To determine how many days Hurricane Gaston was over the water, we need to find the difference between the date it formed and the date it dissipated.

Step 1: Identify the formation date of Hurricane Gaston.
The formation date is given as August 27, 2004.

Step 2: Identify the dissipation date of Hurricane Gaston.
The dissipation date is given as September 3, 2004.

Step 3: Calculate the number of days between the formation and dissipation dates.
We need to count the number of days from August 27 to September 3.

- August has 31 days, so from August 27 to August 31 is 4 days.
- September 1 to September 3 is 3 days.

Step 4: Add the number of days from August and September to get the total number of days.
4 (days in August) + 3 (days in September) = 7 days.

Final Answer: The final answer is 7.",<num_days>
69,What year did Gino Bartali first join the amateur team?,1931,cycling,102,"To find the year Gino Bartali first joined the amateur team, let's analyze the information provided in the table.

1. The table contains information about Gino Bartali's career, including his team affiliations.
2. We are looking for the year he joined an amateur team.
3. The ""Amateur team"" section of the table provides the relevant information.

The table states: ""1931-1934	-"". The ""1931-1934"" indicates a range of years, and the ""-"" symbol likely indicates that the team name is missing or not specified.

Based on this information, we can conclude that Gino Bartali first joined an amateur team in 1931.

Final Answer: 1931",yyyy
70,How long in years did Sanath Jayasuriya play for his national team?,22,cricket,56,"To determine the length of time Sanath Jayasuriya played for his national team, let's analyze the information provided in the table step by step.

Step 1: Identify the relevant section of the table that contains information about Jayasuriya's international career. In this case, it is the ""International information"" section.

Step 2: Within this section, we need to find the information about the start and end dates of Jayasuriya's international career. The table mentions that he made his ODI debut on 26 December 1989 and his last ODI was on 28 June 2011.

Step 3: To calculate the length of time Jayasuriya played for his national team, we need to find the difference between the start and end dates of his international career. 

Step 4: We can calculate this difference by subtracting the start date (26 December 1989) from the end date (28 June 2011). However, since the start date is in December and the end date is in June, we need to consider the fact that 2011 is a leap year.

Step 5: Assuming the current date is December 2022, we can calculate the length of time Jayasuriya played",<num_years>
71,How long in years did Sean Kelly compete in professional teams?,17,cycling,105,"To find out how long Sean Kelly competed in professional teams, we need to identify the years he was a part of each team and then calculate the total duration.

From the table, we can see the following teams and their corresponding years:

1. Flandria-Velda-Latina Assicurazioni: 1977-1978
2. Splendor-Euro Soap: 1979-1981
3. Sem-France Loire-Campagnolo: 1982-1983
4. Skil-Reydel-Sem-Mavic: 1984-1985
5. Kas: 1986-1988
6. PDM-Concorde: 1989-1991
7. Lotus-Festina: 1992-1993
8. Catavana: 1994

Now, let's calculate the total duration:

- Flandria-Velda-Latina Assicurazioni: 1977-1978 = 2 years
- Splendor-Euro Soap: 1979-1981 = 3 years
- Sem-France Loire-Campagnolo: 1982-1983 = 2 years
- Skil-Reydel-Sem-Mavic:",<num_years>
72,How long in years did Shohei Yamamoto's youth career last?,5,boxing,484,"To find the length of Shohei Yamamoto's youth career, we need to look at the information provided in the ""Youth career"" section of the table.

Step 1: Identify the start year of Shohei Yamamoto's youth career.
The start year is mentioned as 1995.

Step 2: Identify the end year of Shohei Yamamoto's youth career.
The end year is not explicitly mentioned, but we can infer it from the information provided in the ""Senior career"" section. The start year of his senior career is 2001, which suggests that his youth career ended in 2000.

Step 3: Calculate the length of Shohei Yamamoto's youth career.
The length of his youth career is the difference between the end year and the start year, which is 2000 - 1995 = 5 years.

Final Answer: The final answer is 5.",<num_years>
73,How long in years did the USA support the Insurgency in Laos starting from 1975?,15,proxy war,987,"To find the answer, we need to follow these steps:

1. Identify the year the USA started supporting the Insurgency in Laos.
2. Identify the year the USA stopped supporting the Insurgency in Laos.
3. Calculate the duration of USA support by subtracting the start year from the end year.

Step 1: The USA started supporting the Insurgency in Laos in 1975, as per the given information.

Step 2: The USA stopped supporting the Insurgency in Laos in 1990, as mentioned in the table.

Step 3: Calculate the duration of USA support by subtracting the start year from the end year: 1990 - 1975 = 15 years.

Final Answer: The final answer is 15.",<num_years>
74,What year did Joop Zoetemelk win gold at the World Championships?,1985,cycling,103,"To find the year Joop Zoetemelk won gold at the World Championships, let's follow these steps:

1.  Locate the section of the table related to the World Championships. 
2.  Identify the relevant information about Joop Zoetemelk's achievements at the World Championships.
3.  Extract the specific year when Joop Zoetemelk won gold.

Step 1: Locate the section of the table related to the World Championships.
The relevant section is under the ""Representing"" subsection and then the ""Men's road bicycle racing"" subsection, and finally the ""World Championships"" subsection.

Step 2: Identify the relevant information about Joop Zoetemelk's achievements at the World Championships.
The information about Joop Zoetemelk's achievements at the World Championships is as follows: [""Gold medal - first place | 1985 Giavera di Montello | Men's road race""].


Step 3: Extract the specific year when Joop Zoetemelk won gold.
The specific year when Joop Zoetemelk won gold at the World Championships is 1985.


Final Answer: 1985",yyyy
75,"Given she swam 4 laps, what was the average number of seconds it took Alia Atkinson to swim a lap, rounded to the nearest integer?",16,sports event,1031,"To find the average number of seconds it took Alia Atkinson to swim a lap, we need to first find the total time it took her to swim the 100 metre breaststroke. 

1. The winning time for the 100 metre breaststroke is given as 1:03.03. This time is in minutes and seconds, so we need to convert it into seconds. 
1 minute = 60 seconds, so 1:03.03 is equal to 60 + 3.03 = 63.03 seconds.

2. Since Alia Atkinson swam 4 laps, we need to divide the total time by the number of laps to find the average time per lap. 
Average time per lap = Total time / Number of laps 
= 63.03 seconds / 4 
= 15.75825 seconds per lap.

3. We are asked to round the average time per lap to the nearest integer, so we round 15.75825 to 16 seconds.

Final Answer: The final answer is 16.",<num_seconds>
76,How long in years did the Years of Lead last in Italy?,26,proxy war,1020,"A: Let’s think step by step.

Step 1: Identify the time period mentioned in the table for the Years of Lead in Italy.
The table mentions that the Years of Lead lasted from ""Late 1968 - mid 1988 (20 years)"".

Step 2: Determine the start and end years of the time period.
The start year is 1968 and the end year is 1988.

Step 3: Calculate the duration of the Years of Lead in years.
To find the duration, we subtract the start year from the end year: 1988 - 1968 = 20 years.

Step 4: Consider if there is any additional information that might affect the duration.
The table also mentions a ""resurgence from 1999 - 2005 (6 years)"" but this is stated as a separate event, not as part of the main Years of Lead period.

Final Answer: The Years of Lead in Italy lasted for 20 years.",<num_years>
77,In which year did Poulidor win a silver medal at the World Championships?,1974,cycling,104,"To find the year when Poulidor won a silver medal at the World Championships, we'll go through the table step by step.

1.  We are looking for information about Poulidor's World Championships performance, specifically a silver medal.
2.  In the table, the section ""Representing | France"" contains information about Poulidor's World Championships performance.
3.  Within this section, we see a list of his World Championships results, including the year and the type of medal he won.
4.  The list mentions a silver medal, which is the specific information we are looking for.
5.  The year of the silver medal is mentioned next to the description of the medal: 'Silver medal - second place | 1974 Montréal | Road race'.
6.  Therefore, we can conclude that Poulidor won a silver medal at the World Championships in the year 1974.

Final Answer: The final answer is 1974.",yyyy
78,In what year did Poulidor join a professional team?,1960,cycling,104,"To find the year Raymond Poulidor joined a professional team, let's break down the information step by step.

Step 1: Locate the section of the table that contains information about Poulidor's team.
The relevant section is ""Professional team.""

Step 2: Identify the specific information about the team Poulidor joined.
The information states: ""1960-1977	Mercier-BP-Hutchinson""

Step 3: Determine the year Poulidor joined the team.
Since the information is given as a range (1960-1977), we need to identify the starting year of this range.

Step 4: Conclude the year Poulidor joined the team.
Based on the information, Raymond Poulidor joined the Mercier-BP-Hutchinson team in 1960.

Final Answer: The final answer is 1960.",yyyy
79,In what year was Raymond Poulidor's best finish in a championship?,1974,cycling,104,"To answer the question, let's analyze the information provided in the table.

Step 1: Identify the relevant section of the table that contains information about championships.
The relevant section is ""World Championships"" under the ""Representing | France"" category.

Step 2: Within the ""World Championships"" section, identify the type of medal and the year it was won.
The section lists several championships with their corresponding medals and years.

Step 3: Determine the best finish in a championship by identifying the highest medal achieved by Raymond Poulidor.
The table lists several medals: Silver, Bronze, Bronze, Bronze, and Bronze. The highest medal is the Silver medal, which indicates a second-place finish.

Step 4: Identify the year corresponding to the best finish (Silver medal).
The Silver medal was won in the year 1974.

Final Answer: 1974",yyyy
80,In what year did Raymond Poulidor first receive a medal in a championship?,1961,cycling,104,"To find the year Raymond Poulidor first received a medal in a championship, let's follow these steps:

1. Identify the relevant section in the table: We are looking for information about championships, so we need to focus on the ""Representing"" section.

2. Locate the specific information about championships: Within the ""Representing"" section, we find the subheading ""Men's road bicycle racing"" and then ""World Championships"".

3. Extract the information about the first medal: The table lists the years and the type of medal Poulidor received in each championship. We are looking for the first medal, which is the earliest year mentioned.

4. Determine the year of the first medal: The table mentions the following years: 1961, 1964, 1966, and 1974. We need to identify which of these years corresponds to the first medal.

5. Analyze the medal types: The table mentions ""Silver medal - second place"", ""Bronze medal - third place"" for each year. We are looking for the first year when Poulidor received a medal, regardless of the type.

6. Identify the correct year: Based on the information in the table, the first year Poulidor received a medal in a championship",yyyy
81,How long in years has Paul Coll been active in his career?,12,squash,109,"To answer the question, we need to find the year when Paul Coll turned pro and the current year (assuming it's 2022).

Step 1: Find the year when Paul Coll turned pro.
The table states that Paul Coll turned pro in 2010.

Step 2: Determine the current year.
Since the table was last updated in April 2022, we can assume the current year is 2022.

Step 3: Calculate the number of years Paul Coll has been active in his career.
To find the number of years, we subtract the year Paul Coll turned pro from the current year.
Years active = Current year - Year turned pro
Years active = 2022 - 2010
Years active = 12

Therefore, Paul Coll has been active in his career for 12 years.

Final Answer: The final answer is 12.",<num_years>
82,How long in years has the Saudi Arabian Armed Forces been in existence?,277,army,1122,"To determine how long the Saudi Arabian Armed Forces has been in existence, let's break down the information provided in the table.

1. The table mentions that the Saudi Arabian Armed Forces were ""Founded"" in 1745.
2. It also mentions that the current form of the Saudi Arabian Armed Forces was established in 1943.
3. To find out how long the Saudi Arabian Armed Forces have been in existence, we need to consider when they were first founded and when they took their current form.

However, since the current form of the Saudi Arabian Armed Forces was established in 1943 and they were first founded in 1745, we need to find the difference in years between these two dates.

The difference between 1943 and 1745 is 198 years.

Therefore, the Saudi Arabian Armed Forces have been in existence for 198 years.

Final Answer: The final answer is 198.",<num_years>
83,How long in years has the United Sabah Party been affilliated with Barisan Nasional?,21,political party,184,"Let's think step by step to determine how long the United Sabah Party (Parti Bersatu Sabah) has been affiliated with Barisan Nasional.

Step 1: Identify the years when Parti Bersatu Sabah was affiliated with Barisan Nasional. From the table, we can see that Parti Bersatu Sabah was affiliated with Barisan Nasional in two periods: (1985-1990) and (2002-2018).

Step 2: Calculate the total duration of the affiliation. To do this, we need to find the difference between the end year of the first period and the start year of the first period, and then add the difference between the end year of the second period and the start year of the second period.

Step 3: Calculate the difference between the end year of the first period (1990) and the start year of the first period (1985). This is 1990 - 1985 = 5 years.

Step 4: Calculate the difference between the end year of the second period (2018) and the start year of the second period (2002). This is 2018 - 2002 = 16 years.

Step 5: Add the results of step 3 and step",<num_years>
84,How long in years was Sachin Tendulkar a member of parliament?,6,cricket,526,"To find out how long Sachin Tendulkar was a member of parliament, we need to follow these steps:

1. Find the section of the table that mentions Sachin Tendulkar's membership in parliament.
   This section is titled ""Member of parliament, Rajya Sabha"".

2. Within this section, we need to identify the start and end dates of Sachin Tendulkar's term as a member of parliament.
   The start date is mentioned as ""27 April 2012"" and the end date is mentioned as ""26 April 2018"".

3. To calculate the duration of Sachin Tendulkar's term as a member of parliament, we need to find the difference between the end date and the start date.
   Since both dates are in the same year, we can simply subtract the start year from the end year to get the number of years.

4. Therefore, we subtract 2012 (start year) from 2018 (end year) to get 6 years.

Final Answer: The final answer is 6.",<num_years>
85,In what year did Sean Kelly last win a medal at the World Championships?,1989,cycling,105,"To answer the question, we need to follow these steps:

1. Identify the relevant section in the table that contains information about Sean Kelly's World Championships medals.
2. Extract the years in which Sean Kelly won World Championships medals.
3. Determine the year in which Sean Kelly last won a medal at the World Championships.

Step 1: Identify the relevant section in the table.

The relevant section is ""World Championships"" located under the ""Representing | Ireland"" subsection.

Step 2: Extract the years in which Sean Kelly won World Championships medals.

From the ""World Championships"" section, we can see that Sean Kelly won two bronze medals: one in 1982 and one in 1989.

Step 3: Determine the year in which Sean Kelly last won a medal at the World Championships.

Based on the extracted years, we can conclude that Sean Kelly last won a medal at the World Championships in 1989.

Final Answer: The final answer is 1989.",yyyy
86,How long in years was Sachin Tendulkar a part of the national side?,24,cricket,526,"To find out how long Sachin Tendulkar was a part of the national side, we need to look at the ""International information"" section of the table.

A: First, we need to identify the start and end years of Sachin Tendulkar's time with the national side. According to the table, his Test debut was on 15 November 1989, and his last Test was on 14 November 2013.

B: Next, we need to calculate the difference between the start and end years to find the duration. We can do this by subtracting the start year from the end year.

C: Since the start year is 1989 and the end year is 2013, we can calculate the duration as follows: 2013 - 1989 = 24 years.

D: However, we need to consider that the start year is in 1989 and the end year is in 2013, which means that Sachin Tendulkar was part of the national side for 24 years, but only a part of the last year (2013) is not included in the count since his last test was in November 2013. So the answer will be 24 years - 1 month = ",<num_years>
87,In what year did Sean Kelly attend his first World Championships?,1982,cycling,105,"To determine the year Sean Kelly attended his first World Championships, we need to look at the information provided in the table under the section ""World Championships.""

Step 1:  Identify the section where the information about the World Championships is located.
The information about the World Championships is located under the section ""World Championships"" in the table.

Step 2:  Look for the year Sean Kelly attended his first World Championships.
The table mentions that Sean Kelly won a ""Bronze medal - third place"" in the ""Road race"" in two different years: 1982 and 1989.

Step 3:  Since the question asks for the year Sean Kelly attended his first World Championships, we need to identify the earlier year between 1982 and 1989.
The earlier year between 1982 and 1989 is 1982.

Therefore, the final answer is: 

Final Answer: The final answer is 1982.",yyyy
88,In what year did Ali Farag win his first team gold at the World Team Championships?,2017,squash,106,"To find the year Ali Farag won his first team gold at the World Team Championships, we need to look at his achievements in the World Team Championships section of the table.

Step 1: Locate the World Team Championships section in the table.
 
World Team Championships
['Gold medal - first place | 2017 Marseille | Team', 'Gold medal - first place | 2019 Washington D.C. | Team']

Step 2: Identify the years Ali Farag won the team gold medals.

The years are 2017 and 2019. 

Step 3: Determine which year was his first team gold.

Since 2017 is the earlier year, it is the year Ali Farag won his first team gold at the World Team Championships.

Final Answer: 2017",yyyy
89,How many more years did Alejandro Valverde spend with Illes Balears–Banesto than with Kelme–Costa Blanca?,3,cycling,99,"To solve this question, we need to identify the number of years Alejandro Valverde spent with each team.

Step 1: Find the years Alejandro Valverde was with Kelme-Costa Blanca.
From the table, we can see that he was with Kelme-Costa Blanca from 2002 to 2004.

Step 2: Calculate the number of years Alejandro Valverde was with Kelme-Costa Blanca.
2004 - 2002 = 2 years

Step 3: Find the years Alejandro Valverde was with Illes Balears-Banesto.
From the table, we can see that he was with Illes Balears-Banesto from 2005 to 2010.

Step 4: Calculate the number of years Alejandro Valverde was with Illes Balears-Banesto.
2010 - 2005 = 5 years

Step 5: Find the difference in the number of years Alejandro Valverde spent with Illes Balears-Banesto and Kelme-Costa Blanca.
5 years (Illes Balears-Banesto) - 2 years (Kelme-Costa Blanca) = 3 years

Final Answer: The final answer is",<num_years>
90,How many more years did Lal play for Delhi than for Punjab?,4,cricket,53,"To find out how many more years Lal played for Delhi than for Punjab, we need to look at the 'Domestic team information' section of the table.

From the table, we can see that Lal played for Punjab from 1968-1972, which is a total of 4 years.

He played for Delhi from 1973-1991, which is a total of 19 years.

To find out how many more years he played for Delhi than for Punjab, we subtract the number of years he played for Punjab from the number of years he played for Delhi:

19 years (Delhi) - 4 years (Punjab) = 15 years

Therefore, Lal played 15 more years for Delhi than for Punjab.

Final Answer: The final answer is 15.",<num_years>
91,How many more years did Madan Lal spend at Delhi than in Punjab?,14,cricket,53,"To find out how many more years Madan Lal spent at Delhi than in Punjab, we need to look at the 'Domestic team information' section of the table. 

Step 1: Identify the years Madan Lal spent at Punjab. 
According to the table, he spent 4 years at Punjab (1968-1972).

Step 2: Identify the years Madan Lal spent at Delhi.
According to the table, he spent 19 years at Delhi (1973-1991).

Step 3: Calculate the difference between the years spent at Delhi and Punjab.
To find the difference, we subtract the years spent at Punjab from the years spent at Delhi: 19 (years at Delhi) - 4 (years at Punjab) = 15.

Therefore, Madan Lal spent 15 more years at Delhi than in Punjab.

Final Answer: The final answer is 15.",<num_years>
92,How many more years did Richards play for the Leeward Islands than for Glamorgan?,17,cricket,57,"Q: How many more years did Richards play for the Leeward Islands than for Glamorgan?

To find the difference in years Richards played for the Leeward Islands and Glamorgan, we need to identify the years he played for each team.

For the Leeward Islands, Richards played from 1971-1991, which is a span of 20 years.

For Glamorgan, Richards played from 1990-1993, which is a span of 3 years.

Now, let's calculate the difference in years: 
20 (years for Leeward Islands) - 3 (years for Glamorgan) = 17

Final Answer: The final answer is 17.",<num_years>
93,How many more years did the Malayan Emergency last after the independence of the Federation of Malaya?,3,proxy war,997,"To find the answer to the question, we need to determine the date of independence of the Federation of Malaya and then calculate the difference in years until the end of the Malayan Emergency.

From the table, we can see that the Malayan Emergency lasted from 16 June 1948 to 31 July 1960. The independence of the Federation of Malaya occurred on 31 August 1957.

Now, let's calculate the difference in years:

- The Malayan Emergency ended on 31 July 1960.
- The independence of the Federation of Malaya occurred on 31 August 1957.

To find the number of years from 1957 to 1960, we can subtract 1957 from 1960, which gives us 3 years.

However, the question asks how many more years the Malayan Emergency lasted after the independence of the Federation of Malaya. Since the independence occurred in 1957, we need to calculate the time from 1957 to the end of the Malayan Emergency in 1960.

The Malayan Emergency lasted from 16 June 1948 to 31 July 1960. Since the independence occurred on 31 August 1957, we need to calculate the time from August 195",<num_years>
94,How many more years did Winston Churchill serve as a leader than Harold Macmillan?,1,proxy war,997,"To determine how many more years Winston Churchill served as a leader than Harold Macmillan, we need to find out how long each of them served.

From the table, we can see that Winston Churchill served from 1951 to 1955. 

Next, we find Harold Macmillan's serving period, which is from 1957 to 1960.

Now, we calculate the number of years each of them served:
- Winston Churchill served for 4 years (1951-1955).
- Harold Macmillan served for 3 years (1957-1960).

To find out how many more years Winston Churchill served than Harold Macmillan, we subtract Macmillan's serving years from Churchill's serving years:
4 (Churchill's years) - 3 (Macmillan's years) = 1

So, Winston Churchill served 1 more year than Harold Macmillan.

Final Answer: The final answer is 1.",<num_years>
95,How many more years did Younis play for Surrey than for Glamorgan?,2,cricket,55,"To find out how many more years Younis played for Surrey than for Glamorgan, we need to look at the ""Domestic team information"" section of the table.

In the ""Domestic team information"" section, we can see the years Waqar Younis played for Surrey and Glamorgan.

- For Surrey: 1990-1993
- For Glamorgan: 1997-1998

Now, let's find the number of years he played for each team.

- For Surrey: 1990-1993 = 4 years
- For Glamorgan: 1997-1998 = 2 years

To find out how many more years Younis played for Surrey than for Glamorgan, we need to subtract the number of years he played for Glamorgan from the number of years he played for Surrey.

4 (years for Surrey) - 2 (years for Glamorgan) = 2 years

Therefore, Waqar Younis played 2 more years for Surrey than for Glamorgan.

Final Answer: The final answer is 2.",<num_years>
96,What year did Joel Makin reach his highest ranking?,2021,squash,107,"To determine the year Joel Makin reached his highest ranking, let's analyze the given information step by step:

1. The table provides information about Joel Makin, including his highest ranking in men's singles squash.
2. The information about his highest ranking is located in the ""Men's singles"" subsection.
3. Within this subsection, we find the details about his highest ranking, which includes the ranking number and the year it was achieved.
4. The specific information about the year is stated as ""December 2021"".

Based on the analysis, we can conclude that Joel Makin reached his highest ranking in December 2021.

Final Answer: The final answer is 2021.",yyyy
97,What year did Joel Makin turn professional?,2014,squash,107,"To find the year Joel Makin turned professional, we need to follow these steps:

1. Look for the column that contains information about Joel Makin's career, specifically the year he turned professional.
2. In the ""Table:"", the column related to his career is ""Turned Pro"".
3. The value in the ""Turned Pro"" column is ""2014"".

Final Answer: 2014",yyyy
98,How many more years until the next IBSF World Championships?,2,sports event,203,"To answer the question, we need to determine the year of the next IBSF World Championships. 

Step 1: Identify the year of the given IBSF World Championships.
The year of the given IBSF World Championships is 2017, as mentioned in the table.

Step 2: Look for information about the next IBSF World Championships in the table.
The table mentions the years '2016' and '2019' as the years before and after the given IBSF World Championships.

Step 3: Determine the next IBSF World Championships year based on the information provided.
Since the year '2019' is mentioned as the next year after the given IBSF World Championships, we can infer that the next IBSF World Championships took place in 2019.

Step 4: Calculate the number of years until the next IBSF World Championships.
To calculate the number of years until the next IBSF World Championships, we need to know the current year. Since the current date is December, 2022, we can calculate the difference between the current year (2022) and the next IBSF World Championships year (2019).

2022 - 2019 = 3

Final Answer: The",<num_years>
99,How many more years was Arnaldo Schulz a leader or commander than Filipe Samuel Magaia?,2,proxy war,1000,"To determine how many more years Arnaldo Schulz was a leader or commander than Filipe Samuel Magaia, we need to find the duration of their leadership or command in Portuguese Guinea.

Q: How long was Arnaldo Schulz a leader or commander in Portuguese Guinea?
A: According to the table, Arnaldo Schulz was a leader or commander in Portuguese Guinea from 1964-1968.

Q: How long was Filipe Samuel Magaia a leader or commander in Mozambique?
A: However, Filipe Samuel Magaia was a leader or commander in Mozambique, not Portuguese Guinea. To answer the question, we need to find the duration of Filipe Samuel Magaia's leadership or command in Mozambique or another relevant position. Unfortunately, we cannot determine his leadership or command duration in Portuguese Guinea.",<num_years>
100,How long in months did the 2002 Atlantic hurricane season last?,3,cyclone,1090,"To determine the length of the 2002 Atlantic hurricane season in months, we need to find the difference between the start and end dates of the season.

From the table, we can see that the ""Seasonal boundaries"" subsection provides the start and end dates of the season.

The first system formed on July 14, 2002, and the last system dissipated on October 16, 2002.

Now, let's calculate the duration of the season:

1. Identify the start and end dates: July 14, 2002, and October 16, 2002.
2. Determine the number of days between the start and end dates:
   October has 31 days, so from July 14 to July 31, there are 18 days.
   August has 31 days, so from August 1 to August 31, there are 31 days.
   September has 30 days, so from September 1 to September 30, there are 30 days.
   October has 16 days, so from October 1 to October 16, there are 16 days.
   Total number of days: 18 + 31 + 30 + 16 = 95 days
3. Convert the total number of",<num_months>
101,How many more years was Rhodesia a belligerent than FROLIZI?,13,proxy war,1001,"To find out how many more years Rhodesia was a belligerent than FROLIZI, we need to determine the duration of their involvement in the conflict.

From the ""Belligerents"" section, we can see that Rhodesia was a belligerent from 1964 to 1979, which is a total of 15 years.

FROLIZI was a belligerent from 1971 to 1978, which is a total of 7 years.

Now, let's subtract the duration of FROLIZI's involvement from Rhodesia's involvement to find the difference:

15 years (Rhodesia) - 7 years (FROLIZI) = 8 years

Therefore, Rhodesia was a belligerent for 8 more years than FROLIZI.

Final Answer: The final answer is 8.",<num_years>
102,How many more years was Valverde with the Puente Tocinos team than with Illes Balears–Banesto?,4,cycling,99,"To solve this problem, we need to find the duration that Valverde was with the Puente Tocinos team and the duration that he was with the Illes Balears–Banesto team.

From the table, we can see that Valverde was with the Puente Tocinos team from 1989 to 1998. This is a duration of 9 years.

Next, we can see that Valverde was with the Illes Balears–Banesto team from 2005 to 2010. This is a duration of 5 years.

To find the difference in years between these two durations, we subtract the shorter duration from the longer duration:

9 years (with Puente Tocinos) - 5 years (with Illes Balears–Banesto) = 4 years

Therefore, Valverde was with the Puente Tocinos team for 4 more years than with the Illes Balears–Banesto team.

Final Answer: The final answer is 4.",<num_years>
103,How many total years did Gino Bartali ride for professional teams?,19,cycling,102,"To find the total years Gino Bartali rode for professional teams, we need to analyze the information provided in the table.

Step 1: Identify the professional teams Gino Bartali rode for.
From the ""Professional teams"" section, we see the list of teams he rode for:
- 1935: Frejus
- 1936-1945: Legnano
- 1946-1947: Tebag and Legnano
- 1948: Legnano
- 1949-50: Bartali-Gardiol
- 1951: Bartali-Ursus
- 1952: Tebag and Bartali
- 1953: Bartali
- 1954: Bartali-Brooklin

Step 2: Identify the start and end years for each team.
- 1935: 1 year
- 1936-1945: 10 years
- 1946-1947: 2 years
- 1948: 1 year
- 1949-50: 2 years
- 1951: 1 year
- 1952: 1 year
- 1953: 1 year
- 1954: 1",<num_years>
104,How many total years did Kimi Räikkönen compete?,17,f1,344,"To find the total number of years Kimi Räikkönen competed, we need to look at his Formula One World Championship career and World Rally Championship record.

Step 1: Identify the years Kimi Räikkönen competed in Formula One World Championship.
He was active from 2001 to 2009, and then again from 2012 to 2021.

Step 2: Calculate the total years he competed in Formula One World Championship.
He competed for 9 years from 2001 to 2009, and then another 10 years from 2012 to 2021. So, the total years in Formula One World Championship is 9 + 10 = 19 years.

Step 3: Identify the years Kimi Räikkönen competed in World Rally Championship.
He was active from 2009 to 2011.

Step 4: Calculate the total years he competed in World Rally Championship.
He competed for 3 years from 2009 to 2011.

Step 5: Add the total years from Formula One World Championship and World Rally Championship to get the overall total years.
Total years = 19 (Formula One World Championship) + 3 (World Rally Championship) = 22 years.

Final",<num_years>
105,How many total years did Yamamoto play in his senior career?,17,boxing,484,"To find the total number of years Yamamoto played in his senior career, we need to look at the ""Senior career"" section of the table. This section lists the years he played for each team.

1. We need to identify the first year he played in his senior career and the last year he played. 
   The first year he played in his senior career is 2001, and the last year is 2018.

2. Next, we need to find the total number of years between these two dates. 
   To do this, we can simply subtract the first year from the last year: 2018 - 2001 = 17

3. However, we also need to consider that this calculation includes the year 2018 itself, but the table might not have included the full year for the team Ococias Kyoto AC. Therefore, we should not count the year 2018 if he only played for 3 months of that year. However, in this case, it is clear he played for the full year, so we will count it.

4. Therefore, the total number of years Yamamoto played in his senior career is 17.

Final Answer: The final answer is 17.",<num_years>
106,How many total years was Michael Schumacher active in his career?,17,f1,345,"To find the total years Michael Schumacher was active in his career, we need to consider both his Formula One World Championship career and his 24 Hours of Le Mans career.

Step 1: Identify the years of Michael Schumacher's Formula One World Championship career.
The table mentions that Michael Schumacher was active in Formula One from 1991-2006 and then again from 2010-2012.

Step 2: Calculate the total number of years in the Formula One World Championship career.
To do this, we'll add the years he was active in the first period (2006 - 1991 + 1 = 16 years) and the years he was active in the second period (2012 - 2010 + 1 = 3 years). Then we'll add those two numbers together (16 + 3 = 19 years).

Step 3: Identify the years of Michael Schumacher's 24 Hours of Le Mans career.
The table mentions that he participated in the 24 Hours of Le Mans in 1991.

Step 4: Calculate the total number of years in the 24 Hours of Le Mans career.
Since he only participated in 1991, the total number of years is 1.

",<num_years>
107,What year did Paul Coll win a silver medal at the Commonwealth Games?,2018,squash,109,"To answer the question, let's break it down step by step:

Step 1: Identify the relevant information in the table. We are looking for the year Paul Coll won a silver medal at the Commonwealth Games.

Step 2: Locate the section of the table that contains information about Paul Coll's achievements. This is the ""Commonwealth Games"" section.

Step 3: Within the ""Commonwealth Games"" section, identify the specific achievements mentioned. These include a silver medal in singles and a bronze medal in mixed doubles.

Step 4: Determine the year(s) in which Paul Coll won these medals. According to the table, he won a silver medal in singles and a bronze medal in mixed doubles at the 2018 Commonwealth Games.

Step 5: Identify the correct year from the information gathered. Based on the table, the year Paul Coll won a silver medal at the Commonwealth Games is 2018.

Final Answer: 2018",yyyy
108,In what year did Paul Coll receive his first silver medal?,2018,squash,109,"To find the year Paul Coll received his first silver medal, let's break down the information provided in the table.

1.  We are looking for the year Paul Coll received his first silver medal. This means we need to find the earliest year when he won a silver medal.

2.  In the table, we see that Paul Coll has won medals in different events such as World Championships, World Doubles Championships, and Commonwealth Games.

3.  Looking at the World Championships section, we see that he won a silver medal in the 2019-20 Doha | Singles event.

4.  Now, we need to find out if this is his first silver medal. Since the table does not provide information about his previous medals, we can assume that the first silver medal mentioned in the table is his first silver medal.

5.  Therefore, Paul Coll received his first silver medal in the year 2019-20. However, we can infer that the year 2019-20 refers to the year of the event, not the year he received the medal. Since the event took place between 2019 and 2020, we can assume that the year he received the medal is 2020.

Final Answer: The final answer is 2020",yyyy
109,How many years after achieving his highest rank did Kaiō Hiroyuki retire?,11,sumo,145,"To determine the number of years after achieving his highest rank that Kaiō Hiroyuki retired, we need to follow these steps:

1. Find the year Kaiō Hiroyuki achieved his highest rank.
   - From the ""Career"" section of the table, we find that Kaiō Hiroyuki achieved the rank of Ōzeki in September 2000.

2. Find the year Kaiō Hiroyuki retired.
   - From the ""Career"" section of the table, we find that Kaiō Hiroyuki retired in July 2011.

3. Calculate the number of years between the two dates.
   - We subtract the year he achieved his highest rank (2000) from the year he retired (2011).
   - This gives us 2011 - 2000 = 11 years.

Therefore, Kaiō Hiroyuki retired 11 years after achieving his highest rank.

Final Answer: The final answer is 11.",<num_years>
110,In what year did Paul Coll first win a gold medal in the World Doubles Championships?,2016,squash,109,"To find the year Paul Coll first won a gold medal in the World Doubles Championships, we need to examine the information provided in the table.

Step 1: Identify the relevant section of the table. The section that mentions World Doubles Championships is the one we need to focus on.

Step 2: Look for the specific type of medal we are interested in, which is the gold medal. In the table, it mentions gold medals in the following events: 'Gold medal - first place | 2016 Darwin | Mixed doubles' and 'Gold medal - first place | 2017 Manchester | Mixed doubles'.

Step 3: Since we want to find the year Paul Coll first won a gold medal in the World Doubles Championships, we need to identify the earliest year mentioned in the table. In this case, the earliest year is 2016.

Step 4: Confirm that the event mentioned in 2016 is indeed a gold medal in the World Doubles Championships. The event is 'Gold medal - first place | 2016 Darwin | Mixed doubles', which confirms that Paul Coll won his first gold medal in the World Doubles Championships in 2016.

Final Answer: The final answer is 2016.",yyyy
111,In what year did Paul Coll win his first bronze medal?,2016,squash,109,"To find the year Paul Coll won his first bronze medal, let's break down the information step by step.

Step 1:  We need to identify the events where Paul Coll won a bronze medal. In the ""Men's singles"" section, Paul Coll's achievements are listed, but they are not bronze medals. We need to look at the ""Men's squash"" section for more information.

Step 2:  In the ""Men's squash"" section, we find the World Championships and World Doubles Championships. We also find the Commonwealth Games. We need to examine each of these sections for bronze medals.

Step 3:  Looking at the World Championships, we see that Paul Coll won a silver medal in 2019-20 Doha and a bronze medal in 2020-21 Chicago. This is the first bronze medal mentioned in the table.

Step 4:  We now have the year and the event where Paul Coll won his first bronze medal.

Final Answer: The year Paul Coll won his first bronze medal is 2021.",yyyy
112,How many years after Barisan Nasional was first part of the United Sabah Party did Gabungan Rakyat Sabah become regional allies of the United Sabah Party?,35,political party,184,"To determine the number of years after Barisan Nasional was first part of the United Sabah Party did Gabungan Rakyat Sabah become regional allies of the United Sabah Party, we need to follow these steps:

1. Identify when Barisan Nasional was first part of the United Sabah Party: The table states that Barisan Nasional was affiliated with Parti Bersatu Sabah from 1985 to 1990 and then again from 2002 to 2018. However, since we are looking for the first instance of their affiliation, we will consider 1985 as the starting year.

2. Identify when Gabungan Rakyat Sabah became regional allies of the United Sabah Party: The table states that Gabungan Rakyat Sabah became regional allies of Parti Bersatu Sabah in 2020.

3. Calculate the number of years between the two events: 
   - The first instance of Barisan Nasional's affiliation with Parti Bersatu Sabah occurred in 1985.
   - Gabungan Rakyat Sabah became regional allies of Parti Bersatu Sabah in 2020.
   - To find the number of years between these two events, we subtract the earlier year from the later year: 2020",<num_years>
113,How many years after being founded as Birlik was the political party founded as Ada?,7,political party,932,"To solve this problem, let's break it down into steps.

Step 1: Identify the date when the party was founded as Birlik.
From the table, we see that the party was founded as Birlik on 26 April 2013.

Step 2: Identify the date when the party was re-established as Adal.
From the table, we see that the party was re-established as Adal on 5 November 2020.

Step 3: Calculate the time difference between the two dates.
To find the time difference, we need to subtract the earlier date from the later date. 
The difference between 5 November 2020 and 26 April 2013 is approximately 7 years.

However, we need to consider that the party was re-established, not founded. So, the correct calculation should be from the original founding date as Birlik to the re-establishment date as Adal.

Step 4: Calculate the time difference from the founding date as Birlik to the re-establishment date as Adal.
The difference between 5 November 2020 and 26 April 2013 is approximately 7 years.

But the question is asking how many years after being founded as Birlik the party was founded as Adal. This",<num_years>
114,What year did Paul Coll achieve his highest ranking?,2022,squash,109,"To find the year Paul Coll achieved his highest ranking, we need to follow these steps:

1. Identify the relevant information in the table: We are looking for the year when Paul Coll achieved his highest ranking in men's singles.
2. Locate the relevant section in the table: The relevant section is ""Men's singles"" under the category ""Men's squash"".
3. Find the information about his highest ranking: In the ""Men's singles"" section, we see the following information: ""Highest ranking No. 1 (1 March 2022)"".
4. Extract the year from the information: The year Paul Coll achieved his highest ranking is mentioned as ""2022"".

Final Answer: The final answer is 2022.",yyyy
115,How many years after being laid down did HMS Somerset launch?,2,ship,224,"To find out how many years after being laid down HMS Somerset launched, we need to follow these steps:

1. Identify the date when HMS Somerset was laid down. According to the table, HMS Somerset was laid down on 12 October 1992.
2. Identify the date when HMS Somerset was launched. According to the table, HMS Somerset was launched on 25 June 1994.
3. Calculate the time difference between the launch date and the laydown date. We can do this by subtracting the laydown date from the launch date.
4. Convert the time difference into years.

Let's perform the calculations:

Launch date: 25 June 1994
Laydown date: 12 October 1992

To find the time difference, we can count the days between the two dates:
From 1992 to 1993: 365 days
From 1993 to 1994: 365 days
Total days: 730 days
Since there are 365.25 days in a year, we can divide the total days by 365.25 to get the time difference in years:
730 days / 365.25 days/year ≈ 2 years

Therefore, HMS Somerset launched approximately 2 years after being laid down.

",<num_years>
116,How many years after being laid down was the HMS Astute launched?,6,ship,1114,"To find the answer to the question, we need to follow these steps:

1. Identify the year when the HMS Astute was laid down.
2. Identify the year when the HMS Astute was launched.
3. Calculate the difference between the two years to find out how many years after being laid down the HMS Astute was launched.

From the table, we can see that the HMS Astute was laid down on 31 January 2001.
From the table, we can also see that the HMS Astute was launched on 8 June 2007.

Now, let's calculate the difference between the two years:
2007 (launch year) - 2001 (lay down year) = 6 years.

Therefore, the HMS Astute was launched 6 years after being laid down.

Final Answer: The final answer is 6.",<num_years>
117,How many years after being laid down was the HMS Victory launched?,7,ship,1115,"To find out how many years after being laid down the HMS Victory was launched, we need to follow these steps:

1. Identify the date when the HMS Victory was laid down: The HMS Victory was laid down on 23 July 1759.

2. Identify the date when the HMS Victory was launched: The HMS Victory was launched on 7 May 1765.

3. Calculate the difference between the two dates: To find the number of years, we need to subtract the year of laying down from the year of launching. The year of laying down is 1759 and the year of launching is 1765.

   1765 - 1759 = 6

So, the HMS Victory was launched 6 years after being laid down.

Final Answer: The final answer is 6.",<num_years>
118,How many years after being laid down was the I-179 completed?,2,ship,1112,"To find out how many years after being laid down the I-179 was completed, we need to follow these steps:

1. Identify the date when the I-179 was laid down: The I-179 was laid down on 21 August 1941.
2. Identify the date when the I-179 was completed: The I-179 was completed on 18 June 1943.
3. Calculate the time difference between the completion date and the laydown date: We need to find the difference in years between 1943 and 1941.

Since the I-179 was completed in 1943 and laid down in 1941, we subtract the laydown year from the completion year:

1943 - 1941 = 2

Therefore, the I-179 was completed 2 years after being laid down.

Final Answer: The final answer is 2.",<num_years>
119,How long after the Tonnerre was ordered was it commissioned?,14,ship,1110,"To find out how long after the Tonnerre was ordered it was commissioned, we need to follow these steps:

1. Identify the date when the Tonnerre was ordered.
   - The Tonnerre was ordered on 16 April 1794.

2. Identify the date when the Tonnerre was commissioned.
   - The Tonnerre was commissioned on 21 July 1808.

3. Calculate the time difference between the two dates.
   - We need to find the difference between 21 July 1808 and 16 April 1794.

4. To calculate the time difference, we first need to find the number of years between the two dates.
   - From 1794 to 1808, there are 14 years.

5. Since the Tonnerre was commissioned in July 1808, we need to consider the months from April 1794 to July 1808.
   - From April to July in any year is 3 months, but since we are considering the full 14 years, we need to calculate the months for each year and add them up.
   - However, since we are looking for the difference in years and months, we can simply subtract the month of commissioning (July) from the month",<num_years>
120,How many years after being launched did HMS Victory fight at Cape Spartel?,17,ship,1115,"To answer the question, we need to find out the year HMS Victory was launched and the year it fought at Cape Spartel, then calculate the difference.

Step 1: Find the year HMS Victory was launched.
From the table, we can see that HMS Victory was launched on 7 May 1765.

Step 2: Find the year HMS Victory fought at Cape Spartel.
From the table, we can see that HMS Victory participated in the Battle of Cape Spartel in 1782.

Step 3: Calculate the difference between the year HMS Victory fought at Cape Spartel and the year it was launched.
To find the difference, we need to subtract the year of launch from the year of the battle.
Year of battle: 1782
Year of launch: 1765
Difference: 1782 - 1765 = 17 years

Therefore, HMS Victory fought at Cape Spartel 17 years after being launched.

Final Answer: The final answer is 17.",<num_years>
121,How many years after being launched was the Maori Underway completed?,1,ship,1111,"To find the number of years after being launched that the Maori was completed, we need to follow these steps:

1. Find the launch date of the Maori: The launch date is mentioned in the table as 2 September 1937.

2. Find the completion date of the Maori: The completion date is mentioned in the table as 30 November 1938.

3. Calculate the time difference between the completion and launch dates: To do this, we need to find the difference in years between the two dates. We can do this by subtracting the year of the launch date from the year of the completion date.

   Completion year: 1938
   Launch year: 1937
   Difference in years: 1938 - 1937 = 1

Therefore, the Maori was completed 1 year after being launched.

Final Answer: The final answer is 1.",<num_years>
122,How many years after being ordered did it take for the HMS Astute to be put into service?,17,ship,1114,"To determine the number of years it took for the HMS Astute to be put into service after being ordered, we need to follow these steps:

1. Find the date when the HMS Astute was ordered.
2. Find the date when the HMS Astute was put into service.
3. Calculate the difference between the two dates to find the number of years it took for the HMS Astute to be put into service.

From the table, we can see that the HMS Astute was ordered in March 1997.

The table also mentions that the HMS Astute was commissioned on 27 August 2010, which is when it was put into service.

To calculate the difference, we need to subtract the year of ordering (1997) from the year of commissioning (2010).

2010 - 1997 = 13

Therefore, it took 13 years for the HMS Astute to be put into service after being ordered.

Final Answer: The final answer is 13.",<num_years>
123,How many years after being ordered was HMS Victory launched?,7,ship,1115,"To find out how many years after being ordered HMS Victory was launched, we need to follow these steps:

1. Find the date when HMS Victory was ordered.
2. Find the date when HMS Victory was launched.
3. Calculate the difference between the two dates.

From the table, we can see that HMS Victory was ordered on 14 July 1758, and launched on 7 May 1765.

Now, let's calculate the difference between the two dates. The difference between 1758 and 1765 is 7 years. 

However, we also need to consider the months and days. 7 May 1765 is after 14 July 1758. 

So, let's count the months and days from 14 July 1758 to 7 May 1765:
- From July 1758 to December 1758 is 5 months and 28 days.
- From January 1759 to April 1759 is 3 months and 31 days.
- 7 May 1765 is 1 day after 30 April 1765.

Adding these up, we get 5 + 3 + 1 = 9 months and 28 + 31 + 1 = 60 days, which is",<num_years>
124,How many years after being ordered was the HMS Astute laid down?,4,ship,1114,"To determine how many years after being ordered the HMS Astute was laid down, we need to follow these steps:

1. Identify the date when the HMS Astute was ordered.
2. Identify the date when the HMS Astute was laid down.
3. Calculate the difference between the two dates.

Step 1: Identify the date when the HMS Astute was ordered.
The HMS Astute was ordered in March 1997.

Step 2: Identify the date when the HMS Astute was laid down.
The HMS Astute was laid down on 31 January 2001.

Step 3: Calculate the difference between the two dates.
To find the difference, we need to subtract the year of order from the year of laying down. 
Year of laying down: 2001
Year of order: 1997
Difference: 2001 - 1997 = 4 years

Final Answer: The final answer is 4.",<num_years>
125,How many years after being refounded was it dissolved?,2,political party,932,"To find the answer, let's break down the information provided in the table:

1. Adal was refounded on 5 November 2020.
2. Adal was dissolved on 26 April 2022.

Now, let's calculate the time difference between these two dates:

1. First, we need to find the difference in years between 2022 and 2020.
   2022 - 2020 = 2 years

However, we need to consider the exact dates, not just the years. To do this, we can find the difference in days between the two dates:

1. 26 April 2022 to 5 November 2020 is approximately 1 year and 6 months.

Since the question asks for the years after being refounded, we will consider the years. 

However, the date of refounding is 5 November 2020, and the dissolution date is 26 April 2022. This means that the party was dissolved about 1 year and 5 months after being refounded.

So, the correct answer is approximately 1 year and 5 months, but since the question is asking for years, we will round down to 1 year.

However, let's be precise. The difference",<num_years>
126,How many years after Button's Formula One career began did he have his first win?,6,f1,259,"To find the answer, let's break down the information step by step:

1. Find the year when Jenson Button's Formula One career began.
   - In the table, it is mentioned that ""Active years 2000-2017"".
   - Therefore, the year when his Formula One career began is 2000.

2. Find the year when Jenson Button had his first win in Formula One.
   - In the table, it is mentioned that ""First win 2006 Hungarian Grand Prix"".
   - Therefore, the year when he had his first win is 2006.

3. Calculate the number of years between the start of his career and his first win.
   - The difference between 2006 and 2000 is 6 years.

Final Answer: The final answer is 6.",<num_years>
127,How many years after Button's last win did he end his Formula One career?,5,f1,259,"To find out how many years after Button's last win he ended his Formula One career, we need to follow these steps:

1. Determine Button's last win in Formula One: 
   From the table, we can see that Button's last win was at the 2012 Brazilian Grand Prix.

2. Determine the year Button ended his Formula One career:
   From the table, we can see that Button's last entry in the Formula One World Championship was at the 2017 Monaco Grand Prix.

3. Calculate the difference between the year Button ended his Formula One career and the year of his last win:
   Since Button's last win was in 2012 and he ended his career in 2017, we subtract 2012 from 2017 to find the number of years.

   2017 - 2012 = 5

Therefore, Button ended his Formula One career 5 years after his last win.

Final Answer: The final answer is 5.",<num_years>
128,How many years after Chiyonofuji Mitsugu's debut did he die?,46,sumo,131,"To find the number of years after Chiyonofuji Mitsugu's debut that he died, we need to follow these steps:

1. Find Chiyonofuji Mitsugu's debut year from the table. His debut year is listed as ""September, 1970"". However, we need the exact year for the calculation. We can assume the debut year is 1970 since the month is not required for this calculation.

2. Find Chiyonofuji Mitsugu's death year from the table. His death year is listed as ""July 31, 2016"".

3. Subtract the debut year from the death year to find the number of years after his debut that he died.

Debut year: 1970
Death year: 2016
Years after debut: 2016 - 1970 = 46

Therefore, Chiyonofuji Mitsugu died 46 years after his debut.

Final Answer: The final answer is 46.",<num_years>
129,How many years after Copenhagen were the IBF World Championships in Calgary?,2,sports event,1030,"To answer the question, let's break it down step by step:

1. Identify the relevant information from the table:
   - The location of the 1983 IBF World Championships is Copenhagen, Denmark.
   - The year of the IBF World Championships in Calgary is mentioned as 1985.

2. Determine the time period between the two events:
   - The 1983 IBF World Championships took place in Copenhagen.
   - The 1985 IBF World Championships took place in Calgary.

3. Calculate the difference in years:
   - The difference in years between 1985 and 1983 is 2 years.

Therefore, the IBF World Championships in Calgary took place 2 years after Copenhagen.

Final Answer: The final answer is 2.",<num_years>
130,How many years after debuting did Haguroyama Masaji retire?,19,sumo,137,"To find out how many years after debuting Haguroyama Masaji retired, we need to follow these steps:

1. Find the year Haguroyama Masaji debuted.
   - From the table, we can see that Haguroyama Masaji debuted in January 1934.

2. Find the year Haguroyama Masaji retired.
   - From the table, we can see that Haguroyama Masaji retired in September 1953.

3. Calculate the number of years between the debut and retirement years.
   - To find the number of years, we subtract the debut year from the retirement year.
   - Retirement year: 1953
   - Debut year: 1934
   - Number of years = Retirement year - Debut year = 1953 - 1934 = 19

Therefore, Haguroyama Masaji retired 19 years after debuting.

Final Answer: The final answer is 19.",<num_years>
131,How many years after Dhyan Chand joined the military did his hockey career begin?,4,hockey,524,"To determine the number of years after Dhyan Chand joined the military did his hockey career begin, we need to follow these steps:

1. Identify the year Dhyan Chand joined the military: According to the table, Dhyan Chand served in the British Indian Army and later the Indian Army from 1922 to 1956. This means he joined the military in 1922.

2. Identify the year Dhyan Chand's hockey career began: The table mentions that Dhyan Chand played for the British India national team from 1926 to 1949. This means his hockey career began in 1926.

3. Calculate the number of years between joining the military and starting his hockey career: To find the number of years, we subtract the year he joined the military from the year his hockey career began. 

   Years = 1926 - 1922
   Years = 4

Therefore, Dhyan Chand's hockey career began 4 years after he joined the military.

Final Answer: The final answer is 4.",<num_years>
132,In what year did Futabayama Sadaji make his debut?,1927,sumo,134,"To determine the year Futabayama Sadaji made his debut, let's follow these steps:

1.  Locate the relevant information in the table: We need to find the ""Debut"" section in Futabayama Sadaji's information.
2.  Identify the specific information we are looking for: In this case, we want to know the year he made his debut.
3.  Extract the relevant information: From the ""Debut"" section, we see that Futabayama Sadaji made his debut in ""March 1927"".
4.  Extract the year from the extracted information: The year is ""1927"".

Final Answer: 1927",yyyy
133,How many years after Dhyan Chand's hockey career ended did his military career end?,7,hockey,524,"To determine how many years after Dhyan Chand's hockey career ended his military career ended, we need to follow these steps:

1. Determine the year Dhyan Chand's hockey career ended. 
   - From the table, we see that Dhyan Chand played for British India from 1926 to 1949. 
   - Therefore, his hockey career ended in 1949.

2. Determine the year Dhyan Chand's military career ended.
   - From the table, we see that Dhyan Chand served in the British Indian Army and the Indian Army from 1922 to 1956.
   - Therefore, his military career ended in 1956.

3. Calculate the difference between the years Dhyan Chand's military career ended and his hockey career ended.
   - The difference is 1956 - 1949 = 7 years.

Therefore, Dhyan Chand's military career ended 7 years after his hockey career ended.

Final Answer: The final answer is 7.",<num_years>
134,How many years after Don Bradman's last Test was his death?,52,cricket,527,"To find the answer to the question, we need to follow these steps:

1. Identify Don Bradman's last Test date: From the table, we see that Don Bradman's last Test was on 18 August 1948.

2. Identify Don Bradman's death date: From the table, we see that Don Bradman died on 25 February 2001.

3. Calculate the difference between Don Bradman's death date and his last Test date: We need to find the number of years between 18 August 1948 and 25 February 2001.

To calculate the difference, we can first find the number of years between the two dates by subtracting the year of the last Test (1948) from the year of death (2001). This gives us 2001 - 1948 = 53 years.

However, since the question asks for the number of years after Don Bradman's last Test, we need to consider the date of his last Test (18 August 1948) as the starting point. 

Since Don Bradman died on 25 February 2001, and his last Test was on 18 August 1948, we need to subtract the date of his last Test from the date of his death",<num_years>
135,How many years after FAT was GUNT an Anti-Libyan Chadian faction?,7,proxy war,975,"To find the answer, let's break down the information provided in the table.

1. FAT (FAT stands for Front for the Armed Transformation) was an Anti-Libyan Chadian faction from 1978-1979.
2. GUNT (GUNT stands for General Union of the Peoples of the Sahara) was initially a Pro-Libyan Chadian faction from 1979-1986, but later it became an Anti-Libyan Chadian faction from 1986-1987.

We need to find the number of years after FAT was disbanded (in 1979) that GUNT became an Anti-Libyan Chadian faction.

The time period when FAT was active is from 1978-1979. GUNT became an Anti-Libyan Chadian faction in 1986. 

To find the number of years, we subtract the year FAT was disbanded (1979) from the year GUNT became an Anti-Libyan Chadian faction (1986).

1986 - 1979 = 7

Therefore, GUNT was an Anti-Libyan Chadian faction 7 years after FAT was disbanded.

Final Answer: The final answer is 7.",<num_years>
136,How many years after Gagan Ajit Singh began playing for the national team did he win a medal at Hobart?,4,hockey,486,"To determine how many years after Gagan Ajit Singh began playing for the national team did he win a medal at Hobart, we need to follow these steps:

1. Identify the year Gagan Ajit Singh began playing for the national team: 
   From the ""National team"" section of the table, we see that he played for the national team from 1997-2007.

2. Identify the year Gagan Ajit Singh won a medal at Hobart:
   From the ""Junior World Cup"" section of the table, we see that he won a medal at the 2001 Hobart Junior World Cup.

3. Calculate the number of years between the start of his national team career and the year he won a medal at Hobart:
   Since Gagan Ajit Singh began playing for the national team in 1997 and won a medal at Hobart in 2001, we subtract the start year from the end year:
   2001 - 1997 = 4

Therefore, Gagan Ajit Singh won a medal at Hobart 4 years after he began playing for the national team.

Final Answer: The final answer is 4.",<num_years>
137,How many years after going pro did Mohamed El Shorbagy become ranked number one in the world?,8,squash,108,"To determine how many years after going pro Mohamed El Shorbagy became ranked number one in the world, we need to follow these steps:

1. Find the year Mohamed El Shorbagy turned pro: The table states that Mohamed El Shorbagy turned pro in 2006.

2. Find the year Mohamed El Shorbagy became ranked number one in the world: The table states that Mohamed El Shorbagy became ranked number one in the world in November 2014.

3. Calculate the number of years between turning pro and becoming ranked number one: We subtract the year he turned pro (2006) from the year he became ranked number one (2014). 

2014 - 2006 = 8

So, Mohamed El Shorbagy became ranked number one in the world 8 years after turning pro.

Final Answer: The final answer is 8.",<num_years>
138,How many years after his debut did Aminishiki Ryūji achieve the rank of Sekiwake?,10,sumo,180,"To find the answer, we'll follow these steps:

1. Identify Aminishiki Ryūji's debut year from the table.
2. Identify the year Aminishiki Ryūji achieved the rank of Sekiwake from the table.
3. Calculate the difference between the year he achieved the rank of Sekiwake and the year he debuted.

From the table, we can see that:
- Aminishiki Ryūji debuted in January 1997.
- He achieved the rank of Sekiwake in September 2007.

Now, let's calculate the difference:
2007 (year of achieving Sekiwake rank) - 1997 (year of debut) = 10

So, Aminishiki Ryūji achieved the rank of Sekiwake 10 years after his debut.

Final Answer: The final answer is 10.",<num_years>
139,How many years after his debut did Futabayama Sadaji retire?,18,sumo,134,"To determine how many years after his debut Futabayama Sadaji retired, we need to find out the year he debuted and the year he retired.

1. Find the year Futabayama Sadaji debuted: According to the table, he debuted in March 1927.

2. Find the year Futabayama Sadaji retired: According to the table, he retired in November 1945.

3. Calculate the number of years between his debut and retirement: Subtract the year of debut from the year of retirement. retirement_year - debut_year = 1945 - 1927 = 18

Final Answer: The final answer is 18.",<num_years>
140,How many years after his debut did Kaiō Hiroyuki retire?,23,sumo,145,"To determine the number of years after Kaiō Hiroyuki's debut that he retired, we need to follow these steps:

1. Find Kaiō Hiroyuki's debut year from the table: 
   The table mentions that Kaiō Hiroyuki made his debut in March 1988.

2. Find Kaiō Hiroyuki's retirement year from the table:
   The table states that Kaiō Hiroyuki retired in July 2011.

3. Calculate the number of years between the debut and retirement years:
   To find the number of years, we subtract the debut year from the retirement year.
   Retirement year: 2011
   Debut year: 1988
   Number of years = Retirement year - Debut year = 2011 - 1988 = 23

Therefore, Kaiō Hiroyuki retired 23 years after his debut.

Final Answer: The final answer is 23.",<num_years>
141,How many years after his debut in 1970 did Chiyonofuji achieve his highest rank?,11,sumo,131,"To find the number of years after Chiyonofuji's debut that he achieved his highest rank, we need to follow these steps:

1. Find the year of Chiyonofuji's debut.
   - According to the table, Chiyonofuji debuted in September 1970.

2. Find the year Chiyonofuji achieved his highest rank.
   - According to the table, Chiyonofuji achieved his highest rank (Yokozuna) in July 1981.

3. Calculate the number of years between the debut and the achievement of the highest rank.
   - The difference between 1981 and 1970 is 11 years.

Therefore, Chiyonofuji achieved his highest rank 11 years after his debut.

Final Answer: The final answer is 11.",<num_years>
142,How many years after his first year with Bloomfield did Jayasuriya play for the Khulna Royal Bengals?,18,cricket,56,"To answer the question, we need to follow these steps:

1. Find the year Jayasuriya first played for Bloomfield.
2. Find the year Jayasuriya played for the Khulna Royal Bengals (if mentioned in the table).
3. Calculate the difference in years between the two.

Let's follow these steps:

1. Find the year Jayasuriya first played for Bloomfield:
   In the ""Domestic team information"" section, it is mentioned that Jayasuriya played for Bloomfield from 1994 to 2011. Therefore, his first year with Bloomfield is 1994.

2. Find the year Jayasuriya played for the Khulna Royal Bengals:
   The Khulna Royal Bengals are not mentioned in the table. The teams mentioned in the table that Jayasuriya played for are Bloomfield, Somerset, Lancashire, Warwickshire, Mumbai Indians, Worcestershire, Ruhuna Rhinos, and Kandurata Warriors. 

Since the Khulna Royal Bengals are not mentioned in the table, we cannot determine the year Jayasuriya played for this team.

Final Answer: The information required to answer the question is not available in the table.",<num_years>
143,How many years after his last Test did Bradman die?,53,cricket,527,"To find out how many years after his last Test Bradman died, we need to follow these steps:

1. Identify Bradman's last Test year: 
   From the table, we see that Bradman's last Test was on 18 August 1948.

2. Identify Bradman's death year:
   From the table, we see that Bradman died on 25 February 2001.

3. Calculate the difference between the years:
   To find the number of years between Bradman's last Test and his death, we need to subtract the year of his last Test from the year of his death.
   2001 (year of death) - 1948 (year of last Test) = 53 years.

Therefore, Bradman died 53 years after his last Test.

Final Answer: The final answer is 53.",<num_years>
144,How many years after his retirement did Futabayama Sadaji die?,23,sumo,134,"Let's break down the problem step by step.

Step 1: Find Futabayama Sadaji's retirement date.
From the table, we can see that Futabayama Sadaji retired in November 1945.

Step 2: Find Futabayama Sadaji's death date.
From the table, we can see that Futabayama Sadaji died on December 16, 1968.

Step 3: Calculate the number of years between his retirement and death.
To find the number of years, we need to subtract the retirement year from the death year.
Retirement year: 1945
Death year: 1968
Number of years = Death year - Retirement year = 1968 - 1945 = 23

However, we need to consider the month as well, since he died in December 1968 and retired in November 1945. 

Since he died in the same month of the following year after his retirement, we need to add one to the result.

Number of years = 23 + 1 = 24

However, this is not the case as his retirement was in November 1945 and his death was in December 1968. So we don't need to add 1.

Number of years =",<num_years>
145,How many years after HMS Argyll was ordered was it launched?,2,ship,223,"To answer this question, let's follow the steps:

1. Identify the date HMS Argyll was ordered.
   - From the table, we see that HMS Argyll was ordered in September 1986.

2. Identify the date HMS Argyll was launched.
   - From the table, we see that HMS Argyll was launched on 8 April 1989.

3. Calculate the time difference between the launch date and the order date.
   - The order date is September 1986, and the launch date is April 1989.
   - Since the exact day in September is not mentioned, we'll assume it was the last day of the month for simplicity (i.e., 30 September 1986).
   - The difference between 30 September 1986 and 8 April 1989 is approximately 2 years and 6 months.

However, since the question asks for the number of years after HMS Argyll was ordered, we'll consider the full years between the two dates.

4. Calculate the full years between the launch date and the order date.
   - The launch date is in 1989, and the order date is in 1986.
   - The difference is 3 years.

Final Answer",<num_years>
146,How many years after HMS Montrose was ordered in 2005 was it launched?,4,ship,222,"To answer the question, let's break it down step by step.

1. The question asks for the number of years between the ordering and launching of HMS Montrose. However, the year HMS Montrose was ordered is given as 1988, not 2005. We will proceed with the information given in the table.

2. HMS Montrose was ordered in 1988 and launched in 1992.

3. To find the number of years between the ordering and launching, we need to subtract the year it was ordered from the year it was launched.

4. The calculation would be: 1992 - 1988 = 4 years.

However, the question contains incorrect information about HMS Montrose being ordered in 2005. 

Final Answer: The final answer is 4.",<num_years>
147,How many years after HMS Montrose was ordered was it launched?,4,ship,222,"To find the answer, let's break down the information step by step:

1. The HMS Montrose was ordered in July 1988.
2. We need to find out how many years passed between the order date and the launch date.
3. The launch date of HMS Montrose was 31 July 1992.

Now, let's calculate the time difference between the order date and the launch date:

- Launch year: 1992
- Order year: 1988
- Time difference = Launch year - Order year = 1992 - 1988 = 4 years

Therefore, HMS Montrose was launched 4 years after it was ordered.

Final Answer: The final answer is 4.",<num_years>
148,How many years after HMS Victory was commissioned did it fight in the Battle of Trafalgar?,27,ship,1115,"To answer the question, we need to find the year HMS Victory was commissioned and the year it fought in the Battle of Trafalgar, then calculate the difference.

1. Find the year HMS Victory was commissioned:
   - The table states that HMS Victory was commissioned in 1778.

2. Find the year HMS Victory fought in the Battle of Trafalgar:
   - The table states that HMS Victory fought in the Battle of Trafalgar in 1805.

3. Calculate the difference between the two years:
   - To find the number of years between 1778 and 1805, we subtract 1778 from 1805.
   - 1805 - 1778 = 27

Therefore, HMS Victory fought in the Battle of Trafalgar 27 years after it was commissioned.

Final Answer: The final answer is 27.",<num_years>
149,How many years after HMS Victory was ordered did it participate in the Battle of Cape Spartel?,24,ship,1115,"To determine the number of years after HMS Victory was ordered that it participated in the Battle of Cape Spartel, let's break down the information step by step:

1. First, we need to find the date when HMS Victory was ordered. According to the table, it was ordered on 14 July 1758.

2. Next, we need to find the date when HMS Victory participated in the Battle of Cape Spartel. According to the table, it participated in the Battle of Cape Spartel in 1782.

3. Now, we need to calculate the difference between these two dates to find the number of years that have passed. We can do this by subtracting the year of ordering (1758) from the year of the Battle of Cape Spartel (1782).

1782 - 1758 = 24 years

Therefore, HMS Victory participated in the Battle of Cape Spartel 24 years after it was ordered.

Final Answer: The final answer is 24.",<num_years>
150,What year did Harumafuji Kōhei attain his highest ranking?,2012,sumo,139,"To answer the question, let's break it down step by step.

Step 1: Identify the relevant information in the table related to Harumafuji Kōhei's career.
In the ""Career"" section, we find the information about Harumafuji Kōhei's career, including his highest rank.

Step 2: Extract the specific information about Harumafuji Kōhei's highest rank.
From the ""Career"" section, we see that his highest rank is mentioned as ""Yokozuna"".

Step 3: Determine the year when Harumafuji Kōhei attained his highest rank.
We are given that he attained his highest rank in ""September 2012"".

Therefore, based on the information provided in the table, we can conclude that Harumafuji Kōhei attained his highest ranking in the year 2012.

Final Answer: The final answer is 2012.",yyyy
151,How many years after its first battle did HMS Victory fight at Trafalgar?,27,ship,1115,"To answer this question, we need to find the year of the First Battle of Ushant and the year of the Battle of Trafalgar.

Step 1: Find the year of the First Battle of Ushant.
From the table, we can see that HMS Victory participated in the First Battle of Ushant in 1778.

Step 2: Find the year of the Battle of Trafalgar.
From the table, we can see that HMS Victory participated in the Battle of Trafalgar in 1805.

Step 3: Calculate the number of years between the First Battle of Ushant and the Battle of Trafalgar.
To find the number of years, we subtract the year of the First Battle of Ushant from the year of the Battle of Trafalgar: 1805 - 1778 = 27.

Therefore, HMS Victory fought at Trafalgar 27 years after its first battle.

Final Answer: The final answer is 27.",<num_years>
152,How many years after its founding did the Australian Defence Force take on its current form?,75,army,1116,"To find out how many years after its founding the Australian Defence Force took on its current form, we need to follow these steps:

1. Find the year the Australian Defence Force was founded.
2. Find the year the Australian Defence Force took on its current form.
3. Subtract the founding year from the current form year to find the difference.

Step 1: The Australian Defence Force was founded on 1 January 1901.

Step 2: The Australian Defence Force took on its current form on 9 February 1976.

Step 3: To find the difference, we subtract the founding year from the current form year: 1976 - 1901 = 75.

Therefore, the Australian Defence Force took on its current form 75 years after its founding.

Final Answer: The final answer is 75.",<num_years>
153,How long in months did the 2005 Atlantic hurricane season last?,7,cyclone,1091,"To find the duration of the 2005 Atlantic hurricane season, we need to determine the start and end dates of the season.

From the table, we can see that:
- The first system formed on June 8, 2005.
- The last system dissipated on January 6, 2006.

We can calculate the duration by subtracting the start date from the end date. Since we're looking for the duration in months, we'll need to convert the dates to months.

June 8, 2005, to January 6, 2006, is equivalent to 7 months.

Therefore, the 2005 Atlantic hurricane season lasted for 7 months.

Final Answer: The final answer is 7.",<num_months>
154,How many years after its founding did the newspaper Borba start for the League of Communists of Yugoslavia?,3,political party,185,"To find the number of years after the founding of the League of Communists of Yugoslavia when the newspaper Borba started, we need to follow these steps:

1. Identify the founding date of the League of Communists of Yugoslavia: The table states that the League of Communists of Yugoslavia was founded on 20 April 1919.

2. Identify the start date of the newspaper Borba: The table states that the newspaper Borba started in 1922.

3. Calculate the number of years between the founding date and the start date of the newspaper Borba: To do this, we need to subtract the founding date from the start date of the newspaper Borba.

   Start date of Borba: 1922
   Founding date of LCY: 1919
   
   Years = Start date of Borba - Founding date of LCY
   Years = 1922 - 1919
   Years = 3

Therefore, the newspaper Borba started 3 years after the founding of the League of Communists of Yugoslavia.

Final Answer: The final answer is 3.",<num_years>
155,How many years after its initial founding as Birlik was Adal dissolved?,9,political party,932,"Let's break down the problem step by step.

1. We need to find the initial founding date of Adal as Birlik.
   From the table, we see that Adal was founded as Birlik on 26 April 2013.

2. We need to find the date when Adal was dissolved.
   From the table, we see that Adal was dissolved on 26 April 2022.

3. We need to calculate the difference between the date of dissolution and the initial founding date.
   Since the dates are the same month and day, we only need to find the difference in years.
   2022 - 2013 = 9 years

However, the question asks for the years after the initial founding date, not the total years that passed.

4. Therefore, we need to subtract 1 from the total years to find the number of years after the initial founding date.
   9 - 1 = 8 years

Final Answer: The final answer is 8.",<num_years>
156,How many years after its launch did Portsmouth participate in the Battle of Cape Spartel?,17,ship,1115,"To answer the question, we need to determine the year Portsmouth (the ship HMS Victory) participated in the Battle of Cape Spartel and the year it was launched.

From the table, we can see that the HMS Victory was launched on 7 May 1765. 

The Battle of Cape Spartel took place in 1782.

Now, let's calculate the number of years between the launch year and the year the Battle of Cape Spartel occurred.

1782 (Battle of Cape Spartel) - 1765 (Launch year) = 17 years

However, we need to note that the question asks how many years after its launch Portsmouth (HMS Victory) participated in the Battle of Cape Spartel, and the question asks about Portsmouth, not HMS Victory. However, the HMS Victory was the ship that participated in the Battle of Cape Spartel. 

Therefore, the answer remains the same.

Final Answer: The final answer is 17.",<num_years>
157,How many months after being laid down was HMS Argyll commissioned?,50,ship,223,"To find out how many months after being laid down HMS Argyll was commissioned, we need to follow these steps:

1. Determine the date when HMS Argyll was laid down. The table states that HMS Argyll was laid down on 20 March 1987.

2. Determine the date when HMS Argyll was commissioned. The table states that HMS Argyll was commissioned on 31 May 1991.

3. Calculate the time difference between the two dates in years. The difference between 1991 and 1987 is 4 years.

4. Since the question asks for the time difference in months, we need to convert the years into months. There are 12 months in a year, so 4 years is equal to 4 * 12 = 48 months.

However, since the question asks for the time difference after being laid down, we need to consider the time difference from the day after it was laid down to the day it was commissioned. 

5. The time difference in years is 4 years. However, we also need to consider the months within each year. Since the commission date is May and the laydown date is March, we need to account for the months in the first year. 

6.",<num_months>
158,How many years after its registering was the modern party founded?,5,political party,182,"To answer this question, let's break it down into steps:

1. Identify the year the Citizen Revolution Movement registered.
   - In the table, the year the Citizen Revolution Movement registered is mentioned as 18 August 2016.

2. Identify the year the modern party was founded.
   - In the table, the year the modern party was founded is mentioned as August 2021.

3. Calculate the number of years between the registration year and the modern party's founding year.
   - To do this, we need to subtract the registration year from the modern party's founding year.
   - Since both years are in the same month (August), we can simply subtract the years.
   - Modern party founding year: 2021
   - Registration year: 2016
   - Years between registration and founding: 2021 - 2016 = 5

Therefore, the modern party was founded 5 years after its registering.

Final Answer: The final answer is 5.",<num_years>
159,How many years after Jakarta were the IBF World Championships in Copenhagen?,3,sports event,1030,"To find the answer, let's break down the information given in the table.

1. The table mentions the 1980 Jakarta event as the previous championships, and the 1983 Copenhagen event as the next championships.
2. The question asks how many years after Jakarta were the IBF World Championships in Copenhagen.
3. To find the difference in years, we need to subtract the year of the Jakarta event from the year of the Copenhagen event.

From the table, we can see that the year of the Jakarta event is 1980, and the year of the Copenhagen event is 1983.

So, let's calculate the difference:

1983 (Copenhagen) - 1980 (Jakarta) = 3 years

Therefore, the IBF World Championships in Copenhagen took place 3 years after Jakarta.

Final Answer: The final answer is 3.",<num_years>
160,How many years after joining the international team did Brian Lara join the domestic Warwickshire team?,4,cricket,528,"To find the answer, let's break it down step by step:

1. **Find Brian Lara's international team debut year:** 
   From the ""International information"" section, we see that Brian Lara's Test debut was on 6 December 1990. So, his international team debut year is 1990.

2. **Find Brian Lara's Warwickshire team joining year:**
   From the ""Domestic team information"" section, we see that Brian Lara joined the Warwickshire team in the years 1994-1998. So, his joining year for Warwickshire is 1994.

3. **Calculate the number of years after joining the international team:**
   To find the number of years after joining the international team, we subtract the international team debut year from the Warwickshire team joining year: 
   1994 - 1990 = 4 years.

So, Brian Lara joined the domestic Warwickshire team 4 years after joining the international team.

Final Answer: The final answer is 4.",<num_years>
161,How many years after Kimi Räikkönen's debut did he achieve his first win?,2,f1,344,"To solve this problem, we need to follow these steps:

1. Find Kimi Räikkönen's debut year in Formula One.
2. Find the year of his first win in Formula One.
3. Calculate the difference between the year of his first win and the year of his debut.

Step 1: Find Kimi Räikkönen's debut year in Formula One.
According to the table, Kimi Räikkönen's first entry in Formula One was the 2001 Australian Grand Prix. Therefore, his debut year is 2001.

Step 2: Find the year of his first win in Formula One.
According to the table, Kimi Räikkönen's first win was at the 2003 Malaysian Grand Prix. Therefore, the year of his first win is 2003.

Step 3: Calculate the difference between the year of his first win and the year of his debut.
To find the difference, we subtract the debut year from the year of his first win: 2003 - 2001 = 2.

Final Answer: The final answer is 2.",<num_years>
162,How long did Dhanraj Pillay play for Selangor HA?,3,hockey,485,"To determine how long Dhanraj Pillay played for Selangor HA, we need to look at the ""Senior career"" section of the table.

Step 1: Identify the row that contains the information about Selangor HA. The row is: 
1994-1997	Selangor HA

Step 2: Extract the years from the row. The years are 1994, 1995, 1996, and 1997.

Step 3: Determine the duration by calculating the difference between the start year and the end year. 
Duration = End year - Start year
Duration = 1997 - 1994
Duration = 3 years

Therefore, Dhanraj Pillay played for Selangor HA for 3 years.

Final Answer: 3 years",<num_years>
163,How many years after Patrese's first Formula One entry was his last win?,15,f1,261,"To find the number of years between Patrese's first Formula One entry and his last win, we need to follow these steps:

1. Identify Patrese's first Formula One entry year from the table.
2. Identify the year of Patrese's last win from the table.
3. Subtract the year of the first entry from the year of the last win to find the difference.

Step 1: Identify Patrese's first Formula One entry year.
From the table, we see that Patrese's first entry was the 1977 Monaco Grand Prix.

Step 2: Identify the year of Patrese's last win.
From the table, we see that Patrese's last win was the 1992 Japanese Grand Prix.

Step 3: Calculate the difference between the first entry year and the last win year.
The year of the first entry is 1977, and the year of the last win is 1992. 

To find the difference, we subtract 1977 from 1992:
1992 - 1977 = 215

However, this difference is not the answer we are looking for. We need to find the number of years after the first entry that the last win occurred.

Since the question asks for the years after the first entry",<num_years>
164,How many years after playing for Kyoto Purple Sanga did Yamamoto play for Ococias Kyoto AC?,17,boxing,484,"To find out how many years after playing for Kyoto Purple Sanga Yamamoto played for Ococias Kyoto AC, we need to identify the years Yamamoto played for both teams and calculate the difference.

From the table, we can see that Yamamoto played for Kyoto Purple Sanga in 2001. We are looking for the year he played for Ococias Kyoto AC.

Looking at the table again, we see that Yamamoto played for Ococias Kyoto AC in 2018.

Now, let's calculate the difference between the years:

Year he played for Kyoto Purple Sanga: 2001
Year he played for Ococias Kyoto AC: 2018

Difference = 2018 - 2001 = 17

So, Yamamoto played for Ococias Kyoto AC 17 years after playing for Kyoto Purple Sanga.

Final Answer: The final answer is 17.",<num_years>
165,What year did Kitanoumi Toshimitsu achieve his highest rank?,1974,sumo,148,"To answer the question, we need to look at the ""Career"" section of Kitanoumi Toshimitsu's information.

Step 1: Identify the relevant information - In the ""Career"" section, we are looking for information about Kitanoumi Toshimitsu's highest rank.

Step 2: Find the specific information - The relevant information is ""Highest rank: Yokozuna (July 1974)"".

Step 3: Determine the year - The year in which Kitanoumi Toshimitsu achieved his highest rank is mentioned as ""1974"".

Final Answer: The year Kitanoumi Toshimitsu achieved his highest rank is 1974.",yyyy
166,How many years after sinking was the I-179 salvaged?,14,ship,1112,"Q: How many years after sinking was the I-179 salvaged?

To answer this question, we need to find out when the I-179 was sunk and when it was salvaged.

1. The I-179 was sunk on 14 July 1943.
2. The I-179 was salvaged in 1957.
3. To find the number of years between these two events, we subtract the year of sinking from the year of salvage: 1957 - 1943 = 14.

Final Answer: The final answer is 14.",<num_years>
167,How many months after being launched was HMS Astute commissioned?,38,ship,1114,"To answer this question, we need to find out the date HMS Astute was launched and the date it was commissioned, then calculate the difference between these two dates in months.

From the table, we can see that HMS Astute was launched on 8 June 2007 and commissioned on 27 August 2010.

Now, let's calculate the difference in months between the launch date and the commission date.

The launch date is 8 June 2007, and the commission date is 27 August 2010.

To find the difference in months, we can count the months from June 2007 to August 2010.

From June 2007 to December 2007 is 6 months.
From January 2008 to December 2008 is 12 months.
From January 2009 to December 2009 is 12 months.
From January 2010 to August 2010 is 8 months.

Now, let's add up the months:
6 (June 2007 to December 2007) + 12 (January 2008 to December 2008) + 12 (January 2009 to December 2009) + 8 (January 2010 to August 2010) = 38 months",<num_months>
168,How many years after the 2019 event in South Korea did the World Aquatics Championships occur again?,3,sports event,1032,"To answer the question, we need to identify the year of the 2019 event and the year when the World Aquatics Championships occurred again, and then find the difference between the two years.

Step 1: Identify the year of the 2019 event.
The year of the 2019 event is mentioned in the table: ""at the 2019 World Aquatics Championships"".

Step 2: Identify the year when the World Aquatics Championships occurred again.
We see a subsection ""Medalists"" in the table, which includes information about the years ""2017 | 2022"". This implies that the World Aquatics Championships occurred in 2022.

Step 3: Find the difference between the two years.
Now that we have the two years, we can calculate the difference. The difference between 2022 and 2019 is 3 years.

Final Answer: The final answer is 3.",<num_years>
169,How many years after the Australian Defence Force was formed did it take its current form?,75,army,1116,"A: Let's think step by step.

Step 1: Identify the year the Australian Defence Force was formed. 
From the table, we can see that the Australian Defence Force was founded on 1 January 1901.

Step 2: Identify the year the Australian Defence Force took its current form. 
From the table, we can see that the current form of the Australian Defence Force was established on 9 February 1976.

Step 3: Calculate the number of years between the two dates. 
To find the number of years between 1901 and 1976, we need to subtract the earlier year from the later year. 
1976 - 1901 = 75 years

However, the question asks for the number of years after the Australian Defence Force was formed that it took its current form. 
So, we need to subtract 1901 from 1976 and then add 1 to include the year 1976.

1976 - 1901 = 75
75 + 1 = 76 years

However, this answer is not correct because we are counting the years from 1901 to 1976, not the number of years it took to get to the current form. The correct calculation is to subtract the",<num_years>
170,How many years after the beginning of the war did the Sudanese Armed Forces reach their greatest strength?,16,proxy war,982,"To answer this question, we need to follow these steps:

1. Identify the initial strength of the Sudanese Armed Forces.
2. Identify the date when the Sudanese Armed Forces reached their greatest strength.
3. Calculate the time difference between the start of the war and when the Sudanese Armed Forces reached their greatest strength.

From the table, we can see that the initial strength of the Sudanese Armed Forces was 6,000-7,000 in 1955.

The date when the Sudanese Armed Forces reached their greatest strength is mentioned as ""late 1971"" with a strength of 36,000.

Now, let's calculate the time difference:

The war began on 18 August 1955.
The Sudanese Armed Forces reached their greatest strength in late 1971.

To find the duration, we can subtract the start date from the end date:

1971 - 1955 = 16 years

However, we need to consider the exact date of the start and end of the period. Since the war began on 18 August 1955 and the Sudanese Armed Forces reached their greatest strength in late 1971, we need to calculate the exact duration.

Assuming late 1971 is around December 1971, the duration",<num_years>
171,How many years after the beginning the war did the Soviet Union end its non-combat aid?,3,proxy war,981,"To answer this question, we need to break it down step by step.

1. The question asks how many years after the beginning of the war the Soviet Union ended its non-combat aid. We need to identify the start date of the war and the date when the Soviet Union stopped providing non-combat aid.

2. Looking at the table, the First Kurdish-Iraqi War started on 11 September 1961 and ended in March 1970.

3. The Soviet Union provided non-combat aid until 1964.

4. Now, we need to calculate the number of years after the start of the war when the Soviet Union ended its non-combat aid. The war started on 11 September 1961, and the Soviet Union stopped providing non-combat aid in 1964.

5. To find the number of years, we subtract the start year from the end year: 1964 - 1961 = 3 years.

Therefore, the Soviet Union ended its non-combat aid 3 years after the beginning of the war.

Final Answer: The final answer is 3.",<num_years>
172,How many years after the discovery of Neptune is the time of perihelion?,196,planet,1138,"To find the number of years after the discovery of Neptune until the time of perihelion, we need to follow these steps:

1. Identify the discovery date of Neptune: The discovery date of Neptune is 23 September 1846.

2. Identify the time of perihelion: The time of perihelion is given as 2042-Sep-04.

3. Calculate the difference in years between the time of perihelion and the discovery date of Neptune: 

   To do this, we first need to convert both dates into a common format, such as year and month. The discovery date is 1846-09-23, and the time of perihelion is 2042-09-04.

   Next, we subtract the discovery year from the perihelion year to get the difference in years: 2042 - 1846 = 196.

4. However, since the time of perihelion occurs in September, which is after the discovery date in September, we need to subtract 1 from the result to account for the extra year: 196 - 1 = 195.

Therefore, the time of perihelion is 195 years after the discovery of Neptune.

Final Answer",<num_years>
173,How many years after the founding of the Japan Self-Defense Forces did the 1999 East Timorese crisis occur?,45,army,1120,"To answer this question, we need to follow these steps:

1. Find the founding date of the Japan Self-Defense Forces.
2. Identify the year the 1999 East Timorese crisis occurred.
3. Calculate the difference between the two years to find out how many years after the founding of the Japan Self-Defense Forces the crisis occurred.

Step 1: The founding date of the Japan Self-Defense Forces is given in the table as ""1 July 1954.""

Step 2: The 1999 East Timorese crisis occurred in 1999.

Step 3: To calculate the difference between the two years, we subtract the founding year from the crisis year:
1999 - 1954 = 45

Therefore, the 1999 East Timorese crisis occurred 45 years after the founding of the Japan Self-Defense Forces.

Final Answer: The final answer is 45.",<num_years>
174,How many years after the founding of the League of Communists of Yugoslavia did its newspaper begin?,3,political party,185,"A: Let's think step by step.

Step 1: Identify the founding date of the League of Communists of Yugoslavia.
The founding date is mentioned as 20 April 1919.

Step 2: Identify the date when the newspaper began.
The newspaper, Borba, began in 1922.

Step 3: Calculate the number of years between the founding date and the beginning of the newspaper.
To find the number of years, we need to subtract the founding date from the beginning date of the newspaper.
1922 - 1919 = 3 years

Final Answer: The final answer is 3.",<num_years>
175,How many years after the founding of the Republic of Korea Armed Forces was the Vietnam War?,17,army,1121,"To find out how many years after the founding of the Republic of Korea Armed Forces the Vietnam War was, let's break down the information provided.

1. The Republic of Korea Armed Forces was founded on 15 August 1948.
2. The Vietnam War started in 1965 and ended in 1973.
3. We need to find the difference between the start year of the Vietnam War (1965) and the founding year of the Republic of Korea Armed Forces (1948).

Now, let's calculate the difference:

1965 (start year of Vietnam War) - 1948 (founding year of the Republic of Korea Armed Forces) = 17 years

Therefore, the Vietnam War started 17 years after the founding of the Republic of Korea Armed Forces.

However, since the question asks for the years after the founding of the Republic of Korea Armed Forces, we need to consider the duration of the Vietnam War. The Vietnam War lasted from 1965 to 1973, which is 8 years.

To find the total years after the founding of the Republic of Korea Armed Forces, we add the duration of the Vietnam War to the years before it started:

17 years (before the start of the Vietnam War) + 8 years (duration of",<num_years>
176,How many years after the HMS Astute was ordered was the picture taken?,15,ship,1114,"To find out how many years after the HMS Astute was ordered the picture was taken, we need to determine the date the picture was taken and the date the HMS Astute was ordered.

The picture taken is for the ""Badge"" which is the ""Astute Crest.jpg"". The date of the picture is not directly mentioned in the table. However, the table does provide the date the HMS Astute was commissioned, which is 27 August 2010. 

The picture is not taken on the commissioning date. The picture is for the ""Badge"" or the HMS Astute's crest. This crest is a symbol that is not necessarily related to the commissioning date.

The date the picture was taken is not provided in the table, however, we can make an assumption that the picture was taken on the launch date of the HMS Astute which is 8 June 2007. This date is provided in the table.

Now, let's determine the date the HMS Astute was ordered. According to the table, the HMS Astute was ordered in March 1997.

Now that we have both dates, we can calculate the number of years between them. The HMS Astute was ordered in March 1997 and the picture was taken in June 200",<num_years>
177,How many months after being ordered was HMS Victory laid down?,12,ship,1115,"To find out how many months after being ordered HMS Victory was laid down, we need to follow these steps:

1. Identify the date when HMS Victory was ordered. 
   The table states that HMS Victory was ordered on 14 July 1758.

2. Identify the date when HMS Victory was laid down.
   The table states that HMS Victory was laid down on 23 July 1759.

3. Calculate the time difference between the two dates.
   To do this, we need to find the difference in years and then convert it to months.

4. The difference in years is 1759 - 1758 = 1 year.

5. Since there is no difference in months between the two dates, we don't need to convert the difference in years to months.

6. However, we do need to consider the month of the year. HMS Victory was ordered in July 1758 and laid down in July 1759. This means that HMS Victory was laid down in the same month it was ordered, but in the following year.

7. Therefore, HMS Victory was laid down 12 months after being ordered.

Final Answer: The final answer is 12.",<num_months>
178,How many years after the I-179 was laid down was it completed?,2,ship,1112,"To find the answer, we need to identify the date when the I-179 was laid down and the date when it was completed, and then calculate the difference between these two dates.

From the table, we can see that the I-179 was laid down on 21 August 1941.

The table also mentions that the I-179 was completed on 18 June 1943.

Now, we need to calculate the difference between these two dates.

We can start by finding the difference in years: 
1943 - 1941 = 2 years

However, since the dates are not in the same month, we need to consider the months as well.

The I-179 was laid down in August 1941, and it was completed in June 1943. To find the exact difference, we need to count the months between these two dates.

August 1941 to December 1941 = 4 months
1942 = 12 months
January 1943 to June 1943 = 6 months

In total, there are 4 + 12 + 6 = 22 months between the date the I-179 was laid down and the date it was completed.

Since there are 12 months in a year, we can",<num_years>
179,How many years after the I-179 was stricken was it scrapped?,13,ship,1112,"To find the answer, we need to follow these steps:

1. Identify the date when the I-179 was stricken.
2. Identify the date when the I-179 was scrapped.
3. Calculate the difference between the two dates to find the number of years.

From the table, we can see that the I-179 was stricken on 15 April 1944. 

The table also mentions that the I-179 was scrapped in 1957.

Now, let's calculate the difference between these two dates. The I-179 was stricken in 1944 and scrapped in 1957, which is a difference of 13 years.

Final Answer: The final answer is 13.",<num_years>
180,How many years after the insurgency began did Russia cease being a belligerent?,14,proxy war,987,"To answer this question, we need to follow the steps below:

Step 1: Identify the date when the insurgency began. 
The insurgency in Laos began on 2 December 1975.

Step 2: Identify the year when Russia ceased being a belligerent. 
The Soviet Union, which is the country associated with Russia, ceased being a belligerent in 1989.

Step 3: Calculate the number of years between the start of the insurgency and when Russia ceased being a belligerent. 
Since the insurgency began in 1975 and Russia ceased being a belligerent in 1989, we need to calculate the difference between these two years.

To calculate the difference, we can subtract the earlier year from the later year: 1989 - 1975 = 14.

However, the question asks for the number of years after the insurgency began, so we need to consider the year the insurgency began as year 0. Therefore, the correct calculation is 1989 - 1975 = 14.

However, the correct answer is 14 years after the insurgency began in 1975, not the year 1975 itself. So we should add 1 to the result of the subtraction to get the",<num_years>
181,How many years after the Islamic Coalition was the party dissolved?,8,political party,930,"To find the number of years after the Islamic Coalition was formed, we need to determine the date the Islamic Coalition was formed and the date the party was dissolved.

From the table, we can see that the Islamic Coalition was formed in 1979 (when the party was formed), and the party was dissolved on 1 June 1987.

The Islamic Coalition was formed in 1979, and the party was dissolved in 1987. 

To find the number of years, we subtract the year the Islamic Coalition was formed from the year the party was dissolved:
1987 - 1979 = 8

However, we are asked for the number of years after the Islamic Coalition was formed, not before. Since the party was dissolved after the Islamic Coalition was formed, we should consider the time period from the formation of the Islamic Coalition to the dissolution of the party.

The Islamic Coalition was formed in 1979, and the party was dissolved in 1987, which is 8 years after the Islamic Coalition was formed.

However, the Islamic Coalition was formed in 1979, and the party was dissolved in 1987. Therefore, the party was dissolved 8 years after the Islamic Coalition was formed.

Final Answer: The final answer is 8.",<num_years>
182,How many years after the Islamic Republican Party was formed did it become part of the Grand Coalition?,1,political party,930,"To answer the question, we need to determine the year the Islamic Republican Party was formed and the year it became part of the Grand Coalition.

Step 1: Find the year the Islamic Republican Party was formed.
From the table, we see that the party was founded on ""17 February 1979"". This is the year we need.

Step 2: Find the year the Islamic Republican Party became part of the Grand Coalition.
From the table, we see that the party was part of the Grand Coalition in the year ""(1980)"".

Step 3: Calculate the number of years between the formation year and the year the party became part of the Grand Coalition.
To find the difference, we need to subtract the formation year from the year the party became part of the Grand Coalition. However, since the formation year is 1979 and the year the party became part of the Grand Coalition is 1980, we can simply subtract 1979 from 1980.

1980 - 1979 = 1

Therefore, the Islamic Republican Party became part of the Grand Coalition one year after it was formed.

Final Answer: The final answer is 1.",<num_years>
183,How long did Riccardo Gabriele Patrese compete?,16,f1,261,"To find out how long Riccardo Gabriele Patrese competed in Formula One, we need to determine the start and end years of his career.

Step 1: Find the start year of Riccardo Gabriele Patrese's Formula One career.
According to the table, his first entry was in 1977 Monaco Grand Prix, which means he started competing in 1977.

Step 2: Find the end year of Riccardo Gabriele Patrese's Formula One career.
According to the table, his last entry was in 1993 Australian Grand Prix, which means he ended competing in 1993.

Step 3: Calculate the duration of Riccardo Gabriele Patrese's Formula One career.
To find the duration, we subtract the start year from the end year: 1993 - 1977 = 16 years.

Final Answer: The final answer is 16.",<num_years>
184,How many years after the Islamic Republican Party was formed was it dissolved?,8,political party,930,"To find the number of years after the Islamic Republican Party was formed when it was dissolved, we need to follow these steps:

1. Find the date when the Islamic Republican Party was formed.
   - The party was formed on 17 February 1979.

2. Find the date when the Islamic Republican Party was dissolved.
   - The party was dissolved on 1 June 1987.

3. Calculate the difference in years between the two dates.
   - To do this, we need to find the difference in years between 1987 and 1979.
   - 1987 - 1979 = 8 years

So, the Islamic Republican Party was dissolved 8 years after it was formed.

Final Answer: The final answer is 8.",<num_years>
185,How many months after being ordered was the Maori laid down?,4,ship,1111,"To find the answer, we need to compare the date when the Maori was ordered and the date when it was laid down.

From the table, we see that the Maori was ordered on 10 March 1936 and laid down on 6 July 1936.

1. We need to find the difference in days between these two dates.
   - The difference between 6 July 1936 and 10 March 1936 is 123 days.

2. Since there are 30 or 31 days in a month, we need to divide the difference in days by 30 to get the approximate difference in months.
   - 123 days ≈ 4.1 months.

So, the Maori was laid down approximately 4 months after being ordered.

Final Answer: The final answer is 4.",<num_months>
186,How many years after the Islamic Republican Party was founded did the Grand Coalition become the national affiliation?,1,political party,930,"To find the answer, we need to follow these steps:

1. Determine the year the Islamic Republican Party was founded.
2. Determine the year the Grand Coalition became the national affiliation.
3. Subtract the year the party was founded from the year the Grand Coalition became the national affiliation.

Step 1: The Islamic Republican Party was founded on 17 February 1979.

Step 2: The Grand Coalition became the national affiliation in 1980.

Step 3: To find the difference in years, we subtract the year the party was founded from the year the Grand Coalition became the national affiliation: 1980 - 1979 = 1.

Therefore, the Grand Coalition became the national affiliation 1 year after the Islamic Republican Party was founded.

Final Answer: The final answer is 1.",<num_years>
187,How many years after the Islamic Republican Party was founded was the Grand Coalition the national affiliation?,1,political party,930,"To find out how many years after the Islamic Republican Party was founded was the Grand Coalition the national affiliation, we need to follow these steps:

1. Identify the year the Islamic Republican Party was founded: From the table, we see that the party was founded on 17 February 1979.

2. Identify the year the Grand Coalition was the national affiliation: From the table, we see that the Grand Coalition was the national affiliation in 1980.

3. Calculate the difference in years between the two dates: To find the difference, we subtract the year the party was founded from the year the Grand Coalition was the national affiliation.

1980 (Grand Coalition year) - 1979 (Party founded year) = 1 year

Therefore, the Grand Coalition was the national affiliation 1 year after the Islamic Republican Party was founded.

Final Answer: The final answer is 1.",<num_years>
188,"How many years after the Königssee, Germany, IBSF World Championship did another contest take place?",2,sports event,203,"To answer the question, we need to follow these steps:

1. Identify the year of the IBSF World Championship mentioned in the table.
2. Identify the year of the next IBSF World Championship mentioned in the table.
3. Calculate the difference between the two years.

From the table, we can see that the IBSF World Championship took place in 2017.

The next IBSF World Championship is mentioned as ""← 2016 | 2019 →"", which means it took place in 2019.

Now, we need to calculate the difference between 2017 and 2019.

2019 - 2017 = 2

Therefore, another contest took place 2 years after the Königssee, Germany, IBSF World Championship.

Final Answer: The final answer is 2.",<num_years>
189,How many years after the last year of Cominform affiliation was the League of Communists of Yugoslavia dissolved?,42,political party,185,"Let's break down the problem step by step:

1. Find the last year of Cominform affiliation: The table states that the League of Communists of Yugoslavia was affiliated with the Cominform from 1947 to 1948. Therefore, the last year of Cominform affiliation is 1948.

2. Find the year the League of Communists of Yugoslavia was dissolved: The table states that the League of Communists of Yugoslavia was dissolved on 22 January 1990.

3. Calculate the number of years between the last year of Cominform affiliation and the year the League of Communists of Yugoslavia was dissolved: To do this, subtract the last year of Cominform affiliation (1948) from the year the League of Communists of Yugoslavia was dissolved (1990). 

   1990 - 1948 = 42

Therefore, the League of Communists of Yugoslavia was dissolved 42 years after the last year of Cominform affiliation.

Final Answer: The final answer is 42.",<num_years>
190,How many years after the Malayan Emergency began did Clement Attlee become a leader?,3,proxy war,997,"To determine how many years after the Malayan Emergency began Clement Attlee became a leader, we need to follow these steps:

1. Identify the start date of the Malayan Emergency: The table states that the Malayan Emergency began on 16 June 1948.
2. Identify the date when Clement Attlee became a leader: According to the table, Clement Attlee was the leader until 1951.
3. Calculate the duration of Clement Attlee's leadership: Since Clement Attlee was the leader until 1951, we need to find the difference between 1951 and the start date of the Malayan Emergency (1948).

Now, let's perform the calculation:

1951 (Clement Attlee's leadership end date) - 1948 (Malayan Emergency start date) = 3 years

Therefore, Clement Attlee became a leader 3 years after the Malayan Emergency began.

Final Answer: The final answer is 3.",<num_years>
191,How many years after the operation of Fatah began did Syria become an ally?,5,terrorist orgnization,711,"To answer the question, we need to determine the year when Fatah's operation began and the year when Syria became an ally, then calculate the difference between these two years.

1. Fatah's operation began in 1974.
2. Syria became an ally of Fatah in 1979.
3. To find the number of years after the operation of Fatah began when Syria became an ally, we subtract the year Fatah's operation began from the year Syria became an ally: 1979 - 1974 = 5.

Final Answer: The final answer is 5.",<num_years>
192,How many years after the operation of Fatah ended did Iraq remain an ally?,5,terrorist orgnization,711,"To answer this question, we need to find out the dates when Fatah ended its operation and when Iraq was an ally of Abu Nidal.

Step 1: Find the date when Fatah ended its operation.
From the table, we see that Abu Nidal, the leader of Fatah - The Revolutionary Council, operated from 1974 to 1997. This means that the operation of Fatah ended in 1997.

Step 2: Find the dates when Iraq was an ally of Abu Nidal.
According to the table, Iraq was an ally of Abu Nidal from 1974-1978 and 1991-2002.

Step 3: Determine the years after Fatah's operation ended that Iraq remained an ally.
We know that Fatah's operation ended in 1997. Now, let's find the years after 1997 when Iraq was an ally of Abu Nidal. 

Looking at the dates when Iraq was an ally, we see that Iraq was an ally from 1991-2002. Since Fatah's operation ended in 1997, Iraq remained an ally for 5 years after 1997 (2002 - 1997 = 5).

Final Answer:",<num_years>
193,How many years after the ordering of HMS Argyll was it launched?,3,ship,223,"To find the answer, we need to determine the year HMS Argyll was ordered and the year it was launched, then calculate the difference between these two years.

From the table, we can see that HMS Argyll was ordered in September 1986. 

The table also states that HMS Argyll was launched on 8 April 1989.

Now, let's calculate the difference between the year it was launched (1989) and the year it was ordered (1986). 

1989 - 1986 = 3

So, HMS Argyll was launched 3 years after it was ordered.

Final Answer: The final answer is 3.",<num_years>
194,How many years after the party was founded did Bloc of Communists and Non-Partisans become the national affiliation?,18,political party,933,"To find the answer, we need to determine the year the Bloc of Communists and Non-Partisans became the national affiliation and subtract the year the party was founded.

1. Find the year the Bloc of Communists and Non-Partisans became the national affiliation: 
   The Bloc of Communists and Non-Partisans affiliation ended in 1990, as mentioned in the table.

2. Find the year the party was founded:
   The party was founded on 8 March 1918.

3. Calculate the difference:
   1990 - 1918 = 72

However, we need to verify if this Bloc affiliation started immediately after the party was founded. To find the correct answer, we need to check when the Bloc of Communists and Non-Partisans affiliation started.

4. Find the year the Bloc of Communists and Non-Partisans affiliation started:
   According to the table, the Bloc of Communists and Non-Partisans affiliation started in 1936.

5. Calculate the difference:
   1936 - 1918 = 18

Final Answer: The Bloc of Communists and Non-Partisans became the national affiliation 18 years after the party was founded.",<num_years>
195,How many years after the start of the insurgency did Vietnam begin its support for Laos?,1,proxy war,987,"To answer this question, we need to follow these steps:

1. Identify the start date of the insurgency.
2. Identify the year Vietnam began its support for Laos.
3. Calculate the difference between the two dates to find out how many years after the start of the insurgency Vietnam began its support.

Step 1: Identify the start date of the insurgency.
The start date of the insurgency is given as ""2 December 1975.""

Step 2: Identify the year Vietnam began its support for Laos.
According to the table, Vietnam began its support for Laos in ""1976.""

Step 3: Calculate the difference between the two dates.
Since Vietnam began its support in 1976, which is one year after the start of the insurgency in 1975, we can conclude that Vietnam began its support one year after the start of the insurgency.

Final Answer: The final answer is 1.",<num_years>
196,How long in days did the 2022 Atlantic hurricane season last?,94,cyclone,1090,"To answer the question, we first need to identify the Atlantic hurricane season we are looking for, which is the 2002 Atlantic hurricane season. However, we are asked about the 2022 Atlantic hurricane season. Unfortunately, the given table does not provide information about the 2022 Atlantic hurricane season.

Given the information in the table, we can determine the duration of the 2002 Atlantic hurricane season. To do this, we need to calculate the difference between the first and last system dissipation dates.

The first system formed on July 14, 2002.
The last system dissipated on October 16, 2002.

Now, we need to calculate the duration in days. 

October has 31 days. So, from October 1 to October 16, there are 16 days. 

July has 31 days, August has 31 days, and September has 30 days. So, from July 1 to September 30, there are 91 days.

Therefore, the total duration is 91 days (from July 1 to September 30) + 16 days (from October 1 to October 16) = 107 days.

However, the first system formed on July 14, 2002, not on",<num_days>
197,How many years after the start of the war did the United States become a belligerent?,4,proxy war,978,"To answer this question, let's break it down into steps.

Step 1: Identify the start date of the war.
The start date of the war is given as 5 July 1960.

Step 2: Identify when the United States became a belligerent.
The United States became a belligerent in 1964, as stated in the ""Belligerents"" section of the table.

Step 3: Calculate the number of years after the start of the war that the United States became a belligerent.
To find the number of years, we subtract the start date (1960) from the year the United States became a belligerent (1964).

1964 - 1960 = 4

Therefore, the United States became a belligerent 4 years after the start of the war.

Final Answer: The final answer is 4.",<num_years>
198,What year did the United Sabah Party split from the Sabah People's United Front?,1985,political party,184,"A: Let’s think step by step.

Step 1:  Identify the relevant information in the table. The table mentions the United Sabah Party (Parti Bersatu Sabah) and its background information.

Step 2:  Locate the specific information regarding the United Sabah Party's split from another party. In the table, we find the information under the ""Split from"" section.

Step 3:  Extract the name of the party from which the United Sabah Party split. The table states that the United Sabah Party split from the Sabah People's United Front (BERJAYA).

Step 4:  Identify the year in which the United Sabah Party split from the Sabah People's United Front. The table provides this information under the ""Founded"" section and also mentions the split from another party.

Step 5:  Determine the correct year of the split. Since the table mentions the United Sabah Party was founded on March 5, 1985, it is likely that the party split from the Sabah People's United Front before its founding.

Final Answer: The United Sabah Party split from the Sabah People's United Front in 1985.",yyyy
199,How many years after the war started did Francisco da Costa Gomes become a leader or commander?,9,proxy war,1000,"To find the answer to the question, we need to follow these steps:

1. Identify the start date of the war: The Portuguese Colonial War started on 4 February 1961.

2. Identify the date when Francisco da Costa Gomes became a leader or commander: According to the table, Francisco da Costa Gomes became the commander in Angola in 1970.

3. Calculate the number of years after the war started when Francisco da Costa Gomes became a leader or commander: 
   To do this, we need to subtract the start year of the war (1961) from the year when Francisco da Costa Gomes became a leader or commander (1970).

   1970 - 1961 = 9 years

Therefore, Francisco da Costa Gomes became a leader or commander 9 years after the war started.

Final Answer: The final answer is 9.",<num_years>
200,How many years after the Women's 70 kg event at the 2021 European Judo Championships was Sofia the venue of the European Judo Championships?,1,sports event,200,"Let's break down the information given in the table to answer the question step by step.

1. The question asks for the number of years after the Women's 70 kg event at the 2021 European Judo Championships was Sofia the venue of the European Judo Championships.
2. Looking at the table, we see that the Women's 70 kg event was held at the 2021 European Judo Championships.
3. We also see that there is a link to the 2022 European Judo Championships, which was held in Sofia.
4. The link shows that the 2022 European Judo Championships was the event that followed the 2021 European Judo Championships.
5. Since the question asks for the number of years after the Women's 70 kg event, we need to find the difference between the year of the Women's 70 kg event (2021) and the year of the Sofia event (2022).

Final Answer: The final answer is 1.",<num_years>
201,How many years after the Years of Lead began did the Bologna massacre occur?,12,proxy war,1020,"To determine the number of years after the Years of Lead began that the Bologna massacre occurred, we need to follow these steps:

1. Identify the start year of the Years of Lead: The Years of Lead began in Late 1968.
2. Identify the year the Bologna massacre occurred: The Bologna massacre occurred in August 1980.
3. Calculate the difference between the two years: Subtract the start year of the Years of Lead from the year the Bologna massacre occurred.

Now, let's perform the calculation:

Start year of the Years of Lead: 1968
Year the Bologna massacre occurred: 1980

Difference: 1980 - 1968 = 12 years

Therefore, the Bologna massacre occurred 12 years after the Years of Lead began.

Final Answer: The final answer is 12.",<num_years>
202,How many years after the Yugoslav Partisans ended was the League of Communists of Yugoslavia dissolved?,45,political party,185,"To find the answer to the question, we need to follow these steps:

1. Determine the date when the Yugoslav Partisans ended.
2. Determine the date when the League of Communists of Yugoslavia was dissolved.
3. Calculate the difference between the two dates to find the number of years.

Step 1: Determine the date when the Yugoslav Partisans ended.
From the table, we see that the Yugoslav Partisans (1941-1945) ended in 1945.

Step 2: Determine the date when the League of Communists of Yugoslavia was dissolved.
From the table, we see that the League of Communists of Yugoslavia was dissolved on 22 January 1990.

Step 3: Calculate the difference between the two dates to find the number of years.
To calculate the difference, we need to find the number of years between 1945 and 1990.

1990 - 1945 = 45

Therefore, the League of Communists of Yugoslavia was dissolved 45 years after the Yugoslav Partisans ended.

Final Answer: The final answer is 45.",<num_years>
203,How many years after turning pro did Farag achieve his highest ranking?,13,squash,106,"To find out how many years after turning pro Farag achieved his highest ranking, we need to follow these steps:

1. Find the year when Farag turned pro.
2. Find the year when Farag achieved his highest ranking.
3. Subtract the year he turned pro from the year he achieved his highest ranking to find the number of years.

From the table, we can see that:

- Farag turned pro in 2009 (as mentioned in the ""Turned Pro"" row).
- Farag achieved his highest ranking in 2022 (as mentioned in the ""Highest ranking"" row).

Now, let's calculate the number of years:

2022 (highest ranking year) - 2009 (turned pro year) = 13 years

Therefore, Farag achieved his highest ranking 13 years after turning pro.

Final Answer: The final answer is 13.",<num_years>
204,How many years after turning pro did Paul Coll achieve his highest ranking?,12,squash,109,"To find the answer, let's break it down into steps:

1. Find the year Paul Coll turned pro: 
   In the table, it is mentioned that Paul Coll turned pro in the year 2010.

2. Find the year Paul Coll achieved his highest ranking:
   In the table, it is mentioned that Paul Coll achieved his highest ranking in the year 2022.

3. Calculate the number of years after turning pro that Paul Coll achieved his highest ranking:
   To find this, we subtract the year he turned pro from the year he achieved his highest ranking.
   So, 2022 - 2010 = 12

Therefore, Paul Coll achieved his highest ranking 12 years after turning pro.

Final Answer: The final answer is 12.",<num_years>
205,How many years after turning pro did Tarek Momen achieve his highest ranking?,14,squash,110,"To find out how many years after turning pro Tarek Momen achieved his highest ranking, we need to follow these steps:

1. Find Tarek Momen's highest ranking year.
   From the table, we see that his highest ranking was No. 3 in February 2019.

2. Find the year Tarek Momen turned pro.
   According to the table, Tarek Momen turned pro in 2005.

3. Calculate the number of years between these two dates.
   To do this, we need to subtract the year he turned pro from the year he achieved his highest ranking.
   2019 - 2005 = 14 years.

So, Tarek Momen achieved his highest ranking 14 years after turning pro.

Final Answer: The final answer is 14.",<num_years>
206,How many days after being launched was the sister ship I-176 sunk in 1942?,363,ship,1112,"To determine the number of days after being launched that the sister ship I-176 was sunk in 1942, we need to follow these steps:

1. Identify the launch date of the ship I-179 from the given table: The launch date of I-179 is 16 July 1942.

2. Since the question asks about the sister ship I-176, we need to find information about it in the table. However, the table does not provide any information about the sister ship I-176, including its launch date or the date it was sunk. 

3. Since we cannot find the specific information about the sister ship I-176 in the given table, we cannot determine the exact number of days after being launched that it was sunk in 1942.

However, considering the format of your question, it seems like you are expecting an answer related to the ship I-179. If that's the case, we can determine the number of days after being launched that I-179 was sunk in 1943.

4. Identify the launch date of the ship I-179 from the given table: The launch date of I-179 is 16 July 1942.

5. Identify the date I-179 was sunk from the given table:",<num_days>
207,How many years after Younis played for Allied Bank Limited was the picture taken?,11,cricket,55,"To find the answer, we need to follow these steps:

1. Find the year Waqar Younis played for Allied Bank Limited.
2. Find the year the picture was taken.
3. Calculate the difference between the two years.

Step 1: Find the year Waqar Younis played for Allied Bank Limited.
The table mentions that Younis played for Allied Bank Limited in the 2003/04 season. Assuming the season started in 2004, we can consider 2004 as the year he played for Allied Bank Limited.

Step 2: Find the year the picture was taken.
The picture is of Waqar Younis at the launch of PSL in 2015. This information is directly mentioned in the table.

Step 3: Calculate the difference between the two years.
To find the difference, we subtract the year Younis played for Allied Bank Limited from the year the picture was taken: 2015 - 2004 = 11.

Final Answer: The final answer is 11.",<num_years>
208,"How long in minutes is the sidereal rotation period of Mars, rounded to the nearest integer?",1477,planet,1137,"To find the sidereal rotation period of Mars in minutes, we need to follow these steps:

1. Find the sidereal rotation period of Mars in seconds: 
   The sidereal rotation period is given as 1.025957 days. 

2. Convert the sidereal rotation period from days to seconds: 
   There are 60 seconds in a minute and 60 minutes in an hour, 24 hours in a day. So, the total number of seconds in a day is 60 * 60 * 24 = 86,400 seconds.
   Therefore, the sidereal rotation period in seconds is 1.025957 * 86,400.

3. Calculate the sidereal rotation period in seconds: 
   1.025957 * 86,400 = 88,633.33 seconds.

4. Convert the sidereal rotation period from seconds to minutes: 
   There are 60 seconds in a minute. So, the sidereal rotation period in minutes is 88,633.33 / 60.

5. Calculate the sidereal rotation period in minutes: 
   88,633.33 / 60 = 1,477.22 minutes.

6. Round the sidereal rotation period to the nearest integer:",<num_minutes>
209,How many days after December 25 does the Armenian Evangelical Church observe Christmas?,12,holiday,211,"To determine how many days after December 25 the Armenian Evangelical Church observes Christmas, we need to follow these steps:

1. Identify the date Christmas is observed by the Armenian Evangelical Church: According to the table, the Armenian Evangelical Church observes Christmas on January 6.

2. Determine the number of days between December 25 and January 6: 
   December has 31 days. 
   January 6 is the 6th day of January. 
   Therefore, the number of days between December 25 and January 6 is 31 + 6 = 37.

3. Since we are looking for the number of days after December 25, we do not need to subtract any days. The Armenian Evangelical Church observes Christmas 37 days after December 25.

Final Answer: The final answer is 37.",<num_days>
210,How many days after Dhanteras is Govardhan Puja?,3,holiday,216,"To determine how many days after Dhanteras is Govardhan Puja, we need to follow these steps:

1. Identify the date of Dhanteras: According to the table, Dhanteras is on October 21, 2022.

2. Identify the date of Govardhan Puja: According to the table, Govardhan Puja is on October 24, 2022.

3. Calculate the difference between the two dates: Since Govardhan Puja is on October 24 and Dhanteras is on October 21, we need to find the number of days between these two dates.

4. Subtract the date of Dhanteras from the date of Govardhan Puja: October 24 - October 21 = 3 days.

Therefore, Govardhan Puja is 3 days after Dhanteras.

Final Answer: The final answer is 3.",<num_days>
211,How many years ago did Chiyonofuji die?,6,sumo,131,"To find the number of years that have passed since Chiyonofuji's death, we need to determine the year he died and then subtract that from the current year.

From the table, we see that Chiyonofuji died on July 31, 2016.

The current year is 2022.

Now, let's calculate the difference:

2022 (current year) - 2016 (year of death) = 6 years

Therefore, Chiyonofuji died 6 years ago.

Final Answer: The final answer is 6.",<num_years>
212,How many days after Dhanteras/Yama Deepam is Bhai Dooj/Vishwakarma Puja?,4,holiday,216,"To find the number of days after Dhanteras/Yama Deepam is Bhai Dooj/Vishwakarma Puja, we need to analyze the table for the specific dates.

1. The table mentions that the 2022 date for Dhanteras/Yama Deepam is October 21.
2. We need to find the date for Bhai Dooj/Vishwakarma Puja, which is mentioned as October 25 in the table.

Now, let's find the difference between the two dates:

October 25 (Bhai Dooj/Vishwakarma Puja) - October 21 (Dhanteras/Yama Deepam) = 4 days

Therefore, Bhai Dooj/Vishwakarma Puja is 4 days after Dhanteras/Yama Deepam.

Final Answer: The final answer is 4.",<num_days>
213,How many years ago did Haguroyama Masaji start his career?,88,sumo,137,"To determine how many years ago Haguroyama Masaji started his career, we need to follow these steps:

1. Find the year Haguroyama Masaji started his career: According to the table, Haguroyama Masaji debuted in January 1934.

2. Find the current year: Since the current year is not explicitly mentioned, we will use the given information that the table is up to date as of June 2020. Therefore, the current year is 2022.

3. Calculate the number of years ago Haguroyama Masaji started his career: To find this, we subtract the year he started his career (1934) from the current year (2022).

2022 - 1934 = 88

However, this is the number of years since he started his career. If we want to know how many years ago he started his career, we need to subtract the number of years from the current year.

2022 - 88 = 1934

But since we are looking for the number of years ago, we need to subtract 1934 from the current year (2022), but we will instead subtract the year he started his career from the current year.

2022 - 1934 = ",<num_years>
214,How many years ago did Harumafuji Kōhei debut as a Sumo Wrestler?,21,sumo,139,"To determine how many years ago Harumafuji Kōhei debuted as a Sumo Wrestler, we need to follow these steps:

1. Find the year of Harumafuji Kōhei's debut as a Sumo Wrestler. 
   This information can be found in the ""Career"" section of the table, which states that he debuted in ""January 2001"".

2. Determine the current year. 
   Since the table is up to date as of November 29, 2017, and the current date is December 2022, we can assume the current year is 2022.

3. Calculate the number of years since Harumafuji Kōhei debuted as a Sumo Wrestler.
   To do this, we subtract the year of his debut (2001) from the current year (2022).

   2022 - 2001 = 21

Therefore, Harumafuji Kōhei debuted as a Sumo Wrestler 21 years ago.

Final Answer: The final answer is 21.",<num_years>
215,How many years ago did Jacques Anquetil die?,35,cycling,636,"To find out how many years ago Jacques Anquetil died, we need to know the year of his death and subtract that from the current year.

Step 1: Find the year of Jacques Anquetil's death.
From the table, we can see that Jacques Anquetil died on November 18, 1987.

Step 2: Identify the current year.
Since the current date is December 26, 2022, we can consider 2022 as the current year.

Step 3: Calculate the difference between the current year and the year of Jacques Anquetil's death.
2022 - 1987 = 35

Therefore, Jacques Anquetil died 35 years ago.

Final Answer: Jacques Anquetil died 35 years ago.",<num_years>
216,How many years ago did Jenson Button last win the Brazilian Grand Prix in the Formula One World Championship?,10,f1,0,"To find out how many years ago Jenson Button last won the Brazilian Grand Prix in the Formula One World Championship, let's break down the information step by step:

1. We need to find the year Jenson Button last won the Brazilian Grand Prix.
   - From the table, we see that Jenson Button last won the Brazilian Grand Prix in 2012.

2. We need to find out the current year.
   - Since the current date is December 2022, the current year is 2022.

3. To find out how many years ago Jenson Button last won the Brazilian Grand Prix, we subtract the year he last won (2012) from the current year (2022).
   - 2022 - 2012 = 10

Therefore, Jenson Button last won the Brazilian Grand Prix in the Formula One World Championship 10 years ago.

Final Answer: The final answer is 10.",<num_years>
217,How many days after Dhanteras/Yama Deepam is Govardhan Puja/Balipratipada/Gujarati New Year?,3,holiday,216,"To find out how many days after Dhanteras/Yama Deepam is Govardhan Puja/Balipratipada/Gujarati New Year, we need to follow these steps:

1. Identify the dates of Dhanteras/Yama Deepam and Govardhan Puja/Balipratipada/Gujarati New Year from the table.
   - Dhanteras/Yama Deepam is on October 21, 2022.
   - Govardhan Puja/Balipratipada/Gujarati New Year is on October 24, 2022.

2. Calculate the difference between the two dates.
   - To do this, we need to subtract the date of Dhanteras/Yama Deepam from the date of Govardhan Puja/Balipratipada/Gujarati New Year.
   - This can be calculated as: 
     (October 24, 2022) - (October 21, 2022) = 3 days

Therefore, Govardhan Puja/Balipratipada/Gujarati New Year is 3 days after Dhanteras/Yama Deepam.

Final Answer: The final answer is 3.",<num_days>
218,How many decades separate the commissioning of HMS Montrose from its refit?,2,ship,222,"To find the number of decades that separate the commissioning of HMS Montrose from its refit, we need to follow these steps:

1. Find the year of commissioning of HMS Montrose.
   From the table, we can see that HMS Montrose was commissioned on 2 June 1994.

2. Find the year of the refit of HMS Montrose.
   From the table, we can see that HMS Montrose underwent a refit from 2014-2017.

3. Calculate the difference in years between the commissioning and the refit.
   The difference in years is 2017 - 1994 = 23 years.

4. Convert the difference in years into decades.
   Since there are 10 years in a decade, we divide the difference in years by 10:
   23 years / 10 years per decade = 2.3 decades.

However, since the question asks for the number of decades, we can round down to 2 decades because we can't have a fraction of a decade.

Final Answer: The final answer is 2.",<num_decades>
219,How many hours does Purim last?,24,holiday,206,"To find out how many hours Purim lasts, we need to determine the duration of the holiday, which is from sunset to nightfall. 

Step 1: Determine the duration of Purim. 
Purim starts at sunset and ends at nightfall.

Step 2: Understand the duration between sunset and nightfall.
The duration between sunset and nightfall is typically 12 hours, but this can vary depending on the location and time of year.

Step 3: Identify the specific dates for Purim in the given year.
Since we are looking for a general answer, we can use the provided dates for 2021, 2022, 2023, or 2024.

Step 4: Determine the duration of Purim in hours.
Assuming the duration between sunset and nightfall is 12 hours, we can conclude that Purim lasts for 12 hours.

Final Answer: The final answer is 12.",<num_hours>
220,How many hours is NDT behind Coordinated Universal Time (UTC)?,2.5,time zone,35,"A: Let’s think step by step.

Step 1:  We are given a table with information about the Newfoundland Time Zone, including its UTC offset during standard time (NST) and daylight saving time (NDT).
Step 2:  The question asks us to determine how many hours NDT is behind Coordinated Universal Time (UTC).
Step 3:  We know that NDT is UTC−02:30, which means it is 2 hours and 30 minutes behind UTC.
Step 4:  To find the number of hours, we need to convert the time difference into just hours. Since there are 60 minutes in an hour, we can do this by dividing the 30 minutes by 60.
Step 5:  30 minutes divided by 60 is equal to 0.5 hours. Therefore, we can convert UTC−02:30 to just hours as UTC−2.5.
Step 6:  This means NDT is 2.5 hours behind Coordinated Universal Time (UTC).

Final Answer: The final answer is 2.5.",<num_minutes>
221,How many minutes were the maximum winds of Hurricane Wilma sustained?,1,cyclone,1091,"To find the answer to the question, we need to follow these steps:

Step 1: Identify the relevant information from the table related to the strongest storm, Hurricane Wilma.
From the table, we see that the strongest storm is Hurricane Wilma, with the maximum winds being 185 mph.

Step 2: Identify the unit of measurement for the maximum winds of Hurricane Wilma.
The unit of measurement for the maximum winds of Hurricane Wilma is 1-minute sustained.

Step 3: Determine the relationship between the unit of measurement and the answer to the question.
Since the unit of measurement is 1-minute sustained, we need to convert the speed of the winds from miles per hour (mph) to minutes. However, in this case, the unit of measurement itself tells us the time for which the winds were sustained. We don't need to convert the speed from mph to minutes because the question asks for the time (in minutes) for which the winds were sustained, not the speed in mph.

However, considering the unit of measurement (1-minute sustained), we can infer that the winds were sustained for 1 minute. 

Final Answer: 1",<num_minutes>
222,How many months after his 27th birthday did Makin achieve his highest rank?,2,squash,107,"To determine the number of months after Makin's 27th birthday that he achieved his highest rank, we need to follow these steps:

1. Determine Makin's birthdate: According to the table, Makin was born on October 27, 1994.

2. Determine the date when Makin achieved his highest rank: According to the table, Makin achieved his highest rank in December 2021.

3. Calculate the time difference between Makin's 27th birthday and the date when he achieved his highest rank:
   - Makin's 27th birthday is October 27, 2021 (since he turned 27 in 2021).
   - Makin achieved his highest rank in December 2021.

   The time difference between October 27, 2021, and December 2021 is 2 months.

Therefore, Makin achieved his highest rank 2 months after his 27th birthday.

Final Answer: The final answer is 2.",<num_months>
223,How many days after formation did Hurricane Ivan reach peak intensity?,11,cyclone,958,"To find out how many days after formation Hurricane Ivan reached peak intensity, we need to follow these steps:

1. Identify the date when Hurricane Ivan formed.
   From the table, we can see that Hurricane Ivan formed on September 2, 2004.

2. Identify the date when Hurricane Ivan reached peak intensity.
   From the table, we can see that Hurricane Ivan reached peak intensity in the Yucatán Channel on September 13, 2004.

3. Calculate the number of days between the formation date and the peak intensity date.
   To do this, we subtract the formation date from the peak intensity date.
   September 13, 2004 - September 2, 2004 = 11 days

Therefore, Hurricane Ivan reached peak intensity 11 days after formation.

Final Answer: The final answer is 11.",<num_days>
224,How many more days were there between the Western and Eastern Easter dates in 2024 compared to 2022?,28,holiday,217,"To find the difference in the number of days between the Western and Eastern Easter dates in 2024 compared to 2022, we need to follow these steps:

1. Find the Easter date for the Western and Eastern churches in 2022 and 2024.
2. Calculate the difference in days between the Western and Eastern Easter dates in 2022.
3. Calculate the difference in days between the Western and Eastern Easter dates in 2024.
4. Find the difference between the two differences calculated in steps 2 and 3.

From the table, we can see the following Easter dates:

2022 Western date: April 17
2022 Eastern date: April 24
2024 Western date: March 31
2024 Eastern date: May 5

Now, let's calculate the differences in days between the Western and Eastern Easter dates in 2022 and 2024.

For 2022:
Western date: April 17
Eastern date: April 24
Difference in days: 7

For 2024:
Western date: March 31
Eastern date: May 5
Difference in days: 35

Now, let's find the difference between the two differences calculated above:
Difference in 2024 - Difference",<num_days>
225,How many more months is the ExoMars mission planned to last?,9,orbitor,461,"To find out how many more months the ExoMars mission is planned to last, we need to follow these steps:

1.  The planned duration of the ExoMars mission is given as 7 years.
2.  We need to convert this duration into months. There are 12 months in a year.
3.  Multiply the planned duration in years by the number of months in a year: 7 years * 12 months/year = 84 months.
4.  The current duration of the ExoMars mission is given as 6 years and 3 months. We need to convert this into months as well: 6 years * 12 months/year = 72 months, and add the 3 months: 72 months + 3 months = 75 months.
5.  To find out how many more months the ExoMars mission is planned to last, subtract the current duration from the planned duration: 84 months - 75 months = 9 months.

Final Answer: The final answer is 9.",<num_months>
226,How many days after forming did it take for Hurricane Gaston to dissipate?,7,cyclone,957,"To answer the question, we need to determine the date when Hurricane Gaston formed and the date when it dissipated.

Step 1: Identify the date when Hurricane Gaston formed.
From the table, we can see that Hurricane Gaston formed on ""August 27, 2004"".

Step 2: Identify the date when Hurricane Gaston dissipated.
From the table, we can see that Hurricane Gaston dissipated on ""September 3, 2004"".

Step 3: Calculate the number of days between the formation and dissipation dates.
We can count the days between August 27 and September 3:
August has 31 days, so from August 27 to August 31, there are 4 days.
September 1, 2, and 3 are additional 3 days.
Therefore, the total number of days is 4 + 3 = 7 days.

Final Answer: The final answer is 7.",<num_days>
227,How many Neptunian solar days are there in one Neptunian orbital period?,89666,planet,1138,"To solve this problem, let's break it down step by step.

1. The question asks for the number of Neptunian solar days in one Neptunian orbital period.
2. The table provides the orbital period in years (164.8 years) and also in days (60,195 days).
3. However, we need to find the number of Neptunian solar days in one orbital period. A Neptunian solar day is the time it takes Neptune to complete one rotation on its axis, which is given as 16 hours 6 minutes 36 seconds or 0.67125 days.
4. To find the number of Neptunian solar days in one orbital period, we need to divide the total number of days in one orbital period by the number of Neptunian solar days in a year.

Since the table provides the orbital period in years (164.8 years) and the Neptunian solar day (0.67125 days), we can use the following formula:

Number of Neptunian solar days in one orbital period = Orbital period in years * Number of Neptunian solar days in a year

However, we need to find the number of Neptunian solar days",<num_days>
228,How many months after his 28th birthday did Harumafuji Kōhei achieve the rank of Yokozuna?,5,sumo,139,"To solve this problem, we need to find out the month and year Harumafuji Kōhei achieved the rank of Yokozuna, and then calculate the number of months after his 28th birthday.

1. First, we need to find Harumafuji Kōhei's birthdate, which is April 14, 1984.

2. Next, we need to find the month and year Harumafuji Kōhei achieved the rank of Yokozuna, which is mentioned as September 2012.

3. Now, we need to find the month and year when Harumafuji Kōhei turned 28 years old. Since he was born on April 14, 1984, we need to find the month and year when he was 28 years old. We can do this by adding 28 years to his birth year:
   1984 + 28 = 2012
   Since he was born on April 14, 2012 would be his 28th birthday.

4. Now that we have the month and year when Harumafuji Kōhei turned 28 years old (April 2012) and the month and year when he achieved the rank of Yokozuna (September ",<num_months>
229,How many days after launch did the ExoMars perform orbital insertion?,219,orbitor,461,"To determine the number of days after launch that the ExoMars performed orbital insertion, we need to follow these steps:

1. Identify the launch date of the ExoMars. According to the table, the launch date was 14 March 2016, 09:31 UTC.

2. Identify the date of orbital insertion. According to the table, the orbital insertion date was 19 October 2016, 15:24 UTC.

3. Calculate the time difference between the orbital insertion date and the launch date. We need to calculate the time difference in days.

Since the launch date is in March and the orbital insertion date is in October, we need to consider the number of days in each month and the year.

- March 2016 has 31 days.
- April 2016 has 30 days.
- May 2016 has 31 days.
- June 2016 has 30 days.
- July 2016 has 31 days.
- August 2016 has 31 days.
- September 2016 has 30 days.
- October 2016 has 31 days.

Now, let's calculate the number of days between 14 March 2016 and 19 October 2016:

- From ",<num_days>
230,How many days after New Year's Eve was Marguerite Martyn's sketch of a New Year's Eve celebration published?,4,holiday,210,"To determine the number of days after New Year's Eve Marguerite Martyn's sketch was published, we need to analyze the given information step by step.

1. The table provides information about New Year's Eve, but it does not directly mention the publication date of Marguerite Martyn's sketch.
2. However, we can find the publication date of the sketch from the description provided in the table: ""Fanciful sketch by reporter and artist Marguerite Martyn of a New Year's Eve celebration, from the | St. Louis Post-Dispatch | of 4 January 1914.""
3. The publication date of the sketch is 4 January 1914.
4. New Year's Eve falls on 31 December of every year. To find the number of days between 31 December and 4 January, we need to consider that 4 January is the day after New Year's Day (1 January).
5. Therefore, Marguerite Martyn's sketch of a New Year's Eve celebration was published 4 days after New Year's Eve.

Final Answer: The final answer is 4.",<num_days>
231,In what year does Yom Kippur occur the latest?,2024,holiday,208,"To determine in which year Yom Kippur occurs the latest, we need to look at the provided dates for each year. The date of Yom Kippur is given as the sunset of one day to the nightfall of the next day.

Looking at the dates for each year:

- 2021: Sunset, 15 September - nightfall, 16 September
- 2022: Sunset, 4 October - nightfall, 5 October
- 2023: Sunset, 24 September - nightfall, 25 September
- 2024: Sunset, 11 October - nightfall, 12 October

We can see that the latest date is in 2024, which is from sunset, 11 October to nightfall, 12 October.

Final Answer: The final answer is 2024.",yyyy
232,In what year does Yom Kippur occur the earliest?,2021,holiday,208,"To determine in what year Yom Kippur occurs the earliest, we need to compare the dates of Yom Kippur for different years.

1. Look at the table and identify the column that contains the dates for each year. In this case, it's the ""2021 date"", ""2022 date"", ""2023 date"", and ""2024 date"" columns.

2. Identify the date range for each year. For example, for 2021, the date range is ""Sunset, 15 September - | nightfall, 16 September"".

3. Compare the start dates of each year to find the earliest date.

The start dates are:
- 2021: 15 September
- 2022: 4 October
- 2023: 24 September
- 2024: 11 October

4. Since 24 September is earlier than 15 September, 4 October, and 11 October, Yom Kippur occurs the earliest in the year 2023.

Final Answer: The final answer is 2023.",yyyy
233,How much longer did Kapil Dev play for Haryana than for Worcestershire?,6,cricket,52,"To find the difference in the duration Kapil Dev played for Haryana and Worcestershire, we need to look at the table under ""Domestic team information"". 

1. We see that Kapil Dev played for Haryana from 1975-1992. 
2. To find the duration, we subtract the starting year from the ending year: 1992 - 1975 = 17 years.
3. Next, we look at the information for Worcestershire, which is from 1984-1985.
4. Similarly, we find the duration by subtracting the starting year from the ending year: 1985 - 1984 = 1 year.

Now, we compare the durations: 17 years (Haryana) - 1 year (Worcestershire) = 16 years.

Final Answer: The final answer is 16.",<num_days>
234,"How much longer in days is Neptune's orbital period than its synodic period, rounded to the nearest integer?",59828,planet,1138,"To find the difference in days between Neptune's orbital period and its synodic period, we need to first understand what each of these periods represents.

Neptune's orbital period is the time it takes for Neptune to complete one full orbit around the Sun. This is given as 164.8 years.

Neptune's synodic period, on the other hand, is the time it takes for Neptune to return to the same position in the sky relative to the Earth and Sun. This is given as 367.49 days.

To find the difference in days between the two periods, we need to convert the orbital period from years to days and then subtract the synodic period from it.

1 year = 365.25 days (accounting for leap years)

Neptune's orbital period in days = 164.8 years * 365.25 days/year = 60,195 days

Now, we can find the difference:

Difference = Neptune's orbital period - Neptune's synodic period
= 60,195 days - 367.49 days
= 59,827.51 days

Rounded to the nearest integer, the difference is 59,828 days.

Final Answer: The final answer is 59,828 days.",<num_days>
235,How many days after the 2022 celebration ended did the 2023 celebration begin?,354,holiday,206,"To find the answer, let's break down the information provided in the table.

1. The 2022 celebration of Purim ended on the nightfall of 17 March.
2. We need to find the date when the 2023 celebration of Purim began, which is on the sunset of 6 March.

Since we are looking for the number of days between the end of the 2022 celebration and the start of the 2023 celebration, we need to consider the dates in terms of a continuous period.

The 2022 celebration ended on 17 March at nightfall, and the 2023 celebration started on 6 March at sunset. 

However, the 6th of March is before the 17th of March. Therefore, the number of days between the end of the 2022 celebration and the start of the 2023 celebration can be calculated by subtracting the start date from the end date.

17 March - 6 March = 11 days

Therefore, the 2023 celebration of Purim began 11 days after the 2022 celebration ended.

Final Answer: The final answer is 11.",<num_days>
236,How many days after the anniversary of Madan Lal's first Test did he play his last Test?,13,cricket,53,"To find out how many days after the anniversary of Madan Lal's first Test did he play his last Test, we need to follow these steps:

1.  Find the date of Madan Lal's first Test.
   - According to the table, Madan Lal's first Test was on 6 June 1974.

2.  Find the date of Madan Lal's last Test.
   - According to the table, Madan Lal's last Test was on 19 June 1986.

3.  Calculate the number of years between the first and last Test.
   - 1986 - 1974 = 12 years

4.  Calculate the number of days between the first and last Test.
   - There are 365 days in a year. Since there are 12 years, we can multiply 12 by 365 to get the total number of days.
   - However, we need to consider leap years as well. Since there are 4 leap years in 12 years (1976, 1980, 1984, and 1988), we need to add 4 days to the total number of days.
   - Total days = (12 * 365) + 4 = 4388 days

5",<num_days>
237,How much longer in days is the time between the Western and Eastern dates in 2021 than in 2023?,21,holiday,212,"To find the difference in days between the Western and Eastern dates for 2021 and 2023, we need to follow these steps:

1. Identify the Western and Eastern dates for 2021 and 2023.
   - For 2021, the Western date is April 2 and the Eastern date is April 30.
   - For 2023, the Western date is April 7 and the Eastern date is April 14.

2. Calculate the difference in days between the Western and Eastern dates for 2021.
   - The difference is 30 - 2 = 28 days.

3. Calculate the difference in days between the Western and Eastern dates for 2023.
   - The difference is 14 - 7 = 7 days.

4. Find the difference between the two differences to determine how much longer the time between the Western and Eastern dates in 2021 is than in 2023.
   - The difference is 28 - 7 = 21 days.

Therefore, the time between the Western and Eastern dates in 2021 is 21 days longer than in 2023.

Final Answer: The final answer is 21.",<num_days>
238,On what date is the next New Year's Eve?,"December 31, 2022",holiday,210,"To find the date of the next New Year's Eve, we need to look at the information provided in the table.

Step 1: Identify the column that contains the date information. In this case, it is the ""Date"" and ""Next time"" columns.

Step 2: Look at the ""Date"" column to see the current date of New Year's Eve. The current date is 31 December.

Step 3: Since New Year's Eve is observed annually, we need to look at the ""Next time"" column to find the date of the next New Year's Eve.

Step 4: In the ""Next time"" column, we see that the next New Year's Eve is listed as 31 December 2022.

Final Answer: The next New Year's Eve is on 31 December 2022.","%B %d, %Y"
239,How many days after the heats and semifinals did the finals occur?,1,sports event,1032,"To determine how many days after the heats and semifinals the finals occurred, we need to follow these steps:

1. Identify the date of the heats and semifinals. 
   - The date of the heats and semifinals is given as 25 July.

2. Identify the date of the finals. 
   - The date of the finals is given as 26 July.

3. Calculate the difference between the two dates to find out how many days after the heats and semifinals the finals occurred.
   - Since the finals occurred on 26 July and the heats and semifinals occurred on 25 July, the difference is 1 day.

Final Answer: The final answer is 1.",<num_days>
240,How many days after the Islamic Republican Party was dissolved?,3026,political party,930,"To determine the number of days after the Islamic Republican Party was dissolved, we need to follow these steps:

1. Identify the date when the Islamic Republican Party was dissolved. 
   From the table, we can see that the party was dissolved on 1 June 1987.

2. Determine the current date. 
   Since the current date is given as December, 2022, we will use this as our current date.

3. Calculate the difference between the current date and the date when the party was dissolved.

To calculate the exact number of days, we can use the following formula:

Current Date - Dissolution Date = Number of Days

Since we are not provided with the exact current date in the year, we will assume the current date as 31 December 2022.

Dissolution Date: 1 June 1987
Current Date: 31 December 2022

To calculate the difference, we can use the following steps:

- First, calculate the difference in years:
  2022 - 1987 = 35 years

- Next, calculate the difference in days for the remaining months in the year 1987 and the year 2022:
  - For the remaining months in 1987 (June to December): 
",<num_days>
241,How many days apart do the Armenian Patriarchate of Jerusalem (non-O.S.) and the Armenian Apostolic Church celebrate Christmas?,13,holiday,211,"To find the difference in days between the Armenian Patriarchate of Jerusalem (non-O.S.) and the Armenian Apostolic Church, we need to identify their respective Christmas celebration dates.

For the Armenian Patriarchate of Jerusalem (non-O.S.), the date is January 19 (O.S. Jan. 6). However, we are considering the non-O.S. (New Style) date, which is January 6.

For the Armenian Apostolic Church, the date is January 6.

Since both dates are the same, the difference in days between the Armenian Patriarchate of Jerusalem (non-O.S.) and the Armenian Apostolic Church is 0 days.

Final Answer: The final answer is 0.",<num_days>
242,How many days apart were the National Election Days of 2021 and 2022?,6,holiday,209,"To solve this problem, we need to follow these steps:

1. Identify the dates for National Election Day in 2021 and 2022 from the table.
2. Compare the dates to find the difference between them.
3. Convert the difference into days to find the answer.

Step 1: Identify the dates for National Election Day in 2021 and 2022.
From the table, we can see that the National Election Day in 2021 was on November 2, and in 2022 it was on November 8.

Step 2: Compare the dates to find the difference between them.
To find the difference, we need to subtract the smaller date from the larger date. 

November 8 (2022) - November 2 (2021) = 6 days

Step 3: Convert the difference into days to find the answer.
Since we've already found the difference in days, our answer is 6.

Final Answer: The final answer is 6.",<num_days>
243,How many days apart were the Western and Eastern Easter dates in 2021?,28,holiday,217,"To find the number of days between the Western and Eastern Easter dates in 2021, we need to determine the dates of both.

Q: What are the Western and Eastern Easter dates for 2021, as mentioned in the table?

From the table, we can see that the Western Easter date for 2021 is April 4, and the Eastern Easter date for 2021 is May 2.

Q: How many days are between April 4 and May 2?

To find the number of days between these two dates, we can count the days from April 4 to May 2. Alternatively, we can calculate the difference between the two dates.

Since April has 30 days, we can count the remaining days from April 4 to the end of April (April 30). That's 26 days (30 - 4 = 26). 

Next, we add the days in May, which is 2 (from May 1 to May 2).

So, the total number of days between April 4 and May 2 is 26 (remaining days in April) + 2 (days in May) = 28 days.

Therefore, the Western and Eastern Easter dates in 2021 were 28 days apart.

Final",<num_days>
244,How many days are there between Halloween and Christmas for those who observe them?,55,holiday,213,"To determine the number of days between Halloween and Christmas for those who observe them, we need to find the dates of both holidays and then calculate the difference between them.

1. First, we need to find the date of Halloween, which is already given in the table: 31 October.

2. Next, we need to find the date of Christmas. Christmas is typically observed on December 25.

3. Since we know the dates of both holidays, we can calculate the number of days between them. However, we need to consider that the question asks for the number of days between Halloween and Christmas for those who observe them. This implies that we should consider the period from the day after Halloween to Christmas.

4. So, if Halloween is on October 31, and Christmas is on December 25, the period from the day after Halloween to Christmas would be from November 1 to December 25.

5. To calculate the number of days in this period, we can count the days from November 1 to December 25. 

November: 1, 2, 3, 4, 5, 6, 7, 8, 9, 10, 11, 12, 13, 14, 15,",<num_days>
245,How old does one have to be to serve in the Federal Defence Forces of Germany?,17,army,1118,"To answer this question, we need to follow the steps outlined in the table.

Step 1: Identify the relevant section in the table that contains information about the minimum age requirement for serving in the Federal Defence Forces of Germany. In this case, it is the ""Personnel"" section.

Step 2: Within the ""Personnel"" section, look for the information related to the ""Military age"". 

Step 3: The table states that the ""Military age"" is 17. This implies that one must be at least 17 years old to serve in the Federal Defence Forces of Germany.

Final Answer: The final answer is 17.",<num_years>
246,"If it's 4 p.m. in Los Angeles, California, what time is it in Chicago, Illinois?",6 p.m.,time zone,34,"To solve this problem, we need to find the time difference between Los Angeles (Mountain Time Zone) and Chicago (Central Time Zone).

1. First, we need to determine the time zone of Los Angeles, California. From the table, we see that Los Angeles is in the Mountain Time Zone.

2. Next, we need to find the current time in Los Angeles. Since we are given the current time in Mountain Time Zone as 05:33, June 28, 2022 MST and 06:33, June 28, 2022 MDT, we can assume that the current time in Los Angeles is 05:33 MST.

3. Now, we need to find the time difference between Mountain Time Zone and Central Time Zone. Since Mountain Time Zone is UTC-07:00 and Central Time Zone is UTC-06:00, the time difference is 1 hour.

4. Finally, we need to add 1 hour to the current time in Los Angeles (05:33 MST) to get the current time in Chicago. This gives us 06:33 CDT.

However, since we are given that it's 4 p.m. in Los Angeles, we need to add 1 hour to 4 p.m. to",H %p
247,How many years ago did Kaiō Hiroyuki first debut in sumo wrestling?,34,sumo,145,"To find out how many years ago Kaiō Hiroyuki first debuted in sumo wrestling, we need to follow these steps:

1. Find the year Kaiō Hiroyuki first debuted in sumo wrestling.
2. Determine the current year (since the current year is 2022, we will use this as our current year for the calculation).
3. Subtract the year of debut from the current year to find the number of years since his debut.
4. Since the question asks how many years ago he first debuted, we will subtract the result from the current year to find the answer.

From the table, we can see that Kaiō Hiroyuki first debuted in March 1988.

Step 1: Year of debut = 1988

Step 2: Current year = 2022

Step 3: Number of years since debut = Current year - Year of debut = 2022 - 1988 = 34

Step 4: Number of years ago debuted = Current year - Number of years since debut = 2022 - 34 is incorrect since we need to calculate the number of years ago that he first debuted. So we use the number of years since debut which is 34 and subtract it from the current year.

Final",<num_years>
248,"If the first report of the White House COVID-19 outbreak had occurred a month later than it actually did, on what date would it have occurred?","November 1, 2020",disease,1205,"Let's break down the problem step by step.

1. The first reported date of the White House COVID-19 outbreak was October 1, 2020.
2. The question asks us to find the date if the first report had occurred a month later than it actually did.
3. Since October has 31 days, if we add a month to October 1, 2020, we need to consider the following:
   - October has 31 days, so if we add a month, the new month would be November.
   - November 1, 2020, is the first day of the new month, which is a month later than October 1, 2020.

Therefore, the first report of the White House COVID-19 outbreak would have occurred on November 1, 2020.

Final Answer: November 1, 2020.","%B %d, %Y"
249,How many days are there between the Christmas celebration of Western Christianity and the most common Oriental Orthodox celebration date?,13,holiday,211,"To determine the number of days between the Christmas celebration of Western Christianity and the most common Oriental Orthodox celebration date, we need to follow these steps:

1. Identify the date of the Western Christianity Christmas celebration: According to the table, Western Christianity celebrates Christmas on December 25.

2. Identify the date of the most common Oriental Orthodox celebration: The table states that most Oriental Orthodox and part of the Eastern Orthodox churches celebrate Christmas on January 7, which is the Old Style (O.S.) date of December 25.

3. Calculate the difference in days between the two dates: Since December has 31 days, we can calculate the difference as follows:
   - From December 25 to December 31: 6 days
   - From January 1 to January 7: 7 days
   - Total difference: 6 + 7 = 13 days

Therefore, there are 13 days between the Christmas celebration of Western Christianity and the most common Oriental Orthodox celebration date.

Final Answer: The final answer is 13.",<num_days>
250,In how many months will the Arab Socialist Ba'ath Party celebrate its 76th anniversary?,4,political party,183,"To determine the number of months until the Arab Socialist Ba'ath Party celebrates its 76th anniversary, we need to follow these steps:

1. Find the date when the party was founded: The party was founded on 7 April 1947.
2. Calculate the anniversary date: To find the 76th anniversary, we need to add 75 years to the founding date. 
3. Determine the current date: Since we are assuming the current date is December 2022, we can proceed with the calculation.
4. Calculate the anniversary date: 
   - 1947 + 75 = 2022 (the year will be the same)
   - The month of the founding date is April, so we need to find the month 76 years later.
   - Since the year remains the same, we only need to consider the month. 
   - The founding date was in April, so the 76th anniversary will also be in April.
5. Calculate the number of months until the anniversary: 
   - Since the current date is in December 2022, and the anniversary is in April 2023, we need to find the difference in months between December and April.
   - December is the 12th month, and April",<num_months>
251,In what month and year did Aminishiki Ryūji have his first official fight?,January 1997,sumo,180,"To answer the question, let's break it down step by step:

1. We need to find the section of the table that contains information about Aminishiki Ryūji's career.
2. Within the Career section, we need to find the information about Aminishiki Ryūji's debut, which is when he had his first official fight.
3. The information about Aminishiki Ryūji's debut is listed as ""Debut January, 1997"".

So, based on the information provided in the table, Aminishiki Ryūji had his first official fight in the month of January in the year 1997.

Final Answer: January 1997.",%B %Y
252,How many days are there between the dates of National Election Day in 2023 and 2024?,2,holiday,209,"To solve this problem, we need to find the difference in days between the 2023 date and the 2024 date of National Election Day.

Step 1: Identify the dates of National Election Day in 2023 and 2024.
The 2023 date of National Election Day is November 7, and the 2024 date of National Election Day is November 5.

Step 2: Calculate the difference in days between the two dates.
Since November 7, 2023, is two days after November 5, 2024, we need to subtract 2 from the total number of days in the period from November 5, 2024, to November 7, 2023.

Step 3: Calculate the total number of days in the period.
To do this, we can find the difference in years between 2023 and 2024, which is 1 year. Then, we can calculate the difference in days between November 7, 2023, and January 1, 2024, which is 26 days (7 days in November and 19 days in December). We also need to calculate the difference in days between January 1, 2024, and November 5, 202",<num_days>
253,On what date will Thanksgiving be in 2024?,"November 28, 2024",holiday,214,"To find the date of Thanksgiving in 2024, we need to follow the information given in the table.

1. The table mentions that Black Friday is the day after U.S. Thanksgiving. 
2. It also provides the date of Black Friday for the years 2021, 2022, 2023, and 2024.
3. We can see that the date of Black Friday changes every year, but the date of Thanksgiving is not directly mentioned.
4. However, since Black Friday is the day after Thanksgiving, we can find the date of Thanksgiving by subtracting one day from the date of Black Friday.

Looking at the dates of Black Friday, we have:
- 2021: November 26
- 2022: November 25
- 2023: November 24
- 2024: November 29

Now, let's subtract one day from the date of Black Friday in 2024 to find the date of Thanksgiving:
- November 29 - 1 day = November 28

Therefore, Thanksgiving will be on November 28 in 2024.

Final Answer: The final answer is November 28.","%B %d, %Y"
254,On what date was Thanksgiving in 2021?,"November 25, 2021",holiday,214,"To find the date of Thanksgiving in 2021, we need to analyze the table step by step.

Step 1:  Identify the column that contains the date information for Thanksgiving. From the table, we can see that the ""Date"" column is related to Thanksgiving.

Step 2:  However, the ""Date"" column also mentions that the date is the day after U.S. Thanksgiving. This means we need to look for the date after the Thanksgiving date in the table.

Step 3:  The table provides the dates for Black Friday from 2021 to 2024. We can see that the date for 2021 is November 26.

Step 4:  Since Black Friday is the day after U.S. Thanksgiving, we can infer that Thanksgiving in 2021 was on November 25.

However, this is incorrect. The date of the day after U.S. Thanksgiving in 2021 was actually on November 26, 2021. Since Black Friday is the day after U.S. Thanksgiving, it is November 26. Therefore, Thanksgiving in 2021 was on November 25 is incorrect.","%B %d, %Y"
255,On what date will Thanksgiving be in 2023?,"November 23, 2023",holiday,214,"To find the date of Thanksgiving in 2023, we need to find the date of the day before Black Friday in 2023.

Step 1: Identify the date of Black Friday in 2023 from the table.
The date of Black Friday in 2023 is November 24, 2023.

Step 2: Determine the relationship between Black Friday and Thanksgiving.
Black Friday is the day after U.S. Thanksgiving.

Step 3: Calculate the date of Thanksgiving in 2023.
Since Black Friday is on November 24, 2023, we need to subtract one day from this date to find the date of Thanksgiving.

Step 4: Perform the subtraction.
November 24 - 1 day = November 23, 2023.

Final Answer: The date of Thanksgiving in 2023 is November 23.","%B %d, %Y"
256,In what month and year did Kaiō Hiroyuki achieve his highest rank in sumo wrestling?,September 2000,sumo,145,"To answer the question, we need to find the information related to Kaiō Hiroyuki's highest rank in sumo wrestling.

Step 1: Look for the section that contains information about Kaiō Hiroyuki's career.
The relevant section is ""Career"".

Step 2: Within the ""Career"" section, find the information about Kaiō Hiroyuki's highest rank.
The relevant information is ""Highest rank	Ōzeki (September 2000)"".


Final Answer: September 2000.",%B %Y
257,In what month and year did Tarek Momen achieve his highest ranking?,February 2019,squash,110,"To determine the month and year in which Tarek Momen achieved his highest ranking, we need to follow these steps:

1.  Identify the relevant information in the table: The table provides information about Tarek Momen's career, including his highest ranking in men's singles squash.
2.  Locate the specific information about his highest ranking: In the table, under the ""Men's singles"" section, we find the information about his highest ranking.
3.  Extract the relevant details: The text states that his ""Highest ranking"" is ""No. 3"" and that it occurred in ""February 2019.""
4.  Combine the extracted details to form the answer: Therefore, the month and year in which Tarek Momen achieved his highest ranking is February 2019.

Final Answer: February 2019.",%B %Y
258,In which year between 2021 and 2024 was the Western Easter date the earliest?,2024,holiday,217,"To find the year between 2021 and 2024 when the Western Easter date was the earliest, we need to compare the Western Easter dates for each year.

From the table, we can see the Western Easter dates for the given years are:

- 2021: April 4
- 2022: April 17
- 2023: April 9
- 2024: March 31

Now, we need to compare these dates to find the earliest one. 

March has fewer days than April, so any date in March is earlier than any date in April. Therefore, the Western Easter date in 2024 (March 31) is the earliest among the given years.

Final Answer: The final answer is 2024.",yyyy
259,In which year does Hanukkah occur earliest in the year?,2021,holiday,207,"To find the year when Hanukkah occurs earliest in the year, we need to look at the given dates for Hanukkah in the table and identify the earliest one.

Step 1:  We are given the dates for Hanukkah from 2021 to 2024. 

Step 2:  We need to compare these dates and find the one that occurs earliest in the year.

Step 3:  Looking at the dates, we see that the earliest start date for Hanukkah is 'Sunset, 25 December - | nightfall, 2 January' in the year 2024.

Step 4:  This means that Hanukkah in 2024 starts on December 25 and goes until January 2, making it the year when Hanukkah occurs earliest in the year.

Final Answer: The final answer is 2024.",yyyy
260,In which year does Hanukkah occur latest in the year?,2024,holiday,207,"To determine the year in which Hanukkah occurs latest in the year, we need to analyze the given dates for Hanukkah in different years.

Step 1:  We are given the dates for Hanukkah in 2021, 2022, 2023, and 2024. 
Step 2:  The dates for Hanukkah in these years are as follows:
    - 2021: 28 November - 6 December
    - 2022: 18 December - 26 December
    - 2023: 7 December - 15 December
    - 2024: 25 December - 2 January
Step 3:  We need to find the year in which Hanukkah occurs latest in the year. This means we are looking for the year in which Hanukkah starts on the latest date.
Step 4:  Comparing the dates for each year, we can see that in 2024, Hanukkah starts on 25 December and ends on 2 January, which is the latest date among the given options.
Step 5:  Therefore, Hanukkah occurs latest in the year in 2024.

Final Answer: The final answer is 2024.",yyyy
261,On what month and day was the 16th of Tishrei celebrated in 2022?,October 10,holiday,219,"To determine the month and day on which the 16th of Tishrei was celebrated in 2022, we need to refer to the table information.

Q: On what month and day was the 16th of Tishrei celebrated in 2022?

The table provides the date of the holiday Sukkot for the year 2022 as ""Sunset, 9 October - | nightfall, 16 October | (17 October outside of Israel)"". 

Since the 16th of Tishrei is within the given date range, we can conclude that the 16th of Tishrei was celebrated in the month of October.

However, we are asked to provide the month and day, but the table only gives us the date in the Gregorian calendar. We need to look for the day of the month, which is the 16th.

Therefore, the 16th of Tishrei was celebrated on October 16, 2022.

Final Answer: The 16th of Tishrei was celebrated on October 16, 2022.",%B %d
262,How many days are there from Christmas to New Year's Eve?,6,holiday,210,"To find the number of days from Christmas to New Year's Eve, we need to consider the dates of both holidays. 

Christmas is typically celebrated on December 25, and New Year's Eve is celebrated on December 31. 

Now, let's count the number of days between these two dates:

1. From December 25 to December 31, there are 6 days.

So, the number of days from Christmas to New Year's Eve is 6.

Final Answer: The final answer is 6.",<num_days>
263,How many days before celebrating Christmas did Anna Tunnicliffe win the gold?,9,sports event,201,"To find the number of days before celebrating Christmas when Anna Tunnicliffe won the gold, we need to follow these steps:

1. Determine the date when Anna Tunnicliffe won the gold medal.
   - The table mentions that the 2011 ISAF Sailing World Championships took place from 3-16 December.
   - Since Anna Tunnicliffe is mentioned as one of the gold medalists, we can assume she won the gold on the last day of the championships, which is 16 December.

2. Find the date of Christmas in 2011.
   - Christmas falls on December 25th every year.

3. Calculate the number of days between 16 December (the date Anna Tunnicliffe won the gold) and 25 December (Christmas).
   - The difference between the two dates is 9 days.

Therefore, Anna Tunnicliffe won the gold 9 days before celebrating Christmas.

Final Answer: The final answer is 9.",<num_days>
264,On what month and day will Good Friday be observed in 2024 in the Eastern Hemisphere?,May 3,holiday,212,"To determine the date of Good Friday in 2024 in the Eastern Hemisphere, we need to follow these steps:

1.  We are given the information that Good Friday is celebrated on the Friday immediately preceding Easter Sunday.
2.  Next, we need to find the date of Easter Sunday in 2024. However, the table does not provide the Easter Sunday dates. But we know that Easter Sunday is the first Sunday after the full moon that occurs after the vernal equinox in March.
3.  Since the exact date of Easter Sunday is not provided in the table, we cannot directly determine the date of Good Friday. However, we can look at the provided dates for 2024, which is March 29 (Western) | May 3 (Eastern).
4.  Based on this information, we can conclude that in the Eastern Hemisphere, Good Friday will be observed in May 2024.

Final Answer: The final answer is May.",%B %d
265,On which date did Hurricane Ivan reach peak intensity in the Yucatán Channel?,"September 13, 2004",cyclone,958,"To determine the date on which Hurricane Ivan reached peak intensity in the Yucatán Channel, let's break down the information provided in the table:

1. The table mentions that Hurricane Ivan formed on September 2, 2004.
2. It also mentions that Hurricane Ivan dissipated on September 25, 2004.
3. We need to find the date when Hurricane Ivan reached peak intensity in the Yucatán Channel.
4. The table provides a caption with a picture description: ""Hurricane Ivan at peak intensity in the Yucatán Channel on September 13.""
5. Based on the caption, we can conclude that Hurricane Ivan reached peak intensity in the Yucatán Channel on September 13, 2004.

Final Answer: September 13, 2004.","%B %d, %Y"
266,How many days before D-Day was the I-179 sunk?,328,ship,1112,"To answer the question, we need to find the date when the I-179 was sunk and then calculate the number of days before D-Day (which is June 6, 1944).

Step 1: Find the date when the I-179 was sunk.
From the table, we can see that the I-179 was sunk on July 14, 1943.

Step 2: Calculate the number of days between July 14, 1943, and June 6, 1944.
We can use a calendar or a date calculator to find the number of days.

June has 30 days, so from July 14, 1943, to June 30, 1944, there are 166 days.
Then, from June 1 to June 6, 1944, there are 6 days.

So, the total number of days is 166 + 6 = 172 days.

Final Answer: The I-179 was sunk 172 days before D-Day.",<num_days>
267,How many days before the finals were the semifinals?,1,sports event,1032,"To find the number of days before the finals were the semifinals, we need to analyze the given information.

Step 1: Identify the dates of the semifinals and the finals.
From the table, we can see that the semifinals took place on 25 July and the finals took place on 26 July.

Step 2: Determine the difference between the two dates.
Since the semifinals took place on 25 July and the finals took place on 26 July, the difference between the two dates is 1 day.

Therefore, the semifinals took place 1 day before the finals.

Final Answer: The final answer is 1.",<num_days>
268,How many days did Hurricane Ivan last as a storm?,23,cyclone,958,"To find out how many days Hurricane Ivan lasted as a storm, we need to look at the information provided in the table.

Step 1: Identify the dates when Hurricane Ivan formed and dissipated.
- Hurricane Ivan formed on September 2, 2004.
- Hurricane Ivan dissipated on September 25, 2004.

Step 2: Calculate the number of days between the formation and dissipation dates.
- Since Hurricane Ivan formed on September 2, 2004, and dissipated on September 25, 2004, we need to count the days between these two dates.

Step 3: Count the days.
- September 2 to September 24 is 23 days.
- Adding 1 more day for September 25, the total number of days is 24.

Therefore, Hurricane Ivan lasted for 24 days as a storm.

Final Answer: The final answer is 24.",<num_days>
269,"Other than in 2022, in what year are the Western and Eastern Easter dates one week apart?",2023,holiday,217,"To find the year when the Western and Eastern Easter dates are one week apart, we need to compare the dates for both Western and Eastern Easter for each year provided.

1. Compare the dates for 2021:
   Western date: April 4
   Eastern date: May 2 (This is 4 weeks apart, not 1 week)

2. Compare the dates for 2022:
   Western date: April 17
   Eastern date: April 24 (This is 1 week apart)

3. Compare the dates for 2023:
   Western date: April 9
   Eastern date: April 16 (This is 1 week apart)

4. Compare the dates for 2024:
   Western date: March 31
   Eastern date: May 5 (This is 2 weeks apart, not 1 week)

Since the question asks for the year when the Western and Eastern Easter dates are one week apart, and we've found that this is true for both 2022 and 2023, the answer is not unique to one year.

However, given that the question asks for ""in what year"", the most accurate answer is 2023.",yyyy
270,How many years ago did Kitanoumi Toshimitsu retire?,37,sumo,148,"To find out how many years ago Kitanoumi Toshimitsu retired, we need to follow these steps:

1. First, we need to find out the year Kitanoumi Toshimitsu retired. According to the table, he retired in January 1985.

2. Next, we need to find out the current year. Since the table is up to date as of June 2020, and the current date is December 2022, we can assume the current year is 2022.

3. Now, we need to find the difference between the year Kitanoumi Toshimitsu retired (1985) and the current year (2022). 

4. To find the difference, we subtract the smaller year from the larger year: 2022 - 1985 = 137.

5. However, since we are looking for the number of years ago that Kitanoumi Toshimitsu retired, we should consider the difference in the opposite direction: 1985 - 2022 is not possible because it would be negative. So we should use the absolute value which is 137 years ago.

However, since Kitanoumi Toshimitsu retired 137 years ago, it is more likely that",<num_years>
271,How many days did Mardi Gras last in 2022?,1,holiday,218,"To find out how many days Mardi Gras lasted in 2022, we need to determine the start and end dates of Mardi Gras in 2022.

1. We are given that the 2022 date of Mardi Gras is 1 March.
2. We also know that Mardi Gras is the day before Ash Wednesday.
3. Ash Wednesday is a fixed date in the Christian calendar, 46 days before Easter Sunday. However, since we're working with specific dates, let's first determine the date of Easter in 2022.
4. Easter Sunday in 2022 is on 17 April (please note: The date of Easter varies each year and is determined by the lunar calendar and the solar calendar. However, for the purpose of this problem, we will assume the date of Easter in 2022 to be 17 April).
5. Ash Wednesday in 2022 would be 46 days before Easter Sunday in 2022. Counting back 46 days from 17 April, we get 1 March as Ash Wednesday in 2022.
6. Since Mardi Gras is the day before Ash Wednesday, we can conclude that Mardi Gras in 2022 started on 28 February (the",<num_days>
272,Over how many months did Hurricane Gaston exist?,2,cyclone,957,"To determine the duration of Hurricane Gaston, we need to find the difference in time between when it formed and when it dissipated.

Step 1: Identify the date when Hurricane Gaston formed.
The table states that Hurricane Gaston formed on August 27, 2004.

Step 2: Identify the date when Hurricane Gaston dissipated.
The table states that Hurricane Gaston dissipated on September 3, 2004.

Step 3: Calculate the duration of Hurricane Gaston.
To find the duration, we need to calculate the difference in time between the two dates. August has 31 days, and September has 30 days. From August 27 to the end of August, there are 4 days (August 27-31). Then, from September 1 to September 3, there are 3 days. Therefore, the total duration is 4 days (August) + 3 days (September) = 7 days.

Since we need to find the duration in months, we need to convert the days to months. There are approximately 30.44 days in a month. Therefore, the duration in months is 7 days / 30.44 days/month ≈ 0.23 months. However, since the duration is",<num_months>
273,How many days did the 2021 European Judo Championships last?,1,sports event,200,"To find out how many days the 2021 European Judo Championships lasted, we need to know the start and end dates of the competition. 

From the table, we can see that the competition took place on 17 April. However, we do not have information about the start date. 

Since we don't have the start date, we cannot directly calculate the duration of the competition. But we can try to find related information in the table.

The table also mentions that there were links to external databases, including IJF JudoInside. However, this information is not directly related to the duration of the competition.

Looking at the 'Competition at external databases' section, we see a list of links with arrows pointing to previous and next competitions. However, this information is about the sequence of competitions, not the duration of the 2021 European Judo Championships.

Unfortunately, the table does not provide enough information to determine the duration of the 2021 European Judo Championships.

Final Answer: The final answer is ""Unknown.""",<num_days>
274,"Since its inception, what is the longest number of years the Israel Defense Forces have gone without a major military operation?",11,army,1119,"To find the longest number of years the Israel Defense Forces have gone without a major military operation, we need to identify the major military operations listed in the ""Related articles"" section and then find the time gap between these operations.

Here are the major military operations listed:

1. 1948 Arab-Israeli War (1948-1949)
2. Reprisal operations (1951-1956)
3. Sinai War (1956)
4. Six-Day War (1967)
5. War of Attrition (1967-1970)
6. Yom Kippur War (1973)
7. Operation Litani (1978)
8. First Lebanon War (1982-1985)
9. South Lebanon conflict (1985-2000)
10. First Intifada (1987-1993)
11. Second Intifada (2000-2005)
12. Second Lebanon War (2006)
13. Operation Cast Lead (2008-2009)
14. Pillar of Defense (2012)
15. Protective Edge (2014)
16. Guardian of the Walls (2021)

Now, let's find the time gaps between these operations:

- Between the 1948 Arab-Israeli War (",<num_years>
275,How many days did the Women's 63 kg event at the 2021 African Judo Championships last?,1,sports event,199,"To find out how many days the Women's 63 kg event at the 2021 African Judo Championships lasted, we need to look at the information provided in the table.

Step 1: Identify the date when the event started.
The date when the event started is 21 May 2021.

Step 2: Determine if there is any information about the event ending date.
Unfortunately, the table does not provide a specific date when the event ended.

Step 3: Consider if there's any information about the duration of the event.
Since we do not have an end date, we cannot directly calculate the duration of the event. However, we can look for any other information that might be related to the event's duration.

Step 4: Look for any related information about the event.
Upon reviewing the table, we see that there is a link to external databases with information about the competition, but it does not provide any specific information about the duration of the event.

Step 5: Consider the nature of the event.
The event is a sports competition, and typically, these events last for a few hours or a day, but without a specific end date, we cannot determine the exact duration.

Step 6: Look for any other information that might be relevant",<num_days>
276,In what year will Mardi Gras occur latest in the year?,2022,holiday,218,"To find the year when Mardi Gras will occur latest in the year, we need to look at the table and analyze the given dates.

Step 1: Identify the pattern of Mardi Gras dates.
From the table, we see that the dates for Mardi Gras are given for the years 2021, 2022, 2023, and 2024. We need to look for a pattern in these dates.

Step 2: Analyze the given dates.
The dates given are:
- 2021: 16 February
- 2022: 1 March
- 2023: 21 February
- 2024: 13 February

Step 3: Determine the latest date in the year.
From the given dates, we can see that the latest date in the year is 1 March, which is the date for 2022.

However, this is not the final answer because we need to consider the pattern of Mardi Gras dates. Mardi Gras is celebrated on the day before Ash Wednesday, which is 47 days before Easter. Easter's date varies from year to year, but it is always on a Sunday between March 22 and April 25.

Step 4: Find the",yyyy
277,How many days does Sukkot last?,6,holiday,219,"To find out how many days Sukkot lasts, we need to look at the information provided in the table.

Step 1:  We see that Sukkot begins on the 15th day of Tishrei and ends on the 21st day of Tishrei.
Step 2:  We also see that the dates for Sukkot are given for the years 2021, 2022, and 2023, but the number of days Sukkot lasts is not explicitly mentioned in the dates.
Step 3:  However, we can infer the number of days from the start and end dates. Since Sukkot begins on the 15th day and ends on the 21st day, we can calculate the duration by subtracting the start date from the end date.

Final Answer: The final answer is 7.",<num_days>
278,In what year will Mardi Gras happen earliest in the year?,2024,holiday,218,"To find the year when Mardi Gras will happen earliest in the year, we need to identify the date that is the earliest among the given years.

1.  We are given the dates for Mardi Gras from 2021 to 2024: 
   - 2021 date: 16 February
   - 2022 date: 1 March
   - 2023 date: 21 February
   - 2024 date: 13 February

2.  We need to compare these dates to find the earliest one. Since February is the second month of the year, we can directly compare the dates in February to find the earliest one.

3.  The dates in February are 16 February (2021), 21 February (2023), and 13 February (2024). 

4.  Among these dates, 13 February (2024) is the earliest.

Therefore, the year when Mardi Gras will happen earliest in the year is 2024.

Final Answer: The final answer is 2024.",yyyy
279,What date did Mother's Day fall on in 2021?,"May 9, 2021",holiday,215,"To determine the date of Mother's Day in 2021, let's follow the steps:

1. Identify the column that contains the information about the date of Mother's Day for each year. In this table, the relevant column is ""2021 date"".
2. Look for the row where the year is 2021. The row starts with ""2021 date"" and contains the date for that year.
3. Extract the date from the row. The date is ""May 9 |  ( | 2021-05-09 | )"".
4. Simplify the date to a standard format. In this case, the date is already in a standard format, ""2021-05-09"".

Final Answer: The date of Mother's Day in 2021 was May 9, 2021.","%B %d, %Y"
280,What date did Thanksgiving fall on in 2021?,"November 25, 2021",holiday,214,"To find the date of Thanksgiving in 2021, we need to look at the information provided in the table. 

Step 1: Identify the relationship between Black Friday and Thanksgiving. The table states that Black Friday is ""Related to"" Thanksgiving.

Step 2: Determine the date of Black Friday in 2021. According to the table, the 2021 date of Black Friday is November 26.

Step 3: Since Black Friday is the day after Thanksgiving, we can conclude that Thanksgiving in 2021 occurred one day before Black Friday.

Step 4: Calculate the date of Thanksgiving in 2021. If Black Friday was on November 26, then Thanksgiving must have been on November 25.

Final Answer: The final answer is November 25.","%B %d, %Y"
281,What date is the Gujarati New Year in 2022?,"October 24, 2022",holiday,216,"To find the date of the Gujarati New Year in 2022, let's analyze the table step by step.

1. The table mentions the date of the Gujarati New Year as ""October 24 (Govardhan Puja/Balipratipada/Gujarati New Year)"".
2. This line directly provides the date of the Gujarati New Year in 2022.

Final Answer: October 24, 2022.","%B %d, %Y"
282,What date is the second Tuesday after the first Monday of November in 2023?,"November 14, 2023",holiday,209,"To find the date of the second Tuesday after the first Monday of November in 2023, we need to consider the following steps:

1.  The first Monday of November in 2023: Since November has 30 days, the first Monday can be on the 6th, 13th, 20th, or 27th of November. We need to determine which one is the first Monday.

2.  To do this, we can count backwards from the end of the month. The last Monday in November 2023 would be on the 27th. Counting backwards, the previous Mondays are on the 20th, 13th, and 6th.

3.  Therefore, the first Monday of November in 2023 is on the 6th.

4.  Now, we need to find the second Tuesday after the first Monday. Since the first Monday is on the 6th, the second Tuesday will be 7 days later (because there are 7 days between Monday and Tuesday).

5.  Adding 7 days to the 6th, we get the 13th as the second Tuesday.

6.  However, we are asked for the date of the second Tuesday after the first Monday of November","%B %d, %Y"
283,How many days earlier was the heat from the final in the women's 100 metre breaststroke at the 2016 FINA World Swimming Championships?,1,sports event,1031,"To determine how many days earlier the heat from the final in the women's 100 metre breaststroke at the 2016 FINA World Swimming Championships was, we need to find the difference in dates between the heats and semifinals and the final.

From the table, we see that the heats and semifinals took place on December 9, and the final took place on December 10.

Therefore, the heat from the final in the women's 100 metre breaststroke at the 2016 FINA World Swimming Championships took place one day earlier than the final.

Final Answer: The final answer is 1.",<num_days>
284,What date is the third Sunday of May in 2022?,"May 15, 2022",holiday,215,"To find the date of the third Sunday of May in 2022, let's break down the problem step by step.

Step 1: Identify the year we are looking for.
The year we are looking for is 2022.

Step 2: Determine the date of the first Sunday of May in 2022.
Since we are looking for the third Sunday of May, we need to find the date of the first Sunday of May in 2022. However, the table given does not provide the date of the first Sunday of May in 2022. Instead, it provides the date of Mother's Day in 2022, which is May 8.

Step 3: Calculate the date of the third Sunday of May in 2022.
Since Mother's Day is on May 8, 2022, and it's on a Sunday, we can count the Sundays in May to find the third Sunday.
- May 1 is a Sunday (first Sunday)
- May 8 is a Sunday (Mother's Day)
- May 15 is a Sunday (third Sunday)

Therefore, the date of the third Sunday of May in 2022 is May 15.

Final Answer: The final answer is May 15.","%B %d, %Y"
285,What date was National Election Day celebrated in 2018?,"November 6, 2018",holiday,209,"To find the date National Election Day was celebrated in 2018, let's break it down step by step:

1. **Identify the relevant information**: We need to find the date of National Election Day in 2018. This information is likely to be in the table under the ""2021 date"", ""2022 date"", ""2023 date"", or ""2024 date"" sections, as they provide dates for previous years.

2. **Look for the 2018 date**: Since the provided table does not have a direct ""2018 date"" section, we need to look for information that might indirectly provide the answer. In this case, there's a mention of a photo taken on November 6, 2018, which commemorates Election Day.

3. **Make an inference**: Although the photo is taken on November 6, 2018, it doesn't explicitly state that November 6, 2018, is the date of National Election Day. However, since it's mentioned as Election Day, we can infer that it is likely the date of National Election Day in 2018.

4. **Confirm the inference**: The table does not provide any conflicting information, so our inference seems to be correct.

Based on this step-by","%B %d, %Y"
286,How many years ago did Sebastian Vettel last win?,3,f1,262,"To find out how many years ago Sebastian Vettel last won, we need to follow these steps:

1. Find the year Sebastian Vettel last won. 
   The table mentions that Sebastian Vettel's last win was at the 2019 Singapore Grand Prix. 
   So, the year of his last win is 2019.

2. Find the current year. 
   We are given that the current date is December 2022.

3. Calculate the difference between the current year and the year of the last win.
   The difference is 2022 - 2019 = 3 years.

Therefore, Sebastian Vettel last won 3 years ago.

Final Answer: The final answer is 3.",<num_years>
287,How many years ago did Sebastian Vettel last win?,35,f1,262,"To find out how many years ago Sebastian Vettel last won, we need to follow these steps:

1. Find the year of Sebastian Vettel's last win: 
   The table states that Sebastian Vettel's last win was at the 2019 Singapore Grand Prix.

2. Determine the current year (assuming the current date is December, 2022):
   The current year is 2022.

3. Calculate the difference between the current year and the year of the last win:
   2022 (current year) - 2019 (year of last win) = 3 years.

So, Sebastian Vettel last won 3 years ago.

Final Answer: The final answer is 3.",<num_years>
288,How many years ago did Shaun Pollock play his last T20I?,14,cricket,54,"To find the number of years ago that Shaun Pollock played his last T20I, we need to determine the date of his last T20I and then calculate the difference between that date and the current date.

1. We can find the date of Shaun Pollock's last T20I from the table, which states that his last T20I was on 18 January 2008 v West Indies.

2. Since we are assuming the current date is December 2022, we need to calculate the difference between 18 January 2008 and December 2022.

3. To do this, we can find the number of years between these two dates by subtracting the year of Shaun Pollock's last T20I (2008) from the current year (2022), which gives us 2022 - 2008 = 14 years.

However, since the question is asking for the years since the last T20I (2008) not the years since 2008, we need to calculate the difference between the two dates. 

4. We know that Shaun Pollock played his last T20I on 18 January 2008. To find the difference between this date and the current date (December 2022), we need",<num_years>
289,How many months after launch was the Mars orbiter insertion for ExoMars?,7,orbitor,461,"To determine the number of months after launch that the Mars orbiter insertion for ExoMars occurred, we need to follow these steps:

1. Identify the launch date of the ExoMars mission: The launch date is given as 14 March 2016.

2. Identify the date of the Mars orbiter insertion: The insertion date is given as 19 October 2016.

3. Calculate the time difference between the insertion date and the launch date: 
   - Insertion date: 19 October 2016
   - Launch date: 14 March 2016

   To calculate the time difference, we can subtract the launch date from the insertion date. 
   - October has 31 days, so from 14 March to 31 March is 17 days.
   - April has 30 days, so from 1 April to 30 April is 30 days.
   - May has 31 days, so from 1 May to 31 May is 31 days.
   - June has 30 days, so from 1 June to 30 June is 30 days.
   - July has 31 days, so from 1 July to 31 July is 31 days.
   - August has 31",<num_months>
290,How many months after the 2022 celebration is the 2024 celebration?,24,holiday,206,"To find the number of months between the 2022 and 2024 celebrations, we need to compare their dates.

The 2022 celebration date is from sunset on March 16 to nightfall on March 17.
The 2024 celebration date is from sunset on March 23 to nightfall on March 24.

Since both celebrations occur in March, we can directly compare their dates. 

2024 celebration starts on the 23rd of March, and the 2022 celebration starts on the 16th of March. Therefore, the 2024 celebration is 7 days after the 2022 celebration.

To convert the number of days to months, we can divide by the approximate number of days in a month. There are about 30 days in a month, so 7 days is approximately 7/30 = 0.233 months.

However, months are typically considered as whole units for such calculations. Therefore, we can round the result to the nearest whole number, which is 0 months.

However, a more intuitive way to solve this problem is to consider that the 2022 and 2024 celebrations are in the same month (March), so we need to find the difference between their year numbers.

The year difference is 202",<num_months>
291,How many years ago did the Federal Defence Forces of Germany take on its current form?,32,army,1118,"To find the number of years ago the Federal Defence Forces of Germany took on its current form, we need to follow these steps:

1. Find the date when the Federal Defence Forces of Germany took on its current form.
2. Subtract this date from the current date to find the time difference.
3. Convert the time difference into years.

Step 1: The current form of the Federal Defence Forces of Germany was taken on 3 October 1990.

Step 2: Since the current date is December 2022, we need to subtract 3 October 1990 from December 2022.

To find the exact time difference, we need to perform a date subtraction. 

Assuming the current date is 26 December 2022, the time difference would be:

26 December 2022 - 3 October 1990 = 32 years and 2 months.

However, we need to provide the answer in years, so we'll convert the months to years. Since there are 12 months in a year, 2 months is equivalent to 2/12 or 1/6 of a year. 

32 years and 2 months is equivalent to 32 + (1/6) years.

Step 3: Converting the decimal year",<num_years>
292,How many years ago did the Insurgency in Laos start?,47,proxy war,987,"To find the answer, we need to determine the starting date of the Insurgency in Laos.

1. The table mentions the ""Date"" as ""2 December 1975 - present"". 
2. This indicates that the Insurgency in Laos started on 2 December 1975.
3. Since the current year is 2022, we need to find the difference between 2022 and 1975 to determine the number of years that have passed since the start of the insurgency.
4. 2022 - 1975 = 47 years.

Therefore, the Insurgency in Laos started 47 years ago.

Final Answer: The final answer is 47.",<num_years>
293,What date was the first Monday in November in 2018?,"November 5, 2018",holiday,209,"To find the date of the first Monday in November 2018, we need to follow these steps:

1.  We know that November 2018 is the 11th month of the year. 
2.  To find the first Monday in November, we need to find the first Monday in the month.
3.  November has 30 days, so the first Monday in November will be on one of the following dates: 5th, 12th, 19th, or 26th.
4.  Since we're looking for the first Monday in November, we can start by checking the first possible date, which is November 5th.
5.  November 5th, 2018, was a Monday.

Therefore, the date of the first Monday in November 2018 was November 5th.

Final Answer: November 5th.","%B %d, %Y"
294,How many years ago did the Liberation Tigers of Tamil Eelam start?,46,terrorist orgnization,712,"To find out how many years ago the Liberation Tigers of Tamil Eelam started, we need to determine the year they started and then subtract that year from the current year.

1. The table mentions that the Liberation Tigers of Tamil Eelam started on May 5, 1976. We need to identify this as the start year.
2. The current year is 2022. 
3. To find out how many years ago the Liberation Tigers of Tamil Eelam started, we subtract the start year from the current year: 2022 - 1976 = 46.

Final Answer: The final answer is 46.",<num_years>
295,How many years ago did Viv Richards make his ODI debut?,47,cricket,57,"To find out how many years ago Viv Richards made his ODI debut, we need to follow these steps:

1. Find the year Viv Richards made his ODI debut: 
   In the ""International information"" section of the table, we see that Viv Richards made his ODI debut on 7 June 1975. So, the year of his ODI debut is 1975.

2. Determine the current year: 
   We are given that the current date is December 2022. So, the current year is 2022.

3. Calculate the number of years since Viv Richards made his ODI debut: 
   To find the number of years since 1975, we subtract 1975 from the current year 2022. 
   2022 - 1975 = 47

Therefore, Viv Richards made his ODI debut 47 years ago.

Final Answer: The final answer is 47.",<num_years>
296,How many years ago did Waqar Younis play his last ODI?,19,cricket,55,"To determine how many years ago Waqar Younis played his last ODI, we need to follow these steps:

1. First, we need to find the date of Waqar Younis' last ODI. According to the table, his last ODI was on 4 March 2003.

2. Next, we need to find the current date. Since the current date is not provided, we will use the current date as of my knowledge cutoff in 2022. As of December 2022, the current date is December 2022.

3. Now, we need to calculate the difference between the current year and the year Waqar Younis played his last ODI. Waqar Younis played his last ODI in 2003. So, the difference would be 2022 - 2003 = 19 years.

4. However, this is the difference in years, but the question asks how many years ago Waqar Younis played his last ODI. Therefore, the correct answer should be the difference between the current year and the year of the last ODI.

5. So, the correct answer is 19 years.

Final Answer: The final answer is 19.",<num_years>
297,How many years ago was HMS Montrose ordered?,34,ship,222,"To find out how many years ago HMS Montrose was ordered, we need to know the current year and the year it was ordered.

From the table, we see that HMS Montrose was ordered in July 1988.

The current year is 2022 (as per the given date).

Now, let's calculate the number of years ago HMS Montrose was ordered:

2022 (current year) - 1988 (year ordered) = 34 years

So, HMS Montrose was ordered 34 years ago.

Final Answer: The final answer is 34.",<num_years>
298,How many months after the order was the Tonnerre laid down?,5,ship,1110,"To find out how many months after the order was the Tonnerre laid down, we need to follow these steps:

1. Find the date when the Tonnerre was ordered. The Tonnerre was ordered on 16 April 1794.

2. Find the date when the Tonnerre was laid down. The Tonnerre was laid down on 22 September 1794.

3. Calculate the time difference between these two dates in months. 

Since both dates are in the same year (1794), we can calculate the time difference by finding the difference in days and then dividing it by the number of days in a month (assuming a non-leap year).

From 16 April to 22 September is approximately 5 months and 6 days.

4. Since we're looking for the number of months, we can ignore the extra days.

Therefore, the Tonnerre was laid down approximately 5 months after it was ordered.

Final Answer: The final answer is 5.",<num_months>
299,How many years ago was Mohamed El Shorbagy ranked as World No. 1?,8,squash,108,"To determine how many years ago Mohamed El Shorbagy was ranked as World No. 1, we need to follow these steps:

1. Identify the year Mohamed El Shorbagy was ranked as World No. 1. This information can be found in the ""Men's singles"" section of the table.
2. The text states that his highest ranking was World No. 1 in November 2014.
3. Determine the current year. Since the question is being asked in December 2022, we can use this as the current year.
4. Calculate the difference between the current year and the year Mohamed El Shorbagy was ranked as World No. 1.

Now, let's calculate the difference:

Current year: 2022
Year ranked as World No. 1: 2014

Difference = 2022 - 2014 = 8

Therefore, Mohamed El Shorbagy was ranked as World No. 1 8 years ago.

Final Answer: The final answer is 8.",<num_years>
300,How many years ago was the 2002 Atlantic hurricane season?,20,cyclone,1090,"To determine how many years ago the 2002 Atlantic hurricane season occurred, we need to know the current year and subtract the year the season occurred.

Q: How many years ago was the 2002 Atlantic hurricane season?

Step 1: Identify the current year. Since the current date is December, 2022, we can assume the current year is 2022.

Step 2: Identify the year the 2002 Atlantic hurricane season occurred. The year is given in the table as 2002.

Step 3: Subtract the year the season occurred from the current year to find the number of years ago the season occurred. 
2022 - 2002 = 20

Final Answer: The 2002 Atlantic hurricane season occurred 20 years ago.",<num_years>
301,How many months after the ordering of HMS Somerset was it laid down?,9,ship,224,"To find the answer, we need to follow these steps:

1. Identify the date when HMS Somerset was ordered.
   - The table states that HMS Somerset was ordered in January 1992.

2. Identify the date when HMS Somerset was laid down.
   - The table states that HMS Somerset was laid down on 12 October 1992.

3. Calculate the time difference between the two dates.
   - HMS Somerset was laid down in October 1992, which is 9 months after it was ordered in January 1992.

Therefore, HMS Somerset was laid down 9 months after it was ordered.

Final Answer: The final answer is 9.",<num_months>
302,How many years ago was the Communist Party of the Soviet Union banned?,31,political party,933,"To find out how many years ago the Communist Party of the Soviet Union was banned, we need to follow these steps:

1. Find the date when the Communist Party of the Soviet Union was banned. This information is given in the table under the ""Banned"" column.

2. The date when the Communist Party of the Soviet Union was banned is 6 November 1991.

3. Next, we need to determine the current year. Since the current date is assumed to be December 2022, we can use this as our current year.

4. Now, we need to calculate the difference between the current year and the year when the Communist Party of the Soviet Union was banned.

5. The year the Communist Party of the Soviet Union was banned is 1991. To find the difference, we subtract 1991 from the current year, 2022.

6. Subtracting 1991 from 2022 gives us 31.

Therefore, the Communist Party of the Soviet Union was banned 31 years ago.

Final Answer: The final answer is 31.",<num_years>
303,How many years ago was the Federal Defence Forces of Germany founded?,67,army,1118,"To find out how many years ago the Federal Defence Forces of Germany was founded, we need to follow these steps:

1. Find the year when the Federal Defence Forces of Germany was founded.
   From the table, we see that the Federal Defence Forces of Germany was founded on 12 November 1955.

2. Determine the current year.
   Since the current date is given as December 2022, we will consider 2022 as the current year.

3. Calculate the number of years since the foundation of the Federal Defence Forces of Germany.
   To do this, we subtract the year of foundation (1955) from the current year (2022).

   2022 - 1955 = 67

Therefore, the Federal Defence Forces of Germany was founded 67 years ago.

Final Answer: The final answer is 67.",<num_years>
304,How many years ago was the Indian National Congress established?,136,political party,931,"A: Let's think step by step.

Step 1:  We need to find out when the Indian National Congress was established.
Step 2:  The table provides the information that the party was founded on 28 December 1885.
Step 3:  We are currently in the year 2022.
Step 4:  To find out how many years ago the party was established, we need to subtract the year of establishment from the current year.
Step 5:  So, we subtract 1885 from 2022 to get the number of years since its establishment.
Step 6:  2022 - 1885 = 137 years.

Final Answer: The Indian National Congress was established 137 years ago.",<num_years>
305,How many years ago was the Indian National Congress founded?,137,political party,931,"To find the number of years ago that the Indian National Congress was founded, we need to follow these steps:

1. Identify the date of founding: The table states that the Indian National Congress was founded on ""28 December 1885"".

2. Determine the current date: Since we are given the current date as December 2022, we will use this as our reference point.

3. Calculate the difference between the current year and the year of founding: The year of founding is 1885, and the current year is 2022. To find the difference, we subtract 1885 from 2022.

2022 - 1885 = 137

4. Since the question asks how many years ago the party was founded, we do not need to add any additional years to our calculation. The result from step 3 directly answers the question.

Final Answer: The Indian National Congress was founded 137 years ago.",<num_years>
306,How many years ago was the Islamic Republican Party founded?,43,political party,930,"To find out how many years ago the Islamic Republican Party was founded, we need to know the current year and the year it was founded. 

Step 1: Identify the current year. Since the current date is December 2022, the current year is 2022.

Step 2: Identify the year the Islamic Republican Party was founded. According to the table, the party was founded on 17 February 1979.

Step 3: Calculate the difference between the current year and the year the party was founded. This can be done by subtracting the year of founding from the current year: 2022 - 1979 = 43.

Step 4: Since the question asks for the number of years ago the party was founded, the answer is the result from step 3.

Final Answer: The final answer is 43.",<num_years>
307,How many years ago was the Israel Defense Forces founded?,74,army,1119,"To determine how many years ago the Israel Defense Forces was founded, we need to follow these steps:

1. Find the year the Israel Defense Forces was founded: The table mentions that the Israel Defense Forces was founded on ""26 May 1948"". We can ignore the other dates mentioned as they are not relevant to the founding date.

2. Identify the current year: The problem statement assumes the current date is December 2022. 

3. Calculate the number of years since the founding: Subtract the founding year (1948) from the current year (2022). 

2022 - 1948 = 74 years

So, the Israel Defense Forces was founded 74 years ago.

Final Answer: The final answer is 74.",<num_years>
308,How many years ago was the Japan Self-Defense Forces founded?,68,army,1120,"To find the number of years since the Japan Self-Defense Forces was founded, we need to follow these steps:

1. Identify the year the Japan Self-Defense Forces was founded.
2. Determine the current year.
3. Subtract the year the Japan Self-Defense Forces was founded from the current year.

Step 1: Identify the year the Japan Self-Defense Forces was founded.
The Japan Self-Defense Forces was founded on 1 July 1954.

Step 2: Determine the current year.
Since the problem assumes the current date is December 2022, the current year is 2022.

Step 3: Subtract the year the Japan Self-Defense Forces was founded from the current year.
2022 - 1954 = 68 years

Final Answer: The Japan Self-Defense Forces was founded 68 years ago.",<num_years>
309,What year did Fernando Alonso enter the Australian Grand Prix?,2001,f1,258,"To find the year Fernando Alonso entered the Australian Grand Prix, let's follow these steps:

1.  We need to find the section related to Fernando Alonso's Formula One World Championship career.
2.  Within that section, we are looking for information about his first entry.
3.  The relevant information is: ""First entry 2001 Australian Grand Prix"".
4.  This tells us that Fernando Alonso's first entry in the Australian Grand Prix was in the year 2001.

Final Answer: 2001",yyyy
310,What date will Thanksgiving fall on in 2023?,"November 23, 2023",holiday,214,"To find the date of Thanksgiving in 2023, we need to determine the date of the day before Black Friday in 2023. 

Step 1: Find the date of Black Friday in 2023 from the table.
The date of Black Friday in 2023 is November 24.

Step 2: Determine the date of the day before Black Friday in 2023.
Since Black Friday falls on November 24, the day before Black Friday will be November 23.

Step 3: Confirm that the day before Black Friday is indeed Thanksgiving.
Thanksgiving is traditionally celebrated on the day before Black Friday in the United States.

Final Answer: The day before Black Friday in 2023, which is Thanksgiving, will fall on November 23.","%B %d, %Y"
311,What hurricane season did Hurricane Gaston form?,2004,cyclone,957,"To answer the question, we need to identify the year and the fact that it was an Atlantic hurricane season, then determine the year of the season.

Step 1: Identify the year Hurricane Gaston formed.
The year Hurricane Gaston formed is given in the table as ""Formed August 27, 2004"".

Step 2: Identify the type of hurricane season.
The table states that Hurricane Gaston was part of the ""2004 Atlantic hurricane season"".

Step 3: Determine the hurricane season of Hurricane Gaston.
Since Hurricane Gaston formed in 2004 and was part of the ""2004 Atlantic hurricane season"", the hurricane season in which it formed is 2004.

Final Answer: The hurricane season in which Hurricane Gaston formed is 2004.",yyyy
312,How many years ago was the last IBSF World Championships?,1,sports event,203,"To find out how many years ago the last IBSF World Championships were, we need to determine the year of the last championships mentioned in the table and then subtract that year from the current year (2022).

From the table, we see that the last championships mentioned are the 2019 IBSF World Championships (as indicated by '← 2016 | 2019 →' in the Medalists section).

Now, let's calculate the number of years since 2019:

1. Current year: 2022
2. Year of the last championships: 2019
3. Number of years since the last championships: 2022 - 2019 = 3

Therefore, the last IBSF World Championships were 3 years ago.

Final Answer: The last IBSF World Championships were 3 years ago.",<num_years>
313,How many years ago was the sister ship I-176 salvaged and scrapped?,65,ship,1112,"To answer the question, we need to find the year the sister ship I-176 was salvaged and scrapped, and then subtract that year from the current year (2022).

Step 1: Identify the information about the sister ship I-176 in the table. However, we can't find any information about I-176 in the table. The table only provides information about the ship I-179.

Step 2: Since we can't find any information about the sister ship I-176, we need to find the information about the sister ships of I-179. However, the table does not provide this information either.

Step 3: Since the table does not provide the information about the sister ship I-176 or the sister ships of I-179, we cannot accurately determine the year the sister ship I-176 was salvaged and scrapped.

However, if we consider the general information about I-179, it can be inferred that the question about the sister ship I-176 is likely to be a trick question. But we can't provide an accurate answer because the table does not provide the necessary information.

Since we cannot accurately determine the year the sister ship I-176 was salvaged and scrapped, the final answer is:

Final Answer: We cannot accurately",<num_years>
314,What year did Jenson Button win his first championship?,2009,f1,259,"To answer the question, we need to find the year in which Jenson Button won his first Formula One World Championship.

Step 1: Locate the section of the table that contains information about Jenson Button's Formula One World Championship career. This section is titled ""Formula One World Championship career.""

Step 2: Within this section, find the information that indicates the year in which Jenson Button won his first championship. The relevant information is: ""Championships	1 (2009)""

Step 3: Since the number in parentheses indicates the total number of championships won, we need to identify the specific championship that was his first. Given that he won only one championship, the year in parentheses (2009) directly corresponds to his first championship.

Final Answer: 2009",yyyy
315,How many years ago was the United States Armed Forces formed?,247,army,1123,"To determine how many years ago the United States Armed Forces was formed, we need to follow these steps:

1. Find the year the United States Armed Forces was formed: 
   In the table, under the category ""United States Armed Forces"", it is mentioned that it was ""Founded 14 June 1775"". So, the year it was formed is 1775.

2. Determine the current year: 
   The current year is given as 2022 in the table under the category ""Expenditures"" where it mentions the budget for 2022.

3. Calculate the difference between the current year and the year the United States Armed Forces was formed: 
   To find the number of years since the United States Armed Forces was formed, we subtract the year it was formed from the current year: 2022 - 1775 = 247 years.

Therefore, the United States Armed Forces was formed 247 years ago.

Final Answer: The final answer is 247.",<num_years>
316,How many years ago were the Liberation Tigers of Tamil Eelam defeated?,13,terrorist orgnization,712,"To find the number of years since the Liberation Tigers of Tamil Eelam were defeated, we need to follow these steps:

1. Determine the date of the Liberation Tigers of Tamil Eelam's defeat.
   - According to the table, the Liberation Tigers of Tamil Eelam were militarily defeated on 18 May 2009.

2. Calculate the difference between the current year and the year of defeat.
   - Since the current year is 2022, we can calculate the difference as follows:
     - 2022 - 2009 = 13 years

3. Therefore, the Liberation Tigers of Tamil Eelam were defeated 13 years ago.

Final Answer: The final answer is 13.",<num_years>
317,How many years are between Jacques Anquetil's first and last medal wins?,14,cycling,636,"To find the number of years between Jacques Anquetil's first and last medal wins, we need to identify the first and last medal wins.

Step 1: Identify the first medal win.
From the table, we see that Jacques Anquetil won a Bronze medal at the 1952 Helsinki Olympic Games. This is his first medal win.

Step 2: Identify the last medal win.
From the table, we see that Jacques Anquetil won a Silver medal at the 1966 Nürburgring World Championships. This is his last medal win.

Step 3: Calculate the number of years between the first and last medal wins.
We need to subtract the year of the first medal win (1952) from the year of the last medal win (1966).
1966 - 1952 = 14

Therefore, there are 14 years between Jacques Anquetil's first and last medal wins.

Final Answer: The final answer is 14.",<num_years>
318,How many years are between Madan Lal's last Test and his ODI debut?,12,cricket,53,"To find the number of years between Madan Lal's last Test and his ODI debut, we need to first determine the dates of these two events.

Madan Lal's last Test was on 19 June 1986.
Madan Lal's ODI debut was on 13 July 1974.

Now, let's calculate the difference in years between these two dates.

1. Determine the difference in years between 1986 and 1974: 1986 - 1974 = 12 years
2. Since Madan Lal's last Test was in June 1986 and his ODI debut was in July 1974, we need to consider the partial year for the last Test. However, in this case, the difference in years will remain the same because the partial year is not significant enough to affect the overall difference.

Therefore, the number of years between Madan Lal's last Test and his ODI debut is 12 years.

Final Answer: The final answer is 12.",<num_years>
319,How many years are between Makin's current rank and when he won bronze at the World Team Championships?,3,squash,107,"To find the number of years between Makin's current rank and when he won bronze at the World Team Championships, we need to follow these steps:

1. Find the year when Makin won bronze at the World Team Championships: 
   From the table, we can see that Makin won a bronze medal at the World Team Championships in 2019.

2. Find Makin's current rank:
   From the table, we can see that Makin's current rank is No. 8 as of January 2022.

3. Since Makin's current rank is already given as of January 2022, and the question asks for the year, we don't need to do anything else. The year is already provided.

4. Calculate the number of years between Makin's current rank (January 2022) and when he won bronze (2019):
   To find the number of years, we subtract the year he won bronze from the year of his current rank: 2022 - 2019 = 3.

Final Answer: The final answer is 3.",<num_years>
320,How many years are there between Barrichello's best finish in his Stock Car Brasil career and his best finish in his IndyCar Series career?,2,f1,51,"To find the number of years between Barrichello's best finish in his Stock Car Brasil career and his best finish in his IndyCar Series career, we need to follow these steps:

1. Identify Barrichello's best finish in his Stock Car Brasil career: The table states that his best finish in the championship was 1st in 2014.

2. Identify Barrichello's best finish in his IndyCar Series career: The table states that his best finish in the championship was 12th in 2012.

3. Calculate the difference between the two years: To find the number of years between 2014 and 2012, we subtract 2012 from 2014.

   2014 - 2012 = 2

Therefore, there are 2 years between Barrichello's best finish in his Stock Car Brasil career and his best finish in his IndyCar Series career.

Final Answer: The final answer is 2.",<num_years>
321,In what year was Jenson Button's last entry in the Formula One World Championship?,2017,f1,259,"To find the year of Jenson Button's last entry in the Formula One World Championship, we need to look at the relevant section of the table.

1. We need to locate the section related to the Formula One World Championship career.
2. Within this section, we are looking for the information about Jenson Button's last entry.
3. The relevant information is in the row that starts with ""Last entry"".
4. The value associated with ""Last entry"" is ""2017 Monaco Grand Prix"".
5. Since the question asks for the year of Jenson Button's last entry, we need to extract the year from this value.
6. The year is mentioned in the format ""(year-month-day)"" but since we are only interested in the year, we can ignore the rest.
7. The year of Jenson Button's last entry in the Formula One World Championship is 2017.

Final Answer: The final answer is 2017.",yyyy
322,In what year did Jenson Button make his first entry in the Formula One World Championship?,2000,f1,259,"To answer this question, we need to follow these steps:

1. Identify the relevant section in the table: We need to find the section that contains information about Jenson Button's Formula One World Championship career.

2. Locate the specific information: Within the relevant section, we need to find the information about Jenson Button's first entry in the Formula One World Championship.

3. Extract the required information: Once we locate the information, we need to extract the year in which Jenson Button made his first entry.

Now, let's apply these steps to the table:

1. The relevant section is ""Formula One World Championship career"".

2. Within this section, the information about Jenson Button's first entry is located in the row that contains the key ""First entry"".

3. The required information is ""2000 Australian Grand Prix"", but we are only interested in the year, which is ""2000"".

Final Answer: The final answer is 2000.",yyyy
323,How many years are there between Barrichello's last win and his last entry into a Grand Prix for Formula One?,2,f1,51,"To find the answer, we need to determine the years of Barrichello's last win and his last entry into a Grand Prix for Formula One.

1. We need to find the year of Barrichello's last win. This information is given in the table as ""Last win	2009 Italian Grand Prix"". The year is mentioned as ""2009"".

2. Next, we need to find the year of Barrichello's last entry into a Grand Prix for Formula One. This information is given in the table as ""Last entry	2011 Brazilian Grand Prix"". The year is mentioned as ""2011"".

3. Now that we have the years of Barrichello's last win and his last entry, we need to find the difference between these two years to determine the number of years between them. 

4. The difference between 2011 and 2009 is 2 years.

Final Answer: The final answer is 2.",<num_years>
324,How many years are there between Farag winning gold at the Cairo World Championships and at the Marseille World Team Championships?,4,squash,106,"To find the number of years between Farag winning gold at the Cairo World Championships and at the Marseille World Team Championships, we need to identify the years of these two events.

Q: What is the year Farag won gold at the Cairo World Championships?
From the table, we can see that Farag won gold at the Cairo World Championships in 2021-22. However, the year of the event is 2021-22, not 2022, because it took place in Cairo. Hence, the year of the event is 2021.

Q: What is the year Farag won gold at the Marseille World Team Championships?
From the table, we can see that Farag won gold at the Marseille World Team Championships in 2017 Marseille | Team. Hence, the year of the event is 2017.

Q: How many years are there between 2017 and 2021?
To find the number of years between 2017 and 2021, we need to subtract 2017 from 2021. 

2021 - 2017 = 4

Final Answer: The final answer is 4.",<num_years>
325,What is the average number of months are soldiers conscripted to the Republic of Korea Armed Forces across all branches?,20,army,1121,"To find the average number of months soldiers are conscripted to the Republic of Korea Armed Forces across all branches, we need to consider the given information about conscription in the table.

The table states that the conscription period varies across branches:

- Army: 18 months
- Navy: 20 months
- Air Force: 22 months

To find the average, we need to add up these values and divide by the total number of branches.

First, let's add up the conscription periods: 
18 (Army) + 20 (Navy) + 22 (Air Force) = 60 months

Next, we divide the total by the number of branches, which is 3:
60 months / 3 = 20 months

Therefore, the average number of months soldiers are conscripted to the Republic of Korea Armed Forces across all branches is 20 months.

Final Answer: The final answer is 20.",<num_months>
326,How many years are there between Rubens Barrichello's first and last win in Formula One?,9,f1,51,"To find the number of years between Rubens Barrichello's first and last win in Formula One, we need to follow these steps:

1. Find the year of Rubens Barrichello's first win in Formula One.
   - According to the table, his first win was in the 2000 German Grand Prix.

2. Find the year of Rubens Barrichello's last win in Formula One.
   - According to the table, his last win was in the 2009 Italian Grand Prix.

3. Calculate the difference between the year of his last win and the year of his first win.
   - The year of his first win is 2000 and the year of his last win is 2009.
   - To find the difference, we subtract the year of the first win from the year of the last win: 2009 - 2000 = 9.

Therefore, there are 9 years between Rubens Barrichello's first and last win in Formula One.

Final Answer: The final answer is 9.",<num_years>
327,How many years before achieving his highest ranking did Paul Coll win gold at the Manchester World Doubles Championships?,5,squash,109,"To answer this question, let's break it down into steps.

Step 1: Find the year Paul Coll achieved his highest ranking.
From the table, we see that Paul Coll's highest ranking was No. 1 on 1 March 2022.

Step 2: Find the year Paul Coll won gold at the Manchester World Doubles Championships.
From the table, we see that Paul Coll won gold at the Manchester World Doubles Championships in 2017.

Step 3: Calculate the difference between the two years to find out how many years before achieving his highest ranking Paul Coll won gold at the Manchester World Doubles Championships.
To do this, we subtract the year he won gold (2017) from the year he achieved his highest ranking (2022).

2022 - 2017 = 5

Therefore, Paul Coll won gold at the Manchester World Doubles Championships 5 years before achieving his highest ranking.

Final Answer: The final answer is 5.",<num_years>
328,How many years before he retired did Daisuke Shiga achieve his highest rank?,5,sumo,169,"To answer this question, we need to follow these steps:

1. Determine Daisuke Shiga's highest rank.
2. Determine the year Daisuke Shiga achieved his highest rank.
3. Determine the year Daisuke Shiga retired.
4. Calculate the difference in years between the year he achieved his highest rank and the year he retired.

Step 1: Determine Daisuke Shiga's highest rank.
From the table, we can see that Daisuke Shiga's highest rank is Ōzeki, which he achieved in January 2002.

Step 2: Determine the year Daisuke Shiga achieved his highest rank.
We already found this in step 1: 2002.

Step 3: Determine the year Daisuke Shiga retired.
From the table, we can see that Daisuke Shiga retired in May 2007.

Step 4: Calculate the difference in years between the year he achieved his highest rank and the year he retired.
To do this, we subtract the year he achieved his highest rank from the year he retired: 2007 - 2002 = 5.

Final Answer: The final answer is 5.",<num_years>
329,How many years before his career ended was Patrese's first win?,11,f1,261,"To find out how many years before his career ended was Patrese's first win, we need to follow these steps:

1. Determine the year of Patrese's first win: According to the table, Patrese's first win was at the 1982 Monaco Grand Prix. The year of this event is 1982.

2. Determine the year Patrese's career ended: According to the table, Patrese's last entry was at the 1993 Australian Grand Prix. Therefore, the year his career ended is 1993.

3. Calculate the difference between the year Patrese's career ended and the year of his first win: To do this, we subtract the year of his first win from the year his career ended. 

   1993 (year career ended) - 1982 (year first win) = 11 years

Therefore, Patrese's first win was 11 years before his career ended.

Final Answer: The final answer is 11.",<num_years>
330,How many years before his death did Obata retire?,30,sumo,148,"To answer this question, let's break it down into steps:

Step 1: Identify the year of Toshimitsu Obata's death. 
The year of Toshimitsu Obata's death is given as 2015.

Step 2: Identify the year of Toshimitsu Obata's retirement.
The year of Toshimitsu Obata's retirement is given as 1985.

Step 3: Calculate the difference between the year of death and the year of retirement to find out how many years before his death Obata retired.
The difference between 2015 and 1985 is 30 years.

However, since the question asks how many years before his death Obata retired, we need to consider the direction of the time flow. 

Therefore, we subtract the year of retirement from the year of death: 2015 - 1985 = 30 years.

However, this is the number of years after his retirement, not before. Since we're looking for the years before his death, we can consider the years after his retirement as the years before his death. 

So, the final answer is 30 years.",<num_years>
331,How many years before his death did Raymond Poulidor win the silver medal for France?,45,cycling,104,"Let's think step by step to answer the question.

Step 1: Identify the year Raymond Poulidor won the silver medal for France.
- The table mentions that Raymond Poulidor won the silver medal in the 1974 World Championships in Montréal.

Step 2: Identify the year Raymond Poulidor died.
- The table mentions that Raymond Poulidor died on 13 November 2019.

Step 3: Calculate the number of years between the year Poulidor won the silver medal and the year he died.
- To find the number of years, we subtract the year of winning the silver medal (1974) from the year of death (2019).
- 2019 - 1974 = 45 years

However, the question asks for the number of years before his death, so we need to subtract the year of winning the silver medal from the year of death but also consider the year of death as the last year, meaning the year before death is the year we are looking for which is the year of winning the silver medal.

Step 4: Identify the correct year before death.
- The year of winning the silver medal is the same as the year before death, which is 1974.

Final Answer: The final",<num_years>
332,How many years before Kapil Dev's last ODI did he start playing for Worcestershire?,10,cricket,52,"To find out how many years before Kapil Dev's last ODI did he start playing for Worcestershire, we need to follow these steps:

1. Find Kapil Dev's last ODI year: From the table, we see that Kapil Dev's last ODI was on 17 October 1994.
2. Find the year Kapil Dev started playing for Worcestershire: From the table, we see that Kapil Dev played for Worcestershire from 1984 to 1985.
3. Calculate the difference between the last ODI year and the year he started playing for Worcestershire: Since the year he started playing for Worcestershire is 1984, we need to subtract 1984 from 1994 to find the number of years.

1994 - 1984 = 10

Therefore, Kapil Dev started playing for Worcestershire 10 years before his last ODI.

Final Answer: The final answer is 10.",<num_years>
333,How many years before Singh played for HC Klein Zwitserland did he play for the Indian national team?,8,hockey,486,"To answer the question, we need to determine the years Singh played for the Indian national team and for HC Klein Zwitserland, and then find the difference between these two periods.

From the table, we can see that Singh played for the Indian national team from 1997 to 2007. 

Now, let's find the years Singh played for HC Klein Zwitserland: 2005-2007.

To find how many years before Singh played for HC Klein Zwitserland did he play for the Indian national team, we need to find the overlap between the two periods. Since Singh played for the Indian national team before 2005, we can consider the entire period he played for the national team.

The difference between the start of the national team period (1997) and the start of the HC Klein Zwitserland period (2005) is 8 years.

However, this does not consider the entire period of Singh's national team career. To find the correct answer, we need to consider the entire duration of Singh's national team career.

The difference between the end of the national team period (2007) and the end of the HC Klein Zwitserland period (2007) is 0 years.

The difference between",<num_years>
334,What is the average of the minimum and maximum military age in the Republic of Korea Armed Forces?,23,army,1121,"To find the average of the minimum and maximum military age in the Republic of Korea Armed Forces, we need to follow these steps:

1. Identify the minimum and maximum military age: 
   - The minimum military age is 18 years (given in the ""Personnel"" section).
   - The maximum military age is 28 years (given in the ""Personnel"" section).

2. Find the average of the minimum and maximum age:
   - To find the average, we need to add the minimum and maximum age and then divide by 2.
   - Average = (minimum age + maximum age) / 2
   - Average = (18 + 28) / 2
   - Average = 46 / 2
   - Average = 23

Therefore, the average of the minimum and maximum military age in the Republic of Korea Armed Forces is 23.

Final Answer: The final answer is 23.",<num_years>
335,How many years before the 2019 World Aquatics Championships did the previous World Aquatics Championships occur?,2,sports event,1032,"To answer the question, we need to find the year of the previous World Aquatics Championships and then calculate the difference in years.

Step 1: Find the year of the previous World Aquatics Championships. 
From the table, we can see that the previous World Aquatics Championships occurred in 2017.

Step 2: Calculate the difference in years between the current year (2019) and the previous year (2017).
The difference in years is 2019 - 2017 = 2 years.

Therefore, the previous World Aquatics Championships occurred 2 years before the 2019 World Aquatics Championships.

Final Answer: The final answer is 2.",<num_years>
336,In what year did Riccardo Gabriele Patrese compete in the Japanese Grand Prix?,1992,f1,261,"To find the year Riccardo Gabriele Patrese competed in the Japanese Grand Prix, let's analyze the information given in the table.

1. We are looking for the year of the Japanese Grand Prix, so we need to find a row that mentions the Japanese Grand Prix.
2. The row that mentions the Japanese Grand Prix is ""Last win 1992 Japanese Grand Prix."" This row indicates that the last time Riccardo Gabriele Patrese won the Japanese Grand Prix was in the year 1992.
3. Since we are looking for the year he competed in the Japanese Grand Prix, not just the year he won it, we need to consider the information provided in the row that mentions ""First entry 1977 Monaco Grand Prix"" and ""Last entry 1993 Australian Grand Prix."" This indicates that Riccardo Gabriele Patrese competed in the Japanese Grand Prix in the years between 1977 and 1993.
4. However, we are specifically looking for the year he competed in the Japanese Grand Prix, not the year he won it or entered it for the first time. Since the table does not provide a direct answer to this question, we can infer that the year he competed in the Japanese Grand Prix would be the same",yyyy
337,How many years before the commissioning of HMS Argyll was it laid down?,4,ship,223,"To find out how many years before the commissioning of HMS Argyll it was laid down, we need to follow these steps:

1. Find the commissioning date of HMS Argyll from the table: The commissioning date is 31 May 1991.

2. Find the date when HMS Argyll was laid down from the table: The laying down date is 20 March 1987.

3. Calculate the difference between the commissioning date and the laying down date to find the number of years between the two events.

To calculate the difference, we first need to find the difference in years. We can do this by subtracting the year of the laying down date (1987) from the year of the commissioning date (1991).

1991 - 1987 = 4 years

Therefore, HMS Argyll was laid down 4 years before its commissioning.

Final Answer: The final answer is 4.",<num_years>
338,How many years before the end of the emergency did Southern Rhodesia cease being a belligerent?,7,proxy war,997,"To answer the question, let's break it down step by step:

1. The end date of the Malayan Emergency is given as 31 July 1960.
2. We need to find out when Southern Rhodesia ceased being a belligerent.
3. According to the table, Southern Rhodesia was a belligerent ""until 1953"".
4. Now, we need to find the difference between the end date of the emergency (31 July 1960) and the year when Southern Rhodesia ceased being a belligerent (1953).

To find the number of years, we subtract the year when Southern Rhodesia ceased being a belligerent from the end date of the emergency:

1960 - 1953 = 7

However, since the question asks how many years before the end of the emergency Southern Rhodesia ceased being a belligerent, we need to consider the period from the end date of the emergency (31 July 1960) back to 1953.

Since the question is asking for the number of years before the end of the emergency, we should be looking at the time period from the end date (31 July 1960) back to 1953. However, since 31",<num_years>
339,How many years before the end of the war did DR Sudan end its support?,2,proxy war,975,"A: Let’s think step by step.

Step 1: Determine the end date of the war.
The end date of the war is given as 11 September 1987.

Step 2: Determine the date when DR Sudan ended its support.
The date when DR Sudan ended its support is given as 1985.

Step 3: Calculate the difference between the end date of the war and the date when DR Sudan ended its support.
To find the difference, we need to subtract the year when DR Sudan ended its support from the year of the end of the war.
1987 - 1985 = 2

Step 4: Determine the final answer.
Since we are asked to find the number of years before the end of the war, we need to subtract the result from step 3 from the year of the end of the war.
However, the question asks for the number of years before the end of the war that DR Sudan ended its support, which is given as 2 years before the end of the war.

Final Answer: The final answer is 2.",<num_years>
340,How many years before the end of the war was the Third Liberation Army formed?,11,proxy war,974,"To find out how many years before the end of the war the Third Liberation Army was formed, let's analyze the information step by step.

1. The Chadian Civil War ended in November 1979.
2. The Third Liberation Army was formed as part of FROLINAT (First National Liberation Front of Chad) in 1968.
3. To find the number of years before the end of the war the Third Liberation Army was formed, we subtract the year it was formed from the year the war ended. 

So, the calculation would be: 1979 (end of the war) - 1968 (formation of the Third Liberation Army) = 11 years.

Final Answer: The final answer is 11.",<num_years>
341,How many years before the Königssee bobsleigh Two-man at the IBSF World Championships was a similar contest held?,1,sports event,203,"Let's break down the information provided in the table and question step by step.

Step 1:  We are looking for the year when a similar contest was held before the Königssee bobsleigh Two-man at the IBSF World Championships in 2017.

Step 2:  The table mentions the year of the contest (2017) and also shows the previous year's contest (2016) and the next year's contest (2019).

Step 3:  We need to determine which year is relevant to our question, which is the year before the 2017 contest.

Step 4:  Since the 2017 contest is mentioned as ""at the IBSF World Championships 2017"", we can infer that the contest held in 2016 was the previous one.

Step 5:  Therefore, the year before the Königssee bobsleigh Two-man at the IBSF World Championships was a similar contest held is 2016.

Final Answer: The final answer is 2016.",<num_years>
342,How many years before the war began did Abdul Karim Qasim become a leader?,3,proxy war,981,"To find out how many years before the war began Abdul Karim Qasim became a leader, we need to follow these steps:

1. Identify the start date of the war: The war began on 11 September 1961.
2. Identify when Abdul Karim Qasim became a leader: Abdul Karim Qasim became a leader in 1958.
3. Calculate the difference between the two dates: Subtract 1958 from 1961 to find the number of years.

1961 - 1958 = 3

Therefore, Abdul Karim Qasim became a leader 3 years before the war began.

Final Answer: The final answer is 3.",<num_years>
343,How many years before the war ended did Southern Rhodesia cease being a belligerent?,14,proxy war,1001,"To determine how many years before the war ended Southern Rhodesia ceased being a belligerent, we need to identify the start and end dates of the war and the date Southern Rhodesia ceased being a belligerent.

1. The war started on 4 July 1964.
2. Southern Rhodesia was a belligerent until 1965.
3. The war ended on 12 December 1979.

Now, let's calculate the time difference between the start of the war and the end of the war, and the time difference between the start of the war and the date Southern Rhodesia ceased being a belligerent.

The war lasted from 4 July 1964 to 12 December 1979, which is approximately 15 years, 5 months, and 1 week.

Southern Rhodesia ceased being a belligerent in 1965. To find the time difference, we subtract 1965 from the start year of the war (1964) and the end year of the war (1979).

1964 - 1965 = -1 year (since Southern Rhodesia ceased being a belligerent before the war started)

However, this is incorrect because the war started in 1964 and",<num_years>
344,How many years before the war ended did the Republic of the Congo stop being a belligerent?,2,proxy war,978,"To answer the question, we need to determine when the Republic of the Congo stopped being a belligerent and when the war ended.

Step 1: Identify when the Republic of the Congo stopped being a belligerent.
- The Republic of the Congo was a belligerent from 1960-63, as shown in the 'Belligerents' section of the table.
- After 1963, the Republic of the Congo is no longer listed as a belligerent.

Step 2: Determine when the war ended.
- The war is mentioned to have ended in 1965, as shown in the 'Date' section of the table.

Step 3: Calculate the number of years before the war ended that the Republic of the Congo stopped being a belligerent.
- The Republic of the Congo stopped being a belligerent in 1963.
- The war ended in 1965.
- Therefore, the Republic of the Congo stopped being a belligerent 2 years before the war ended.

Final Answer: The final answer is 2.",<num_years>
345,How many years before the war ended did the Republic of the Sudan stop being a belligerent?,3,proxy war,982,"To find out how many years before the war ended the Republic of the Sudan stopped being a belligerent, let's break it down step by step.

1. First, we need to determine the end date of the war. The table states that the First Sudanese Civil War lasted from 18 August 1955 to 27 March 1972. Therefore, the end date of the war is 27 March 1972.

2. Next, we need to find out when the Republic of the Sudan stopped being a belligerent. According to the table, the Republic of the Sudan was a belligerent until 1969.

3. To find the number of years between 1969 and 1972, we can subtract the earlier year from the later year: 1972 - 1969 = 3 years.

Therefore, the Republic of the Sudan stopped being a belligerent 3 years before the war ended.

Final Answer: The final answer is 3.",<num_years>
346,How many years before Zoetemelk first won the Paris–Nice stage race did he win gold at the Olympics?,6,cycling,103,"To answer the question, let's break it down into steps.

Step 1: Identify the year Joop Zoetemelk first won the Paris–Nice stage race.
From the table, we can see that Joop Zoetemelk won Paris–Nice in the years 1974, 1975, and 1979. We need to determine which of these years was his first win.

Step 2: Determine the year of his first win at Paris–Nice.
Since 1974 is the earliest year mentioned, it is likely that this is the year of his first win. However, we should confirm this by checking the other years.

Step 3: Identify the year Joop Zoetemelk won gold at the Olympics.
From the table, we can see that Joop Zoetemelk won gold at the Olympics in 1968.

Step 4: Calculate the number of years between the two events.
To find the number of years between 1968 and 1974, we need to subtract the earlier year from the later year.

Step 5: Perform the calculation.
1974 - 1968 = 6

Therefore, Joop Zoetemelk won gold at the Olympics 6 years",<num_years>
347,How many years did Brian Lara play for Team Trinidad and Tobago?,21,cricket,528,"To find the number of years Brian Lara played for Team Trinidad and Tobago, we need to follow these steps:

1. Find the section in the table that contains information about Brian Lara's domestic team.
2. Identify the row that mentions Trinidad and Tobago.
3. Look for the years that Brian Lara played for Trinidad and Tobago.

From the table, we can see that the domestic team information is listed under the ""Domestic team information"" section. We can find the row that mentions Trinidad and Tobago:

1987-2008	Trinidad and Tobago

This row indicates that Brian Lara played for Trinidad and Tobago from 1987 to 2008. 

Therefore, the number of years Brian Lara played for Team Trinidad and Tobago is 21.

Final Answer: The final answer is 21.",<num_years>
348,How many years did Chiyonofuji Mitsugu compete?,21,sumo,131,"To find the number of years Chiyonofuji Mitsugu competed, we need to determine his debut year and retirement year.

Step 1: Find Chiyonofuji Mitsugu's debut year.
From the table, we see that Chiyonofuji Mitsugu debuted in September 1970.

Step 2: Find Chiyonofuji Mitsugu's retirement year.
From the table, we see that Chiyonofuji Mitsugu retired in May 1991.

Step 3: Calculate the number of years Chiyonofuji Mitsugu competed.
To find the number of years, we subtract the debut year from the retirement year and then add 1 to include the last year of competition.

Debut year: 1970
Retirement year: 1991

Number of years = Retirement year - Debut year + 1
Number of years = 1991 - 1970 + 1
Number of years = 22

Final Answer: The final answer is 22.",<num_years>
349,How many years did Dhyan Chand serve in the army?,34,hockey,524,"To determine the number of years Dhyan Chand served in the army, let's break down the information given in the table.

1. The table mentions Dhyan Chand's years of service: ""Years of service 1922-1956"".
2. This information directly provides the start and end years of his service.

Now, to find the total number of years he served, we need to subtract the start year from the end year.

3. Subtract the start year (1922) from the end year (1956): 1956 - 1922 = 34

Therefore, Dhyan Chand served in the army for 34 years.

Final Answer: The final answer is 34.",<num_years>
350,How many years did Don Bradman play for the national side?,20,cricket,527,"To find out how many years Don Bradman played for the national side, we need to look at the ""International information"" section of the table. 

1. We see that Don Bradman's Test debut was on 30 November 1928.
2. We also see that his last Test was on 18 August 1948.
3. To find the total number of years, we need to subtract the year of the first Test from the year of the last Test.
4. The year of the first Test is 1928.
5. The year of the last Test is 1948.
6. Subtracting these two years, we get 1948 - 1928 = 20 years.

However, this is the number of years from the debut to the last Test, but we need to consider the fact that he played for the national side from 1928 to 1948, which is a continuous period. Therefore, we can conclude that Don Bradman played for the national side for 20 years.

Final Answer: The final answer is 20.",<num_years>
351,What year did Kimi Räikkönen marry Jenni Dahlman?,2004,f1,344,"To find the year Kimi Räikkönen married Jenni Dahlman, we need to follow these steps:

1.  Locate the section in the table that contains information about Kimi Räikkönen's spouse(s).
2.  Identify the specific spouse, Jenni Dahlman, and the corresponding marriage information.
3.  Extract the year of marriage from the information.

Step 1: Locate the section about Kimi Räikkönen's spouse(s).
 
The relevant section is:
Spouse(s)	Jenni Dahlman | ( | married |  2004; | divorced |  2014) | Minna-Mari Virtanen | ( | married |  2016)

Step 2: Identify Jenni Dahlman's marriage information.

Jenni Dahlman is mentioned as being married to Kimi Räikkönen from 2004 until their divorce in 2014.

Step 3: Extract the year of marriage.

The year Kimi Räikkönen married Jenni Dahlman is 2004.

Final Answer: 2004",yyyy
352,How many years did DR Sudan support the Chadian–Libyan conflict?,7,proxy war,975,"To find the answer to the question, we need to follow these steps:

1. Identify the section of the table that contains information about DR Sudan's support for the Chadian-Libyan conflict.
2. Find the specific information about the duration of DR Sudan's support.
3. Extract the number of years from the information found in step 2.

Step 1: Identify the section of the table that contains information about DR Sudan's support for the Chadian-Libyan conflict.
The relevant information is in the ""Belligerents"" section, which lists the countries and organizations that supported either the anti-Libyan Chadian factions or the Pro-Libyan Chadian factions.

Step 2: Find the specific information about the duration of DR Sudan's support.
In the ""Belligerents"" section, we see that DR Sudan supported the anti-Libyan Chadian factions from 1978 to 1985.

Step 3: Extract the number of years from the information found in step 2.
To find the number of years, we need to subtract the start year from the end year. 

1985 - 1978 = 7 years

Therefore, DR Sudan supported the Chadian-Libyan conflict for 7 years.

Final",<num_years>
353,How many years did Harumafuji Kōhei compete before retiring in 2017?,16,sumo,139,"To find out how many years Harumafuji Kōhei competed before retiring in 2017, we need to determine his debut year and subtract it from 2017.

Step 1: Find Harumafuji Kōhei's debut year.
From the table, we see that Harumafuji Kōhei's debut was in January 2001.

Step 2: Calculate the number of years he competed before retiring in 2017.
We subtract his debut year from 2017: 2017 - 2001 = 16

Therefore, Harumafuji Kōhei competed for 16 years before retiring in 2017.

Final Answer: The final answer is 16.",<num_years>
354,How many years did it take for HMS Somerset to be commissioned after being ordered?,4,ship,224,"To find out how many years it took for HMS Somerset to be commissioned after being ordered, we need to follow these steps:

1. Identify the date when HMS Somerset was ordered.
   - The table states that HMS Somerset was ordered in January 1992.

2. Identify the date when HMS Somerset was commissioned.
   - The table states that HMS Somerset was commissioned on 20 September 1996.

3. Calculate the time difference between the commissioning date and the ordering date.
   - To do this, we need to find the difference in years between 1996 and 1992.

4. Perform the calculation.
   - 1996 - 1992 = 4 years.

Therefore, it took 4 years for HMS Somerset to be commissioned after being ordered.

Final Answer: The final answer is 4.",<num_years>
355,How many years did it take for HMS Somerset to be commissioned after its launch?,2,ship,224,"To determine the number of years it took for HMS Somerset to be commissioned after its launch, we need to find the launch date and the commission date.

Step 1: Find the launch date of HMS Somerset.
From the table, the launch date of HMS Somerset is 25 June 1994.

Step 2: Find the commission date of HMS Somerset.
From the table, the commission date of HMS Somerset is 20 September 1996.

Step 3: Calculate the time difference between the commission date and the launch date.
To find the time difference, we need to subtract the launch date from the commission date. 
Commission date: 20 September 1996
Launch date: 25 June 1994

Since the commission date is after the launch date, we can calculate the time difference by finding the difference in years, months, and days. 
1996 - 1994 = 2 years
There are no months or days mentioned in the commission date, so we can ignore the months and days for now.

Step 4: Add the years to find the total time taken.
We found the difference in years in Step 3. 
2 years

Final Answer: The final answer is 2.",<num_years>
356,How many years did it take for HMS Victory to be launched after being laid down?,6,ship,1115,"To answer the question, let's analyze the given information step by step.

1. The table provides information about the HMS Victory, including its launch date and the date it was laid down.
2. The launch date of the HMS Victory is given as 7 May 1765.
3. The date it was laid down is given as 23 July 1759.
4. We need to calculate the time difference between these two dates to determine how long it took for the HMS Victory to be launched after being laid down.

To find the time difference, we can subtract the date it was laid down from the launch date. 

Launch date: 7 May 1765
Laid down date: 23 July 1759

First, let's convert these dates into a format that's easier to work with. We'll assume the year is 2022 for the purpose of this calculation.

Launch date: 7 May 1765 (1765 years after 1758)
Laid down date: 23 July 1759 (1759 years after 1758)

Now, let's calculate the time difference:

1765 (launch year) - 1759 (laid down year) = 6 years

However, we need to consider",<num_years>
357,How many years did it take for Rubens Barrichello to get his first win in Formula One?,7,f1,51,"Let's think step by step to answer the question.

Step 1:  We need to find the year of Rubens Barrichello's first entry in Formula One.
In the Formula One World Championship career section of the table, we find that his first entry was in the 1993 South African Grand Prix.

Step 2:  Next, we need to find the year of Rubens Barrichello's first win in Formula One.
According to the table, his first win was at the 2000 German Grand Prix.

Step 3:  To find out how many years it took for Rubens Barrichello to get his first win in Formula One, we need to subtract the year of his first entry from the year of his first win.
So, we subtract 1993 from 2000.

2000 - 1993 = 7

Therefore, it took Rubens Barrichello 7 years to get his first win in Formula One.

Final Answer: The final answer is 7.",<num_years>
358,How many years did it take for the Ba'ath Brigades to become the paramilitary wing of the Arab Socialist Ba'ath Party – Syria Region?,6,political party,183,"Q: How many years did it take for the Ba'ath Brigades to become the paramilitary wing of the Arab Socialist Ba'ath Party – Syria Region?

A: To answer this question, we need to find the time period during which the Ba'ath Brigades were the paramilitary wing and then determine how long they held this position.

1. We see that the Ba'ath Brigades were the paramilitary wing from 2012 to 2018.
2. To find the duration, we need to subtract the starting year from the ending year: 2018 - 2012 = 6 years.

Final Answer: The final answer is 6.",<num_years>
359,What year did Michael Schumacher win his first championship?,1994,f1,345,"To determine the year Michael Schumacher won his first championship, let's follow these steps:

1.  We need to locate the information about Michael Schumacher's championships in the table.
2.  In the table, we see a section labeled ""Formula One World Championship career.""
3.  Within this section, we find a list of championships won by Michael Schumacher, along with the years in which he won them.
4.  The list of championships starts with the year 1994.

Based on this information, we can conclude that Michael Schumacher won his first championship in the year 1994.

Final Answer: The final answer is 1994.",yyyy
360,How many days elapsed between the first reported COVID-19 case and the first hospitalization?,14,disease,1205,"To determine the number of days elapsed between the first reported COVID-19 case and the first hospitalization, we need to follow these steps:

1. Find the date of the first reported COVID-19 case: The first reported case was on October 1, 2020.

2. Find the date of the first hospitalization: The first hospitalization was reported by October 15, 2020.

3. Calculate the number of days between the two dates: To do this, we subtract the earlier date from the later date. 

October 15, 2020 - October 1, 2020 = 14 days

So, the number of days elapsed between the first reported COVID-19 case and the first hospitalization is 14.

Final Answer: The final answer is 14.",<num_days>
361,How many months after turning 28 did Kaiō Hiroyuki achieve Ōzeki?,2,sumo,145,"To answer this question, we need to find the month and year Kaiō Hiroyuki turned 28, and then find the month and year he achieved Ōzeki rank. Finally, we can calculate the difference in months between these two dates.

Step 1: Find the month and year Kaiō Hiroyuki turned 28.
From the table, we know that Kaiō Hiroyuki was born on 24 July 1972. To find his age in months, we need to calculate the number of months between his birthdate and his 28th birthday.

His 28th birthday would be 24 July 2000.

Step 2: Find the month and year Kaiō Hiroyuki achieved Ōzeki rank.
From the table, we know that Kaiō Hiroyuki achieved Ōzeki rank in September 2000.

Step 3: Calculate the difference in months between the two dates.
Kaiō Hiroyuki achieved Ōzeki rank in September 2000, which is 2 months after his 28th birthday in July 2000.

Final Answer: The final answer is 2.",<num_months>
362,What is the current time in the Newfoundland Time Zone?,11:26 p.m.,time zone,35,"To determine the current time in the Newfoundland Time Zone, we need to follow these steps:

1. Identify the time zone in question, which is the Newfoundland Time Zone.

2. Look for the current time in this time zone. In the given table, the current time is listed under the ""Current time"" section.

3. Since the current time is listed for both NST (Newfoundland Standard Time) and NDT (Newfoundland Daylight Time), we need to determine which one is currently in effect.

4. To do this, we can look for information about the observance of Daylight Saving Time (DST) in the Newfoundland Time Zone.

5. According to the table, DST is observed throughout this time zone. This means that NDT (UTC−02:30) is likely in effect during the summer months.

6. However, since the current date mentioned in the table is June 28, 2022, we can infer that it is likely still spring in Newfoundland, and DST has not yet started.

7. Therefore, the current time in the Newfoundland Time Zone would be in NST (UTC−03:30).

8. Looking at the table again, we see that the current time in NST is 08:25.

Final Answer: The",H:MM %p
363,How many months ago did COVID-19 arrive in Johor?,35,disease,1204,"To determine how many months ago COVID-19 arrived in Johor, we need to follow these steps:

1. Identify the arrival date of COVID-19 in Johor from the table: The arrival date of COVID-19 in Johor is 25 January 2020.

2. Determine the current date: Since the question does not specify the current date, we will assume the current date is December 2022.

3. Calculate the time difference between the current date and the arrival date: 
   - The arrival date is January 25, 2020, and the current year is 2022. This means it's been 2 years since the COVID-19 pandemic arrived in Johor.

4. Convert the time difference into months: 
   - There are 12 months in a year. 
   - Since it's been 2 years, we multiply 2 years by 12 months/year to get the total number of months: 2 * 12 = 24 months.

However, since we are looking for how many months ago it happened, we need to subtract the result from the total months in 2022. But, as we are looking for the time in the past, we can simply say that it has been 24 months",<num_months>
364,What is the difference in days between Black Friday in 2024 and 2022?,4,holiday,214,"To find the difference in days between Black Friday in 2024 and 2022, we need to follow these steps:

1. Identify the date of Black Friday in 2024: According to the table, Black Friday in 2024 falls on November 29.

2. Identify the date of Black Friday in 2022: According to the table, Black Friday in 2022 falls on November 25.

3. Calculate the difference in days between the two dates: To do this, we need to find the difference in days between November 29, 2024, and November 25, 2022.

Since November has 30 days, we can count the days as follows:

- November 25, 2022, to November 29, 2022, is 4 days.
- December 2022 to November 2024 is 14 months, which is 364 days (12 months * 30 days/month + 2 days for the extra month).

However, since the 2024 date is in November, we need to add the 4 days we counted initially. So, the total difference is 364 + 4 = 368 days.

However, since we are calculating the difference between two dates in the same",<num_days>
365,How many years did it take for the Citizen Revolution Movement to be registered after its founding?,6,political party,182,"To answer this question, we need to follow these steps:

1. Identify the year the Citizen Revolution Movement was founded.
2. Identify the year the Citizen Revolution Movement was registered.
3. Calculate the difference between the two years to find out how many years it took for the party to be registered after its founding.

From the table, we can see that the Citizen Revolution Movement was:

- Founded in 2010 (historical) and August 2021 (modern).
- Registered on 18 August 2016.

Since the question asks for the time taken after the founding, we will consider the historical founding year which is 2010. 

Now, let's calculate the difference between the founding year and the registration year:

Registration year: 2016
Founding year: 2010

Difference: 2016 - 2010 = 6 years

Therefore, it took 6 years for the Citizen Revolution Movement to be registered after its founding.

Final Answer: The final answer is 6.",<num_years>
366,How many years did it take for the HMS Astute to be ordered and then launched?,10,ship,1114,"To determine how many years it took for the HMS Astute to be ordered and then launched, we need to follow these steps:

1. Find the date when the HMS Astute was ordered.
   The HMS Astute was ordered in March 1997.

2. Find the date when the HMS Astute was launched.
   The HMS Astute was launched on 8 June 2007.

3. Calculate the difference between the launch date and the order date.
   The launch date is 8 June 2007 and the order date is March 1997. 

4. Since the exact date of the month is not specified for the order date, we will consider the entire year of the order date. 
   The difference between the launch year (2007) and the order year (1997) is 10 years.

However, to get the correct answer, we need to find the exact difference between the two dates. Since the month of the order date is not specified, we will assume it is the first day of the month. 

The first day of March 1997 is 1 March 1997. 
The difference between 1 March 1997 and 8 June 2007 is 10 years.

Final Answer: The final",<num_years>
367,How many years did it take from the founding of the party until it was formally registered?,6,political party,182,"Let's break down the problem step by step.

Step 1: Identify the founding year of the party.
From the table, we can see that the Citizen Revolution Movement was founded in 2010.

Step 2: Identify the year the party was formally registered.
From the table, we can see that the party was registered on 18 August 2016.

Step 3: Calculate the time difference between the founding year and the registration year.
To find the number of years it took, we need to subtract the founding year from the registration year. 
Registration year - Founding year = 2016 - 2010 = 6 years.

Therefore, it took 6 years from the founding of the party until it was formally registered.

Final Answer: The final answer is 6.",<num_years>
368,How many years did it take Jenson Button to win his second championship?,9,f1,0,"To find the number of years it took Jenson Button to win his second championship, we need to follow these steps:

1. Identify the year Jenson Button won his first championship.
2. Identify the year Jenson Button won his second championship.
3. Calculate the difference between the two years.

Step 1: Identify the year Jenson Button won his first championship.
From the table, we see that Jenson Button won his first championship in 2009.

Step 2: Identify the year Jenson Button won his second championship.
From the table, we see that Jenson Button's championship years are only mentioned once, which is 2009. However, this is the year he won his first championship. There is no information about him winning a second championship.",<num_years>
369,What year did Shohei Yamamoto begin playing for Mito Hollyhock?,2002,boxing,484,"To find the year Shohei Yamamoto began playing for Mito HollyHock, we need to follow these steps:

1. Identify the section of the table that contains information about Shohei Yamamoto's senior career.
2. Within the senior career section, find the row that mentions Mito HollyHock.
3. In that row, look for the year in which Shohei Yamamoto started playing for Mito HollyHock.

Let's apply these steps to the table:

1. The senior career section is identified by the label ""*Senior career*"". We can find it in the table.

2. Within the senior career section, we can see that there are multiple rows, each representing a different team that Shohei Yamamoto played for. We need to find the row that mentions Mito HollyHock.

3. The row that mentions Mito HollyHock is:
   '2002-2003 | Mito HollyHock | 27 | (0)'

   From this row, we can see that Shohei Yamamoto played for Mito HollyHock in the years 2002-2003. This means that he began playing for Mito HollyHock in the year 2002.

Final Answer: 2002",yyyy
370,How many years did it take the Saudi Arabian Armed Forces to assume their current form after their founding?,198,army,1122,"To find out how many years it took the Saudi Arabian Armed Forces to assume their current form after their founding, we need to follow these steps:

1. Determine the founding year of the Saudi Arabian Armed Forces: The table states that the Saudi Arabian Armed Forces were ""Founded 1745"".

2. Determine the year when the Saudi Arabian Armed Forces assumed their current form: The table states that the ""Current form 1943"".

3. Calculate the time difference between the current form year and the founding year: Subtract the founding year from the current form year. 
   Current form year: 1943
   Founding year: 1745
   Time difference: 1943 - 1745 = 198 years

Therefore, it took the Saudi Arabian Armed Forces 198 years to assume their current form after their founding.

Final Answer: The final answer is 198.",<num_years>
371,"What is the difference of the rotation period between Mars and Earth in minutes, rounded to the nearest integer?",40,planet,1137,"To find the difference in rotation periods between Mars and Earth, we need to first find the rotation periods of both planets in minutes.

From the table, we can see that the sidereal rotation period of Mars is 1.025957 d. 

To convert this to minutes, we multiply by 24 hours, 60 minutes, and 60 seconds.

1.025957 d × (24 h/d) × (60 min/h) × (60 s/min) = 24.37 hours × 60 minutes = 1464.2 minutes

Now, let's find the sidereal rotation period of Earth. Since the sidereal rotation period of Earth is not given in the table, we will use the mean solar day, which is approximately 24 hours.

To convert this to minutes, we multiply by 60 minutes.

24 h × (60 min/h) = 1440 minutes

Now, let's find the difference in rotation periods between Mars and Earth.

Difference = Rotation period of Mars - Rotation period of Earth
= 1464.2 minutes - 1440 minutes
= 24.2 minutes

Rounded to the nearest integer, the difference is 24 minutes.

Final Answer: The final answer is 24.",<num_minutes>
372,How many years did it take the Saudi Arabian Armed Forces to deploy personnel to Yemen after deploying to Bahrain?,4,army,1122,"To answer the question, we need to follow these steps:

1. Find the deployment date to Bahrain.
2. Find the deployment date to Yemen.
3. Calculate the time difference between the two dates.

Step 1: Deployment date to Bahrain
The deployment date to Bahrain is mentioned in the table as ""14 March 2011"".

Step 2: Deployment date to Yemen
The deployment date to Yemen is mentioned in the table as ""26 March 2015"".

Step 3: Calculate the time difference
We need to calculate the time difference between the deployment date to Yemen (26 March 2015) and the deployment date to Bahrain (14 March 2011).

To do this, we'll find the number of years between the two dates:

- From 2011 to 2015 is 4 years.

However, we need to find the exact time difference. Since March 2015 is after March 2011, we need to add the remaining months of 2015 to the 4 years.

- March 2015 to December 2015 is 9 months (10 months minus 1 month of March).

Therefore, the total time difference is 4 years + 9 months.

To convert this to years, we'll divide the",<num_years>
373,How many years did it take to build HMS Somerset?,2,ship,224,"To determine how many years it took to build HMS Somerset, let's break down the information provided in the table.

1. The ship was laid down on 12 October 1992.
2. The ship was launched on 25 June 1994.

Now, let's calculate the time difference between these two dates to find out how long it took to build HMS Somerset.

The ship was laid down in October 1992, and it was launched in June 1994. 

Since the exact date of launch is given, we can calculate the duration by subtracting the year of laying down from the year of launching, and then consider the months and days. 

1994 - 1992 = 2 years

Considering the months, 
October 1992 to December 1992 = 3 months
January 1993 to December 1993 = 12 months
January 1994 to June 1994 = 6 months

So, in total, it took approximately 3 + 12 + 6 = 21 months or 1 year and 9 months.

However, the question asks for the number of years, and since the ship was laid down in October 1992 and launched in June 1994, it took approximately",<num_years>
374,How many years did Jenson Button race?,17,f1,259,"To find the number of years Jenson Button raced, we need to look at his Formula One World Championship career section in the table.

Step 1: Identify the active years during which Jenson Button participated in Formula One. 
Active years: 2000-2017

Step 2: Calculate the number of years by subtracting the start year from the end year and adding 1.
Number of years = End year - Start year + 1
Number of years = 2017 - 2000 + 1
Number of years = 18

However, we are considering the years from 2000 to 2017. Therefore, we should exclude the year 2000 since it is mentioned as his first entry, not the start of his active years.

Step 3: Re-calculate the number of years.
Number of years = 2017 - 2000
Number of years = 17

Final Answer: The final answer is 17.",<num_years>
375,How many years did Neo Hom support belligerents in the Insurgency in Laos?,26,proxy war,987,"To determine the number of years Neo Hom supported the belligerents in the Insurgency in Laos, we need to examine the information provided in the table.

Step 1: Identify the relevant information about Neo Hom in the table. 
The relevant information is: 'Neo Hom (1981-2007)'

Step 2: Determine the time period during which Neo Hom supported the belligerents. 
The time period is from 1981 to 2007.

Step 3: Calculate the number of years Neo Hom supported the belligerents. 
To find the number of years, we need to subtract the start year from the end year and then add 1 to include the end year itself. 
So, 2007 - 1981 = 26, then 26 + 1 = 27.

Therefore, Neo Hom supported the belligerents for 27 years.

Final Answer: The final answer is 27.",<num_years>
376,How many years did Pau Quemada play for Real Club de Polo?,2,hockey,41,"To find the number of years Pau Quemada played for Real Club de Polo, we need to look at the Senior career section of the table.

Q: How many years did Pau Quemada play for Real Club de Polo?

Step 1: Identify the relevant section of the table, which is the Senior career section.

Step 2: Look for the specific years Pau Quemada played for Real Club de Polo. According to the table, he played for Real Club de Polo from 2009-2011.

Step 3: Calculate the number of years by subtracting the starting year from the ending year. years_played = 2011 - 2009 = 2

Final Answer: The final answer is 2.",<num_years>
377,How many years did Pau Quemada play in the senior division?,16,hockey,41,"To determine the number of years Pau Quemada played in the senior division, we need to look at the ""Senior career"" section of the table.

1. The ""Senior career"" section provides a list of years Pau Quemada played for different teams.
2. We need to identify the start and end years of his senior career.
3. Looking at the table, we see that Pau Quemada played for Club Egara from 0000 to 2005, then for Laren from 2005-2006, and so on.
4. To find the total number of years, we need to count the number of years between the start and end years of his senior career.
5. However, the start year is 0000, which is not a valid year. We can assume it's a placeholder for an unknown or missing start year. 
6. The first valid start year is 2005, and the last valid end year is 2021.
7. Counting the years from 2005 to 2021, we get 16 years.

However, this calculation doesn't account for the years Pau Quemada played for other teams, such as Real Club de Polo and Club Egara. To",<num_years>
378,How many years did Sachin Tendulkar play for the national side?,24,cricket,526,"To find the number of years Sachin Tendulkar played for the national side, we need to find the difference between his first and last appearances for the national side.

Step 1: Find Sachin Tendulkar's first appearance for the national side.
From the table, we can see that his Test debut (cap 187) was on 15 November 1989.

Step 2: Find Sachin Tendulkar's last appearance for the national side.
From the table, we can see that his last Test was on 14 November 2013.

Step 3: Calculate the number of years between the first and last appearances.
We need to subtract the year of the first appearance from the year of the last appearance. 
First appearance year: 1989
Last appearance year: 2013
Number of years = Last appearance year - First appearance year = 2013 - 1989 = 24

However, we also need to consider the months. Since both the first and last appearances were in November, we can simply subtract the years.

Step 4: Verify if the months are the same.
First appearance month: November
Last appearance month: November
Months are the same, so no further adjustments are needed.

",<num_years>
379,What is the difference of the synodic period between Mars and Earth in years?,1.135,planet,1137,"To find the difference of the synodic period between Mars and Earth in years, we need to follow these steps:

1. Find the synodic period of Mars in years from the given table. 
   In the ""Orbital characteristics"" section, the synodic period of Mars is given as 779.96 days. To convert this to years, we divide by 365.25 (the average number of days in a year).

   Synodic period of Mars = 779.96 / 365.25 ≈ 2.1354 years

2. Find the synodic period of Earth in years. 
   The synodic period of Earth is approximately 29.53 days. To convert this to years, we divide by 365.25.

   Synodic period of Earth = 29.53 / 365.25 ≈ 0.0807 years

3. Calculate the difference in the synodic period between Mars and Earth in years.
   Difference = Synodic period of Mars - Synodic period of Earth
   Difference ≈ 2.1354 - 0.0807 ≈ 2.0547 years

However, the question asks for the difference in the synodic period between Mars and Earth in years. Since the syn",<num_years>
380,How many years did the Chadian Civil War last?,14,proxy war,974,"To determine the duration of the Chadian Civil War, we need to identify the start and end dates mentioned in the table.

1. The start date of the Chadian Civil War is mentioned as ""1 November 1965.""
2. The end date is mentioned as ""November 1979.""

To find the duration, we need to calculate the difference between the start and end years. 

1. The start year is 1965.
2. The end year is 1979.

The difference between the start and end years is 1979 - 1965 = 14 years.

However, the question asks for the duration of the war, which is likely to be the time period between the start and end dates. Since the start date is November 1965 and the end date is November 1979, the duration would be from November 1965 to November 1979, which is indeed 14 years.

Final Answer: The final answer is 14.",<num_years>
381,How many years did the civil war in Chad last?,14,proxy war,974,"To find the duration of the Chadian Civil War, we need to identify the start and end dates of the conflict. 

1. The start date of the Chadian Civil War is given as 1 November 1965.
2. The end date of the Chadian Civil War is given as November 1979.

Now, we need to calculate the duration of the conflict. To do this, we can subtract the start year from the end year and then consider the months.

Start year: 1965
End year: 1979

Duration in years: 1979 - 1965 = 14 years

Since the conflict started on 1 November 1965 and ended in November 1979, we can conclude that the conflict lasted for 14 years, including the entire year of 1979.

Final Answer: The final answer is 14.",<num_years>
382,How many years did the Defence Force last before its current form?,35,army,1118,"To find the number of years the Defence Force lasted before its current form, we need to identify the date when the Defence Force was founded and the date when its current form was established.

From the table, we can see that the Defence Force was founded on 12 November 1955. The current form of the Defence Force was established on 3 October 1990.

Now, let's calculate the number of years between these two dates. 

The Defence Force was founded in 1955, and its current form was established in 1990. 

To find the number of years, we can subtract the year of founding from the year of the current form: 
1990 - 1955 = 35 years.

However, since the Defence Force was founded on 12 November 1955 and its current form was established on 3 October 1990, we need to consider the fraction of the year. 

Since the Defence Force was founded before the current year, we can consider the fraction of the year as 0.

Therefore, the number of years the Defence Force lasted before its current form is approximately 35 years.

Final Answer: The final answer is 35.",<num_years>
383,"How many years did the First Lebanon War, starting in 1982, last?",3,army,1119,"To determine the duration of the First Lebanon War, we need to follow these steps:

1. Identify the start year of the First Lebanon War from the table: The war started in 1982.

2. Identify the end year of the First Lebanon War from the table: The war ended in 1985.

3. Calculate the duration of the war by subtracting the start year from the end year: 1985 - 1982 = 3 years.

Therefore, the First Lebanon War lasted for 3 years.

Final Answer: The final answer is 3.",<num_years>
384,In what year did Singh win the most gold medals in international competition?,2001,hockey,486,"To answer this question, we need to analyze the information provided in the table about Gagan Ajit Singh's achievements in international competitions.

Step 1:  Identify the international competitions where Singh won gold medals. 
From the table, we can see that Singh won gold medals in the following competitions:
- 2001 Junior World Cup (Hobart)
- 2001 Champions Challenge (Kuala Lumpur)
- 2003 Asia Cup (Kuala Lumpur)

Step 2: Determine the year in which Singh won the most gold medals in international competition.
Since there is no information about the number of gold medals won in each competition, we need to look for the year with the most gold medals. 

Step 3: Analyze the table for information about the number of gold medals won in each competition.
The table shows that Singh won gold medals in three competitions in 2001 (Junior World Cup and Champions Challenge) and one gold medal in 2003 (Asia Cup). However, it does not provide information about the total number of gold medals won in each year.

Step 4: Since the table does not provide information about the total number of gold medals won in each year, we cannot determine the year in which Singh won the most gold medals in international",yyyy
385,How many years did the First Sudanese Civil War last?,16,proxy war,982,"To find out how many years the First Sudanese Civil War lasted, we need to follow these steps:

1. Identify the start date of the war from the table: The start date is given as 18 August 1955.

2. Identify the end date of the war from the table: The end date is given as 27 March 1972.

3. Calculate the duration of the war by subtracting the start date from the end date. To do this, we need to find the difference in years.

First, we find the difference in years between 1955 and 1972. 

1972 - 1955 = 17 years

However, we need to consider the months and days as well. The start date is 18 August 1955, and the end date is 27 March 1972.

Since we are only asked for the years, we can ignore the months and days for this calculation.

4. The duration of the war is 17 years.

Final Answer: The final answer is 17.",<num_years>
386,How many years did the Second Liberation Army exist?,8,proxy war,974,"To determine how many years the Second Liberation Army existed, let's follow these steps:

1. Identify the time period during which the Second Liberation Army was active. We can find this information in the ""Belligerents"" section of the table.
2. The Second Liberation Army is mentioned as being active from 1968-76.

Now that we have the time period, we can calculate the duration of the Second Liberation Army's existence.

3. To find the number of years, we need to subtract the start year from the end year. 
4. The start year is 1968, and the end year is 1976.

5. Subtracting the start year from the end year gives us: 1976 - 1968 = 8

Therefore, the Second Liberation Army existed for 8 years.

Final Answer: The Second Liberation Army existed for 8 years.",<num_years>
387,How many years did the Tonnerre sail before it was burned down?,1,ship,1110,"To find out how many years the Tonnerre sailed before it was burned down, we need to determine the date it was commissioned and the date it was burned.

1. The Tonnerre was commissioned on 21 July 1808. 
2. The Tonnerre was burned and exploded on 12 April 1809.
3. To find the number of years, we need to find the difference between the two dates. 
   - Since the date of burning is in April 1809 and the date of commissioning is in July 1808, the Tonnerre sailed for a little more than a year.

Final Answer: The final answer is 1.",<num_years>
388,How many years did Tochiazuma Daisuke wrestle?,13,sumo,169,"To determine how many years Tochiazuma Daisuke wrestled, we need to find the difference between his debut year and his retirement year.

Step 1: Find Tochiazuma Daisuke's debut year. 
According to the table, Tochiazuma Daisuke debuted in November 1994.

Step 2: Find Tochiazuma Daisuke's retirement year. 
According to the table, Tochiazuma Daisuke retired in May 2007.

Step 3: Calculate the difference between the retirement year and the debut year to find the total number of years Tochiazuma Daisuke wrestled.
Retirement year - Debut year = 2007 - 1994 = 13

Therefore, Tochiazuma Daisuke wrestled for 13 years.

Final Answer: The final answer is 13.",<num_years>
389,How many years did Viv Richards play for the West Indies?,17,cricket,57,"To find the number of years Viv Richards played for the West Indies, let's break down the information step by step:

1.  We need to find the row that contains information about Viv Richards' international career for the West Indies.
2.  Looking at the table, the row with the label ""International information"" contains the relevant information.
3.  Within this row, we need to find the specific information about Viv Richards' West Indies career, which includes his Test debut and last Test.
4.  The Test debut date is given as 22 November 1974, and the last Test date is given as 8 August 1991.
5.  To find the number of years Viv Richards played for the West Indies, we need to calculate the difference between the last Test date and the Test debut date.
6.  Since Viv Richards played his last Test in 1991 and his first Test in 1974, we can calculate the number of years by subtracting 1974 from 1991.

Now, let's calculate the difference:

1991 - 1974 = 17

Therefore, Viv Richards played for the West Indies for 17 years.

Final Answer: The final answer is 17.",<num_years>
390,How many years elapsed between Merckx's first General Classification win and his last Combination Classification win at the Tour de France?,5,cycling,635,"To find the years elapsed between Merckx's first General Classification win and his last Combination Classification win at the Tour de France, we need to follow these steps:

1. Identify Merckx's first General Classification win at the Tour de France. 
   From the table, we see that his first General Classification win was in 1969.

2. Identify Merckx's last Combination Classification win at the Tour de France. 
   From the table, we see that his last Combination Classification win was in 1974.

3. Calculate the years elapsed between these two events. 
   Since the years of these two events are 1969 and 1974, we subtract the earlier year from the later year: 1974 - 1969 = 5 years.

So, the years elapsed between Merckx's first General Classification win and his last Combination Classification win at the Tour de France is 5 years.

Final Answer: The final answer is 5.",<num_years>
391,How many years elapsed between the laying down and the launching of the Tonnerre?,14,ship,1110,"To find the number of years elapsed between the laying down and the launching of the Tonnerre, we need to compare the dates given in the table.

The Tonnerre was laid down on 22 September 1794, and it was launched on 9 June 1808.

First, let's find the difference in years between these two dates. We can do this by subtracting the year of laying down (1794) from the year of launching (1808).

1808 - 1794 = 14

This means that 14 years elapsed between the laying down and the launching of the Tonnerre.

Final Answer: The final answer is 14.",<num_years>
392,How many years elapsed from when Dhanraj Pillay won his first medal in Kuala Lumpur to his last in Kuala Lumpur?,4,hockey,485,"To answer this question, we need to find the years when Dhanraj Pillay won his first and last medals in Kuala Lumpur.

1.  From the table, we see that Dhanraj Pillay won a gold medal in the Champions Challenge in 2001 Kuala Lumpur. This is his first medal in Kuala Lumpur.

2.  Next, we need to find his last medal in Kuala Lumpur. From the table, we see that he also won a silver medal in the Asia Cup in 2003 Kuala Lumpur. This is his last medal in Kuala Lumpur.

3.  Now, we need to find the difference in years between these two events. The first medal was won in 2001, and the last medal was won in 2003.

4.  To find the difference, we subtract the earlier year from the later year: 2003 - 2001 = 2 years.

Therefore, 2 years elapsed from when Dhanraj Pillay won his first medal in Kuala Lumpur to his last in Kuala Lumpur.

Final Answer: The final answer is 2.",<num_years>
393,How many years had Adal been known as Birlik before it changed its name in 2020?,7,political party,932,"To find the number of years Adal was known as Birlik before it changed its name in 2020, we need to follow these steps:

1. Find the date when Adal was founded as Birlik.
2. Find the date when Adal changed its name from Birlik to Adal.
3. Calculate the difference between the two dates to find the number of years Adal was known as Birlik.

From the table, we can see that Adal was founded as Birlik on April 26, 2013. It changed its name to Adal on November 5, 2020.

Now, let's calculate the difference between the two dates. We know that Adal was founded as Birlik in 2013 and changed its name to Adal in 2020. To find the number of years, we need to subtract 2013 from 2020.

2020 - 2013 = 7

However, this calculation gives us the number of years from 2013 to 2020, but we need to know how many years it was known as Birlik. Since it was known as Birlik from 2013 to 2020, we need to subtract 1 from the result because 2020 is",<num_years>
394,How many years had it been since the creation of the Israel Defense Forces before the Sinai War?,8,army,1119,"To find out how many years had passed since the creation of the Israel Defense Forces before the Sinai War, we need to follow these steps:

1. Determine the year when the Israel Defense Forces was created.
   - The table states that the Israel Defense Forces was ""Founded on 26 May 1948.""

2. Determine the year when the Sinai War took place.
   - The table states that the Sinai War occurred in the year ""1956.""

3. Calculate the number of years that passed between the creation of the Israel Defense Forces and the Sinai War.
   - To do this, we need to subtract the year the Israel Defense Forces was created from the year the Sinai War occurred.
   - The calculation will be: 1956 - 1948 = 8

So, it had been 8 years since the creation of the Israel Defense Forces before the Sinai War.

Final Answer: The final answer is 8.",<num_years>
395,How many years had the Chadian Civil War been ongoing when Félix Malloum was overthrown in 1979?,14,proxy war,974,"To find out how many years the Chadian Civil War had been ongoing when Félix Malloum was overthrown in 1979, we need to determine the start date of the conflict and then calculate the duration.

Step 1: Identify the start date of the Chadian Civil War. 
According to the table, the Chadian Civil War started on 1 November 1965.

Step 2: Determine the end date of Félix Malloum's rule.
Félix Malloum was overthrown in 1979.

Step 3: Calculate the duration of the conflict during Félix Malloum's rule.
To find out how many years the conflict had been ongoing when Félix Malloum was overthrown, we need to subtract the start date from the end date. 

Start date: 1 November 1965
End date: 1979 (exact date not specified, but it is implied to be the end of 1979)

Since the start date is in November and the end date is at the end of 1979, we can approximate the duration by considering the entire year 1965 and the years from 1966 to 1979.

Duration = 1979 - 1965 = 14 years",<num_years>
396,How many years had the Chadian Civil War been ongoing when François Tombalbaye was overthrown and killed in 1975?,10,proxy war,974,"To find the answer to the question, let's break it down step by step.

1. First, we need to determine the date when François Tombalbaye was overthrown and killed. According to the table, this event occurred in 1975.

2. Next, we need to find the starting date of the Chadian Civil War. The table mentions that the Chadian Civil War began on 1 November 1965.

3. To find out how many years the Chadian Civil War had been ongoing when François Tombalbaye was overthrown and killed in 1975, we need to calculate the difference between 1975 and 1965.

4. The difference between 1975 and 1965 is 10 years.

Therefore, the Chadian Civil War had been ongoing for 10 years when François Tombalbaye was overthrown and killed in 1975.

Final Answer: The final answer is 10.",<num_years>
397,How many years had the New Order been fighting when the National Vanguard joined?,3,proxy war,1020,"To answer the question, let's break it down step by step.

Step 1: Determine the duration of the New Order's fight.
The New Order was active from 1957 to 1973.

Step 2: Determine the year the National Vanguard joined.
The National Vanguard was active from 1960 to 1976.

Step 3: Calculate the overlap period.
Since both groups were active during the same time period, we need to find the overlap. The New Order was active from 1957 to 1973, and the National Vanguard was active from 1960 to 1976. The overlap period is from 1960 to 1973.

Step 4: Calculate the duration of the New Order's fight during the overlap period.
The New Order was fighting for 13 years (1973 - 1960 + 1 = 13 years) when the National Vanguard joined.

However, the question asks how many years the New Order had been fighting when the National Vanguard joined, so we need to consider the duration of the New Order's fight before the National Vanguard joined.

Step 5: Calculate the duration of the New Order's fight before the National Vanguard joined.
The New Order was active from 1957 to 1960",<num_years>
398,How many years has HMS Astute been in service in the UK Navy?,8,ship,1114,"To determine how many years HMS Astute has been in service, we need to identify the commissioning date and the current year.

1. The commissioning date of HMS Astute is given as 27 August 2010.
2. The current year is 2022 (as given in the problem statement).
3. To find the number of years HMS Astute has been in service, we need to subtract the commissioning year from the current year.

Now, let's calculate the number of years:

2022 (current year) - 2010 (commissioning year) = 12

So, HMS Astute has been in service for 12 years.

Final Answer: The final answer is 12.",<num_years>
399,How many years has HMS Astute been in service with the UK Navy?,26,ship,224,"To find out how many years HMS Astute has been in service with the UK Navy, we first need to identify the information about HMS Astute in the given table.

A: Unfortunately, there is no information about HMS Astute in the table provided. The table contains information about HMS Somerset. 

Since we cannot find the information about HMS Astute, we cannot provide the number of years it has been in service with the UK Navy.

Final Answer: Not Available",<num_years>
400,How many years has it been since Paul Coll last received a bronze medal in any competition?,4,squash,109,"To answer the question, we need to find the last competition where Paul Coll received a bronze medal and then determine the time elapsed since that competition.

Step 1: Identify the competition where Paul Coll received a bronze medal.
From the table, we can see that Paul Coll received a bronze medal in the following competitions:
- 2020-21 Chicago | Singles (World Championships)
- 2016 Darwin | Doubles (World Doubles Championships)
- 2017 Manchester | Doubles (World Doubles Championships)
- 2018 Gold Coast | Mixed doubles (Commonwealth Games)

Step 2: Determine the most recent competition among the ones identified in Step 1.
The most recent competition is the 2020-21 Chicago | Singles (World Championships).

Step 3: Find the date of the most recent competition.
The table does not provide the exact date of the competition, but it mentions that the information was last updated on 13 April 2022. Since the competition was held in 2020-21, we can assume that the competition took place around 2020-21.

Step 4: Calculate the time elapsed since the most recent competition.
Since the competition took place around 2020-21 and the current year is 2022",<num_years>
401,How many years has it been since the First Sudanese Civil War began?,67,proxy war,982,"To determine how many years it has been since the First Sudanese Civil War began, we need to follow these steps:

1.  Identify the start date of the First Sudanese Civil War.
2.  Identify the current date (which is assumed to be December 2022).
3.  Calculate the difference between the current date and the start date.

From the table, we can see that the First Sudanese Civil War began on 18 August 1955.

Now, let's calculate the difference between the current date (December 2022) and the start date (18 August 1955):

- To find the number of years, we can subtract the year of the start date (1955) from the year of the current date (2022).

2022 - 1955 = 67 years

However, this calculation does not take into account the months and days between the two dates.

- To find the total number of years, we need to add the number of years that have passed since the start date to the number of years that have passed in the current year.

Since we are only interested in the total number of years, we can ignore the months and days.

Therefore, the First Sudanese Civil War began approximately 67 years ago.

",<num_years>
402,How many years has it been since the Insurgency in Laos?,47,proxy war,987,"To determine how many years have passed since the Insurgency in Laos began, we need to follow these steps:

1.  Identify the start date of the conflict. The table states that the Insurgency in Laos began on ""2 December 1975"".
2.  Determine the current date. The problem states that the current date is December 2022.
3.  Calculate the difference between the current year and the start year to find the number of years that have passed.

Step 1: Identify the start date of the conflict.
The Insurgency in Laos began on 2 December 1975.

Step 2: Determine the current date.
The current date is December 2022.

Step 3: Calculate the difference between the current year and the start year.
To find the number of years that have passed, we need to subtract the start year from the current year:
2022 - 1975 = 47

Therefore, it has been 47 years since the Insurgency in Laos began.

Final Answer: The final answer is 47.",<num_years>
403,How many years has Pau Quemada been playing in his senior career?,17,hockey,41,"To find the number of years Pau Quemada has been playing in his senior career, we need to look at the ""Senior career"" section of the table. This section lists the years he played for different teams.

The years listed are in the format of ""Year1-Year2 Team1"" and ""Year1-Year2 Team2"", and so on.

Let's break down the years he played for each team:

1. Club Egara: 0000 - 2005 (Note: The year ""0000"" is likely an error and should be ""1999"" or another year, but we'll consider it as is)
2. Laren: 2005-2006
3. Leuven: 2006-2009
4. Real Club de Polo: 2009-2011
5. Leuven: 2011-2016
6. Club Egara: 2016-2021
7. Leuven: 2021-present

Since we're looking for the total number of years, we need to find the difference between the earliest and latest years he played.

Let's assume the earliest year is 0000 (which is likely an error) and the latest year is ",<num_years>
404,How many years has the Australian Defence Force been in its current form?,46,army,1116,"To find the answer to the question, let's break it down step by step.

Step 1: Identify the relevant information in the table. We are looking for the information related to the current form of the Australian Defence Force.

Step 2: In the table, we find the section ""Current form"" under the category ""Australian Defence Force"". The date mentioned in this section is ""9 February 1976"".

Step 3: Now, we need to find out when the Australian Defence Force was founded to determine how many years it has been in its current form.

Step 4: In the table, we find the section ""Founded"" under the category ""Australian Defence Force"". The date mentioned in this section is ""1 January 1901"".

Step 5: To find the difference in years, we need to subtract the founding date from the current form date. We can calculate this as follows:
Current form date: 9 February 1976
Founding date: 1 January 1901
Difference = 1976 - 1901 = 75 years

However, since the Australian Defence Force changed its current form on 9 February 1976, we need to consider the date of the current form. Therefore, we need to calculate the",<num_years>
405,How many years have passed since the First Sudanese Civil War ended?,50,proxy war,982,"To determine how many years have passed since the First Sudanese Civil War ended, we need to follow these steps:

1. Identify the end date of the First Sudanese Civil War. The end date is mentioned as 27 March 1972.
2. Determine the current date. Since the current date is assumed to be December 2022, we will use this as our current date.
3. Calculate the difference between the current date and the end date of the civil war.

Step 1: Identify the end date of the First Sudanese Civil War.
The end date is 27 March 1972.

Step 2: Determine the current date.
The current date is December 2022.

Step 3: Calculate the difference between the current date and the end date of the civil war.

To calculate the difference, we will use the current date (December 2022) and the end date (27 March 1972). 

The current date (December 2022) is approximately 50 years after the end date (27 March 1972).

Final Answer: The final answer is 50.",<num_years>
406,How many years into his career did Tochiazuma Daisuke achieve his highest rank?,8,sumo,169,"To find out how many years into his career Tochiazuma Daisuke achieved his highest rank, we need to follow these steps:

1. Find the year Tochiazuma Daisuke achieved his highest rank, which is Ōzeki.
2. Find the year Tochiazuma Daisuke started his career.
3. Subtract the year he started his career from the year he achieved his highest rank to get the number of years.

From the table, we can see that Tochiazuma Daisuke achieved his highest rank, Ōzeki, in January 2002.

His debut was in November 1994.

Now, let's calculate the number of years: 
2002 - 1994 = 8

Therefore, Tochiazuma Daisuke achieved his highest rank 8 years into his career.

Final Answer: The final answer is 8.",<num_years>
407,How many years is one eligible for enlistment in the Japan Self-Defense Forces?,14,army,1120,"To find the answer to the question, let's follow the steps:

1. Identify the relevant information in the table: The table has several sections, but we're interested in the ""Personnel"" section, which contains information about military age and personnel.

2. Find the information about military age: In the ""Personnel"" section, we see that ""Military age"" is 18-32 eligible for enlistment. This means that individuals are eligible to enlist in the Japan Self-Defense Forces between the ages of 18 and 32.

3. Determine the duration of eligibility: Since the eligible age range is from 18 to 32, we need to find the difference between these two ages to determine how many years one is eligible for enlistment.

4. Calculate the duration: The difference between 32 and 18 is 14 years.

Therefore, one is eligible for enlistment in the Japan Self-Defense Forces for 14 years.

Final Answer: The final answer is 14.",<num_years>
408,How many years longer did the People's Front national affiliation last than the Cominform international affiliation?,8,political party,185,"To answer the question, we need to determine the duration of the People's Front national affiliation and the Cominform international affiliation.

1. The People's Front national affiliation started in 1944 and ended in 1953. 
   Duration of the People's Front national affiliation = 1953 - 1944 = 9 years

2. The Cominform international affiliation started in 1947 and ended in 1948. 
   Duration of the Cominform international affiliation = 1948 - 1947 = 1 year

Now, we need to find out how many years longer the People's Front national affiliation lasted compared to the Cominform international affiliation.
   Difference in duration = Duration of the People's Front national affiliation - Duration of the Cominform international affiliation
   Difference in duration = 9 years - 1 year = 8 years

Final Answer: The final answer is 8.",<num_years>
409,How many years longer has the Arab Socialist Ba'ath Party existed than its paramilitary wing?,69,political party,183,"To answer this question, we need to follow these steps:

1. Determine the founding year of the Arab Socialist Ba'ath Party.
2. Determine the founding year of the Ba'ath Brigades, the paramilitary wing of the Arab Socialist Ba'ath Party.
3. Calculate the difference in years between the founding year of the Arab Socialist Ba'ath Party and the Ba'ath Brigades.

Looking at the table, we can see that the Arab Socialist Ba'ath Party was founded on 7 April 1947.

The Ba'ath Brigades, the paramilitary wing, was active from 2012-2018. However, we are looking for the founding year of the Ba'ath Brigades, which is not explicitly mentioned in the table. We can assume that the Ba'ath Brigades were formed at the same time as their parent party's paramilitary wing was established. However, we do have the year the paramilitary wing ceased to exist.

Given the information we have, we cannot accurately determine the founding year of the Ba'ath Brigades. However, we can determine the duration for which the paramilitary wing existed, which is from 2012 to 2018. 

Therefore, we can calculate the difference in years between the",<num_years>
410,How many years longer was GUNT part of the Pro-Libyan Chadian faction than Codos?,4,proxy war,975,"To find the answer, we need to first identify the time periods when GUNT and Codos were part of the Pro-Libyan Chadian factions.

From the table, we see that:
- GUNT was part of the Pro-Libyan Chadian faction from 1979-1986.
- Codos was part of the Pro-Libyan Chadian faction from 1983-1986.

Now, let's calculate the duration of each group's involvement:
- GUNT was involved for 7 years (1986 - 1979).
- Codos was involved for 3 years (1986 - 1983).

To find the difference, subtract the duration of Codos' involvement from the duration of GUNT's involvement:
7 years (GUNT) - 3 years (Codos) = 4 years.

Therefore, GUNT was part of the Pro-Libyan Chadian faction 4 years longer than Codos.

Final Answer: The final answer is 4.",<num_years>
411,What year did Brian Lara join Team Transvaal?,1992,cricket,528,"To answer this question, we need to look at the ""Domestic team information"" section of the table. 

Step 1: Identify the relevant section in the table. The section we need is ""Domestic team information"".

Step 2: Look for the team mentioned in the question, which is ""Transvaal"". In the table, we find the line ""1992-1993	Transvaal"".

Step 3: Identify the year Brian Lara joined Team Transvaal. The year is mentioned in the line ""1992-1993	Transvaal"".

Step 4: Since the year range is ""1992-1993"", we can conclude that Brian Lara joined Team Transvaal in 1992.

Final Answer: The final answer is 1992.",yyyy
412,How many years longer was Katanga a belligerent than Kwilu and Simba rebels?,2,proxy war,978,"To determine how many years longer Katanga was a belligerent than Kwilu and Simba rebels, we need to identify the time periods during which each was a belligerent.

From the table, we see that Katanga was a belligerent from 1960-63. 

Kwilu and Simba rebels were a belligerent from 1964-65.

Now, we need to calculate the duration of each belligerency. 

Katanga was a belligerent for 3 years (1960-63).

Kwilu and Simba rebels were a belligerent for 1 year (1964-65).

To find the difference in duration, we subtract the duration of Kwilu and Simba rebels from the duration of Katanga.

Difference in duration = Duration of Katanga - Duration of Kwilu and Simba rebels
= 3 years - 1 year
= 2 years

Therefore, Katanga was a belligerent for 2 years longer than Kwilu and Simba rebels.

Final Answer: The final answer is 2.",<num_years>
413,How many years longer was Neo Hom a belligerent than the Party of Democratic Kampuchea?,17,proxy war,987,"To determine the difference in duration that Neo Hom was a belligerent compared to the Party of Democratic Kampuchea, we need to find the start and end dates for each group.

Neo Hom was a belligerent from 1981-2007. 
The Party of Democratic Kampuchea was a belligerent from 1981-1990.

First, let's find the duration of each group:
- Neo Hom: 2007 - 1981 = 26 years
- Party of Democratic Kampuchea: 1990 - 1981 = 9 years

Next, we subtract the duration of the Party of Democratic Kampuchea from the duration of Neo Hom:
26 years (Neo Hom) - 9 years (Party of Democratic Kampuchea) = 17 years

Therefore, Neo Hom was a belligerent 17 years longer than the Party of Democratic Kampuchea.

Final Answer: The final answer is 17.",<num_years>
414,How many years longer was the command of Abdul Salam Arif than Abdul Rahman Arif's?,1,proxy war,981,"A: Let's think step by step.

1. First, let's identify the time period for which Abdul Salam Arif was in command. According to the table, Abdul Salam Arif was in command from 1963-1966.

2. Next, let's identify the time period for which Abdul Rahman Arif was in command. According to the table, Abdul Rahman Arif was in command from 1966-1968.

3. To find the difference in the duration of their commands, we need to find the difference in their start and end years.

   Abdul Salam Arif's command duration: 1966 (end year of Abdul Salam Arif) - 1963 (start year of Abdul Salam Arif) = 3 years
   Abdul Rahman Arif's command duration: 1968 (end year of Abdul Rahman Arif) - 1966 (start year of Abdul Rahman Arif) = 2 years

4. Now, let's find the difference in the duration of their commands. 
   Difference in duration = Abdul Salam Arif's command duration - Abdul Rahman Arif's command duration
   Difference in duration = 3 years - 2 years
   Difference in duration = ",<num_years>
415,How many years longer were the Red Brigades belligerents than the Workers' Autonomy?,12,proxy war,1020,"To find the answer, we need to determine the duration of the Red Brigades and the Workers' Autonomy.

Step 1: Find the duration of the Red Brigades.
The Red Brigades were active from 1970 to 1988. 
To find the duration, we subtract the start year from the end year: 1988 - 1970 = 18 years.

Step 2: Find the duration of the Workers' Autonomy.
The Workers' Autonomy was active from 1967 to 1979.
To find the duration, we subtract the start year from the end year: 1979 - 1967 = 12 years.

Step 3: Find the difference in duration between the Red Brigades and the Workers' Autonomy.
To find the difference, we subtract the duration of the Workers' Autonomy from the duration of the Red Brigades: 18 years - 12 years = 6 years.

The Red Brigades belligerents were 6 years longer than the Workers' Autonomy belligerents.

Final Answer: The final answer is 6.",<num_years>
416,How many years must you wait from the earliest you can serve to being eligible for special forces?,2,army,1116,"To find the answer to the question, we need to follow these steps:

1.  Identify the earliest age at which you can serve in the Australian Defence Force. 
    -   This information is found in the ""Personnel"" section of the table under the ""Military age"" subsection.
    -   The age is listed as 17 years.

2.  Identify the age at which you are eligible for special forces deployment.
    -   This information is also found in the ""Personnel"" section of the table under the ""Military age"" subsection.
    -   The age is listed as 19 years.

3.  Calculate the number of years you must wait from the earliest you can serve to being eligible for special forces.
    -   Subtract the age at which you can serve (17 years) from the age at which you are eligible for special forces (19 years).
    -   This gives us 19 - 17 = 2 years.

Final Answer: The final answer is 2.",<num_years>
417,How many years old is the Ba'ath Party?,75,political party,183,"To find out how many years old the Ba'ath Party is, we need to determine the year it was founded and then calculate the difference between that year and the current year.

Step 1: Find the founding year of the Ba'ath Party.
The founding year is mentioned in the table as ""Founded	7 April 1947"".

Step 2: Identify the current year.
Assuming the current date is December 2022, we will use this as our current year.

Step 3: Calculate the difference between the current year and the founding year.
Current year: 2022
Founding year: 1947
Difference: 2022 - 1947 = 75

Therefore, the Ba'ath Party is 75 years old.

Final Answer: The final answer is 75.",<num_years>
418,How many years old was the Communist Party of the Soviet Union when it became affiliated with Comintern?,1,political party,933,"To answer this question, we need to determine the year the Communist Party of the Soviet Union became affiliated with Comintern and then calculate the age of the party at that time.

1. First, let's identify the year the Communist Party of the Soviet Union became affiliated with Comintern. We can find this information in the table under the ""International affiliation"" section. It says the party was affiliated with Comintern from 1919 to 1943.

2. Since the affiliation started in 1919, we need to calculate the age of the party in that year. The party was founded on March 8, 1918. To calculate the age, we need to find the difference between 1919 and 1918.

3. The difference between 1919 and 1918 is 1 year.

4. Therefore, the Communist Party of the Soviet Union was 1 year old when it became affiliated with Comintern.

Final Answer: The final answer is 1.",<num_years>
419,How many years old was the Communist Party of the Soviet Union when it had over 19 million members?,71,political party,933,"To answer this question, we need to follow these steps:

1. Determine the year when the Communist Party of the Soviet Union had over 19 million members.
2. Find the year when the Communist Party of the Soviet Union was founded.
3. Subtract the founding year from the year when the party had over 19 million members to find the age of the party.

From the table, we can see that the Communist Party of the Soviet Union had 19,487,822 members in early 1989. This is the year when the party had over 19 million members.

The party was founded on 8 March 1918.

Now, let's subtract the founding year from the year when the party had over 19 million members:

1989 - 1918 = 71

Therefore, the Communist Party of the Soviet Union was 71 years old when it had over 19 million members.

Final Answer: The final answer is 71.",<num_years>
420,What year did Eddy Merckx win his first gold at the World Championships?,1964,cycling,635,"To find the year Eddy Merckx won his first gold at the World Championships, we need to look at the information provided in the table under the section ""Representing | Belgium | Men's road bicycle racing | World Championships"".

The section lists the years Eddy Merckx won the gold medal in the World Championships, along with the location and type of race. We are interested in the year he won his first gold.

Step 1: Identify the years Eddy Merckx won the gold medal in the World Championships.
- 1964 Sallanches | Amateurs' road race
- 1967 Heerlen | Professional road race
- 1971 Mendrisio | Professional road race
- 1974 Montréal | Professional road race

Step 2: Determine the first year Eddy Merckx won the gold medal in the World Championships.
- Since the years are listed in chronological order, we can see that the first year Eddy Merckx won the gold medal was 1964.

Final Answer: 1964",yyyy
421,How many years old was the Communist Party of the Soviet Union when it stopped being affiliated with Cominform?,38,political party,933,"To answer this question, we need to follow these steps:

1. Determine the date when the Communist Party of the Soviet Union stopped being affiliated with Cominform.
2. Find the date when the Communist Party of the Soviet Union was founded.
3. Calculate the age of the party at the time it stopped being affiliated with Cominform.

From the table, we can see that the Communist Party of the Soviet Union stopped being affiliated with Cominform in 1956.

Next, we need to find the date when the party was founded. According to the table, the party was founded on 8 March 1918.

Now, let's calculate the age of the party at the time it stopped being affiliated with Cominform:

1956 (year the party stopped being affiliated with Cominform) - 1918 (year the party was founded) = 38 years

However, this is not the age of the party at the time it stopped being affiliated with Cominform, but rather the total age of the party. To find the age at the time it stopped being affiliated with Cominform, we need to subtract the year it stopped being affiliated with Comintern, because Cominform was a successor to Comintern. 

From the table, we can see that the party stopped being",<num_years>
422,What year did Eddy Merckx go professional?,1965,cycling,635,"To find the year Eddy Merckx went professional, let's analyze the information given in the table.

1. The table mentions that Eddy Merckx was a member of the amateur team ""Evere Kerkhoek Sportif"" from 1961 to 1964. This indicates that he was an amateur rider during this period.

2. The table then lists his professional teams, starting with ""Solo-Superia"" in 1965. This suggests that 1965 is the year he turned professional.

Therefore, based on the information provided, we can conclude that Eddy Merckx went professional in 1965.

Final Answer: 1965",yyyy
423,How many years older is the highest military age compared to the youngest in the Republic of Korea Armed Forces?,10,army,1121,"To find the answer, we need to identify the highest and youngest military ages in the Republic of Korea Armed Forces.

From the ""Personnel"" section of the table, we can see that the military age is between 18 and 28 years of age.

The youngest military age is 18 years old, and the highest military age is 28 years old.

Now, let's calculate the difference between the highest and youngest military ages:

28 (highest military age) - 18 (youngest military age) = 10 years

So, the highest military age is 10 years older than the youngest in the Republic of Korea Armed Forces.

Final Answer: The final answer is 10.",<num_years>
424,How many years passed between Riccardo Gabriele Patrese's first and last entries?,16,f1,261,"To find the answer to the question, let's break it down into steps.

Step 1: Identify the year of Riccardo Gabriele Patrese's first entry.
From the table, we see that his first entry was in 1977.

Step 2: Identify the year of Riccardo Gabriele Patrese's last entry.
From the table, we see that his last entry was in 1993.

Step 3: Calculate the difference between the year of the last entry and the year of the first entry to find the number of years that passed between them.
The difference between 1993 and 1977 is 1993 - 1977 = 16 years.

Final Answer: The final answer is 16.",<num_years>
425,What year did Jacques Anquetil begin riding professionally?,1953,cycling,636,"To find the year Jacques Anquetil began riding professionally, let's break down the information provided in the table.

1. The table has a section called ""Amateur team"" which lists the years Jacques Anquetil rode for AC Sottevillais from 1950-1952.
2. This indicates that before 1953, Jacques Anquetil was an amateur rider.
3. The next section is ""Professional teams"" which lists the years Jacques Anquetil rode for various teams starting from 1953.

Based on this information, we can conclude that Jacques Anquetil began riding professionally in 1953.

Final Answer: Final Answer: The final answer is 1953.",yyyy
426,How many years passed between Riccardo Gabriele Patrese's first and last wins?,10,f1,261,"To find the answer to the question, we need to determine the years of Riccardo Gabriele Patrese's first and last wins and then calculate the difference between them.

Step 1: Identify the year of Riccardo Gabriele Patrese's first win.
From the table, we see that his first win was at the 1982 Monaco Grand Prix. Therefore, the year of his first win is 1982.

Step 2: Identify the year of Riccardo Gabriele Patrese's last win.
From the table, we see that his last win was at the 1992 Japanese Grand Prix. Therefore, the year of his last win is 1992.

Step 3: Calculate the difference between the years of his first and last wins.
To find the number of years that passed between his first and last wins, we subtract the year of his first win from the year of his last win: 1992 - 1982 = 10.

Final Answer: The final answer is 10.",<num_years>
427,How many years passed between Richard's ODI debut and his last year playing for Somerset?,11,cricket,57,"To find the number of years between Richard's ODI debut and his last year playing for Somerset, we need to follow these steps:

1. Find Richard's ODI debut year: The table mentions that his ODI debut was on 7 June 1975. This is the year we are interested in.

2. Find Richard's last year playing for Somerset: The table mentions that he played for Somerset from 1974-1986. Therefore, his last year playing for Somerset was 1986.

3. Calculate the difference between the two years: To find the number of years between 1975 and 1986, we subtract the earlier year from the later year: 1986 - 1975 = 11.

So, 11 years passed between Richard's ODI debut and his last year playing for Somerset.

Final Answer: The final answer is 11.",<num_years>
428,How many years passed between Sebastian Vettel's first and last entries?,15,f1,262,"To find the number of years between Sebastian Vettel's first and last entries, we need to determine the years of these two events.

1. First entry: We see that Sebastian Vettel's first entry was at the 2007 United States Grand Prix. The year of this event is 2007.

2. Last entry: We see that Sebastian Vettel's last entry was at the 2022 Canadian Grand Prix. The year of this event is 2022.

Now, we need to calculate the difference between these two years to find the number of years that passed between Sebastian Vettel's first and last entries.

2022 - 2007 = 15 years

So, 15 years passed between Sebastian Vettel's first and last entries.

Final Answer: The final answer is 15.",<num_years>
429,How many years passed between the HMS Montrose being ordered and commissioned?,6,ship,222,"To find the number of years passed between the HMS Montrose being ordered and commissioned, we need to follow these steps:

1. Identify the date when the HMS Montrose was ordered: The HMS Montrose was ordered in July 1988.
2. Identify the date when the HMS Montrose was commissioned: The HMS Montrose was commissioned on 2 June 1994.
3. Calculate the difference between the commissioning date and the ordering date to find the number of years passed.

Now, let's perform the calculation:

Commissioning date: 2 June 1994
Ordering date: July 1988

To calculate the difference, we'll first convert the dates to a common format. We'll assume July 1988 is the last day of the month, so the exact date is 31 July 1988.

Now, let's calculate the difference:

1994 - 1988 = 6 years

However, since the HMS Montrose was ordered in July 1988 and commissioned in June 1994, we need to subtract one more year from the result. This is because the commissioning date is in June 1994, which is before the end of 1994.

6 years - 1 year = 5 years

",<num_years>
430,What year did Roger De Vlaeminck win the gold medal at the World Championships?,1975,cycling,637,"To find the year Roger De Vlaeminck won the gold medal at the World Championships, let's break down the information provided in the table.

1. We are looking for a gold medal win at the World Championships, but there's no mention of a gold medal in the table. However, we do see a mention of a silver medal at the World Championships in 1975.

2. Since the question asks for the year Roger De Vlaeminck won the gold medal, and we don't have any information about a gold medal win, we need to consider the possibility that the information is not provided in the table.

3. Given the information available, we cannot determine the year Roger De Vlaeminck won the gold medal at the World Championships.

Final Answer: There is not enough information to answer the question.",yyyy
431,How many years passed between the laying down and the launch of the Tonnerre?,14,ship,1110,"A: Let's think step by step.

Step 1: Identify the dates related to the laying down and the launch of the Tonnerre.
From the table, we can see that the Tonnerre was laid down on 22 September 1794 and launched on 9 June 1808.

Step 2: Calculate the difference between the two dates.
To find the number of years that passed, we need to subtract the year of laying down from the year of launch. 
Launch year: 1808
Laying down year: 1794

Step 3: Perform the subtraction.
1808 - 1794 = 14

Step 4: Determine if any additional months or days need to be considered.
Since the question asks for the number of years, and the years are already accounted for in the subtraction, no additional months or days need to be considered.

Final Answer: The final answer is 14.",<num_years>
432,How many years passed from the ordering to the launching of HMS Montrose?,4,ship,222,"To find out how many years passed from the ordering to the launching of HMS Montrose, we need to follow these steps:

1. Identify the date when HMS Montrose was ordered: The ordering date of HMS Montrose is given as July 1988.

2. Identify the date when HMS Montrose was launched: The launching date of HMS Montrose is given as 31 July 1992.

3. Calculate the time difference between the launching date and the ordering date: To find the number of years, we subtract the ordering year from the launching year.

Ordering year: 1988
Launching year: 1992

Time difference = Launching year - Ordering year = 1992 - 1988 = 4 years

Therefore, 4 years passed from the ordering to the launching of HMS Montrose.

Final Answer: The final answer is 4.",<num_years>
433,How many years separate Pau Quemada's start at Leuven from the beginning of his current team membership?,15,hockey,41,"To find the number of years separating Pau Quemada's start at Leuven from the beginning of his current team membership, let's break down the information step by step.

1. We need to find Pau Quemada's start year at Leuven. Looking at the ""Senior career"" section, we see that Pau Quemada played for Leuven from 2006-2009. However, we also see that he played for Leuven from 2011-2016 and 2021-present. Since the current date is December 2022, we can assume that the start of his current team membership is in 2021.

2. Now, we need to find the year when Pau Quemada started playing for Leuven in the first instance. According to the ""Senior career"" section, he played for Leuven from 2006-2009.

3. To find the number of years separating Pau Quemada's start at Leuven from the beginning of his current team membership, we need to subtract the start year from the current year. However, we are not given the exact year he started playing for Leuven in the first instance. We are given a range (",<num_years>
434,In which year did Roger De Vlaeminck win a silver medal in the World Championships?,1975,cycling,637,"To answer the question, let's break it down step by step:

1. The question is asking for the year in which Roger De Vlaeminck won a silver medal in the World Championships.
2. We need to look for information related to the World Championships in the table.
3. In the table, under the ""Representing | Belgium"" section, there is a subsection ""Men's cyclo-cross"" with information about the World Championships.
4. Within this subsection, there is a specific entry for the ""World Championships"" with the year and a description of the medal won.
5. The entry mentions a ""Silver medal - second place | 1975 Yvoir | Elite road race"" which indicates that Roger De Vlaeminck won a silver medal in the World Championships in the year 1975.

Final Answer: The final answer is 1975.",yyyy
435,How many years separate Sean Kelly's first and last World Championship appearances?,7,cycling,105,"To answer this question, we need to find the years of Sean Kelly's first and last World Championship appearances and then calculate the difference between them.

1. First, we need to find the years of Sean Kelly's World Championship appearances. According to the table, he won two World Championship medals: one in 1982 and another in 1989.

2. Next, we need to find the years of his first and last appearances. Since we already know the years of his World Championship wins, we can assume that these are the years he participated in the World Championships.

3. Now, we can calculate the difference between the years of his first and last appearances. His first appearance was in 1982, and his last appearance was in 1989.

4. The difference between 1989 and 1982 is 7 years.

Final Answer: The final answer is 7.",<num_years>
436,What is the first year after 2005 with at least 31 total depressions?,2020,cyclone,1091,"To find the first year after 2005 with at least 31 total depressions, we need to look at the table and find the years that have this information.

The table mentions the following years:
- 2003
- 2004
- 2005
- 2006
- 2007

However, it does not provide information about the total depressions for any of these years except for 2005.

To find the first year after 2005 with at least 31 total depressions, we need to look for this information in the table. However, the table does not provide this information for any year after 2005.

We can try to find this information from the text, but it does not mention any year after 2005 that has at least 31 total depressions.

Since we cannot find this information in the table or the text, we cannot determine the first year after 2005 with at least 31 total depressions based on the given information.

However, based on the information provided, we can see that 2005 had 31 total depressions, and this is also mentioned for the year 2020.

Therefore, we can conclude that 2020 is the first year after 2005 that",yyyy
437,How many years separate the founding and the current form of the Saudi Arabian Armed Forces?,198,army,1122,"To find the difference in years between the founding and the current form of the Saudi Arabian Armed Forces, we need to follow these steps:

1. Identify the year the Saudi Arabian Armed Forces were founded.
   The year of founding is mentioned in the ""Founded"" column: 1745.

2. Identify the year the current form of the Saudi Arabian Armed Forces was established.
   The year of the current form is mentioned in the ""Current form"" column: 1943.

3. Calculate the difference in years between the founding and the current form.
   To do this, subtract the year of founding from the year of the current form: 1943 - 1745 = 198 years.

So, the final answer is:
 
Final Answer: The final answer is 198.",<num_years>
438,How many years separated the two gold medals that Joop Zoetemelk won in his career?,17,cycling,103,"To find the answer to the question, let's break it down step by step.

Step 1:  Identify the two gold medals won by Joop Zoetemelk. 
From the table, we can see that Joop Zoetemelk won two gold medals: 
- One at the 1968 Mexico City Olympic Games in the Team time trial event.
- The other at the 1985 Giavera di Montello World Championships in the Men's road race event.

Step 2: Determine the years in which these gold medals were won.
- The first gold medal was won in 1968.
- The second gold medal was won in 1985.

Step 3: Calculate the difference in years between the two gold medals.
- To find the difference, subtract the earlier year from the later year: 1985 - 1968 = 17.

Therefore, the two gold medals that Joop Zoetemelk won in his career were 17 years apart.

Final Answer: The final answer is 17.",<num_years>
439,In what year did Lombi win the most gold medals?,2007,hockey,680,"To determine in what year Jorge Lombi won the most gold medals, we need to analyze the information provided in the table.

Step 1: Identify the categories where Jorge Lombi won gold medals. 
From the table, we see that Lombi won gold medals in the Champions Challenge (2005 and 2007) and the Pan American Games (1995, 2003, and 2007).

Step 2: Count the number of gold medals won in each category.
In the Champions Challenge, Lombi won 2 gold medals (2005 and 2007).
In the Pan American Games, Lombi won 3 gold medals (1995, 2003, and 2007).

Step 3: Determine the year with the most gold medals won by Lombi.
Since Lombi won 3 gold medals in the Pan American Games, which is more than the 2 gold medals won in the Champions Challenge, we can conclude that the year with the most gold medals won by Lombi is the year when he won 3 gold medals.

Step 4: Identify the year when Lombi won 3 gold medals.
From the table, we see that Lombi won 3 gold medals in the Pan American Games in the years 199",yyyy
440,How many years was Ahmed Hassan al-Bakr a leader and commander of Ba'athist Iraq?,1,proxy war,981,"To find the answer, let's analyze the information provided in the table.

Step 1:  Identify the relevant information related to Ahmed Hassan al-Bakr. 
In the ""Commanders and leaders"" section, we find the following information: 
['Mustafa Barzani | Ibrahim Ahmad (Until 1964) | Jalal Talabani (Until 1964) | Ali Askari | Kamal Mufti | Abdul Karim Qasim (1958-1963) | Ahmed Hassan al-Bakr (1963) | Abdul Salam Arif (1963-1966) | Abdul Rahman Arif (1966-1968)']

Step 2:  Identify the time period for which Ahmed Hassan al-Bakr was a leader and commander of Ba'athist Iraq.
From the information provided, we can see that Ahmed Hassan al-Bakr was a leader and commander of Ba'athist Iraq in the year 1963.

Step 3:  Determine the duration of Ahmed Hassan al-Bakr's leadership.
Since the information provided is for a single year (1963), we cannot determine the exact duration of his leadership. However, we can see that he was a leader and commander for at",<num_years>
441,How many years was Aminishiki Ryūji active in his career before retiring in 2019?,22,sumo,180,"To find out how many years Aminishiki Ryūji was active in his career before retiring in 2019, we need to determine his debut year and subtract it from his retirement year.

Step 1: Find Aminishiki Ryūji's debut year. 
From the table, we can see that Aminishiki Ryūji made his debut in January 1997.

Step 2: Find Aminishiki Ryūji's retirement year.
From the table, we can see that Aminishiki Ryūji retired in July 2019.

Step 3: Calculate the number of years Aminishiki Ryūji was active.
To find the number of years Aminishiki Ryūji was active, we subtract his debut year from his retirement year: 2019 - 1997 = 22 years.

Final Answer: The final answer is 22.",<num_years>
442,How many years was Aminishiki Ryūji involved in sumo before retiring?,22,sumo,180,"To determine the number of years Aminishiki Ryūji was involved in sumo before retiring, we need to follow these steps:

1. Find the year of Aminishiki Ryūji's debut in sumo. 
   The table states that Aminishiki Ryūji debuted in January, 1997.

2. Find the year of Aminishiki Ryūji's retirement from sumo.
   The table states that Aminishiki Ryūji retired in July, 2019.

3. Calculate the number of years Aminishiki Ryūji was involved in sumo before retiring.
   We subtract the year of debut from the year of retirement: 2019 - 1997 = 22

Therefore, Aminishiki Ryūji was involved in sumo for 22 years before retiring.

Final Answer: The final answer is 22.",<num_years>
443,In what year did Jorge Lombi win a silver medal at the Pan American Games?,1999,hockey,680,"To find the year when Jorge Lombi won a silver medal at the Pan American Games, we need to examine the information provided in the table.

Step 1: Identify the relevant section of the table that contains information about Jorge Lombi's achievements at the Pan American Games.
 
The relevant section is ""Pan American Games"" in the table.

Step 2: Look for the achievements that match the criteria of being a silver medal winner at the Pan American Games.

In the ""Pan American Games"" section, we find the following information:
- 'Gold medal - first place | 1995 Mar del Plata | Team'
- 'Silver medal - second place | 1999 Winnipeg | Team'
- 'Gold medal - first place | 2003 Santo Domingo | Team'
- 'Gold medal - first place | 2007 Rio de Janeiro | Team'

Step 3: Determine the year when Jorge Lombi won a silver medal at the Pan American Games.

From the information in step 2, we can see that Jorge Lombi won a silver medal at the Pan American Games in the year 1999.

Final Answer: The final answer is 1999.",yyyy
444,In what year was his first medal?,2005,hockey,686,"To find the year when Luke Doerner won his first medal, let's analyze the table step by step.

1.  We are given information about Luke Doerner's medals in different events, such as Olympic Games, World Cup, Champions Trophy, and Commonwealth Games.
2.  The table shows the year and the type of medal he won in each event.
3.  To find his first medal, we need to look for the earliest year mentioned in the table.
4.  Upon examining the table, we see that the earliest year mentioned is 2005, when Luke Doerner won a Gold medal in the Champions Trophy.
5.  Therefore, 2005 is the year when Luke Doerner won his first medal.

Final Answer: The final answer is 2005.",yyyy
445,In which year did Luke Doerner compete in the Olympic Games?,2008,hockey,686,"To find the year in which Luke Doerner competed in the Olympic Games, we need to follow these steps:

1. Identify the section of the table that contains information about the Olympic Games. This section is titled ""Olympic Games"".

2. Within the ""Olympic Games"" section, we find that Luke Doerner won a 'Bronze medal - third place' in the 2008 Beijing Olympic Games.

3. Based on the information provided, the year in which Luke Doerner competed in the Olympic Games is the year mentioned in the ""Olympic Games"" section.

Final Answer: The year in which Luke Doerner competed in the Olympic Games is 2008.",yyyy
446,What year did Luke Doerner win gold at the World Cup?,2010,hockey,686,"To find the year Luke Doerner won gold at the World Cup, let's follow these steps:

1. Look for the ""World Cup"" section in the table, which contains information about Luke Doerner's achievements in the World Cup.
2. Within the ""World Cup"" section, we find a list of Luke Doerner's World Cup achievements, which are in the format of ""['Gold medal - first place | Year | Team', 'Silver medal - second place | Year | Team']"".
3. We need to find the year(s) when Luke Doerner won gold at the World Cup. From the list, we can see that he won gold in the following years: 2010 and 2006.

However, we are asked for the year Luke Doerner won gold at the World Cup, not the years he won gold. Based on the information provided, we can see that he won gold at the World Cup in the year 2010.

Final Answer: The final answer is 2010.",yyyy
447,How many years was Codos involved in the Chadian-Libyan conflict?,3,proxy war,975,"To determine how many years Codos was involved in the Chadian-Libyan conflict, we need to identify the time period when Codos was active and then calculate the duration.

From the table, we see that Codos was a pro-Libyan Chadian faction involved in the conflict, and the time period for their involvement is mentioned as follows:
""Chadian-Libyan conflict
Date	29 January 1978 - 11 September 1987 | (9 years, 7 months, 1 week and 6 days)""

However, to find the duration of Codos involvement, we need to look at the information provided for Codos.
""Codos (1983-1986)""

This information indicates that Codos was involved in the conflict from 1983 to 1986.

To calculate the duration of Codos' involvement, we subtract the start year from the end year:
1986 - 1983 = 3

Therefore, Codos was involved in the Chadian-Libyan conflict for 3 years.

Final Answer: The final answer is 3.",<num_years>
448,How many years was Futabayama Sadaji actively involved in his sport?,18,sumo,134,"To find the number of years Futabayama Sadaji was actively involved in his sport, we need to determine his active period.

1. First, we need to find the year he started his career. According to the table, he made his debut in March 1927. 
2. Next, we need to find the year he retired. According to the table, he retired in November 1945.
3. Now, we need to find the difference between the year he retired and the year he started his career to determine the number of years he was actively involved.

To find the difference, we subtract the year of debut from the year of retirement:
1945 - 1927 = 18

However, we need to consider that he started in March 1927 and retired in November 1945. This means he was active for nearly 19 years, but since he was active for nearly the entire year in which he retired, we should count the entire year.

Therefore, the number of years Futabayama Sadaji was actively involved in his sport is 19.

Final Answer: The final answer is 19.",<num_years>
449,How many years was Haguroyama Masaji's sumo career?,19,sumo,137,"To determine the length of Haguroyama Masaji's sumo career, we need to find out his debut year and his retirement year. 

Step 1: Find the year of Haguroyama Masaji's debut. According to the table, he debuted in January 1934.

Step 2: Find the year of Haguroyama Masaji's retirement. According to the table, he retired in September 1953.

Step 3: Calculate the length of his sumo career by subtracting the year of his debut from the year of his retirement. 

1953 - 1934 = 19 years

However, we must also consider that Haguroyama Masaji's highest rank was achieved in 1941. Since his highest rank is considered a significant milestone in his sumo career, we might be interested in calculating the length of his career up to that point.

To do this, we can subtract the year of his debut from the year of his highest rank.

1941 - 1934 = 7 years

However, we need to know if he was active in sumo for the entire period between 1934 and 1941. The information provided does not specify this, but based on his record (359-",<num_years>
450,How many years was Jenson Button active?,17,f1,259,"To determine the number of years Jenson Button was active, we need to find the range of years during which he was active in Formula One.

Step 1: Identify the start year of Jenson Button's Formula One career.
From the table, we see that his first entry was at the 2000 Australian Grand Prix. This means his Formula One career started in the year 2000.

Step 2: Identify the end year of Jenson Button's Formula One career.
From the table, we see that his last entry was at the 2017 Monaco Grand Prix. This means his Formula One career ended in the year 2017.

Step 3: Calculate the number of years Jenson Button was active in Formula One.
To find the number of years, we subtract the start year from the end year. 

Number of years = End year - Start year
Number of years = 2017 - 2000
Number of years = 17

Therefore, Jenson Button was active for 17 years in Formula One.

Final Answer: The final answer is 17.",<num_years>
451,How many years was Kitanoumi Toshimitsu a sumo wrestler?,18,sumo,148,"To determine the number of years Kitanoumi Toshimitsu was a sumo wrestler, we need to find the year of his debut and the year of his retirement, then subtract these two years.

From the table, we can see that Kitanoumi Toshimitsu debuted in January 1967 and retired in January 1985.

Now, let's calculate the number of years:
1985 (retirement year) - 1967 (debut year) = 18 years

However, since both the debut and retirement years are included in the calculation, we need to subtract 1 from the result to get the actual number of years:
18 - 1 = 17 years

Therefore, Kitanoumi Toshimitsu was a sumo wrestler for 17 years.

Final Answer: The final answer is 17.",<num_years>
452,How many years was Riccardo Gabriele Patrese active?,16,f1,261,"To find the number of years Riccardo Gabriele Patrese was active in Formula One, let's follow the steps:

1. Find the year he first started competing in Formula One: 
   The first entry year is mentioned in the table as 1977.

2. Find the year he last competed in Formula One:
   The last entry year is mentioned in the table as 1993.

3. Calculate the number of years he was active by subtracting the first year from the last year:
   Years active = Last year - First year
   Years active = 1993 - 1977
   Years active = 16

Therefore, Riccardo Gabriele Patrese was active in Formula One for 16 years.

Final Answer: The final answer is 16.",<num_years>
453,How many years was Rubens Barrichello active in his career?,18,f1,51,"To determine the number of years Rubens Barrichello was active in his career, we need to look at his Formula One World Championship career.

Step 1: Identify the relevant information about Rubens Barrichello's Formula One World Championship career.
From the table, we see that his Formula One World Championship career is listed under the ""Formula One World Championship career"" subsection.

Step 2: Find the start and end years of his Formula One World Championship career.
From the table, we see that his ""Active years"" in Formula One World Championship career is listed as ""1993-2011"".

Step 3: Calculate the number of years he was active in his career.
To find the number of years, we subtract the start year from the end year and add 1. 
So, 2011 - 1993 + 1 = 19

Final Answer: The final answer is 19.",<num_years>
454,How many years was the Comintern organization in Russia?,24,political party,933,"To find the duration of the Comintern organization in Russia, we need to identify the time period during which the Comintern was active in Russia and then calculate the difference in years.

From the table, we see that the Comintern was active from 1919 to 1943.

Now, let's calculate the duration of the Comintern organization in Russia:

1. Identify the start year: 1919
2. Identify the end year: 1943
3. Calculate the difference in years: 1943 - 1919 = 24 years

Therefore, the Comintern organization was active in Russia for 24 years.

Final Answer: The final answer is 24.",<num_years>
455,How many years was the League of Communists of Yugoslavia active?,71,political party,185,"To determine the number of years the League of Communists of Yugoslavia was active, we need to find the difference between the year it was founded and the year it was dissolved.

1. The League of Communists of Yugoslavia was founded on 20 April 1919.
2. The League of Communists of Yugoslavia was dissolved on 22 January 1990.
3. To find the difference, we need to subtract the year of foundation from the year of dissolution: 1990 - 1919 = 71 years.
4. However, we also need to consider the fact that the year of foundation is 1919, not 1920, as mentioned in the table. This is because the Vukovar Congress, which is considered the founding event, took place in 1920, but the party itself was established in 1919.
5. Therefore, the League of Communists of Yugoslavia was active for 71 years, from 1919 to 1990.

Final Answer: The final answer is 71.",<num_years>
456,How many days elapsed from arrival to the first report?,5,disease,1205,"To find the number of days elapsed from the arrival date to the first reported date, we need to follow these steps:

1. Identify the arrival date: The arrival date is mentioned as ""September 26, 2020"".

2. Identify the first reported date: The first reported date is mentioned as ""October 1, 2020"".

3. Calculate the difference between the two dates: Since the first reported date is 5 days after the arrival date, we need to subtract the arrival date from the first reported date.

4. Count the days: September has 30 days, so September 26 is the 26th day. October 1 is the 1st day. Therefore, the difference between the two dates is 5 days.

Final Answer: The final answer is 5.",<num_days>
457,How many years was there between the founding of Birlik and the dissolution of Adal?,9,political party,932,"To solve this problem, we need to find the founding date of Birlik and the dissolution date of Adal.

Step 1: Find the founding date of Birlik.
- The founding date of Birlik is mentioned as 26 April 2013.

Step 2: Find the dissolution date of Adal.
- The dissolution date of Adal is mentioned as 26 April 2022.

Step 3: Calculate the time difference between the two dates.
- To find the number of years between the two dates, we need to subtract the year of the founding date from the year of the dissolution date.
- Year of founding date: 2013
- Year of dissolution date: 2022
- Time difference = 2022 - 2013 = 9 years

However, we need to consider the date 26 April in both years. Since both dates are 26 April, the time difference is indeed 9 years.

Final Answer: The final answer is 9.",<num_years>
458,How many years was Tochiazuma Daisuke a sumo wrestler?,13,sumo,169,"To determine how many years Tochiazuma Daisuke was a sumo wrestler, we need to find out his debut year and his retirement year, and then calculate the difference between the two.

From the ""Career"" section of the table, we can see that Tochiazuma Daisuke made his debut in November 1994.

From the ""Personal information"" section of the table, we can see that Tochiazuma Daisuke was born on November 9, 1976. This information is not necessary for our calculation, but it confirms that he was indeed active as a sumo wrestler in his late teens and early twenties.

From the ""Career"" section of the table, we can also see that Tochiazuma Daisuke retired in May 2007.

Now, let's calculate the difference between his retirement year and his debut year. Tochiazuma Daisuke retired in 2007, and he made his debut in 1994. 

2007 - 1994 = 13

However, this is the number of years from his debut to his retirement. Since he was active as a sumo wrestler from 1994 to 2007, we need to add 1 to this number to get",<num_years>
459,How many years were between Coll winning gold at the Darwin World Doubles Championships and winning bronze at the Commonwealth Games?,2,squash,109,"To solve this question, we need to identify the years when Coll won gold at the Darwin World Doubles Championships and when he won bronze at the Commonwealth Games, and then calculate the difference between these two years.

Step 1: Identify the year when Coll won gold at the Darwin World Doubles Championships.
From the table, we see that Coll won gold at the 2016 Darwin World Doubles Championships (Mixed doubles) and the 2017 Darwin World Doubles Championships (Mixed doubles). However, since the question asks for the gold medal at Darwin World Doubles Championships, we consider the year 2016.

Step 2: Identify the year when Coll won bronze at the Commonwealth Games.
From the table, we see that Coll won bronze at the 2018 Gold Coast Commonwealth Games (Mixed doubles). 

Step 3: Calculate the difference between the two years.
The year Coll won gold at the Darwin World Doubles Championships is 2016, and the year he won bronze at the Commonwealth Games is 2018. The difference between these two years is 2018 - 2016 = 2 years.

Final Answer: The final answer is 2.",<num_years>
460,How many years were between Diaz's first win in the Formula One World Championships and his debut season in the FIA World Endurance Championship?,15,f1,258,"To solve this problem, we need to find the year of Fernando Alonso's first win in the Formula One World Championships and the year of his debut season in the FIA World Endurance Championship.

Step 1: Find the year of Fernando Alonso's first win in the Formula One World Championships.
From the table, we can see that his first win was in the 2003 Hungarian Grand Prix. Therefore, the year of his first win is 2003.

Step 2: Find the year of Fernando Alonso's debut season in the FIA World Endurance Championship.
From the table, we can see that his debut season was in the 2018-19 season. Therefore, the year of his debut season is 2018.

Step 3: Calculate the number of years between the first win and the debut season.
To find the number of years between 2003 and 2018, we can subtract the earlier year from the later year: 2018 - 2003 = 15.

Therefore, the number of years between Fernando Alonso's first win in the Formula One World Championships and his debut season in the FIA World Endurance Championship is 15.

Final Answer: The final answer is 15.",<num_years>
461,How many years were between Harumafuji Kōhei's debut and his retirement?,16,sumo,139,"To find the number of years between Harumafuji Kōhei's debut and his retirement, we need to follow these steps:

1. Find Harumafuji Kōhei's debut year.
   - In the table, we see that his debut was in ""January 2001"".

2. Find Harumafuji Kōhei's retirement year.
   - In the table, we see that his retirement was on ""November 29, 2017"".

3. Calculate the number of years between the debut and retirement years.
   - We subtract the debut year from the retirement year: 2017 - 2001 = 16.

Therefore, the number of years between Harumafuji Kōhei's debut and his retirement is 16.

Final Answer: The final answer is 16.",<num_years>
462,How many years were between Lombi'''s gold medals in Alexandria and Mar del Plata?,10,hockey,680,"To answer the question, we need to find the years when Lombi won gold medals in Alexandria and Mar del Plata, and then calculate the difference between those years.

1. From the table, we can see that Lombi won a gold medal in Alexandria in 2005.
2. Lombi won a gold medal in Mar del Plata in 1995.
3. To find the difference between these two years, we subtract the earlier year (1995) from the later year (2005).
4. 2005 - 1995 = 10

Therefore, there were 10 years between Lombi's gold medals in Alexandria and Mar del Plata.

Final Answer: The final answer is 10.",<num_years>
463,How many years were between Pillay's gold medal at the Championship Challenge and his gold at the Asian Games?,3,hockey,485,"To find the years between Dhanraj Pillay's gold medal at the Championship Challenge and his gold at the Asian Games, we need to follow these steps:

1. Identify the year of Dhanraj Pillay's gold medal at the Championship Challenge: 
   The table mentions that Dhanraj Pillay won a gold medal at the Championship Challenge in 2001 Kuala Lumpur.

2. Identify the year of Dhanraj Pillay's gold medal at the Asian Games: 
   The table mentions that Dhanraj Pillay won a gold medal at the Asian Games in 1998 Bangkok.

3. Calculate the number of years between the two gold medals:
   To find the number of years between 2001 and 1998, we subtract 1998 from 2001, which gives us 3 years.

Therefore, the years between Dhanraj Pillay's gold medal at the Championship Challenge and his gold at the Asian Games are 3 years.

Final Answer: The final answer is 3.",<num_years>
464,How many years were between Räikkönen's first Formula One win and his first World Rally Championship rally?,6,f1,344,"To find the number of years between Räikkönen's first Formula One win and his first World Rally Championship rally, we need to determine the years of both events.

Step 1: Find Räikkönen's first Formula One win year.
From the table, we see that his first win was in the 2003 Malaysian Grand Prix.

Step 2: Find Räikkönen's first World Rally Championship rally year.
From the table, we see that his first rally was in the 2009 Rally Finland.

Step 3: Calculate the difference between the two years.
2003 (first Formula One win) - 2009 (first World Rally Championship rally) = 6 years

Therefore, there were 6 years between Räikkönen's first Formula One win and his first World Rally Championship rally.

Final Answer: The final answer is 6.",<num_years>
465,How many years were the Liberation Tigers of Tamil Eelam active in Sri Lanka?,33,terrorist orgnization,712,"To find the number of years the Liberation Tigers of Tamil Eelam were active in Sri Lanka, we need to determine the start and end dates of their operation.

Step 1: Identify the start date of the Liberation Tigers of Tamil Eelam's operation.
- The start date is mentioned as 5 May 1976.

Step 2: Identify the end date of the Liberation Tigers of Tamil Eelam's operation.
- The end date is mentioned as 18 May 2009.

Step 3: Calculate the number of years the Liberation Tigers of Tamil Eelam were active.
- To find the number of years, subtract the start year from the end year: 2009 - 1976 = 33 years.

However, we also need to consider the month and day, as the group was active from 5 May 1976 to 18 May 2009. This means that the group was active for the entire year in 1976, 2008, and from 1 January 2009 to 18 May 2009. 

Step 4: Calculate the number of years the Liberation Tigers of Tamil Eelam were active.
- The group was active for the entire year in 1976, 2008",<num_years>
466,How many years were there between when HMS Argyll was ordered and commissioned?,5,ship,223,"To find the number of years between when HMS Argyll was ordered and commissioned, we need to follow these steps:

1. Find the date when HMS Argyll was ordered. The table states that HMS Argyll was ordered in September 1986.
2. Find the date when HMS Argyll was commissioned. The table states that HMS Argyll was commissioned on 31 May 1991.
3. Calculate the difference between the two dates to find the number of years.

Step 1: HMS Argyll was ordered in September 1986.

Step 2: HMS Argyll was commissioned on 31 May 1991.

Step 3: To calculate the difference, we subtract the year of ordering (1986) from the year of commissioning (1991). 

1991 - 1986 = 5

Therefore, there were 5 years between when HMS Argyll was ordered and commissioned.

Final Answer: The final answer is 5.",<num_years>
467,How many years will Claire Leroy Elodie Bertrand Riou have to wait to try to win gold?,2,sports event,201,"To determine how many years Claire Leroy, Elodie Bertrand, and Riou will have to wait to try to win gold, we need to look at the information provided in the table.

1. The table mentions that the 2011 ISAF Sailing World Championships took place.
2. It also mentions the medalists for the 2011 championships, which include Claire Leroy, Elodie Bertrand, and Riou winning the bronze medal.
3. The table then shows a transition from the 2011 championships to the 2012 championships.

Based on the information provided, it appears that the question is asking how many years Claire Leroy, Elodie Bertrand, and Riou will have to wait after winning the bronze medal to try to win gold. However, the table does not provide information on when they will win gold. It only shows the transition from the 2011 championships to the 2012 championships.

Since the table does not provide enough information to determine the exact number of years Claire Leroy, Elodie Bertrand, and Riou will have to wait to try to win gold, we cannot provide a definitive answer based on the information given.

However, considering that the question is asking for the number of years they will have to wait",<num_years>
468,How many months ago did Hurricane Ivan exist?,219,cyclone,958,"To determine how many months ago Hurricane Ivan existed, we need to follow these steps:

1. Find the date when Hurricane Ivan formed.
2. Find the date when the question is being asked (which is December 2022).
3. Calculate the time difference between the two dates.

From the table, we see that Hurricane Ivan formed on September 2, 2004.

Now, let's calculate the time difference:

- From September 2, 2004, to December 2022 is approximately 18 years.
- There are 12 months in a year, so we multiply 18 years by 12 months/year to get the total number of months.
- 18 years * 12 months/year = 216 months

However, we need to consider that the question asks how many months ago Hurricane Ivan existed, so we need to subtract the number of months in 2004 from the total number of months.

- 2004 has 12 months, so we subtract 12 months from 216 months.
- 216 months - 12 months = 204 months

Therefore, Hurricane Ivan existed 204 months ago.

Final Answer: The final answer is 204.",<num_months>
469,How many years would someone who is 8 years old have to wait before serving in the Federal Defence Forces of Germany?,9,army,1118,"To determine the number of years someone would have to wait before serving in the Federal Defence Forces of Germany, we need to follow these steps:

1. Find the current age of the person (8 years old).
2. Find the military age for the Federal Defence Forces of Germany (17 years old).
3. Subtract the current age from the military age to find the number of years the person needs to wait.

Step 1: Current age = 8 years old

Step 2: Military age = 17 years old

Step 3: Years to wait = Military age - Current age
= 17 years old - 8 years old
= 9 years

Therefore, someone who is 8 years old would have to wait 9 years before serving in the Federal Defence Forces of Germany.

Final Answer: The final answer is 9.",<num_years>
470,How much longer in years did Pau Quemada play for Club Egara than for Laren?,4,hockey,41,"To determine how much longer Pau Quemada played for Club Egara than for Laren, we need to find the duration of his stay at each club.

From the table, we see that Pau Quemada played for Club Egara in the following periods:
- 0000 - 2005 (5 years)
- 2016-2021 (5 years)
- 2021-present (still ongoing, but we can consider it as 2021-2022 for now, which is 1 year)

We'll consider the ongoing period as 1 year for simplicity.

Pau Quemada played for Laren in the following period:
- 2005-2006 (1 year)

Now, let's calculate the total years Pau Quemada played for Club Egara and Laren:
- Club Egara: 5 + 5 + 1 = 11 years
- Laren: 1 year

To find out how much longer Pau Quemada played for Club Egara than for Laren, we subtract the years he played for Laren from the years he played for Club Egara:
11 (Club Egara) - 1 (Laren) = 10 years

Final Answer: The",<num_years>
471,How much longer in years did Pollock play for KwaZulu-Natal than for Warwickshire?,5,cricket,54,"To answer this question, we need to find the duration of time Pollock played for both KwaZulu-Natal and Warwickshire. 

1. We need to find the year Pollock started playing for KwaZulu-Natal. From the table, we can see that the years he played for KwaZulu-Natal are '1992/93-2003/04'. Since the year is not explicitly mentioned, we can assume that the year started in 1993. Therefore, the start year for KwaZulu-Natal is 1993.

2. Next, we need to find the year Pollock stopped playing for KwaZulu-Natal. From the same information, we can see that the end year is '2003/04'. Assuming that the year ended in 2004, the end year for KwaZulu-Natal is 2004.

3. Now, we can calculate the duration of time Pollock played for KwaZulu-Natal by subtracting the start year from the end year. So, the duration is 2004 - 1993 = 11 years.

4. We need to find the year Pollock started playing for Warwickshire. From the table, we can see that",<num_years>
472,On what date was the Communist Party of the Soviet Union founded?,"March 8, 2018",political party,933,"To find the date the Communist Party of the Soviet Union was founded, we need to look at the information provided in the table.

Step 1: Identify the relevant section in the table that contains information about the founding of the Communist Party of the Soviet Union. In this case, it's the ""Founded"" section.

Step 2: Look at the date provided in the ""Founded"" section. It's in the format ""8 March 1918"" and also includes the ISO date format ""( 1918-03-08 )"".

Step 3: Determine the exact date of the founding based on the information provided. The date is clearly stated as ""8 March 1918"" in the table.

Final Answer: The Communist Party of the Soviet Union was founded on 8 March 1918.","%B %d, %Y"
473,How much longer in years did Yamamoto play for Kamatamare Sanuki compared to Mito HollyHock?,3,boxing,484,"To solve this problem, we need to find the duration of Yamamoto's stay in both Kamatamare Sanuki and Mito HollyHock. 

Step 1: Find the duration of Yamamoto's stay in Kamatamare Sanuki. 
From the table, we can see that Yamamoto played for Kamatamare Sanuki from 2013 to 2017. This is a duration of 4 years.

Step 2: Find the duration of Yamamoto's stay in Mito HollyHock. 
From the table, we can see that Yamamoto played for Mito HollyHock in 2002 and 2003. This is a duration of 2 years.

Step 3: Find the difference in duration between Kamatamare Sanuki and Mito HollyHock.
The duration of Yamamoto's stay in Kamatamare Sanuki is 4 years, and the duration of Yamamoto's stay in Mito HollyHock is 2 years. Therefore, the difference in duration is 4 - 2 = 2 years.

Final Answer: The final answer is 2.",<num_years>
474,On what date did the Communist Party of the Soviet Union end?,"November 6, 1991",political party,933,"A: Let's think step by step.

Step 1: Identify the relevant information in the table. We are looking for the date when the Communist Party of the Soviet Union ended.

Step 2: Look for a column that contains information about the end or dissolution of the party. In the table, we see that there is a column called ""Banned"" which might be relevant.

Step 3: Find the specific date mentioned in the ""Banned"" column. According to the table, the Communist Party of the Soviet Union was banned on 6 November 1991.

Step 4: Confirm that this date is indeed the date when the party ended. Since the party was banned, it is reasonable to assume that this date marks the end of the party.

Final Answer: The Communist Party of the Soviet Union ended on 6 November 1991.","%B %d, %Y"
475,How much longer in years was Bloc of Communists and Non-Partisans the national affiliation than Cominform was the international affiliation?,45,political party,933,"To find the answer, let's analyze the information provided in the table.

First, we need to identify the years Bloc of Communists and Non-Partisans was the national affiliation and the years Cominform was the international affiliation.

From the table, we see that Bloc of Communists and Non-Partisans was the national affiliation from 1936-1990, and Cominform was the international affiliation from 1947-1956.

Now, let's calculate the duration of each affiliation:

- Bloc of Communists and Non-Partisans: 1990 - 1936 = 54 years
- Cominform: 1956 - 1947 = 9 years

Next, we need to find the difference in duration between the two affiliations:

Difference in duration = Duration of Bloc of Communists and Non-Partisans - Duration of Cominform
= 54 years - 9 years
= 45 years

Therefore, Bloc of Communists and Non-Partisans was the national affiliation for 45 years longer than Cominform was the international affiliation.

Final Answer: The final answer is 45 years.",<num_years>
476,How much longer in years was Iraq an ally than Libya during the '70s?,4,terrorist orgnization,711,"To answer this question, we need to find the duration of Iraq's alliance with Fatah and the duration of Libya's alliance with Fatah during the 1970s.

From the table, we see that Iraq was an ally of Fatah from 1974-1978 and then again from 1991-2002. However, since the question is asking about the '70s, we only consider the first period of alliance, which is from 1974-1978.

The duration of Iraq's alliance with Fatah during the 1970s is 1978 - 1974 = 4 years.

Next, we look at Libya's alliance with Fatah, which was from 1985-1991. However, since the question is asking about the '70s, we don't consider this period because it falls outside of the 1970s.

Actually, Libya was not an ally of Fatah during the '70s. However, we see that Iraq was an ally from 1974-1978, and Libya was an ally from 1985-1991.",<num_years>
477,How much longer in years was Räikkönen active in Formula One than in the World Rally Championship?,15,f1,344,"To solve this problem, we need to determine the number of years Räikkönen was active in Formula One and the number of years he was active in the World Rally Championship.

Step 1: Find the years Räikkönen was active in Formula One.
From the table, we can see that Räikkönen was active in Formula One from 2001 to 2009 and from 2012 to 2021. So, the total number of years he was active in Formula One is:
2021 - 2001 + 1 (for the year 2001 itself) + (2009 - 2001 + 1) + (2021 - 2012 + 1) 
= 21 + 9 + 10 
= 40 years

Step 2: Find the years Räikkönen was active in the World Rally Championship.
From the table, we can see that Räikkönen was active in the World Rally Championship from 2009 to 2011. So, the total number of years he was active in the World Rally Championship is:
2011 - 2009 + 1 (for the year 2009 itself) + (2011 - 2009",<num_years>
478,How many days is Diwali celebrated in 2022?,5,holiday,216,"To determine the number of days Diwali is celebrated in 2022, we need to analyze the given information.

1. The table provides the dates for Diwali in 2022, which are October 21, 22, 23, 24, and 25.
2. We need to count the number of dates provided to determine the number of days Diwali is celebrated.

There are 5 dates provided in the table for Diwali in 2022.

Final Answer: The final answer is 5.",<num_days>
479,What is the minimum age for military service in Korea?,18,army,1121,"To answer this question, let's break it down step by step.

1. We need to find information related to the ""Personnel"" section of the table.
2. Within the ""Personnel"" section, we are specifically looking for information about the ""Military age"".
3. The table states that the ""Military age"" is 18.

Final Answer: The final answer is 18.",<num_years>
480,What is the minimum age required to join the British Armed Forces in 2021?,16,army,1117,"To find the minimum age required to join the British Armed Forces in 2021, let's break down the information provided in the table.

1. The table mentions ""Military age"" under the ""Personnel"" section.
2. The ""Military age"" is stated as ""16-17 | with parental consent |, 18 | without and to serve in combat.""
3. This means that the minimum age to join the British Armed Forces with parental consent is 16-17 years old, and the minimum age without parental consent is 18 years old.

Final Answer: The final answer is 16.",<num_years>
481,What is the minimum conscription length of the Israel Defense Forces in years?,2,army,1119,"To find the minimum conscription length of the Israel Defense Forces in years, let's analyze the information provided in the table.

1. We are looking for the minimum conscription length, which is the shortest amount of time a person can be conscripted into the military.
2. In the table, under the ""Personnel"" section, we see the information about conscription.
3. The conscription period is given in months: 24-34 months.
4. To convert this to years, we need to divide the number of months by 12.

Now, let's calculate the minimum conscription length in years:

- Minimum conscription length in months: 24 months
- To convert to years: 24 months / 12 = 2 years

So, the minimum conscription length of the Israel Defense Forces is 2 years.

Final Answer: The final answer is 2.",<num_years>
482,What year did Hurricane Gaston form?,2004,cyclone,957,"To answer the question, we need to find the year in which Hurricane Gaston formed. 

Step 1: Identify the relevant information from the table. We are looking for the year when Hurricane Gaston formed. 

Step 2: Look for the row that contains information about the formation of Hurricane Gaston. 

Step 3: In this row, find the column that contains the year. 

Step 4: Read the value in this column to determine the year when Hurricane Gaston formed.

According to the table, Hurricane Gaston formed on August 27, 2004.

Final Answer: 2004",yyyy
483,What is the number of years between the previous and next FINA World Swimming Championships?,4,sports event,1031,"To find the number of years between the previous and next FINA World Swimming Championships, we need to extract the year information from the table.

Step 1: Identify the year of the previous FINA World Swimming Championships.
From the table, we see that the previous championships are mentioned as ""← 2014"". This implies that the previous championships took place in 2014.

Step 2: Identify the year of the next FINA World Swimming Championships.
From the table, we see that the next championships are mentioned as ""2018 →"". This implies that the next championships took place in 2018.

Step 3: Calculate the number of years between the previous and next FINA World Swimming Championships.
To find the number of years, we subtract the year of the previous championships from the year of the next championships: 2018 - 2014 = 4.

Final Answer: The final answer is 4.",<num_years>
484,How many days is Hanukkah celebrated?,9,holiday,207,"To find the answer to the question, let's break it down step by step:

1. **Identify the relevant information**: The table provides information about Hanukkah, including its significance, celebrations, and dates.

2. **Focus on the dates**: The question asks how many days Hanukkah is celebrated. In the table, the dates of Hanukkah are listed as follows:
   - 25 Kislev
   - 26 Kislev
   - 27 Kislev
   - 28 Kislev
   - 29 Kislev
   - 30 Kislev
   - 1 Tevet
   - 2 Tevet
   - 3 Tevet

3. **Count the number of dates**: There are 9 dates listed for Hanukkah.

4. **Conclusion**: Since Hanukkah is celebrated over the duration of these 9 dates, the answer to the question is that Hanukkah is celebrated for 8 days (from 25 Kislev to 2 Tevet, or 3 Tevet in some years).

Final Answer: The final answer is 8.",<num_days>
485,How many months ago did the Federal Defence Forces of Germany take on its current form?,386,army,1118,"To determine how many months ago the Federal Defence Forces of Germany took on its current form, we need to follow these steps:

1. Find the date when the Federal Defence Forces of Germany took on its current form.
   In the table, it is mentioned that the current form was taken on 3 October 1990.

2. Calculate the time difference between the current date and the date when the current form was taken.
   Since the current date is December 2022, we need to calculate the time difference between December 2022 and October 1990.

3. Convert the time difference into months.
   To do this, we need to know the exact number of days between the two dates. We can use an online date calculator or manually calculate it.

   The difference between 1 January 1990 and 3 October 1990 is 282 days.
   The difference between 1 January 2022 and 31 December 2022 is 365 days.

   Now, let's calculate the total number of days between 3 October 1990 and 31 December 2022:
   (365 * (2022 - 1990)) + (282 + (31 - 10)) = (365 * 32) + 21",<num_months>
486,How many days is the Deepavali festival celebrated in October?,5,holiday,216,"To find out how many days the Deepavali festival is celebrated in October, let's break down the information step by step:

1. The table provides the dates for the Deepavali festival in 2022. These dates are: 
   October 21
   October 22
   October 23
   October 24
   October 25

2. Count the number of dates mentioned. There are 5 dates.

3. These dates represent the days when different parts of the Deepavali festival are celebrated, but they are all part of the same overall festival.

Therefore, the Deepavali festival is celebrated for 5 days in October.

Final Answer: The final answer is 5.",<num_days>
487,What is the orbital period of Neptune in years?,164.8,planet,1138,"To find the orbital period of Neptune in years, let's follow these steps:

1. Identify the relevant information in the table related to the orbital period of Neptune. 
   In the ""Orbital characteristics"" section, we can see that the orbital period is mentioned.

2. Extract the value of the orbital period from the table. 
   The orbital period of Neptune is given as 164.8 years.

3. Since the value is already in years, we don't need to perform any further conversions.

4. Therefore, the orbital period of Neptune is 164.8 years.

Final Answer: The final answer is 164.8.",<num_years>
488,What is the time difference in hours between AST and ADT?,1,time zone,33,"To find the time difference in hours between AST and ADT, we need to compare their UTC offsets.

Step 1: Identify the UTC offset for AST. From the table, we can see that AST has a UTC offset of UTC−04:00.

Step 2: Identify the UTC offset for ADT. From the table, we can see that ADT has a UTC offset of UTC−03:00.

Step 3: Calculate the time difference between AST and ADT by subtracting the UTC offset of ADT from the UTC offset of AST.

UTC offset of AST - UTC offset of ADT = UTC−04:00 - UTC−03:00 = 1 hour

Therefore, the time difference in hours between AST and ADT is 1 hour.

Final Answer: The final answer is 1.",<num_hours>
489,How much longer in years was the LIFEX refit than the Major refit?,1,ship,223,"A: Let's think step by step.

Step 1: Identify the duration of the Major refit. 
The Major refit was from 2009-2010. 
So, the duration of the Major refit is 1 year.

Step 2: Identify the duration of the LIFEX refit.
The LIFEX refit was from 2015-2017.
So, the duration of the LIFEX refit is 2 years.

Step 3: Calculate the difference in years between the two refit durations.
To find the difference, subtract the duration of the Major refit from the duration of the LIFEX refit.
Difference = Duration of LIFEX refit - Duration of Major refit
Difference = 2 years - 1 year
Difference = 1 year

Final Answer: The final answer is 1.",<num_years>
490,How old was Ali Farag the year he reached the number one ranking?,30,squash,106,"To find out how old Ali Farag was when he reached the number one ranking, we need to follow these steps:

1. Find the year when Ali Farag reached the number one ranking. 
   - According to the table, Ali Farag's highest ranking was No. 1 (June 2022).

2. Determine the month and year when Ali Farag reached the number one ranking.
   - It was June 2022.

3. Find Ali Farag's birthdate.
   - According to the table, Ali Farag was born on 22 April 1992.

4. Calculate Ali Farag's age at the time of reaching the number one ranking.
   - To do this, we need to find the difference between the year he reached the number one ranking and his birth year, and then subtract 1 because he was still in that year.
   - So, 2022 - 1992 = 30.
   - Since he reached the number one ranking in June 2022, he was still 30 years old at that time.

Final Answer: The final answer is 30.",<num_years>
491,How old was Ali Farag the year he turned pro?,17,squash,106,"To find out how old Ali Farag was when he turned pro, we need to follow these steps:

1. Identify the year Ali Farag turned pro: According to the table, Ali Farag turned pro in 2009.
2. Identify the birth year of Ali Farag: According to the table, Ali Farag was born in 1992.
3. Calculate the age of Ali Farag when he turned pro: To do this, we need to subtract the year he turned pro from his birth year. 

   Age = Birth year - Year turned pro
   Age = 1992 - 2009
   Age = -17

However, this calculation doesn't make sense because it results in a negative number. This is because Ali Farag was still a minor when he turned pro. 

   The correct calculation would be to find the age at the time of turning pro, which would be in 2009. Since he was born in 1992, we can calculate his age in 2009 as follows:

   Age = Birth year + Number of years since birth
   Age = 1992 + 17 (2009 - 1992)
   Age = 2009

This still doesn't make sense because we are",<num_years>
492,How old was Ali Farag when he turned professional?,17,squash,106,"To find out how old Ali Farag was when he turned professional, we need to follow these steps:

1. Find Ali Farag's birthdate: In the table, we can see that Ali Farag was born on 22 April 1992.

2. Find the year Ali Farag turned professional: In the table, it is mentioned that Ali Farag turned pro in 2009.

3. Calculate the age of Ali Farag when he turned professional: To find Ali Farag's age in 2009, we need to subtract his birth year from 2009. 

   - 2009 (year he turned pro) - 1992 (birth year) = 17

Therefore, Ali Farag was 17 years old when he turned professional.

Final Answer: The final answer is 17.",<num_years>
493,How old was Ali Farag when he won his first team gold at the World Team Championships?,25,squash,106,"To determine Ali Farag's age when he won his first team gold at the World Team Championships, we need to follow these steps:

1. Identify the year Ali Farag won his first team gold at the World Team Championships.
2. Determine the year Ali Farag was born.
3. Calculate the difference between the two years to find his age.

From the table, we can see that Ali Farag's first team gold at the World Team Championships was in 2017 Marseille.

Step 2: Determine the year Ali Farag was born.
From the table, we can see that Ali Farag was born on April 22, 1992.

Step 3: Calculate the difference between the two years to find his age.
To find Ali Farag's age when he won his first team gold in 2017, we subtract his birth year (1992) from the year he won his gold (2017). 

2017 - 1992 = 25

Therefore, Ali Farag was 25 years old when he won his first team gold at the World Team Championships.

Final Answer: The final answer is 25.",<num_years>
494,How old was Aminishiki Ryūji during his debut?,19,sumo,180,"To find the age of Aminishiki Ryūji during his debut, we need to follow these steps:

1. Find Aminishiki Ryūji's birthdate: In the ""Personal information"" section, we find that Aminishiki Ryūji was born on October 3, 1978.

2. Find Aminishiki Ryūji's debut date: In the ""Career"" section, we find that Aminishiki Ryūji made his debut in January 1997.

3. Calculate the age: Since Aminishiki Ryūji was born in 1978 and debuted in 1997, we can calculate his age by subtracting his birth year from the debut year. However, we need to account for the month as well. 

4. Since Aminishiki Ryūji debuted in January 1997, which is before his birthdate in October 1978, we can calculate his age as follows: 1997 - 1978 = 19 years.

Therefore, Aminishiki Ryūji was 19 years old during his debut.

Final Answer: The final answer is 19.",<num_years>
495,How old was Aminishiki Ryūji when he achieved his highest rank?,28,sumo,180,"To determine Aminishiki Ryūji's age when he achieved his highest rank, we need to follow these steps:

1. Identify the date Aminishiki Ryūji achieved his highest rank. From the table, we see that his highest rank was Sekiwake, which he achieved in September 2007.

2. Identify Aminishiki Ryūji's birthdate. From the table, we see that he was born on October 3, 1978.

3. Calculate the age at the time of achieving the highest rank. Since Aminishiki Ryūji achieved his highest rank in September 2007 and his birthdate is October 3, 1978, we need to find the age as of the end of 2007 (December 2007). 

To do this, we calculate the difference between 2007 and 1978 (which is 29 years) and add the months from October to December (3 months), which results in an age of 29 years and 3 months.",<num_years>
496,How old was Aminishiki Ryūji when he made his debut?,18,sumo,180,"To find the answer to the question, we need to follow these steps:

1. Identify the relevant information in the table: We are looking for Aminishiki Ryūji's age at the time of his debut. This requires us to know his birthdate and the date of his debut.

2. Find Aminishiki Ryūji's birthdate: In the ""Personal information"" section, we find that Aminishiki Ryūji was born on October 3, 1978.

3. Find Aminishiki Ryūji's debut date: In the ""Career"" section, we find that Aminishiki Ryūji made his debut in January 1997.

4. Calculate Aminishiki Ryūji's age at the time of his debut: To do this, we need to calculate the difference between his birth year and the year of his debut. Since his debut was in January 1997, we can assume it was in the year 1997. Now, subtracting his birth year (1978) from the year of his debut (1997), we get 1997 - 1978 = 19.

5. Determine the final answer: Based on the calculation above, Aminishiki",<num_years>
497,How old was Aminishiki Ryūji when he retired?,41,sumo,180,"To find Aminishiki Ryūji's age at the time of retirement, we need to follow these steps:

1. First, we need to find Aminishiki Ryūji's birthdate, which is mentioned in the ""Personal information"" section of the table. His birthdate is October 3, 1978.

2. Next, we need to find the date when Aminishiki Ryūji retired, which is mentioned in the ""Career"" section of the table. He retired in July 2019.

3. Since we know the birthdate and the retirement date, we can calculate the age by finding the difference between the two dates. 

4. We can calculate the age by subtracting the birth year from the retirement year, and then subtracting the birth month and day from the retirement month and day. 

5. Aminishiki Ryūji was born in 1978 and retired in 2019. So, the difference in years is 2019 - 1978 = 41 years.

6. Since the retirement month and day (July) is after the birth month and day (October), we don't need to subtract any months or days.

7. Therefore, Aminishiki Ryū",<num_years>
498,How old was Barrichello when his Formula One career began?,21,f1,51,"To find the answer, we need to determine the year Rubens Barrichello's Formula One career began and then calculate his age at that time.

1. From the table, we see that Rubens Barrichello's Formula One World Championship career started in 1993.
2. We also know that Rubens Barrichello was born on May 23, 1972.
3. To find his age in 1993, we need to subtract his birth year from 1993. 
4. 1993 - 1972 = 21

Final Answer: The final answer is 21.",<num_years>
499,How old was Bradman during his Test debut?,20,cricket,527,"To find the answer, let's break down the information provided in the table.

1. We need to find Bradman's age during his Test debut.
2. The table provides his date of birth as 27 August 1908.
3. We also need to find the date of his Test debut, which is given as 30 November 1928.
4. To calculate his age, we'll find the difference between the year of his debut and his year of birth.

Step 1: Calculate the difference in years between the year of debut and birth year.
Debut year: 1928
Birth year: 1908
Difference: 1928 - 1908 = 20 years

However, this only gives us the number of years between the debut and birth. To get Bradman's age during his debut, we need to consider the month and day as well.

Step 2: Consider the month and day of birth and debut to determine Bradman's age.
Birth date: 27 August 1908
Debut date: 30 November 1928

Since Bradman's birth date (27 August 1908) is before his debut date (30 November 1928), we can simply say that he was 20",<num_years>
500,How old was Brian Lara when he first played for Team Trinidad and Tobago?,18,cricket,528,"To determine Brian Lara's age when he first played for Team Trinidad and Tobago, we need to follow these steps:

1. Find the year Brian Lara first played for Team Trinidad and Tobago.
2. Find the year Brian Lara was born.
3. Calculate the difference between the two years to find his age.

Step 1: From the ""Domestic team information"" section, we see that Brian Lara played for Trinidad and Tobago from 1987 to 2008. This indicates that 1987 is the year he first played for the team.

Step 2: From the ""Personal information"" section, we find that Brian Lara was born on 2 May 1969.

Step 3: To calculate Brian Lara's age when he first played for Trinidad and Tobago, we subtract his birth year from the year he first played. 1987 - 1969 = 18.

Therefore, Brian Lara was 18 years old when he first played for Team Trinidad and Tobago.

Final Answer: The final answer is 18.",<num_years>
501,How old was Brian Lara when he joined the West Indies international team?,21,cricket,528,"To find out how old Brian Lara was when he joined the West Indies international team, we need to follow these steps:

1. Identify the date of Brian Lara's Test debut with the West Indies international team, which is mentioned in the ""International information"" section of the table.
2. Determine the age of Brian Lara at the time of his Test debut.
3. To find the age, we will subtract the year of birth from the year of debut.

Step 1: Identify the date of Brian Lara's Test debut
From the table, we see that Brian Lara made his Test debut on 6 December 1990.

Step 2: Determine the year of birth
From the ""Personal information"" section of the table, we see that Brian Lara was born on 2 May 1969.

Step 3: Calculate the age at the time of debut
Now, we will subtract the year of birth from the year of debut to find the age at the time of debut. 
Year of birth: 1969
Year of debut: 1990
Age = Year of debut - Year of birth
Age = 1990 - 1969
Age = 21

However, this is the age at the end of the year of debut",<num_years>
502,How old was Button when he began his Formula One career?,20,f1,259,"To find out how old Jenson Button was when he began his Formula One career, we need to follow these steps:

1. Find the year Jenson Button started his Formula One career.
   In the table, under the section ""Formula One World Championship career"", it is mentioned that ""Active years 2000-2017"". This means that Jenson Button started his career in 2000.

2. Find Jenson Button's birth year.
   In the table, under the section ""Born"", it is mentioned that Jenson Button was born on ""19 January 1980"".

3. Calculate the age of Jenson Button when he started his Formula One career.
   To find the age, we need to subtract the birth year from the start year of his career. 
   Jenson Button's birth year is 1980 and he started his career in 2000. 
   So, his age at the start of his career would be 2000 - 1980 = 20.

Final Answer: The final answer is 20.",<num_years>
503,How old was Chiyonofuji Mitsugu when he achieved his highest ranking?,26,sumo,131,"To determine Chiyonofuji Mitsugu's age when he achieved his highest ranking, we need to follow these steps:

1. Find the year Chiyonofuji Mitsugu achieved his highest ranking.
   - The table states that Chiyonofuji Mitsugu achieved his highest rank of Yokozuna in July, 1981.

2. Find Chiyonofuji Mitsugu's birthdate.
   - The table states that Chiyonofuji Mitsugu was born on June 1, 1955.

3. Calculate Chiyonofuji Mitsugu's age in 1981.
   - To do this, we need to subtract his birth year from 1981.
   - 1981 - 1955 = 26

4. Since Chiyonofuji Mitsugu was born in June 1955 and achieved his highest rank in July 1981, we need to check if he was 26 years old by the end of 1981 or not. Since he was born in June, he would have turned 26 years old in June 1981. Thus, by July 1981, he was 26 years old.

Final Answer: The final answer is 26.",<num_years>
504,How old was Chiyonofuji Mitsugu when he made his debut?,15,sumo,131,"Let's break down the problem step by step.

Step 1:  We need to find the age of Chiyonofuji Mitsugu when he made his debut.
Step 2:  To do this, we need to know the date of his debut and his date of birth.
Step 3:  From the table, we can see that Chiyonofuji Mitsugu was born on June 1, 1955.
Step 4:  We also know that he made his debut in September 1970.
Step 5:  To find his age at the time of debut, we need to calculate the difference between his birth year and the year he debuted.
Step 6:  The difference between 1970 and 1955 is 15 years.
Step 7:  However, since he debuted in September 1970, we need to consider the months as well.
Step 8:  In 1970, he debuted in September, which means he had already celebrated his 15th birthday in June 1970.
Step 9:  Therefore, when he debuted in September 1970, he was 15 years old.

Final Answer: The final answer is 15.",<num_years>
505,How old was Chiyonofuji Mitsugu when he retired?,36,sumo,131,"To answer the question, we need to determine Chiyonofuji Mitsugu's age at the time of his retirement. We have the information about his birthdate and the date of his retirement.

Step 1: Identify Chiyonofuji Mitsugu's birthdate. 
From the table, we see that Chiyonofuji Mitsugu was born on June 1, 1955.

Step 2: Identify Chiyonofuji Mitsugu's retirement date.
From the table, we see that Chiyonofuji Mitsugu retired in May 1991.

Step 3: Calculate Chiyonofuji Mitsugu's age at the time of his retirement.
To find his age, we subtract his birth year from the year of his retirement. Since he retired in 1991, we calculate: 1991 - 1955 = 36.

However, we also need to account for the month of his retirement. Since he retired in May 1991 and was born in June 1955, we need to subtract 1 from the age calculated in step 3. This is because he would have turned 36 in June 1991, but he retired in May 1991.

Step 4: Calculate Chiyonofuji Mitsugu's age",<num_years>
506,How old was Chris Ciriello during the 2012 London Olympics?,27,hockey,670,"To find Chris Ciriello's age during the 2012 London Olympics, we need to follow these steps:

1. Find Chris Ciriello's birthdate from the table. 
   - From the ""Personal information"" section, we see that Chris Ciriello was born on 1 October 1985.

2. Identify the year of the 2012 London Olympics. 
   - The year of the 2012 London Olympics is 2012.

3. Calculate Chris Ciriello's age during the 2012 London Olympics. 
   - To do this, we subtract Chris Ciriello's birth year from the year of the Olympics. 
   - Chris Ciriello's age = Year of Olympics - Birth Year 
   - Chris Ciriello's age = 2012 - 1985 
   - Chris Ciriello's age = 27 

Final Answer: The final answer is 27.",<num_years>
507,How old was Chris Ciriello when he married Heidi Ciriello?,25,hockey,670,"To determine how old Chris Ciriello was when he married Heidi Ciriello, we need to follow these steps:

1. First, we need to find Chris Ciriello's birthdate, which is mentioned in the ""Personal information"" section of the table. It states that he was born on 1 October 1985.

2. Next, we need to find the year Chris Ciriello got married to Heidi Ciriello. According to the ""Personal information"" section, Chris Ciriello got married to Heidi Ciriello in 2010.

3. Since Chris Ciriello's birthdate is 1 October 1985, we can calculate his age in 2010 by subtracting his birth year from 2010. This gives us 2010 - 1985 = 25.

4. Therefore, Chris Ciriello was 25 years old when he married Heidi Ciriello.

Final Answer: The final answer is 25.",<num_years>
508,How old was Daisuke Shiga in the year of his professional debut?,18,sumo,169,"To determine the age of Daisuke Shiga at the time of his professional debut, we need to follow these steps:

1. Identify the year of Daisuke Shiga's professional debut: According to the table, Daisuke Shiga made his debut in November 1994.

2. Identify Daisuke Shiga's birth year: According to the table, Daisuke Shiga was born on November 9, 1976.

3. Calculate the age of Daisuke Shiga at the time of his debut: To find the age, we need to subtract the birth year from the debut year. Since the birth year is 1976 and the debut year is 1994, we subtract 1976 from 1994, which equals 18.

Therefore, Daisuke Shiga was 18 years old at the time of his professional debut.

Final Answer: The final answer is 18.",<num_years>
509,How old was Dhyan Chand when he won his final gold medal at the 1936 Olympic Games?,31,hockey,524,"To find the answer, let's break down the information step by step:

1. We know Dhyan Chand won his final gold medal at the 1936 Olympic Games, which was held in Berlin.

2. We need to find his age at that time. To do this, we need to know his date of birth.

3. Dhyan Chand's date of birth is given as 29 August 1905.

4. Now, we need to find the date of the 1936 Olympic Games. The question already mentions this as 1936, but to be precise, it was held from August 1 to August 16, 1936.

5. Since the exact date of the gold medal win is not given, we'll assume it was won sometime in August 1936.

6. To find Dhyan Chand's age, we'll subtract his birth year from the year of the Olympic Games. However, since the exact date is not provided, we'll assume he won the medal on August 29, 1936, which is his birthday.

7. So, we subtract his birth year (1905) from the year of the Olympic Games (1936). This gives us 1936 - 1905 = 31.

8",<num_years>
510,How old was Dhyan Chand when he won his first gold medal at the 1928 Olympics?,23,hockey,524,"To determine Dhyan Chand's age when he won his first gold medal at the 1928 Olympics, we need to follow these steps:

1. Identify the date of Dhyan Chand's first gold medal win: According to the table, Dhyan Chand won his first gold medal at the 1928 Amsterdam Olympics.

2. Identify Dhyan Chand's birthdate: The table states that Dhyan Chand was born on August 29, 1905.

3. Calculate Dhyan Chand's age at the time of his first gold medal win: To find Dhyan Chand's age at the time of his first gold medal win, we need to subtract his birth year from the year he won his first gold medal. Since the Olympics took place in 1928, we can calculate his age as follows: 1928 (year of first gold medal win) - 1905 (birth year) = 23.

However, we also need to consider the month and day of his birth to determine the exact age at the time of the Olympics. Since the Olympics took place in August 1928 and Dhyan Chand was born in August 1905, we need to calculate his age for the specific month and day.

4. Calculate Dhyan Chand's age for August",<num_years>
511,How old was Diaz in his first entry in his Formula One World Championship career?,20,f1,258,"To find the answer, let's follow these steps:

1. Identify the relevant information from the table: 
   - The date of Fernando Alonso's first entry in the Formula One World Championship career is given as 2001 Australian Grand Prix.
   - The birthdate of Fernando Alonso Díaz is given as 29 July 1981.

2. Calculate the age of Fernando Alonso Díaz at the time of his first entry:
   - To find the age, we need to subtract the birth year from the year of the first entry. Since the first entry was in 2001, we subtract 1981 from 2001.
   - 2001 - 1981 = 20 years old

3. Determine the age of Fernando Alonso Díaz at the time of his first entry in his Formula One World Championship career:
   - Since the calculation gives us the age at the time of the first entry, we don't need any further adjustments.

Final Answer: The final answer is 20.",<num_years>
512,How old was Don Bradman during the year of his last international Test?,40,cricket,527,"To find out how old Don Bradman was during the year of his last international Test, we need to follow these steps:

1. Identify the year of Don Bradman's last international Test:
   From the table, we see that his last Test was on 18 August 1948.

2. Identify the birth year of Don Bradman:
   From the table, we see that Don Bradman was born on 27 August 1908.

3. Calculate the age of Don Bradman at the time of his last international Test:
   Since the last Test was in 1948, we need to find the age difference between 1948 and his birth year. 
   To do this, we subtract his birth year from the year of the last Test: 1948 - 1908 = 40 years.

4. Determine the age of Don Bradman at the time of his last international Test:
   Since Don Bradman was born on 27 August 1908, and his last Test was on 18 August 1948, we need to consider the age at the end of the year. 
   Therefore, his age at the time of his last international Test would be 40 years (as calculated above).

Final Answer: The final answer",<num_years>
513,How old was Don Bradman when he made his first Test debut?,20,cricket,527,"To find Don Bradman's age when he made his first Test debut, we need to follow these steps:

1. Find Don Bradman's date of birth from the table.
   - The date of birth is mentioned as ( | 1908-08-27 | ) or 27 August 1908.

2. Find the date of Don Bradman's first Test debut from the table.
   - The date of his first Test debut is mentioned as 30 November 1928.

3. Calculate Don Bradman's age at the time of his first Test debut.
   - To do this, we need to find the difference between his date of birth and his date of first Test debut.
   - We know that his date of birth is 27 August 1908 and his date of first Test debut is 30 November 1928.
   - We can calculate the difference by subtracting the year and month of birth from the year and month of the first Test debut.
   - The difference in years is 1928 - 1908 = 20 years.
   - The difference in months is 11 (November) - 8 (August) = 3 months.
   - Since 20 years and 3 months is more than ",<num_years>
514,How old was Don Bradman when he made his international Test debut?,20,cricket,527,"To determine Don Bradman's age at his international Test debut, we need to follow these steps:

1. Find Don Bradman's date of birth: In the table, under the ""Personal information"" section, we find that Don Bradman was born on 27 August 1908.

2. Find Don Bradman's date of international Test debut: In the table, under the ""International information"" section, we find that Don Bradman made his Test debut on 30 November 1928.

3. Calculate Don Bradman's age at the time of his Test debut: To calculate Don Bradman's age, we need to subtract his date of birth from his date of Test debut. We can do this by finding the difference in years.

Don Bradman's date of birth: 27 August 1908
Don Bradman's Test debut date: 30 November 1928

The difference in years between 1928 and 1908 is 20 years.

4. Verify if the month and day also contribute to the age difference: Since Don Bradman's Test debut occurred in November 1928, and his birthday is in August 1908, we need to consider the time elapsed from his birthday in August 1908 to November ",<num_years>
515,How old was Eddy Merckx when he joined his first professional team?,20,cycling,635,"To answer this question, we need to follow these steps:

1. Identify the year Eddy Merckx joined his first professional team.
2. Find the birth year of Eddy Merckx.
3. Calculate the age of Eddy Merckx when he joined his first professional team.

From the table, we can see that Eddy Merckx joined his first professional team, Solo-Superia, in 1965.

His birth year is 1945.

Now, let's calculate his age when he joined his first professional team:
Age = Birth year + Joined year - 1
Age = 1945 + 1965 - 1
Age = 3909 - 1
Age = 3908 years old

However, this calculation is incorrect because Eddy Merckx was not 3908 years old when he joined his first professional team. We made a mistake in our calculation. Let's try again.

Age = Joined year - Birth year
Age = 1965 - 1945
Age = 20 years old

So, Eddy Merckx was 20 years old when he joined his first professional team.

Final Answer: The final answer is 20.",<num_years>
516,How old was Eddy Merckx when he started his professional career?,20,cycling,635,"To answer the question, we need to follow these steps:

1. Identify the year Eddy Merckx started his professional career.
2. Find the year Eddy Merckx was born.
3. Calculate the age of Eddy Merckx when he started his professional career.

Step 1: Identify the year Eddy Merckx started his professional career.
From the table, we can see that Eddy Merckx started his professional career in 1965.

Step 2: Find the year Eddy Merckx was born.
From the table, we can see that Eddy Merckx was born on 17 June 1945.

Step 3: Calculate the age of Eddy Merckx when he started his professional career.
Since Eddy Merckx was born on 17 June 1945 and started his professional career in 1965, we need to find the age difference between these two years. 

To do this, we can subtract the birth year from the start year: 
1965 - 1945 = 20

Therefore, Eddy Merckx was 20 years old when he started his professional career.

Final Answer: The final answer is 20.",<num_years>
517,How old was Felice Gimondi when he won a silver medal at the UCI Road World Championships?,29,cycling,100,"To answer this question, we need to follow these steps:

1. Find the year Felice Gimondi won the silver medal at the UCI Road World Championships.
2. Determine the year Felice Gimondi was born.
3. Calculate the age of Felice Gimondi at the time of winning the silver medal.

Step 1: 
From the table, we can see that Felice Gimondi won a silver medal at the UCI Road World Championships in 1971.

Step 2: 
We can also find the year Felice Gimondi was born from the table, which is 1942.

Step 3: 
To calculate the age of Felice Gimondi at the time of winning the silver medal, we need to subtract his birth year from the year he won the silver medal. 

Age = Year of winning the silver medal - Year of birth
Age = 1971 - 1942
Age = 29

Therefore, Felice Gimondi was 29 years old when he won a silver medal at the UCI Road World Championships.

Final Answer: The final answer is 29.",<num_years>
518,How old was Fernando Alonso in the year he had his first entry?,20,f1,258,"A: Let's think step by step.

Step 1: We need to find the year of Fernando Alonso's first entry in Formula One.
In the table, we can see that his first entry was at the 2001 Australian Grand Prix. So, the year of his first entry is 2001.

Step 2: Next, we need to find the age of Fernando Alonso in the year of his first entry.
We know that he was born on 29 July 1981. To find his age in 2001, we need to subtract his birth year from the year of his first entry. 

Step 3: Perform the subtraction.
Age = Year of first entry - Year of birth
Age = 2001 - 1981
Age = 20

Therefore, Fernando Alonso was 20 years old in the year he had his first entry.

Final Answer: The final answer is 20.",<num_years>
519,How old was Fernando Alonso in the year he won the Spanish Grand Prix?,32,f1,258,"Step 1: Identify the year Fernando Alonso won the Spanish Grand Prix.
From the table, we can see that Fernando Alonso won the Spanish Grand Prix in 2013.

Step 2: Determine Fernando Alonso's age in the year he won the Spanish Grand Prix.
To find Fernando Alonso's age in 2013, we need to know his birthdate. From the table, we can see that Fernando Alonso was born on July 29, 1981.

Step 3: Calculate Fernando Alonso's age in 2013.
Since Fernando Alonso was born on July 29, 1981, we need to calculate his age from 1981 to 2013. 

Step 4: Perform the calculation.
From 1981 to 2013, there are 32 years. However, we need to consider that his birthday (July 29) has not yet occurred in 2013. Therefore, we subtract 1 from 32 to get 31.

Step 5: Determine Fernando Alonso's age in 2013.
Fernando Alonso was 31 years old in 2013 when he won the Spanish Grand Prix.

Final Answer: The final answer is 31.",<num_years>
520,How old was Francesco Moser when he rode for Sanson?,25,cycling,101,"To find the answer to the question, we need to follow these steps:

1. Identify the relevant information in the table related to Francesco Moser's career with the team Sanson.
2. Determine the year when Francesco Moser rode for Sanson.
3. Calculate Francesco Moser's age at that time.

Step 1: Identify the relevant information in the table related to Francesco Moser's career with the team Sanson.
In the ""Professional teams"" section of the table, we see that Francesco Moser rode for Sanson from 1976 to 1980.

Step 2: Determine the year when Francesco Moser rode for Sanson.
Based on the information from step 1, Francesco Moser rode for Sanson from 1976 to 1980. This means he rode for Sanson in 1976, 1977, 1978, 1979, and 1980.

Step 3: Calculate Francesco Moser's age at that time.
We know that Francesco Moser was born on June 19, 1951. To calculate his age, we need to know the year we are looking for. Let's assume we are looking for his age in 1976, 1977, 1978,",<num_years>
521,How old was Futabayama Sadaji when he achieved the rank of Yokozuna?,25,sumo,134,"To answer this question, let's break it down into steps:

1. We need to find the date when Futabayama Sadaji achieved the rank of Yokozuna. 
   From the table, we see that he achieved this rank on May 1937.

2. We need to find the date of Futabayama Sadaji's birth.
   From the table, we see that he was born on February 9, 1912.

3. To find his age when he achieved the rank of Yokozuna, we need to subtract his birth year from the year he achieved the rank.
   Since he achieved the rank in 1937, we subtract 1912 from 1937, which equals 25.

4. However, this is the difference in years, and we need to consider the month as well. 
   Since he achieved the rank in May 1937 and was born in February 1912, we need to consider the months as well. 
   However, the difference between May and February is approximately 3 months, so his age would be 25 (from the year difference) plus 3 months, which is approximately 25 years and 3 months.

5. However, the question asks for his age in years",<num_years>
522,How old was Futabayama Sadaji when he made his debut?,15,sumo,134,"To find the answer to the question, we need to follow these steps:

1. Identify the relevant information from the table: We are looking for the age of Futabayama Sadaji when he made his debut. The table mentions his birth date and the date he made his debut.

2. Extract the birth date and the debut date: The birth date is February 9, 1912, and the debut date is March 1927.

3. Calculate the age at the time of debut: To find the age, we need to subtract the birth year from the debut year and then subtract the birth month and day from the debut month and day.

   Debut year: 1927
   Birth year: 1912
   Age at debut: 1927 - 1912 = 15

   Debut month and day: March 1927
   Birth month and day: February 9, 1912
   Since Futabayama Sadaji made his debut in March 1927, he would have turned 15 on February 9, 1927. Therefore, at the time of his debut in March 1927, he was 15 years old.

Final Answer: The final answer is 15.",<num_years>
523,How old was Futabayama Sadaji when he reached his highest rank?,25,sumo,134,"To find out how old Futabayama Sadaji was when he reached his highest rank, we need to follow these steps:

1. Identify the year Futabayama Sadaji reached his highest rank.
   According to the table, Futabayama Sadaji reached his highest rank, Yokozuna, in May 1937.

2. Identify the year Futabayama Sadaji was born.
   According to the table, Futabayama Sadaji was born on February 9, 1912.

3. Calculate the age of Futabayama Sadaji when he reached his highest rank.
   To find the age, we need to subtract the birth year from the year he reached his highest rank.
   Age = Year of reaching highest rank - Year of birth
   Age = 1937 - 1912
   Age = 25

Therefore, Futabayama Sadaji was 25 years old when he reached his highest rank, Yokozuna, in May 1937.

Final Answer: The final answer is 25.",<num_years>
524,How old was Futabayama Sadaji when he retired?,33,sumo,134,"To determine Futabayama Sadaji's age when he retired, we need to follow these steps:

1. Find the year Futabayama Sadaji retired: The table states that Futabayama Sadaji retired in November 1945.

2. Find the year Futabayama Sadaji was born: The table states that Futabayama Sadaji was born on February 9, 1912.

3. Calculate the age: To find the age, we need to subtract the birth year from the retirement year. Since Futabayama Sadaji retired in 1945, we will subtract 1912 from 1945.

   1945 - 1912 = 33

However, we need to consider that the year of birth is in February, and the year of retirement is in November. Therefore, Futabayama Sadaji would have not yet turned 33 at the time of retirement. We need to subtract 1 from the calculated age.

   33 - 1 = 32

Final Answer: The final answer is 32.",<num_years>
525,How old was Gagan Ajit Singh when he began his senior career?,25,hockey,486,"To find the age of Gagan Ajit Singh when he began his senior career, we need to follow these steps:

1. Find the year when Gagan Ajit Singh began his senior career.
   From the table, we can see that he played for HC Klein Zwitserland from 2005-2007. So, he began his senior career in 2005.

2. Find the birth year of Gagan Ajit Singh.
   From the table, we can see that Gagan Ajit Singh was born on 9 December 1980.

3. Calculate the age of Gagan Ajit Singh in 2005.
   To do this, we subtract his birth year from the year he began his senior career.
   Age = 2005 - 1980 = 25

So, Gagan Ajit Singh was 25 years old when he began his senior career.

Final Answer: The final answer is 25.",<num_years>
526,How old was Gino Bartali when he joined his first professional team?,21,cycling,102,"To find out how old Gino Bartali was when he joined his first professional team, we need to follow these steps:

1. Identify Gino Bartali's birthdate: The table states that Gino Bartali was born on 18 July 1914.

2. Identify the year Gino Bartali joined his first professional team: According to the table, Gino Bartali joined his first professional team, Frejus, in 1935.

3. Calculate the age of Gino Bartali when he joined his first professional team: To find the age, we subtract the birth year from the year he joined the team. Gino Bartali was born in 1914 and joined his first professional team in 1935. Therefore, his age at that time would be 1935 - 1914 = 21 years old.

Final Answer: The final answer is 21.",<num_years>
527,How old was Gino Bartali when he rode for the Fréjus team?,21,cycling,102,"To answer this question, we need to follow these steps:

1. Identify the team Gino Bartali rode for: Fréjus.
2. Identify the year Gino Bartali rode for the Fréjus team: 1935.
3. Identify Gino Bartali's birth year: 1914.
4. Calculate Gino Bartali's age in 1935.

Now, let's calculate Gino Bartali's age in 1935:

- Gino Bartali was born on July 18, 1914.
- In 1935, he would have been born 20 years and 11 months ago (since his birthday has not occurred yet in 1935).

However, to calculate the exact age, we need to consider the months. 

Since there are 12 months in a year, we can calculate the age as follows:

- 20 years: 20 * 12 = 240 months
- 11 months: 240 + 11 = 251 months

Since there are approximately 12.08 months in a year, we can calculate the age in years as follows:

- 251 months / 12.08 ≈ 20.87 years

However, since age is usually calculated in whole",<num_years>
528,How old was Haguroyama Masaji when he became a Yokozuna?,27,sumo,137,"To answer the question, we need to find the year Haguroyama Masaji became a Yokozuna and then calculate his age at that time.

Step 1: Find the year Haguroyama Masaji became a Yokozuna.
From the table, we see that Haguroyama Masaji's highest rank was Yokozuna, achieved in May, 1941.

Step 2: Find the year of Haguroyama Masaji's birth.
From the table, we see that Haguroyama Masaji was born on November 18, 1914.

Step 3: Calculate the age of Haguroyama Masaji when he became a Yokozuna.
Since Haguroyama Masaji became a Yokozuna in 1941, we need to subtract his birth year from 1941 to find his age.
1941 - 1914 = 27

Therefore, Haguroyama Masaji was 27 years old when he became a Yokozuna.

Final Answer: The final answer is 27.",<num_years>
529,How old was Haguroyama Masaji when he debuted?,20,sumo,137,"To find out how old Haguroyama Masaji was when he debuted, we need to follow these steps:

1. Find the year of Haguroyama Masaji's birth: According to the table, Haguroyama Masaji was born on November 18, 1914.
2. Find the year of Haguroyama Masaji's debut: According to the table, Haguroyama Masaji debuted in January 1934.
3. Calculate the age at the time of debut: To find the age, we need to subtract the year of birth from the year of debut. However, since Haguroyama Masaji was born in November and debuted in January of the following year, we need to subtract one from the result.

Age = Year of Debut - Year of Birth - 1
Age = 1934 - 1914 - 1
Age = 19

So, Haguroyama Masaji was 19 years old when he debuted.

Final Answer: The final answer is 19.",<num_years>
530,How old was Harumafuji Kōhei during his debut?,17,sumo,139,"To find Harumafuji Kōhei's age during his debut, we need to follow these steps:

1. Find the year of Harumafuji Kōhei's debut from the table.
   From the ""Career"" section, we see that Harumafuji Kōhei debuted in January 2001.

2. Find Harumafuji Kōhei's birth year from the table.
   From the ""Personal information"" section, we see that Harumafuji Kōhei was born on April 14, 1984.

3. Calculate Harumafuji Kōhei's age during his debut.
   Since Harumafuji Kōhei debuted in 2001 and was born in 1984, we need to subtract his birth year from the debut year to find his age.
   Age = Debut year - Birth year
   Age = 2001 - 1984
   Age = 17

Therefore, Harumafuji Kōhei was 17 years old during his debut.

Final Answer: The final answer is 17.",<num_years>
531,On what date did the 1983 IBF World Championships end?,"May 8, 1983",sports event,1030,"To find the date when the 1983 IBF World Championships ended, we need to look at the ""Dates"" column in the table. 

Step 1: Identify the relevant information in the ""Dates"" column. 
The relevant information is: ""May 2, 1983 | - May 8, 1983"".

Step 2: Determine the start and end dates of the championships.
The start date is May 2, 1983, and the end date is May 8, 1983.

Step 3: Conclude the date when the 1983 IBF World Championships ended.
Based on the information in the table, the 1983 IBF World Championships ended on May 8, 1983.

Final Answer: The 1983 IBF World Championships ended on May 8, 1983.","%B %d, %Y"
532,What is the time difference in hours between Florida and Colorado?,2,time zone,34,"To determine the time difference between Florida and Colorado, we need to know the time zones of both states and then compare them. Florida is in the Eastern Time Zone (ET), and Colorado is in the Mountain Time Zone (MT). 

Q: What is the time difference in hours between the Eastern Time Zone and the Mountain Time Zone?

Table:

time zone
ET
MT

UTC offset
UTC−05:00
UTC−07:00

To find the time difference, we need to subtract the UTC offset of the Mountain Time Zone from the UTC offset of the Eastern Time Zone. 

MT UTC offset: UTC−07:00
ET UTC offset: UTC−05:00

Time difference = ET UTC offset - MT UTC offset 
= UTC−05:00 - UTC−07:00
= UTC+02:00 

So, the Mountain Time Zone is 2 hours behind the Eastern Time Zone.

Final Answer: The time difference in hours between Florida and Colorado is 2 hours.",<num_hours>
533,How old was Harumafuji Kōhei when he made his debut?,17,sumo,139,"To determine Harumafuji Kōhei's age when he made his debut, we need to follow these steps:

1. Find Harumafuji Kōhei's birthdate: According to the table, Harumafuji Kōhei was born on April 14, 1984.

2. Find the date of his debut: According to the table, Harumafuji Kōhei made his debut in January 2001.

3. Calculate the age at the time of debut: To find Harumafuji Kōhei's age at the time of his debut, we need to subtract his birth year from the debut year and then subtract the birth month from the debut month. Since he debuted in January 2001 and was born in April 1984, we can calculate his age as follows:
   - Debut year: 2001
   - Birth year: 1984
   - Age in years: 2001 - 1984 = 17
   - Debut month: January
   - Birth month: April
   - Age in months: Since January is the first month, we can directly compare the months. April is 3 months after January, so we need to subtract 3 months from ",<num_years>
534,How old was Harumafuji Kōhei when he retired from sumo in 2017?,33,sumo,139,"To determine Harumafuji Kōhei's age at the time of his retirement, we need to follow these steps:

1. Find Harumafuji Kōhei's birthdate, which is listed in the ""Personal information"" section of the table. His birthdate is April 14, 1984.

2. Identify the year he retired from sumo, which is given in the ""Career"" section of the table. He retired on November 29, 2017.

3. Calculate the difference in years between his birth year and the year he retired. This will give us his age at the time of retirement.

4. Perform the calculation: 2017 (year of retirement) - 1984 (year of birth) = 33 years.

Therefore, Harumafuji Kōhei was 33 years old when he retired from sumo in 2017.

Final Answer: The final answer is 33.",<num_years>
535,How many days later did Mardi Gras start in 2022 compared to 2021?,13,holiday,218,"To find out how many days later Mardi Gras started in 2022 compared to 2021, we need to compare the 2021 and 2022 dates.

1. The 2021 date of Mardi Gras is given as 16 February.
2. The 2022 date of Mardi Gras is given as 1 March.
3. To find the difference in days, we can count the days from 16 February to 1 March.

February has 28 days (since 2022 is not a leap year). 
- 16 February is the 47th day of the year.
- 1 March is the 61st day of the year.

The difference in days between 1 March and 16 February is 61 - 47 = 14 days.

Therefore, Mardi Gras started 14 days later in 2022 compared to 2021.

Final Answer: The final answer is 14.",<num_days>
536,How many days later did Yom Kippur start in 2022 compared to 2021?,19,holiday,208,"To determine how many days later Yom Kippur started in 2022 compared to 2021, we need to compare the dates for both years.

The date of Yom Kippur in 2021 was from sunset on September 15 to nightfall on September 16.
The date of Yom Kippur in 2022 was from sunset on October 4 to nightfall on October 5.

Since September has 30 days, September 15 is 15 days into the month. October 4 is 4 days into the month.

To find the difference in days between the two dates, we subtract the earlier date from the later date: 30 (days in September) + 4 (days in October) - 15 = 19.

However, we are comparing the same date in different years. To find the difference in days between the two years, we need to subtract the earlier date from the later date. The earlier date is September 16, 2021, and the later date is October 5, 2022. 

October has 31 days. So, October 5 is 5 days into the month. September has 30 days. September 16 is 16 days into the month. 

",<num_days>
537,What is the time difference in hours between MST and MDT?,1,time zone,34,"To find the time difference in hours between MST and MDT, we need to analyze the given information.

1. We are given that MST stands for Mountain Standard Time and MDT stands for Mountain Daylight Time.
2. The table shows that MST has a UTC offset of UTC−07:00 and MDT has a UTC offset of UTC−06:00.
3. Since MDT is observed during daylight saving time (DST), it is one hour ahead of MST.

Now, let's calculate the time difference between MST and MDT:

MST (UTC−07:00) - MDT (UTC−06:00) = 1 hour

Therefore, MDT is 1 hour ahead of MST.

Final Answer: The final answer is 1.",<num_hours>
538,How many days pass between Western Christianity's observance of Christmas and the Armenian Patriarchate of Jerusalem's observance?,25,holiday,211,"To determine the number of days between Western Christianity's observance of Christmas and the Armenian Patriarchate of Jerusalem's observance, we need to identify the dates of both observances.

Western Christianity observes Christmas on December 25.

The Armenian Patriarchate of Jerusalem observes Christmas on January 19, according to the Old Style (O.S.) calendar, which corresponds to January 6.

Since January 6 is the date according to the New Style (N.S.) calendar, we will consider this date for our calculation. However, to maintain consistency with the given information, we will convert the date to the Old Style (O.S.) calendar. 

The Old Style (O.S.) date January 6 corresponds to December 25 in the New Style (N.S.) calendar. Therefore, we will use January 6 as the date for the Armenian Patriarchate of Jerusalem's observance.

Now, let's calculate the number of days between the two dates:

December 25 (Western Christianity's observance) to January 6 (Armenian Patriarchate of Jerusalem's observance) = 12 days

Therefore, the number of days between Western Christianity's observance of Christmas and the Armenian Patriarchate of Jerusalem's observance is 12.

Final",<num_days>
539,What is the time difference in hours between NST and NDT?,1,time zone,35,"To find the time difference between NST and NDT, we need to understand what each of these time zones represents.

NST stands for Newfoundland Standard Time, and NDT stands for Newfoundland Daylight Time.

NST is UTC−03:30, which means it is 3 hours and 30 minutes behind Coordinated Universal Time (UTC).

NDT is UTC−02:30, which means it is 2 hours and 30 minutes behind Coordinated Universal Time (UTC).

Since NDT is 1 hour behind NST (3 hours 30 minutes - 2 hours 30 minutes = 1 hour), the time difference between NST and NDT is 1 hour.

Final Answer: The final answer is 1.",<num_hours>
540,How many days were between Dev's Test debut and his ODI debut?,15,cricket,52,"To find the number of days between Kapil Dev's Test debut and his ODI debut, we need to calculate the difference in days between the two dates.

Q: How many days were between Dev's Test debut and his ODI debut?

Step 1: Find the date of Kapil Dev's Test debut. 
According to the table, his Test debut was on 16 October 1978.

Step 2: Find the date of Kapil Dev's ODI debut. 
According to the table, his ODI debut was on 1 October 1978.

Step 3: Calculate the difference between the two dates.
Since the ODI debut date (1 October 1978) is before the Test debut date (16 October 1978), we need to subtract the ODI debut date from the Test debut date.

To find the difference, we can use the following formula:
Difference = (Test debut date - ODI debut date)

Since both dates are in the same year (1978), we can directly subtract the months and days.

Difference = (October - October) + (16 - 1) = 0 + 15 = 15 days

Therefore, there were 15 days between Kapil Dev's Test debut and his",<num_days>
541,How many days were there between the semifinals and finals at the 2019 World Aquatics Championships?,1,sports event,1032,"To find the answer, we need to identify the dates of the semifinals and finals, and then calculate the difference between them.

1. From the table, we see that the semifinals and finals took place on July 25 and July 26, respectively.

2. We need to find the difference between these two dates.

3. Since both dates are in the same month (July), we can directly subtract the day of the semifinals from the day of the finals.

4. July 26 - July 25 = 1 day

Therefore, there was 1 day between the semifinals and finals at the 2019 World Aquatics Championships.

Final Answer: The final answer is 1.",<num_days>
542,How many days were there between the Western and Eastern Easter dates in 2022?,7,holiday,217,"To find the difference in days between the Western and Eastern Easter dates in 2022, we need to first find the dates and then calculate the difference.

Step 1: Identify the Western Easter date in 2022.
From the table, the Western Easter date in 2022 is given as April 17.

Step 2: Identify the Eastern Easter date in 2022.
From the table, the Eastern Easter date in 2022 is given as April 24.

Step 3: Calculate the difference between the two dates.
To find the difference, we need to subtract the smaller date from the larger date. In this case, we subtract April 17 from April 24.

Step 4: Calculate the number of days.
Since we are subtracting two dates in the same month, we can simply count the number of days between them. April 17 to April 24 is 7 days.

Final Answer: The final answer is 7.",<num_days>
543,How many days would separate Western and Eastern holiday dates if they occurred in the same year?,3,holiday,212,"To find the difference in days between Western and Eastern holiday dates, we need to consider the difference between each year's Western and Eastern dates.

In 2021, the Western date is April 2 and the Eastern date is April 30. The difference is 28 days.

In 2022, the Western date is April 15 and the Eastern date is April 22. The difference is 7 days.

In 2023, the Western date is April 7 and the Eastern date is April 14. The difference is 7 days.

In 2024, the Western date is March 29 and the Eastern date is May 3. The difference is 35 days.

Since we are looking for a general difference in days between Western and Eastern holiday dates, we can see that the difference is not consistent across years. However, if we need a general answer, we can look at the average difference or consider the range of differences.

Average difference is not the correct answer here, since the question asks for the difference in days if they occurred in the same year.",<num_days>
544,On what date did the heats of the Women's 200 metre breaststroke take place at the 2019 World Aquatics Championships?,"July 25, 2019",sports event,1032,"To find the date when the heats of the Women's 200 metre breaststroke took place, we need to look at the information provided in the table.

1. The table mentions that the heats and semifinals took place on a certain date. 
2. This date is given as ""25 July"" in the ""Dates"" column.

Therefore, the heats of the Women's 200 metre breaststroke took place on July 25, 2019.

Final Answer: The final answer is July 25, 2019.","%B %d, %Y"
545,On what date did the finals of the Women's 200 metre breaststroke take place at the 2019 World Aquatics Championships?,"July 26, 2019",sports event,1032,"To find the date when the finals of the Women's 200 metre breaststroke took place at the 2019 World Aquatics Championships, let's break down the information provided in the table.

1. The table mentions that the heats and semifinals took place on July 25, 2019.
2. It also states that the finals took place on a specific date, which is mentioned alongside the heats and semifinals date.
3. The date for the finals is given as July 26, 2019.

Therefore, the final answer is: 
Final Answer: The final date for the Women's 200 metre breaststroke finals at the 2019 World Aquatics Championships was July 26, 2019.","%B %d, %Y"
546,How old was Jacques Anquetil the year he medaled in Helsinki?,18,cycling,636,"To find out how old Jacques Anquetil was the year he medaled in Helsinki, we need to follow these steps:

1. Find the year when Jacques Anquetil medaled in Helsinki. 
   According to the table, Jacques Anquetil medaled in Helsinki in 1952.

2. Find the birth year of Jacques Anquetil.
   According to the table, Jacques Anquetil was born in 1934.

3. Calculate the age of Jacques Anquetil in 1952 by subtracting his birth year from the year he medaled in Helsinki.
   Age = Year of medal - Birth year
   Age = 1952 - 1934
   Age = 18

Therefore, Jacques Anquetil was 18 years old the year he medaled in Helsinki.

Final Answer: The final answer is 18.",<num_years>
547,How old was Jacques Anquetil when he began riding professionally?,19,cycling,636,"To find out how old Jacques Anquetil was when he began riding professionally, we need to follow these steps:

1. Find the year Jacques Anquetil started his professional career.
2. Determine the year of his birth.
3. Calculate the age at the time he began his professional career.

Step 1: Find the year Jacques Anquetil started his professional career.
In the ""Professional teams"" section of the table, we see that he rode for La Perle from 1953-1955. This indicates that he started his professional career in 1953.

Step 2: Determine the year of his birth.
According to the ""Personal information"" section of the table, Jacques Anquetil was born on January 8, 1934.

Step 3: Calculate the age at the time he began his professional career.
To find his age in 1953, we subtract his birth year from 1953:
1953 - 1934 = 19

Final Answer: Jacques Anquetil was 19 years old when he began riding professionally.",<num_years>
548,Over how many days did the 1983 IBF World Championships take place?,7,sports event,1030,"To find out over how many days the 1983 IBF World Championships took place, we need to determine the start and end dates of the event.

Step 1: Identify the start date of the event. 
The start date of the event is given as May 2, 1983.

Step 2: Identify the end date of the event.
The end date of the event is given as May 8, 1983.

Step 3: Calculate the number of days between the start and end dates.
To find the number of days, we can subtract the start date from the end date. 

May 8, 1983 - May 2, 1983 = 6 days

Therefore, the 1983 IBF World Championships took place over 6 days.

Final Answer: The final answer is 6.",<num_days>
549,How many months ago did the first system form in 2005?,210,cyclone,1091,"To determine how many months ago the first system formed in 2005, we need to follow these steps:

1. Identify the date when the first system formed: The first system formed on June 8, 2005.
2. Determine the current date: Since the current date is December 2022, we will use this as our reference date.
3. Calculate the time difference between the current date and the date when the first system formed.

To calculate the time difference, we can use the following formula:

Time difference = (Current year - Formation year) * 12 + (Current month - Formation month)

Plugging in the values, we get:

Time difference = (2022 - 2005) * 12 + (12 - 6)
Time difference = 17 * 12 + 6
Time difference = 204 + 6
Time difference = 210 months

However, we need to calculate the time difference in years and months. Since 210 months is equal to 17 years and 7 months, we can simplify it to:

Time difference = 17 years and 7 months

Since we are asked to find out how many months ago the first system formed, we will focus on the 7 months.

Final Answer",<num_months>
550,What is the time difference in hours between the Atlantic Time Zone and Florida?,1,time zone,33,"To answer the question, we need to determine the time difference between the Atlantic Time Zone and Florida. Since Florida is in the Eastern Time Zone (ET), we need to find the time difference between the Atlantic Time Zone and the Eastern Time Zone.

Q: What is the UTC offset of the Atlantic Time Zone and the Eastern Time Zone?

A: From the table, we can see that the Atlantic Time Zone has two UTC offsets: AST (UTC−04:00) and ADT (UTC−03:00). However, we are not given any information about the Eastern Time Zone's UTC offset in the table. 

But we know that Eastern Time Zone is UTC−5:00 during standard time and UTC−4:00 during daylight saving time. 

Now, we can proceed with our answer.

Q: What is the time difference between the Atlantic Time Zone and the Eastern Time Zone?

A: Since the Atlantic Time Zone has a UTC offset of UTC−04:00 (AST) and UTC−03:00 (ADT), and the Eastern Time Zone has a UTC offset of UTC−05:00 (standard time) and UTC−04:00 (daylight saving time), we can see that during standard time, the Atlantic Time Zone is 1",<num_hours>
551,How many months ago did the last system dissipate in 2002?,242,cyclone,1090,"To answer the question, we need to determine the date the last system dissipated in 2002 and then calculate the difference from the current date.

1. The last system dissipated on October 16, 2002, as mentioned in the table.
2. We need to calculate the difference between October 16, 2002, and the current date (December 26, 2022).
3. October has 31 days, so October 16, 2002, to October 31, 2002, is 15 days.
4. November has 30 days, so from November 1, 2002, to November 30, 2002, is 30 days.
5. December has 31 days, so from January 1, 2023, to January 31, 2023, is 31 days, from February 1, 2023, to February 28, 2023, is 28 days, from March 1, 2023, to March 31, 2023, is 31 days, from April 1, 2023, to April 30, 2023, is 30 days, from May 1, 2023, to",<num_months>
552,How old was Jayasuriya when he started playing for Bloomfield?,25,cricket,56,"To find Jayasuriya's age when he started playing for Bloomfield, we need to follow these steps:

1.  Find the year Jayasuriya started playing for Bloomfield: According to the table, Jayasuriya played for Bloomfield from 1994 to 2011. This means he started playing for Bloomfield in 1994.

2.  Find Jayasuriya's birth year: According to the table, Jayasuriya was born on June 30, 1969.

3.  Calculate Jayasuriya's age in 1994: To find Jayasuriya's age in 1994, we subtract his birth year from 1994. This gives us 1994 - 1969 = 25.

So, Jayasuriya was 25 years old when he started playing for Bloomfield.

Final Answer: The final answer is 25.",<num_years>
553,What is the time difference in months between the fatality map and the confirmed cases map?,22,disease,1203,"To find the time difference in months between the fatality map and the confirmed cases map, we need to identify the dates mentioned in the table for both maps.

From the table, we see that the confirmed cases map is up to July 2020, and the deaths per 100,000 residents by department map is also up to July 2020. 

Next, we need to find the date when the confirmed cases were updated. According to the table, the confirmed cases were updated on 2 November 2022.

Now, we need to find the time difference between 2 November 2022 and July 2020. 

2 November 2022 to July 2020 is approximately 2 years and 4 months.

Therefore, the time difference between the fatality map and the confirmed cases map is 2 years and 4 months.

Final Answer: The final answer is 2 years and 4 months.",<num_months>
554,What is the year difference between the Prague and Sofia Judo Championships?,2,sports event,200,"To find the year difference between the Prague and Sofia Judo Championships, we need to determine the years in which these championships took place.

Step 1: Identify the year of the Prague Judo Championships.
- The table mentions the championships as ""Prague 2020"". Therefore, the year of the Prague Judo Championships is 2020.

Step 2: Identify the year of the Sofia Judo Championships.
- The table mentions the championships as ""Sofia 2022"". Therefore, the year of the Sofia Judo Championships is 2022.

Step 3: Calculate the year difference between the Prague and Sofia Judo Championships.
- To find the year difference, we subtract the year of the Prague Judo Championships from the year of the Sofia Judo Championships: 2022 - 2020 = 2.

Final Answer: The final answer is 2.",<num_years>
555,What month and day is one week before Halloween?,October 24,holiday,213,"To find the date one week before Halloween, we need to follow these steps:

1. Determine the date of Halloween: According to the table, Halloween is observed on October 31st.

2. Calculate one week before Halloween: Since Halloween is on October 31st, we need to subtract 7 days from this date.

3. Determine the month and day: October 31st - 7 days = October 24th.

Therefore, one week before Halloween is October 24th.

Final Answer: The final answer is October 24th.",%B %d
556,How many months ago was 3 Tevet celebrated in 2021?,12,holiday,207,"To find out how many months ago 3 Tevet was celebrated in 2021, we need to determine the date of 3 Tevet in 2021 and then calculate the time difference.

1. First, we need to find the date of 3 Tevet in 2021. From the table, we see that the 2021 date for Hanukkah is ""Sunset, 28 November - nightfall, 6 December"". However, the table does not explicitly state the exact date of 3 Tevet in 2021. 

   Since the question specifically asks for 3 Tevet, we must infer that the Hanukkah period starts on the 25th of Kislev and ends on the 2nd or 3rd of Tevet. The question does not ask for the start of Hanukkah, but the 3rd of Tevet, which is the last day of Hanukkah. Therefore, we can safely assume that 3 Tevet in 2021 was on December 6, 2021, because it is the last day of Hanukkah in 2021.


2. Now, we need to find the current date. The current year is 2022, and the current date is",<num_months>
557,How many months ago was the Federal Defence Forces of Germany founded?,805,army,1118,"To find the number of months ago the Federal Defence Forces of Germany was founded, we need to first find the total number of years and months since its founding.

1. The Federal Defence Forces of Germany was founded on 12 November 1955. 
2. We need to find the difference between the current year (2022) and the year of founding (1955). 
   Current year - Founding year = 2022 - 1955 = 67 years
3. Since the founding date is in November, we need to consider the months from the founding year to the current year. 
   As the founding date is in November, we consider the 11 months of the founding year and the 11 months of each subsequent year until the current year.
4. However, since the founding date is in November, we should consider the 11 months of the founding year and the 12 months of each subsequent year until the current year, excluding the current year's November.
   So, we have 11 months from the founding year and 12 months * (number of years - 1).
   Total months = 11 + (12 * (67 - 1)) 
   Total months = 11 + (12 * 66) 
",<num_months>
558,What month and day was the 18th of Tishrei celebrated in 2021?,September 23,holiday,219,"To find the date of the 18th of Tishrei in 2021, we need to look at the table and find the information related to the year 2021.

The table provides the dates for the holiday Sukkot for the years 2021, 2022, 2023, and 2024. 

The 2021 date for Sukkot is given as ""Sunset, 20 September - nightfall, 27 September (28 September outside of Israel)"".

Since the holiday Sukkot spans multiple days, we need to determine which day the 18th of Tishrei falls within this period.

The 15th day of Tishrei is the first day of Sukkot, and the 21st day of Tishrei is the last day of Sukkot.

Therefore, the 18th of Tishrei falls within the Sukkot period in 2021.

To find the specific date, we need to determine which day of the Sukkot period the 18th of Tishrei corresponds to. 

Given that the Sukkot period starts on the 15th day of Tishrei, we can count the days to find which day the 18th of Tish",%B %d
559,What time is it in Florida if it's 8:40 in the Atlantic Time Zone?,7:40,time zone,33,"To answer this question, we need to break it down into steps:

1. **Identify the current time in the Atlantic Time Zone**: From the table, we see that the current time is 08:40, 28 June 2022 AST (Atlantic Standard Time).

2. **Understand the time difference between AST and ADT**: The table shows that ADT (Atlantic Daylight Time) is UTC−03:00, which is one hour ahead of AST (UTC−04:00).

3. **Determine the time in ADT**: Since we are given the current time in AST (08:40), we need to add one hour to get the current time in ADT.

4. **Calculate the time in ADT**: 08:40 + 1 hour = 09:40.

5. **Consider the DST observation**: The table mentions that DST is observed in parts of this time zone, but it doesn't provide any specific information about the current DST status. Since we are not given the exact date or time when DST starts and ends, we will assume that DST is not currently in effect.

6. **Apply the time difference to Florida**: Florida is in the Eastern Time Zone (ET), which is UTC−05:",H:MM
560,Over how many days did the 1995 Atlantic hurricane season last?,153,cyclone,1089,"To find out how many days the 1995 Atlantic hurricane season lasted, we need to follow these steps:

1. Identify the start date of the 1995 Atlantic hurricane season: The table states that the ""First system formed"" on June 2, 1995.

2. Identify the end date of the 1995 Atlantic hurricane season: The table states that the ""Last system dissipated"" on November 1, 1995.

3. Calculate the duration of the 1995 Atlantic hurricane season: To find the duration, we need to subtract the start date from the end date. 

Since the start date is June 2, 1995, and the end date is November 1, 1995, we can calculate the duration as follows:

- Start date: June 2, 1995
- End date: November 1, 1995

To calculate the number of days between these two dates, we can use a calendar or a date calculator. 

June has 30 days, so from June 2 to June 30, there are 29 days.
July has 31 days, so from July 1 to July 31, there are 31 days.
August has 31 days, so from August",<num_days>
561,How many months ago was the Israel Defense Forces founded?,895,army,1119,"To determine how many months ago the Israel Defense Forces was founded, we need to follow these steps:

1. Find the date when the Israel Defense Forces was founded. The table states that it was founded on ""26 May 1948"".

2. Determine the current date. Although the table doesn't explicitly state the current date, we are given that the current year is 2022. Since the current month is not specified, we will assume the current month is December (the month when the problem was given).

3. Calculate the difference between the current year and the year the Israel Defense Forces was founded. Since the current year is 2022 and the Israel Defense Forces was founded in 1948, the difference is 2022 - 1948 = 74 years.

4. Since we are not given the current month, we need to find the month when the Israel Defense Forces was founded. The table states that it was founded on ""26 May 1948"", which means it was founded in May.

5. Calculate the number of months between May 1948 and the current month (December 2022). Since we don't know the current year's month, we can't directly calculate the months. However, we can find the total number of months",<num_months>
562,How old was Jenson Button when he achieved his best finish in the 2018 Super GT GT500 Championship?,38,f1,0,"To find Jenson Button's age when he achieved his best finish in the 2018 Super GT GT500 Championship, we need to follow these steps:

1. Determine the year in which Jenson Button achieved his best finish in the 2018 Super GT GT500 Championship.
   From the table, we can see that Jenson Button achieved his best finish in the 2018 Super GT GT500 Championship.

2. Identify Jenson Button's birth year from the table.
   From the table, we can see that Jenson Button was born in 1980.

3. Calculate Jenson Button's age in the year he achieved his best finish in the 2018 Super GT GT500 Championship.
   Since Jenson Button achieved his best finish in the 2018 Super GT GT500 Championship, we need to find his age in 2018. To do this, we subtract his birth year from 2018.
   2018 - 1980 = 38

Final Answer: The final answer is 38.",<num_years>
563,What time is it in the Atlantic Time Zone if it's 10:00 in California?,2:00,time zone,33,"To determine the current time in the Atlantic Time Zone, we need to consider the time difference between California and the Atlantic Time Zone.

1. First, let's identify the time zone of California. Since California is on the west coast, it is typically in the Pacific Time Zone (UTC-08:00). However, we are given that it is 10:00 in California, but we are not given the current time in California. We are given a time in California but we are not given if it is standard or daylight saving time. We will assume it is standard time.

2. Next, we need to consider the time difference between the Pacific Time Zone (UTC-08:00) and the Atlantic Time Zone. We are given that the Atlantic Time Zone is UTC-04:00 in standard time and UTC-03:00 in daylight saving time.

3. Since we do not know if it is standard or daylight saving time in California, we need to consider both possibilities. If it is standard time in California (UTC-08:00), the time difference between California and the Atlantic Time Zone would be 4 hours (UTC-08:00 - UTC-04:00 = 4 hours). If it is daylight saving time in California (UTC-",H:MM
564,How old was Jenson Button when he began his professional career?,20,f1,0,"To find out how old Jenson Button was when he began his professional career, we need to follow these steps:

1. **Identify Jenson Button's birthdate**: We can find this information in the ""Born"" section of the table. Jenson Button was born on January 19, 1980.

2. **Identify the year Jenson Button began his professional career**: We can find this information in the ""Formula One World Championship career"" section of the table. Jenson Button's active years in Formula One were from 2000 to 2017. Since we are looking for the year he began his career, we can assume it was in 2000.

3. **Calculate Jenson Button's age when he began his professional career**: To do this, we need to subtract his birth year from the year he began his career. So, 2000 (the year he began his career) - 1980 (his birth year) = 20 years old.

Therefore, Jenson Button was 20 years old when he began his professional career.

Final Answer: The final answer is 20.",<num_years>
565,What was Jenson Button's age when he won the Super GT GT500 Championship?,38,f1,0,"To find Jenson Button's age when he won the Super GT GT500 Championship, we need to follow these steps:

1. Identify the year Jenson Button won the Super GT GT500 Championship: 
   In the table, it is mentioned that Jenson Button won the Super GT GT500 Championship in 2018.

2. Identify Jenson Button's birthdate:
   In the table, it is mentioned that Jenson Button was born on 19 January 1980.

3. Calculate Jenson Button's age in 2018:
   To find Jenson Button's age in 2018, we need to subtract his birth year from 2018. 
   Age = 2018 - 1980 = 38

Therefore, Jenson Button was 38 years old when he won the Super GT GT500 Championship.

Final Answer: The final answer is 38.",<num_years>
566,How old was Jenson Button when he began his racing career?,20,f1,259,"To find out how old Jenson Button was when he began his racing career, we need to follow these steps:

1. First, we need to find out the year Jenson Button started his Formula One World Championship career. From the table, we can see that his active years were from 2000 to 2017. This means he started his career in 2000.

2. Next, we need to find out the year Jenson Button was born. From the table, we can see that he was born on 19 January 1980.

3. Now that we have both the start year of his career and the year he was born, we can calculate his age at the beginning of his career. To do this, we subtract the year he was born from the year he started his career: 2000 - 1980 = 20.

Therefore, Jenson Button was 20 years old when he began his Formula One World Championship career.

Final Answer: The final answer is 20.",<num_years>
567,How many months ago were there 215263 confirmed cases?,14,disease,1204,"To find out how many months ago there were 215263 confirmed cases, we need to determine the date when there were 215263 confirmed cases and then calculate the time difference between that date and the current date.

1. Identify the date when there were 215263 confirmed cases:
   - From the table, we can see that the confirmed cases were 215,263 (as of 25 October 2021).

2. Determine the current date (for this calculation, we'll assume the current date is December 2022):
   - Since the current date is December 2022, we need to find the difference between the current date and 25 October 2021.

3. Calculate the time difference:
   - From 25 October 2021 to December 2022 is approximately 13 months.

4. The final step is to state the answer based on the calculated time difference.

Final Answer: The final answer is 13.",<num_months>
568,On what date was the Maori Underway completed?,"November 30, 1938",ship,1111,"To find the date the Maori was completed, we need to look for the ""Completed"" field in the table.

A: The ""Completed"" field indicates that the Maori was completed on 30 November 1938.

Final Answer: The final answer is 30 November 1938.","%B %d, %Y"
569,On what date was the Maori Underway launched?,"September 2, 1937",ship,1111,"To find the date when the Maori was launched, we need to look at the table provided. The information about the launch date can be found in the section labeled ""History.""

Here's the step-by-step reasoning:

1. Identify the relevant section: The section labeled ""History"" contains information about the ship's launch date.
2. Locate the launch date: Within the ""History"" section, find the line that mentions the launch date of the Maori.
3. Extract the launch date: The line states ""Launched	2 September 1937.""

Therefore, the Maori was launched on 2 September 1937.

Final Answer: The Maori was launched on 2 September 1937.","%B %d, %Y"
570,Over how many days did the 2005 Atlantic hurricane season last?,213,cyclone,1091,"To determine the duration of the 2005 Atlantic hurricane season, we need to find the first and last dates mentioned in the table.

1. The first system formed on June 8, 2005.
2. The last system dissipated on January 6, 2006.

We are asked to find the duration in days, so we need to calculate the difference between these two dates.

First, we find the difference in years: 2006 - 2005 = 1 year
Then, we find the difference in months: 1 year * 12 months/year = 12 months
Since the last system dissipated in January, we don't need to subtract any months from the end of the year.
Now, we find the difference in days: 12 months * 30 days/month (approximation) = 360 days
However, January has 31 days, so we need to add 1 day to account for the extra day: 360 days + 1 day = 361 days

However, this is the difference between the start of the first year and the end of the last year. The first system formed on June 8, 2005, and the last system dissipated on January 6, 2006",<num_days>
571,How many months before his 14th birthday did Obata make his debut?,4,sumo,148,"To solve this, we need to find out the month and year of Obata's debut, and then calculate how many months before his 14th birthday that was.

1. First, let's find the month and year of Obata's debut. From the table, we can see that he made his debut in January 1967.

2. Next, let's find the month and year of Obata's 14th birthday. We know that he was born on May 16, 1953. So, his 14th birthday would be on May 16, 1967.

3. Now, let's calculate the difference between the month and year of his debut (January 1967) and the month and year of his 14th birthday (May 1967). Since his debut was in January and his 14th birthday is in May, that means his debut occurred 4 months before his 14th birthday.

Final Answer: The final answer is 4.",<num_months>
572,Over how many days did the Elliot 6m event at the 2011 ISAF Sailing World Championships last?,14,sports event,201,"To find the duration of the Elliot 6m event at the 2011 ISAF Sailing World Championships, we need to determine the number of days between the start and end dates.

Step 1: Identify the start and end dates of the event.
The start date is 3 December 2011, and the end date is 16 December 2011.

Step 2: Calculate the number of days between the start and end dates.
Since both dates are in the same month (December), we can simply subtract the start date from the end date.

Step 3: Perform the calculation.
16 December 2011 - 3 December 2011 = 13 days

Therefore, the Elliot 6m event at the 2011 ISAF Sailing World Championships lasted for 13 days.

Final Answer: The final answer is 13.",<num_days>
573,How old was Joel Makin when he won a bronze medal at the World Team Championships?,25,squash,107,"To answer the question, we need to follow these steps:

1. Identify the year when Joel Makin won the bronze medal at the World Team Championships.
2. Find Joel Makin's birth year.
3. Calculate his age at the time of winning the bronze medal.

Step 1: Identify the year when Joel Makin won the bronze medal at the World Team Championships.
From the table, we see that Joel Makin won a bronze medal at the World Team Championships in 2019.

Step 2: Find Joel Makin's birth year.
From the table, we see that Joel Makin was born on 27 October 1994.

Step 3: Calculate his age at the time of winning the bronze medal.
To calculate Joel Makin's age in 2019, we need to subtract his birth year from 2019. This gives us 2019 - 1994 = 25.

Final Answer: The final answer is 25.",<num_years>
574,On what date was the Maori Underway laid down?,"July 6, 1936",ship,1111,"To find the date the Maori was laid down, we need to look at the ""General characteristics (as built)"" section of the table, but since the information we are looking for is actually in the ""History"" section, we will look there instead. 

The ""History"" section contains the following information:

Ordered	10 March 1936
Builder	Fairfield Shipbuilding and Engineering Company, Govan
Cost	£340,622
Laid down	6 July 1936
Launched	2 September 1937
Completed	30 November 1938
Commissioned	5 December 1938
Identification	Pennant numbers: L24/F24/G24
Fate	Sunk by aircraft, 12 February 1942

Looking at this information, we see that the Maori was laid down on 6 July 1936.

Final Answer: The final answer is 6 July 1936.","%B %d, %Y"
575,How old was Joel Makin when he won a bronze medal?,25,squash,107,"To answer the question, let's break down the information provided in the table step by step.

1. We need to find out when Joel Makin won a bronze medal. 
   Looking at the table, we see that he won a bronze medal in the World Team Championships in 2019.

2. Next, we need to determine how old Joel Makin was when he won the bronze medal. 
   To do this, we need to find his birthdate, which is provided in the table as 27 October 1994.

3. Since we now know Joel Makin's birthdate and the year he won the bronze medal, we can calculate his age at the time of winning the medal. 
   The year he won the medal is 2019, so we need to subtract his birth year from 2019 to find his age. 
   2019 - 1994 = 25

4. However, this is the year he won the medal, not his age at the time of winning the medal. 
   Since his birthday is in October, we need to consider whether he had turned 25 or not. 
   If he won the medal in December 2019, he would have just turned 25.

5. But",<num_years>
576,How old was Jorge Lombi when he won a Champions Challenge bronze medal?,30,hockey,680,"To determine Jorge Lombi's age when he won a Champions Challenge bronze medal, we need to follow these steps:

1. Find the year when Jorge Lombi won the Champions Challenge bronze medal. According to the table, he won a bronze medal in 2001.
2. Determine the month and day of Jorge Lombi's birth. According to the table, he was born on November 1, 1971.
3. Calculate Jorge Lombi's age in 2001. To do this, we need to subtract his birth year from 2001. However, we also need to consider the month and day of his birth. Since he was born in November, we need to subtract only one year from 2001, as his birthday in 2001 would have been his 30th birthday.
4. Therefore, Jorge Lombi was 30 years old when he won the Champions Challenge bronze medal.

Final Answer: The final answer is 30.",<num_years>
577,How old was Jorge Lombi when he won at the 1995 Pan American Games?,24,hockey,680,"To find Jorge Lombi's age when he won at the 1995 Pan American Games, we need to follow these steps:

1. Find the year Jorge Lombi was born.
   - From the table, we can see that Jorge Lombi was born on November 1, 1971.

2. Find the year Jorge Lombi won at the 1995 Pan American Games.
   - From the table, we can see that Jorge Lombi won a gold medal at the 1995 Pan American Games.

3. Calculate Jorge Lombi's age in 1995.
   - To find Jorge Lombi's age in 1995, we need to subtract his birth year from 1995.
   - 1995 - 1971 = 24

Therefore, Jorge Lombi was 24 years old when he won at the 1995 Pan American Games.

Final Answer: The final answer is 24.",<num_years>
578,How many months before his 31st birthday did Daisuke Shiga retire?,6,sumo,169,"To answer the question, we need to find Daisuke Shiga's birthdate and his retirement date, then calculate the time difference between these two dates.

Step 1: Find Daisuke Shiga's birthdate.
From the table, we see that Daisuke Shiga was born on November 9, 1976.

Step 2: Find Daisuke Shiga's retirement date.
From the table, we see that Daisuke Shiga retired in May 2007.

Step 3: Calculate the time difference between his retirement date and his 31st birthday.
Daisuke Shiga's 31st birthday would be on November 9, 2007. 

Step 4: Determine the time difference between November 9, 2007 and May 2007.
Since the exact date of retirement is not provided, we will use May 31, 2007 as the retirement date for the calculation. 

November 9, 2007 - May 31, 2007 = 5 months and 9 days.

However, the question asks for the number of months before his 31st birthday that he retired, not the exact time difference. We can assume that he retired at the start of the month",<num_months>
579,How old was Kaiō Hiroyuki during the year of his debut?,16,sumo,145,"To determine Kaiō Hiroyuki's age during the year of his debut, we need to follow these steps:

1. Find Kaiō Hiroyuki's year of birth: In the table, we find that Kaiō Hiroyuki was born on July 24, 1972. This is his year of birth.

2. Find Kaiō Hiroyuki's year of debut: In the table, we find that Kaiō Hiroyuki made his debut in March 1988. This is his year of debut.

3. Calculate the age: To calculate Kaiō Hiroyuki's age during the year of his debut, we need to subtract his year of birth from his year of debut. 
   Year of debut: 1988
   Year of birth: 1972
   Age = Year of debut - Year of birth = 1988 - 1972 = 16

Therefore, Kaiō Hiroyuki was 16 years old during the year of his debut.

Final Answer: The final answer is 16.",<num_years>
580,"Over how many days did the heats, semifinals, and finals of the women's 100 metre breaststroke last at the 2016 FINA World Swimming Championships?",2,sports event,1031,"Let's break down the information step by step to answer the question.

Step 1: Identify the relevant information related to the duration of the event.
From the table, we have the following information:
- Heats and semifinals took place on 9 December.
- The final took place on 10 December.

Step 2: Determine the number of days between the heats/semifinals and the final.
Since the heats and semifinals took place on 9 December and the final took place on 10 December, we can conclude that there is 1 day between the heats/semifinals and the final.

Step 3: Confirm if there's any additional time needed for the heats/semifinals.
The table does not provide any information about the duration of the heats and semifinals. However, it only mentions the dates for the heats and semifinals (9 December) and the final (10 December), which implies that the heats and semifinals took place on a single day (9 December).

Step 4: Calculate the total number of days for the heats, semifinals, and finals.
Given that the heats and semifinals took place on 9 December (1 day) and the final took place on 10 December (1 day), we can",<num_days>
581,Over how many days did the Men's doubles at the 1983 IBF World Championships last?,7,sports event,1030,"A: Let’s think step by step.

Step 1: Identify the relevant information in the table. The table provides the dates of the Men's doubles at the 1983 IBF World Championships, which are May 2, 1983, and May 8, 1983.

Step 2: Determine the start and end dates of the event. The start date is May 2, 1983, and the end date is May 8, 1983.

Step 3: Calculate the duration of the event in days. To do this, we need to find the difference between the end date and the start date.

Step 4: Subtract the start date from the end date to find the duration. May 8, 1983, - May 2, 1983 = 6 days.

Therefore, the Men's doubles at the 1983 IBF World Championships lasted for 6 days.

Final Answer: The final answer is 6.",<num_days>
582,How old was Kaiō Hiroyuki when he made his debut?,16,sumo,145,"To answer the question, we need to find Kaiō Hiroyuki's age at the time of his debut. 

Step 1: Find the date of Kaiō Hiroyuki's debut. 
From the table, we see that Kaiō Hiroyuki made his debut in March 1988.

Step 2: Find Kaiō Hiroyuki's birthdate. 
From the table, we see that Kaiō Hiroyuki was born on July 24, 1972.

Step 3: Calculate the age of Kaiō Hiroyuki at the time of his debut. 
Since Kaiō Hiroyuki's birthdate is July 24, 1972, and his debut was in March 1988, we need to calculate the age difference between these two dates.

Kaiō Hiroyuki's age in 1988 would be 1988 - 1972 = 16 years old.

However, since his debut was in March 1988 and his birthday is in July 1988, we need to subtract the months from the year to get the correct age. 
16 years old - 3 months (March) = 15 years and 9 months old.

Final Answer: The final answer is 15 years and",<num_years>
583,How old was Kaiō Hiroyuki when he retired?,39,sumo,145,"To find the age of Kaiō Hiroyuki when he retired, we need to follow these steps:

1. Identify the date of birth of Kaiō Hiroyuki from the table.
   - The table states that Kaiō Hiroyuki was born on 24 July 1972.

2. Identify the date of retirement of Kaiō Hiroyuki from the table.
   - The table states that Kaiō Hiroyuki retired in July 2011.

3. Calculate the age of Kaiō Hiroyuki at the time of retirement.
   - Since the exact day of retirement is not specified, we will assume it was around the 24th of July 2011 (to make calculations easier).
   - To find the age, we subtract the year of birth from the year of retirement: 2011 - 1972 = 39 years.
   - However, since the exact day of retirement is not specified, we need to consider the month as well.
   - Since Kaiō Hiroyuki was born on 24 July 1972, he would have turned 39 on 24 July 2011.

Given that we are considering the age up to the 24th of July 2011, Kaiō Hiroyuki would have",<num_years>
584,How old was Kimi Räikkönen when he started competing in 2001?,22,f1,344,"To find out how old Kimi Räikkönen was when he started competing in 2001, we need to follow these steps:

1. Find Kimi Räikkönen's birth year: According to the table, Kimi Räikkönen was born on 1979-10-17.

2. Identify the year he started competing: The table states that Kimi Räikkönen was active in Formula One from 2001 to 2009, and then again from 2012 to 2021. Therefore, we can consider 2001 as the year he started competing.

3. Calculate his age at the start of 2001: To find Kimi Räikkönen's age in 2001, we subtract his birth year from 2001. So, 2001 - 1979 = 22.

Therefore, Kimi Räikkönen was 22 years old when he started competing in 2001.

Final Answer: The final answer is 22.",<num_years>
585,How old was Kitanoumi Toshimitsu when he made his debut?,13,sumo,148,"To answer the question, let's break it down step by step:

1. The question asks for Kitanoumi Toshimitsu's age when he made his debut.
2. We need to find the date of his debut and his birthdate to calculate his age.
3. From the table, we can see that Kitanoumi Toshimitsu was born on May 16, 1953.
4. According to the table, Kitanoumi Toshimitsu made his debut in January 1967.
5. To calculate his age, we need to find the difference between the year of his debut and the year of his birth.
6. The year of his debut is 1967, and the year of his birth is 1953.
7. The difference is 1967 - 1953 = 14.
8. However, since he made his debut in January 1967, we need to consider the month as well.
9. Since he was born in May 1953, he would have turned 13 in May 1966 and would have been 14 in May 1967.
10. Since his debut was in January 1967, which is before his 14th birthday, we need",<num_years>
586,How old was Kitanoumi Toshimitsu when he made his debut?,14,sumo,148,"To determine Kitanoumi Toshimitsu's age when he made his debut, we need to follow these steps:

1. Find the date of Kitanoumi Toshimitsu's debut, which is given as January 1967.
2. Find Kitanoumi Toshimitsu's date of birth, which is given as May 16, 1953.
3. Calculate the difference in years between the debut date and the birth date to find Kitanoumi Toshimitsu's age at the time of his debut.

Step 1: Kitanoumi Toshimitsu's debut date is January 1967.

Step 2: Kitanoumi Toshimitsu's date of birth is May 16, 1953.

Step 3: Calculate the difference in years between the debut date (1967) and the birth date (1953). This is 1967 - 1953 = 14 years.

Therefore, Kitanoumi Toshimitsu was 14 years old when he made his debut.

Final Answer: The final answer is 14.",<num_years>
587,How old was Kitanoumi Toshimitsu when he retired?,32,sumo,148,"To answer the question, we need to follow these steps:

1. Find Kitanoumi Toshimitsu's birthdate from the table.
2. Find Kitanoumi Toshimitsu's retirement year from the table.
3. Calculate the age at retirement by subtracting the birth year from the retirement year.

Step 1: Find Kitanoumi Toshimitsu's birthdate.
From the table, we can see that Kitanoumi Toshimitsu was born on May 16, 1953.

Step 2: Find Kitanoumi Toshimitsu's retirement year.
From the table, we can see that Kitanoumi Toshimitsu retired in January 1985.

Step 3: Calculate the age at retirement.
Kitanoumi Toshimitsu was born in 1953 and retired in 1985. To find his age at retirement, we subtract the birth year from the retirement year: 1985 - 1953 = 32.

Final Answer: The final answer is 32.",<num_years>
588,How old was Lombi when he won gold at the Pan American Games?,24,hockey,680,"A: Let's think step by step.

Step 1: Identify the information about Jorge Lombi's birthdate. 
From the table, we can see that Jorge Lombi was born on November 1, 1971.

Step 2: Identify the information about Jorge Lombi's gold medals at the Pan American Games. 
From the table, we can see that Jorge Lombi won gold medals at the Pan American Games in the following years: 1995, 2003, and 2007.

Step 3: Determine the year in which Lombi won his gold medals at the Pan American Games. 
We are interested in finding Lombi's age when he won his gold medals. To do this, we need to know the year in which he won these medals. From the table, we can see that he won gold medals in 1995, 2003, and 2007.

Step 4: Calculate Lombi's age when he won his gold medals at the Pan American Games in 1995, 2003, and 2007.
To calculate Lombi's age in 1995, we subtract 1995 from his birth year (1971), which gives us 24 years old. 
To calculate Lomb",<num_years>
589,How many months before his 41st birthday did Aminishiki Ryūji retire?,3,sumo,180,"To answer this question, we'll follow these steps:

1. Determine Aminishiki Ryūji's birthdate and age when he retired.
2. Calculate his 41st birthday date.
3. Find the difference in months between his retirement date and his 41st birthday date.

Step 1: Determine Aminishiki Ryūji's birthdate and age when he retired.
From the table, we know that Aminishiki Ryūji was born on October 3, 1978. We also know that he retired in July 2019. To find his age at retirement, we need to find the month and year of his retirement.

Since we are given the year of retirement as 2019, we can assume the month of retirement to be July 2019. Now, we need to find his age at that time.

Aminishiki Ryūji's birth year is 1978. We can calculate his age in 2019 as follows:
2019 - 1978 = 41 years

So, Aminishiki Ryūji was 41 years old in July 2019.

Step 2: Calculate his 41st birthday date.
Aminishiki Ryūji's 41st",<num_months>
590,How old was Michael Schumacher when he won his last championship in 2004?,35,f1,345,"To find the answer to the question, we need to follow these steps:

1. Identify the year in which Michael Schumacher won his last championship.
   In this case, the last championship won by Michael Schumacher was in 2004.

2. Determine the birth year of Michael Schumacher.
   According to the table, Michael Schumacher was born on 3 January 1969.

3. Calculate the age of Michael Schumacher at the time of his last championship in 2004.
   To do this, we subtract his birth year from the year in which he won his last championship:
   2004 (year of last championship) - 1969 (birth year) = 35

   However, we need to consider that the information given in the table includes the date ""(age 53)"" which implies that the information is current as of December 2022. Therefore, we need to find the age of Michael Schumacher as of 2004, taking into account the difference between the current age (53) and the age in 2004.

4. Calculate the age of Michael Schumacher in 2004.
   Since the current age is 53, we subtract the age in 2004 from",<num_years>
591,How old was Moser when he first rode for Famcucine–Campagnolo?,30,cycling,101,"To answer the question, let's follow these steps:

1.  Identify the relevant information from the table: We need to find the year Francesco Moser started riding for Famcucine–Campagnolo and his birth year to calculate his age at that time.
2.  Locate the team information section: In the table, we find the ""Team information"" section, which lists the teams Moser rode for.
3.  Identify Moser's team affiliation: In the ""Team information"" section, we see that Moser rode for Famcucine–Campagnolo from 1981 to 1982.
4.  Determine the year Moser joined Famcucine–Campagnolo: According to the table, Moser joined Famcucine–Campagnolo in 1981.
5.  Find Moser's birth year: In the ""Personal information"" section, we find that Moser was born on June 19, 1951.
6.  Calculate Moser's age when he first rode for Famcucine–Campagnolo: To find Moser's age in 1981, we subtract his birth year from 1981. 1981 - 1951 = 30.

Final Answer",<num_years>
592,"What was the current time on June 28, 2022, according to AST?",8:40 a.m.,time zone,33,"To answer the question, we need to follow these steps:

1. Identify the time zone in question: The question asks for the current time on June 28, 2022, according to AST (Atlantic Standard Time). 

2. Find the relevant information about AST in the table: Looking at the table, we see that AST has a UTC offset of UTC−04:00.

3. Determine the current time in UTC: Since we are looking for the current time on June 28, 2022, we need to find the UTC time at that date. However, the table does not provide a direct way to do this. We can assume that the current date is June 28, 2022, but we need to consider that the table's current time is given for a different year (2022). For the purpose of this question, we will assume the current date is indeed June 28, 2022.

4. Find the current time according to AST: Looking at the table, we see that the current time according to AST is given as '08:40'.

However, the table does not provide the current date, so we must assume the current date is indeed June 28, 2022. The time given is '08:",H:MM %p
593,How old was Patrese when his career began?,23,f1,261,"To find out how old Riccardo Patrese was when his career began, we need to follow these steps:

1. Find the year Patrese's career began. This information is provided in the ""Formula One World Championship career"" section of the table, under the ""Active years"" column. It states that his active years were 1977-1993.

2. Since we are looking for the year his career began, we can take the first year mentioned in the ""Active years"" column, which is 1977.

3. Next, we need to find Patrese's birth year. This information is provided in the ""Born"" section of the table, under the ""Born"" column. It states that he was born on 17 April 1954.

4. To find out how old Patrese was when his career began, we need to subtract his birth year from the year his career began. 

5. So, we subtract 1954 (birth year) from 1977 (career start year), which gives us 1977 - 1954 = 23.

Therefore, Patrese was 23 years old when his career began.

Final Answer: The final answer is 23.",<num_years>
594,How old was Pillay when he began his senior career?,24,hockey,485,"To find out how old Dhanraj Pillay was when he began his senior career, we need to follow these steps:

1. Identify the year when Dhanraj Pillay started his senior career.
   In the table, we see that the years he played for different teams are listed under the ""Senior career"" section. The first team he played for is Indian Gymkhana, and the year is given as 1992-1993.

2. Determine the exact year Pillay started his senior career.
   Since the year range is given as 1992-1993, we can assume that he started his senior career in 1992.

3. Find the birth year of Dhanraj Pillay.
   In the table, under the ""Personal information"" section, we see that Dhanraj Pillay was born on 16 July 1968.

4. Calculate Pillay's age when he started his senior career.
   To find his age in 1992, we subtract his birth year from 1992. age = 1992 - 1968 = 24

Therefore, Dhanraj Pillay was 24 years old when he began his senior career.

Final Answer: The final answer is 24.",<num_years>
595,How old was Pollock during his Test debut?,22,cricket,54,"To find out how old Shaun Pollock was during his Test debut, we need to follow these steps:

1. Identify the date of Shaun Pollock's Test debut, which is given in the table as 16 November 1995.

2. Find the date of Shaun Pollock's birth, which is given in the table as 16 July 1973.

3. Calculate the age of Shaun Pollock at the time of his Test debut by subtracting his birth year from the year of his Test debut and then subtracting his birth month and day from the month and day of his Test debut.

Since the year of his Test debut (1995) and the year of his birth (1973) are the same, we only need to consider the difference in months and days. 

Pollock was born on 16 July 1973 and debuted on 16 November 1995. To find the age, we count the months from July to November, which is 4 months. Adding the days, we get 4 months and 0 days. 

4 months and 0 days is equivalent to 4 months.

Therefore, Shaun Pollock was 22 years old during his Test debut.

Final Answer: Shaun Pollock was 22 years old during",<num_years>
596,How old was Räikkönen when he began his Formula One career?,22,f1,344,"A: Let's think step by step.

Step 1: We need to find the year when Räikkönen began his Formula One career.
From the table, we see that his active years in Formula One were 2001-2009, 2012-2021.

Step 2: Since we are looking for the year he began his career, we take the earliest year from the active years, which is 2001.

Step 3: Next, we need to find Räikkönen's birth year to calculate his age at the start of his career.
From the table, we see that he was born on 17 October 1979.

Step 4: To find his age in 2001, we subtract his birth year from 2001.
2001 - 1979 = 22

Therefore, Räikkönen was 22 years old when he began his Formula One career.

Final Answer: The final answer is 22.",<num_years>
597,How old was Riccardo Gabriele Patrese when he began his career?,23,f1,261,"To find the age of Riccardo Gabriele Patrese when he began his career, we need to follow these steps:

1. Find the year Riccardo Gabriele Patrese started his Formula One World Championship career. 
   - From the table, we see that his active years were from 1977 to 1993.

2. Identify the year Riccardo Gabriele Patrese was born.
   - From the table, we see that he was born in 1954.

3. Calculate the age of Riccardo Gabriele Patrese when he began his career.
   - Since his birth year is 1954 and he started his career in 1977, we subtract the birth year from the starting year to find his age: 1977 - 1954 = 23.

Therefore, Riccardo Gabriele Patrese was 23 years old when he began his career.

Final Answer: The final answer is 23.",<num_years>
598,How many months did it take for HMS Montrose to be commissioned after its launch in 2005?,23,ship,222,"To find the answer to the question, we need to follow these steps:

1. First, we need to find the launch date of HMS Montrose. However, the launch date given in the table is 31 July 1992, not 2005.

2. Since the launch date provided in the table is 31 July 1992, we can proceed with the given information to calculate the commissioning date.

3. The commissioning date of HMS Montrose is given as 2 June 1994.

4. To find the time difference between the commissioning date and the launch date, we need to calculate the time difference in months.

5. The launch date is 31 July 1992, and the commissioning date is 2 June 1994. 

6. To find the time difference in months, we can use the following dates: 
   - From July 1992 to June 1994 is 23 months.

7. Therefore, HMS Montrose was commissioned 23 months after its launch.

However, the question seems to be based on incorrect information as the launch date given is 1992, not 2005. 

Final Answer: The final answer is 23.",<num_months>
599,How old was Roger De Vlaeminck when he won the Tour de France in 1970?,23,cycling,637,"To find the answer to the question, we need to follow these steps:

1.  Identify the relevant information from the table: The table contains information about Roger De Vlaeminck's career, including his birthdate and the year he won the Tour de France.
2.  Find the birthdate of Roger De Vlaeminck: According to the table, Roger De Vlaeminck was born on 24 August 1947.
3.  Find the year he won the Tour de France: According to the table, Roger De Vlaeminck won the Tour de France in 1970.
4.  Calculate his age at that time: To find his age, we need to subtract his birth year from the year he won the Tour de France.

Now, let's calculate his age:

Age = Year won the Tour de France - Birth year
Age = 1970 - 1947
Age = 23

Final Answer: The final answer is 23.",<num_years>
600,What was the first year Jenson Button was active?,2000,f1,259,"To determine the first year Jenson Button was active, let's analyze the given table step by step:

1. The table provides information about Jenson Button's career, including his Formula One World Championship career and his Super GT GT500 Championship career.
2. In the Formula One World Championship career section, it mentions that Jenson Button was ""Active years 2000-2017"".
3. This indicates that the first year Jenson Button was active in Formula One was 2000.
4. Since there is no information in the table about Jenson Button's activity before 2000, we can conclude that 2000 is the first year he was active.

Final Answer: The final answer is 2000.",yyyy
601,How old was Rubens Barrichello when he won his last Grand Prix?,37,f1,51,"To find out how old Rubens Barrichello was when he won his last Grand Prix, we need to follow these steps:

1. Identify the date of his last Grand Prix win.
2. Determine his age on that date.

Step 1: Identify the date of his last Grand Prix win.
From the table, we see that his last Grand Prix win was the 2009 Italian Grand Prix.

Step 2: Determine his age on that date.
We know his birthdate from the table: 23 May 1972. To find his age on 13 September 2009 (the date of the 2009 Italian Grand Prix), we need to calculate the difference between these two dates.

To do this, we can calculate the number of years between the two dates and then add the remaining months and days.

2009 is 37 years after 1972, so we have 37 years.
2009 is also 4 months and 21 days after 2002 (May to September), so we have 4 months and 21 days.

Therefore, Rubens Barrichello was 37 years and 4 months and 21 days old when he won his last Grand Prix.

Since the question asks for his age in years, we will",<num_years>
602,How old was Sachin Tendulkar when he joined team Mumbai?,15,cricket,526,"To determine Sachin Tendulkar's age when he joined team Mumbai, we need to find the year he joined the team and his birth year.

1. Find the year Sachin Tendulkar joined team Mumbai: From the table, we see that the domestic team information mentions that Sachin Tendulkar played for Mumbai from 1988-2013. This means he joined the team in 1988.

2. Find Sachin Tendulkar's birth year: From the table, we see that Sachin Tendulkar was born on 24 April 1973.

3. Calculate Sachin Tendulkar's age when he joined team Mumbai: To find his age in 1988, we subtract his birth year from 1988. 
   1988 - 1973 = 15

Therefore, Sachin Tendulkar was 15 years old when he joined team Mumbai.

Final Answer: The final answer is 15.",<num_years>
603,"In what year did the Australian Defence Force's annual exports total around $2 billion while the active personnel reserve was at 59,095?",2019,army,1116,"To find the answer, let's analyze the information provided in the table step by step:

1. We are looking for the year when the Australian Defence Force's annual exports totaled around $2 billion. This information is found in the ""Industry"" section of the table, where it is mentioned that the annual exports were around A$2 billion in the year 2018.

2. However, the question also asks for the year when the active personnel reserve was at 59,095. This information is found in the ""Personnel"" section of the table, where it is mentioned that the active personnel were 59,095 as of 30 June 2020.

3. Since the active personnel reserve of 59,095 is associated with the year 2020, we need to determine if this is the same year as when the annual exports totaled around $2 billion.

4. From the information provided in the ""Industry"" section, we know that the annual exports of A$2 billion were in the year 2018. However, the active personnel reserve of 59,095 was in the year 2020. These two events occurred in different years.

Therefore, the year when the Australian Defence Force's annual exports totaled around $2 billion while the active",yyyy
604,How old was Sachin Tendulkar when he played his last one-day match?,39,cricket,526,"A: Let's think step by step.

Step 1:  Identify the relevant information about Sachin Tendulkar's last one-day match from the table.
From the table, we find the information about Sachin Tendulkar's last one-day match in the ""International information"" section. Specifically, it mentions that his last ODI was on 18 March 2012.

Step 2:  Identify the relevant information about Sachin Tendulkar's birthdate from the table.
From the table, we find the information about Sachin Tendulkar's birthdate in the ""Personal information"" section. Specifically, it mentions that he was born on 24 April 1973.

Step 3:  Calculate Sachin Tendulkar's age at the time of his last one-day match.
To calculate Sachin Tendulkar's age at the time of his last one-day match, we need to find the difference between his birthdate and the date of his last one-day match. Since the current year is 2022, we need to calculate the age at the time of the last one-day match in 2012.

Step 4:  Calculate the age.
The difference between the year of birth (197",<num_years>
605,How old was Sanath Jayasuriya when he made his Test debut in 1991?,22,cricket,56,"To determine Sanath Jayasuriya's age when he made his Test debut in 1991, we need to follow these steps:

1. First, we need to find the date of Sanath Jayasuriya's Test debut, which is given as 22 February 1991.

2. Next, we need to find Sanath Jayasuriya's date of birth, which is given as 30 June 1969.

3. Now, we need to calculate the difference between the date of Test debut (22 February 1991) and the date of birth (30 June 1969) to find Sanath Jayasuriya's age at that time.

4. To calculate the age, we can subtract the year of birth from the year of Test debut and then subtract the month and day of birth from the month and day of Test debut. 

5. The year difference is 1991 - 1969 = 22 years.

6. The month and day difference is February 22 - June 30. Since Jayasuriya was born in June, we need to subtract 30 days from February 22. This will be February 22 - 30 = January 22 (in the previous year). However, since",<num_years>
606,How old was Sean Kelly when he joined his first professional team?,21,cycling,105,"To answer the question, let's follow these steps:

1. Identify the year Sean Kelly joined his first professional team.
   - From the table, we can see that Sean Kelly joined his first professional team, Flandria-Velda-Latina Assicurazioni, in 1977.

2. Identify the birth year of Sean Kelly.
   - From the table, we can see that Sean Kelly was born in 1956.

3. Calculate Sean Kelly's age when he joined his first professional team.
   - Since Sean Kelly was born in 1956 and joined his first professional team in 1977, we can calculate his age by subtracting his birth year from the year he joined his team: 1977 - 1956 = 21.

Therefore, Sean Kelly was 21 years old when he joined his first professional team.

Final Answer: Sean Kelly was 21 years old when he joined his first professional team.",<num_years>
607,How old was Sebastian Vettel in the year he won his first championship?,23,f1,262,"To determine Sebastian Vettel's age when he won his first championship, we need to follow these steps:

1. Identify the year Sebastian Vettel won his first championship. This information is provided in the table under the ""Formula One World Championship career"" subsection, where it says ""(2010, 2011, 2012, 2013)"".

2. Note that there are four years listed, but the question asks for the year he won his first championship. Therefore, the year we are interested in is 2010.

3. Next, we need to find Sebastian Vettel's birthdate, which is provided in the table under the ""Born"" subsection: ""( | 1987-07-03 | ) | 3 July 1987"".

4. To find Sebastian Vettel's age in the year he won his first championship (2010), we need to subtract his birth year from 2010. However, since his first championship was in 2010, we will consider his age at the end of 2010.

5. Therefore, we subtract his birth year (1987) from the year he won his first championship (2010) to find his age at the end of that year: 2010 - 1987",<num_years>
608,What was the first year that Joop Zoetemelk played professionally?,1970,cycling,103,"To find the first year that Joop Zoetemelk played professionally, let's analyze the table step by step.

1. We need to find the section that contains information about Joop Zoetemelk's professional teams.
2. In the table, this information is located under the ""Professional teams"" subsection.
3. This subsection contains a list of years and teams that Joop Zoetemelk was a part of.
4. The first year listed is ""1970-1972,"" which indicates that Joop Zoetemelk played professionally starting from the year 1970.

Therefore, the first year that Joop Zoetemelk played professionally was 1970.

Final Answer: The final answer is 1970.",yyyy
609,How old was Sebastian Vettel when he first entered the 2007 United States Grand Prix?,20,f1,262,"To find the answer, we'll follow these steps:

1. Identify the relevant information from the table: We're looking for Sebastian Vettel's age when he first entered the 2007 United States Grand Prix.

2. Find the birth date of Sebastian Vettel: The table mentions that he was born on ( | 1987-07-03 | ) | 3 July 1987.

3. Find the date of the 2007 United States Grand Prix: Although the table doesn't directly mention the date of the 2007 United States Grand Prix, we can infer that it took place in 2007. Since we know the format of the date in the table, we can assume that the date of the first entry is also in this format.

4. Calculate Sebastian Vettel's age at the time of the 2007 United States Grand Prix: To find his age, we'll subtract his birth year from the year of the first entry.

Given that the first entry was in 2007, Sebastian Vettel's age at the time would be 2007 - 1987 = 20 years old.

However, since we are looking for his age at the time of the 2007 United States Grand Prix, we need to consider the",<num_years>
610,How old was Sebastian Vettel when he won the Italian Grand Prix?,21,f1,262,"To determine Sebastian Vettel's age when he won the Italian Grand Prix, we need to find the year he won the Italian Grand Prix and his age at that time.

Step 1: Find the year Sebastian Vettel won the Italian Grand Prix.
From the table, we can see that Sebastian Vettel's first win was the 2008 Italian Grand Prix. Therefore, the year he won the Italian Grand Prix is 2008.

Step 2: Determine Sebastian Vettel's birthdate.
From the table, we can see that Sebastian Vettel was born on 3 July 1987.

Step 3: Calculate Sebastian Vettel's age at the time of his first win.
To find Sebastian Vettel's age in 2008, we subtract his birth year from 2008: 2008 - 1987 = 21.

Therefore, Sebastian Vettel was 21 years old when he won the Italian Grand Prix.

Final Answer: The final answer is 21.",<num_years>
611,How many months did the I-179 last after being completed?,13,ship,1112,"To find the answer, let's break down the information given in the table.

1. The I-179 was completed on 18 June 1943.
2. The I-179 was stricken on 15 April 1944.

Now, let's calculate the duration between these two dates. 

To do this, we need to find the difference in months between the completion date and the stricken date. 

First, we find the difference in years: 
1944 - 1943 = 1 year

Since the I-179 was stricken in April, we need to consider the remaining months of the year it was completed and the months it was stricken.

The I-179 was completed in June (6 months into the year) and stricken in April (4 months into the year).

So, the remaining months in the year it was completed would be 6 months, and the remaining months in the year it was stricken would be 8 months (12 months in the year - 4 months stricken).

Therefore, the total duration is the sum of these remaining months: 
6 (remaining months of the year it was completed) + 8 (remaining months of the year it was stricken) = 14 months

However",<num_months>
612,How many months elapsed between the laying down and the launching of the Maori?,14,ship,1111,"To find the answer to the question, we need to determine the number of months that elapsed between the laying down and the launching of the Maori.

Step 1: Identify the dates given in the table for laying down and launching.
- Laying down: 6 July 1936
- Launching: 2 September 1937

Step 2: Calculate the difference in years between the two dates.
- The difference in years is 1937 - 1936 = 1 year

Step 3: Calculate the difference in months between the two dates.
- Since there is a difference of 1 year and the launching month is September, we need to add the months from July (the laying down month) to September.
- July has 31 days, August has 31 days, and September has 30 days. So, the total number of days is 31 + 31 + 30 = 92 days.
- To convert days to months, we divide by the approximate number of days in a month (30.44). 
- So, 92 days / 30.44 ≈ 3.02 months

However, since we are calculating the elapsed time, we should round up to the nearest whole month, as the ship",<num_months>
613,What was the last year Jorge Lombi won a gold medal at the Pan American Games?,2007,hockey,680,"To find the last year Jorge Lombi won a gold medal at the Pan American Games, let's break down the information step by step:

1. The table provides information about Jorge Lombi's achievements in the Men's Field Hockey category. We are specifically interested in the Pan American Games section.

2. In the Pan American Games section, we see a list of Jorge Lombi's achievements, which include the year and the medal he won.

3. The list of achievements in the Pan American Games section is as follows: 
   ['Gold medal - first place | 1995 Mar del Plata | Team', 
   'Silver medal - second place | 1999 Winnipeg | Team', 
   'Gold medal - first place | 2003 Santo Domingo | Team', 
   'Gold medal - first place | 2007 Rio de Janeiro | Team']

4. Since we are interested in the last year Jorge Lombi won a gold medal at the Pan American Games, we look for the most recent year in the list where he won a gold medal.

5. From the list, we can see that Jorge Lombi won gold medals in 2003 and 2007. The most recent year is 2007.

Therefore, the final answer is",yyyy
614,How old was Sebastian Vettel when he won the United States Grand Prix?,20,f1,262,"To find out how old Sebastian Vettel was when he won the United States Grand Prix, we need to follow these steps:

1. Find the year in which Sebastian Vettel won the United States Grand Prix. According to the table, his first entry was the 2007 United States Grand Prix, and his first win was the 2008 Italian Grand Prix. However, it is stated that he won the 2008 Italian Grand Prix, not the 2007 United States Grand Prix. We can infer that his first win was actually the 2008 Italian Grand Prix, not the 2007 United States Grand Prix. However, it is also stated that his first entry was the 2007 United States Grand Prix, so it is likely that his first win was actually the 2009 United States Grand Prix is not mentioned, but we can infer that his first win was actually the 2009 United States Grand Prix is not mentioned, but we can infer that his first win was actually the 2009 United States Grand Prix is not mentioned, but we can infer that his first win was actually the 2009 United States Grand Prix is not mentioned, but we can infer that his first win was actually the 2009 United States Grand Prix is not mentioned,",<num_years>
615,How old was Shaun Pollock when he made his ODI debut in 1996?,23,cricket,54,"To answer this question, we need to find out Shaun Pollock's age when he made his ODI debut in 1996.

Step 1: First, let's find out the date of Shaun Pollock's ODI debut, which is 9 January 1996.

Step 2: Next, let's find out Shaun Pollock's date of birth from the table, which is 16 July 1973.

Step 3: Now, we need to calculate the age of Shaun Pollock when he made his ODI debut. To do this, we will subtract his year of birth from the year of his ODI debut.

Since his ODI debut was in 1996 and his birth year is 1973, we will subtract 1973 from 1996. This gives us 1996 - 1973 = 23.

However, we also need to consider the month and day of his birth, which are July 16. Since his ODI debut was on January 9, he would have been 22 years and 5 months old when he made his ODI debut, but since his birthday had not yet occurred in 1996 at the time of his ODI debut, he would be 22 years old.

",<num_years>
616,In what year would someone born in 2015 become eligible to serve in the Federal Defence Forces of Germany?,2032,army,1118,"To determine the year in which someone born in 2015 would become eligible to serve in the Federal Defence Forces of Germany, we need to consider the information provided in the table regarding the ""Military age"" and the ""Founded"" date of the Federal Defence Forces of Germany.

1. The ""Military age"" for serving in the Federal Defence Forces of Germany is 17 years old.
2. Since the person was born in 2015, we need to calculate the year they would turn 17.

Now, let's do the math:

- The person's birth year is 2015.
- To find the year they turn 17, we need to add 17 to their birth year: 2015 + 17 = 2032.

Therefore, someone born in 2015 would become eligible to serve in the Federal Defence Forces of Germany in the year 2032.

Final Answer: The final answer is 2032.",yyyy
617,What was the start date of the 1983 IBF World Championships?,"May 2, 1983",sports event,1030,"To find the start date of the 1983 IBF World Championships, we need to look at the ""Dates"" column in the table. 

Step 1: Identify the relevant information in the ""Dates"" column. The column contains the following information: May 2, 1983 |  ( | 1983-05-02 | ) | - May 8, 1983 |  ( | 1983-05-08 | )

Step 2: Determine the start date from the given information. The start date is the first date mentioned in the ""Dates"" column, which is May 2, 1983 or 1983-05-02.

Step 3: Verify that this is indeed the start date by looking at the format of the dates. The dates are listed in a range format, with the first date being the start of the range and the second date being the end of the range.

Final Answer: The start date of the 1983 IBF World Championships was May 2, 1983.","%B %d, %Y"
618,How old was Singh when he won gold in the Asia Cup?,23,hockey,486,"To answer the question, we need to find out when Singh won the gold medal in the Asia Cup and then calculate his age at that time.

Step 1: Identify the year when Singh won the gold medal in the Asia Cup.
From the table, we see that Singh won the gold medal in the Asia Cup in 2003.

Step 2: Find out Singh's birth year from the table.
From the table, we see that Singh was born in 1980.

Step 3: Calculate Singh's age in 2003.
To calculate Singh's age, we subtract his birth year from the year he won the gold medal. 
Age = 2003 - 1980 = 23

Final Answer: The final answer is 23.",<num_years>
619,What year had the most Atlantic hurricanes?,2005,cyclone,1091,"To determine the year with the most Atlantic hurricanes, let's analyze the given information step by step:

1. We need to identify the column that contains the year information. Looking at the table, we see that the years are mentioned in the ""Atlantic hurricane seasons"" section, but they are not directly related to the number of hurricanes. However, the ""Seasonal statistics"" section contains information about the number of hurricanes for each year, but it's not explicitly mentioned. We need to look for a column that contains the year and the number of hurricanes.

2. Since the table does not have a clear column for the number of hurricanes for each year, we need to look for a year that is mentioned with the highest number of hurricanes. In the ""Seasonal statistics"" section, we see that the 2005 Atlantic hurricane season had 15 hurricanes, which is mentioned as a ""record high.""

3. Although the table does not provide information about other years with their corresponding number of hurricanes, we can infer that the year with the most Atlantic hurricanes is the one that is mentioned as a ""record high.""

4. Based on the information provided, the year 2005 had the most Atlantic hurricanes.

Final Answer: The final answer is 2005.",yyyy
620,How old was Tarek Momen when he achieved his highest ranking?,31,squash,110,"To determine Tarek Momen's age when he achieved his highest ranking, we need to follow these steps:

1. Identify Tarek Momen's highest ranking year: The table states that Tarek Momen's highest ranking was No. 3, achieved in February 2019.

2. Determine Tarek Momen's birthdate: According to the table, Tarek Momen was born on 23 February 1988.

3. Calculate Tarek Momen's age in February 2019: Since Tarek Momen's birthdate is 23 February 1988, and his highest ranking was achieved in February 2019, we need to find the difference in their ages.

   To do this, we subtract the birth year from the year of the highest ranking: 2019 - 1988 = 31 years.

4. Calculate the age difference: Since Tarek Momen achieved his highest ranking in February 2019, and his birthday is on 23 February, we consider the age at the end of February 2019. Therefore, his age in February 2019 would be 31 years old.

Final Answer: The final answer is 31.",<num_years>
621,In what year would someone born in 2011 become eligible to serve in the Israel Defense Forces?,2028,army,1119,"To determine the year someone born in 2011 would become eligible to serve in the Israel Defense Forces, we need to follow these steps:

1. Find the military age for service in the Israel Defense Forces. From the table, we see that the military age is 17.
2. Since the person was born in 2011, we need to find the year they will turn 17.
3. To find this year, we add 17 to the birth year (2011).

Now, let's calculate the year:

2011 (birth year) + 17 (military age) = 2028

Therefore, someone born in 2011 would become eligible to serve in the Israel Defense Forces in 2028.

Final Answer: The final answer is 2028.",yyyy
622,How many months has the pandemic lasted?,21,disease,1204,"To determine the duration of the pandemic, we need to find the date of the first case and the date of the latest available data.

1. The first outbreak of COVID-19 in Johor occurred in Wuhan, Hubei, China, but the first case in Johor was reported on 25 January 2020. 
2. The latest available data is as of 25 October 2021. 
3. Since the first case in Johor was reported on 25 January 2020, and the latest available data is as of 25 October 2021, we need to calculate the time difference between these two dates.
4. To find the duration in months, we will subtract the month and year of the first case from the month and year of the latest available data.
5. The first case occurred in January 2020, and the latest available data is from October 2021.
6. Therefore, the pandemic lasted for 25 months.

Final Answer: The final answer is 25.",<num_months>
623,How old was Tarek Momen when he reached his highest ranking in 2019?,31,squash,110,"To determine how old Tarek Momen was when he reached his highest ranking in 2019, we need to follow these steps:

1. Find the year Tarek Momen reached his highest ranking.
   From the table, we see that he reached his highest ranking in 2019.

2. Find Tarek Momen's birth year.
   From the table, we see that Tarek Momen was born in 1988.

3. Calculate the age of Tarek Momen when he reached his highest ranking in 2019.
   To find his age in 2019, we subtract his birth year from 2019: 2019 - 1988 = 31.

So, Tarek Momen was 31 years old when he reached his highest ranking in 2019.

Final Answer: The final answer is 31.",<num_years>
624,How old was Tarek Momen when he turned pro?,17,squash,110,"To find the answer, we need to follow these steps:

1. Find the year Tarek Momen turned pro.
   From the table, we can see that Tarek Momen turned pro in the year 2005.

2. Find the year the question is asking about.
   The question is asking for Tarek Momen's age when he turned pro, but it doesn't specify a particular year. However, we can infer that we need to find his age at the time of turning pro, which is in 2005.

3. Find Tarek Momen's birth year.
   From the table, we can see that Tarek Momen was born on 23 February 1988.

4. Calculate Tarek Momen's age in 2005.
   To calculate Tarek Momen's age in 2005, we need to subtract his birth year from 2005.
   Age = 2005 - 1988 = 17

Therefore, Tarek Momen was 17 years old when he turned pro.

Final Answer: The final answer is 17.",<num_years>
625,What year is the ExoMars mission planned to end?,2023,orbitor,461,"To determine the planned end year of the ExoMars mission, we need to analyze the given information step by step.

1. We are given a table with various details about the ExoMars 2016 mission, including the Trace Gas Orbiter.

2. In the table, under the ""Mission duration"" section, we find the information: ""Planned: 7 years"".

3. Since the mission duration is planned for 7 years, we need to calculate the end year based on the start year.

4. The start year of the mission is given as 2016.

5. To find the end year, we add the planned duration of 7 years to the start year of 2016.

6. Therefore, the planned end year of the ExoMars mission is 2016 + 7 = 2023.

However, the question states that the mission has been active for 6 years, 3 months, and 18 days as of the current date (December 2022), so the end year is likely to be 2023.

Final Answer: The final answer is $2023.",yyyy
626,In what year would someone born in 2012 become eligible to enlist in the Japan Self-Defense Forces?,2030,army,1120,"To find the year someone born in 2012 would become eligible to enlist in the Japan Self-Defense Forces, we need to follow these steps:

1. Identify the eligible age range for enlistment, which is 18-32 years old.

2. Calculate the year the person would turn 18, as this is the minimum age for enlistment. Since the person was born in 2012, they would turn 18 in the year 2030.

3. Since the maximum age for enlistment is 32, we need to find the year the person would turn 32. This would be in the year 2044.

4. Therefore, the person would be eligible to enlist in the Japan Self-Defense Forces between 2030 and 2044.

However, the question asks for a specific year when someone born in 2012 would become eligible to enlist. Since the minimum age for enlistment is 18, the person would be eligible to enlist in the year they turn 18, which is 2030.

Final Answer: The final answer is 2030.",yyyy
627,How old was Tochiazuma Daisuke when he made his debut?,18,sumo,169,"To solve this problem, we need to find Tochiazuma Daisuke's age at the time of his debut. 

Step 1: Find the date of Tochiazuma Daisuke's debut. 
According to the table, Tochiazuma Daisuke made his debut in November 1994.

Step 2: Find Tochiazuma Daisuke's birthdate. 
According to the table, Tochiazuma Daisuke was born on November 9, 1976.

Step 3: Calculate Tochiazuma Daisuke's age at the time of his debut. 
Since Tochiazuma Daisuke made his debut in November 1994 and was born on November 9, 1976, we need to calculate the difference in years. 
Tochiazuma Daisuke was 17 years old when he made his debut (1994 - 1976 = 18, but he was born on November 9th so we need to subtract one year from the result).

Final Answer: The final answer is 17.",<num_years>
628,What year must one have been born by to serve this year in the Saudi Arabian Armed Forces?,2005,army,1122,"To answer the question, we need to consider the information provided in the table about the military age for the Saudi Arabian Armed Forces.

Step 1: Identify the relevant information in the table. The relevant information is in the ""Personnel"" section, which mentions ""Military age 17"".

Step 2: Understand the meaning of the military age. The military age is the minimum age at which a person is eligible to serve in the military.

Step 3: Determine the year of birth required to serve in the military this year. Since the military age is 17, we need to subtract 17 from the current year to find the minimum year of birth required to serve in the military this year.

Assuming the current date is December 2022, the calculation would be:

2022 - 17 = 2005

Therefore, one must have been born by 2005 to serve in the Saudi Arabian Armed Forces this year.

Final Answer: The final answer is 2005.",yyyy
629,On what date was the Korean flag first used?,"August 15, 1948",army,1121,"To answer the question, let's follow these steps:

1. Identify the relevant information: The table provided is about the Republic of Korea Armed Forces, but it doesn't mention the date the Korean flag was first used. We need to look for related information.

2. Search for related articles: In the ""Related articles"" section, we see a mention of ""History"" which might be relevant.

3. Examine the History section: The History section mentions several conflicts and wars, but it also mentions the Korean War. This is a significant event in Korean history, and it might be related to the flag.

4. Find the Korean War information: The Korean War is mentioned from 1950-1953. However, this doesn't directly answer our question about the flag.

5. Consider the founding date: The founding date of the Republic of Korea Armed Forces is mentioned as 15 August 1948. This is a crucial piece of information.

6. Research the Korean flag: After researching the Korean flag, we find that the flag was adopted on August 22, 1948, which is 7 days after the founding date of the Republic of Korea Armed Forces.

7. Draw a conclusion: Based on the research, we can conclude that the Korean flag","%B %d, %Y"
630,What year was Fernando Alonso's last Grand Prix entry?,2022,f1,258,"To determine the year of Fernando Alonso's last Grand Prix entry, we need to analyze the information provided in the table.

Step 1:  We need to find the section related to Fernando Alonso's Formula One World Championship career. This section is located in the middle of the table.

Step 2:  Within this section, we are looking for the information about the last entry, which is the year of his last Grand Prix entry.

Step 3:  The relevant information is found in the line: ""Last entry 2022 Canadian Grand Prix.""

Step 4:  The year of his last Grand Prix entry is mentioned in this line as ""2022.""

Step 5:  Therefore, the year of Fernando Alonso's last Grand Prix entry is 2022.

Final Answer: The final answer is 2022.",yyyy
631,How old was Tochiazuma Daisuke when he retired from sumo?,30,sumo,169,"To answer this question, we need to find Tochiazuma Daisuke's birthdate and his retirement date. 

1. Tochiazuma Daisuke's birthdate is given in the ""Personal information"" section of the table: November 9, 1976.
2. Tochiazuma Daisuke's retirement date is given in the ""Career"" section of the table: May, 2007.
3. We need to calculate his age at the time of retirement. To do this, we can subtract his birth year from the current year and then subtract the month and day from his retirement date.
4. The current year is 2022. Subtracting 1976 from 2022 gives us 46 years.
5. Tochiazuma Daisuke retired in May 2007. We know he was 45 years old at that time because we calculated his age in step 4. 

However, we need to determine the exact age of Tochiazuma Daisuke at the time of his retirement. Given that he was born in 1976 and he retired in 2007, we can see that he was 30 years old in 2006, and he would turn 31 in 200",<num_years>
632,What year was Good Friday observed on April 2?,2021,holiday,212,"To answer this question, we need to analyze the table for the date of Good Friday that corresponds to April 2.

Step 1: Identify the column that contains the date of Good Friday. In the table, we see that the date is listed under the ""Date"" column, but it's not the only column with dates. However, the ""2021 date"" column specifically lists the dates for the year 2021.

Step 2: Look at the ""2021 date"" column for the date of Good Friday that corresponds to April 2. 

2021 date	April 2 (Western) | April 30 (Eastern)

Step 3: From the information in the ""2021 date"" column, we can see that the date of Good Friday in 2021 was indeed April 2.

Final Answer: 2021.",yyyy
633,How many months longer is the conscription for the Air Force than for the Army?,4,army,1121,"To answer the question, we need to compare the conscription periods for the Air Force and the Army.

From the table, we can see that the conscription period for the Army is 18 months, and the conscription period for the Air Force is 22 months.

Now, let's find the difference between these two periods. 

22 months (Air Force) - 18 months (Army) = 4 months.

So, the conscription for the Air Force is 4 months longer than for the Army.

Final Answer: The final answer is 4.",<num_months>
634,How old was Toshimitsu Obata when he became Yokozuna?,21,sumo,148,"To answer the question, we need to follow these steps:

1. Identify the year Toshimitsu Obata became Yokozuna.
2. Determine the date of birth of Toshimitsu Obata.
3. Calculate the age of Toshimitsu Obata at the time of becoming Yokozuna.

Step 1: Identify the year Toshimitsu Obata became Yokozuna.
From the table, we can see that Toshimitsu Obata became Yokozuna in July 1974.

Step 2: Determine the date of birth of Toshimitsu Obata.
From the table, we can see that Toshimitsu Obata was born on May 16, 1953.

Step 3: Calculate the age of Toshimitsu Obata at the time of becoming Yokozuna.
Since Toshimitsu Obata was born on May 16, 1953, and became Yokozuna in July 1974, we need to calculate his age in 1974. Assuming the month of becoming Yokozuna is July, we can calculate his age as follows:

- 1974 (year of becoming Yokozuna) - 1953 (year of birth) = 21 years
",<num_years>
635,How old was Yamamoto when his youth career ended?,18,boxing,484,"To find out how old Yamamoto was when his youth career ended, we need to follow these steps:

1. Identify the end year of Yamamoto's youth career.
   - The table shows that Yamamoto's youth career was from 1995 to 2000.

2. Determine the end year of Yamamoto's youth career.
   - Since the youth career ended in 2000, this is the end year.

3. Find Yamamoto's date of birth.
   - According to the table, Yamamoto was born on August 29, 1982.

4. Calculate Yamamoto's age in 2000.
   - To find Yamamoto's age in 2000, we subtract his year of birth from 2000.
   - Age = 2000 - 1982 = 18

Therefore, Shohei Yamamoto was 18 years old when his youth career ended.

Final Answer: The final answer is 18.",<num_years>
636,Over how many years did Shaun Pollock play for the Dolphins?,2,cricket,54,"To determine the number of years Shaun Pollock played for the Dolphins, we need to follow these steps:

1. Identify the row in the table that contains information about Shaun Pollock's time with the Dolphins.
   The relevant row is:
   2004/05	Dolphins

2. We need to convert the year format to a standard format for easier comparison. The year format used is in the format ""Year/Year"", which represents the period from the first year to the second year.

3. The Dolphins row indicates that Shaun Pollock played for the Dolphins in the period 2004/05. To find the number of years, we need to determine the start and end years of this period.

4. The start year is 2004, and the end year is 2005.

5. Therefore, Shaun Pollock played for the Dolphins for 2 years (2004-2005).

Final Answer: The final answer is 2.",<num_years>
637,Over how many years have the Eastern and Western dates been 7 days apart?,2,holiday,212,"To find the number of years the Eastern and Western dates have been 7 days apart, we need to compare the dates for both Eastern and Western Good Friday and find the years where the difference is exactly 7 days.

Let's break down the given dates for Eastern and Western Good Friday:

- Western dates: April 2, 2021; April 15, 2022; April 7, 2023; March 29, 2024
- Eastern dates: April 30, 2021; April 22, 2022; April 14, 2023; May 3, 2024

Now, let's calculate the difference between the Eastern and Western dates for each year:

- 2021: April 30 (Eastern) - April 2 (Western) = 28 days (not 7 days apart)
- 2022: April 22 (Eastern) - April 15 (Western) = 7 days
- 2023: April 14 (Eastern) - April 7 (Western) = 7 days
- 2024: May 3 (Eastern) - March 29 (Western) = 34 days (not 7 days apart)

From the calculations, we",<num_years>
638,Over how many years is the Western Easter date in April?,3,holiday,217,"Let's break down the problem step by step.

1. We need to find the years in which the Western Easter date falls in April.
2. We can see in the table that the Western Easter date is provided for the years 2021, 2022, 2023, and 2024.
3. We need to check each of these years to see if the Western Easter date is in April.
4. For 2021, the Western Easter date is April 4.
5. For 2022, the Western Easter date is April 17.
6. For 2023, the Western Easter date is April 9.
7. For 2024, the Western Easter date is March 31.
8. From the above information, we can see that the Western Easter date is in April for 2021, 2022, and 2023.

Final Answer: The final answer is 3.",<num_years>
639,Over how many years was Dhyan Chand on a senior career team?,4,hockey,524,"A: Let’s think step by step.

Step 1:  We need to find out how many years Dhyan Chand was on a senior career team. To do this, we have to find the time period during which he was actively playing.

Step 2:  The table provides us with Dhyan Chand's birth and death dates: 29 August 1905 and 3 December 1979, respectively. However, we are interested in his senior career, which is related to his field hockey career.

Step 3:  Looking at the ""Field hockey career"" section, we find that Dhyan Chand's height is given as 169 cm (5 ft 7 in) and his playing position is centre forward.

Step 4:  The ""National team"" section provides us with the years Dhyan Chand played for the British India team, which is 185 matches from 1926 to 1949.

Step 5:  Now, we need to find the duration of his senior career. We know he started playing in 1926 and ended in 1949.

Step 6:  To find the number of years, we simply subtract the starting year from the ending year: 1949 - 1926 = 23 years",<num_years>
640,What year was HMS Victory commissioned?,1778,ship,1115,"To answer the question, we need to find the year when HMS Victory was commissioned.

Step 1: Look for the section related to the commissioning of the ship.
We find this information under the ""History"" section of the table.

Step 2: Identify the specific information related to the commissioning of the ship.
The relevant information is: ""Commissioned	1778""

Therefore, HMS Victory was commissioned in the year 1778.

Final Answer: 1778",yyyy
641,Over how many years was Gino Bartali a part of the amateur team?,4,cycling,102,"To find out how many years Gino Bartali was a part of the amateur team, let's analyze the information provided in the table.

Q: Over how many years was Gino Bartali a part of the amateur team?

From the table, we can see the following information about Gino Bartali's amateur team:

- The team is mentioned as ""Amateur team"".
- The years of participation are listed as ""1931-1934"".

Since the years are listed as a range, we can calculate the number of years by subtracting the start year from the end year and then adding 1.

Start year: 1931
End year: 1934

Number of years = End year - Start year + 1
= 1934 - 1931 + 1
= 3

Therefore, Gino Bartali was a part of the amateur team for 3 years.

Final Answer: The final answer is 3.",<num_years>
642,What year was HMS Victory launched?,1765,ship,1115,"To find the year HMS Victory was launched, we need to look at the table provided.

Step 1: Identify the relevant information in the table. We are looking for the year HMS Victory was launched.

Step 2: Scroll through the table to find the section related to the launch of HMS Victory. The section is titled ""Launched"" and is located in the ""History"" subsection.

Step 3: Within the ""Launched"" section, we find the date of the launch: ""7 May 1765"".

Step 4: Since we are looking for the year, we need to extract the year from the date. The year is the four-digit number that represents the year in which HMS Victory was launched.

Step 5: The year HMS Victory was launched is 1765.

Final Answer: Final Answer: The year HMS Victory was launched is 1765.",yyyy
643,What year was the Japan Self-Defense Forces founded?,1954,army,1120,"To answer the question, we need to look at the ""Founded"" section in the table. It provides the date when the Japan Self-Defense Forces were founded.

1. The ""Founded"" section states the date in the format of ""1 July 1954 | ; 68 years ago |  ( | 1954-07-01 | )"".
2. The date is explicitly mentioned as ""1 July 1954"", which is the same as ""1954-07-01"".
3. Therefore, the Japan Self-Defense Forces were founded in the year 1954.

Final Answer: The final answer is 1954.",yyyy
644,"What year was the worst Atlantic hurricane season, in terms of the number of hurricanes?",2005,cyclone,1091,"Q: What year was the worst Atlantic hurricane season, in terms of the number of hurricanes?

To determine the worst Atlantic hurricane season in terms of the number of hurricanes, we need to identify the year with the highest number of hurricanes. 

Step 1: Identify the column with the year information. The relevant column is not directly provided; however, we can see that the years are mentioned in the ""Atlantic hurricane seasons"" line. 

Step 2: Extract the years from the ""Atlantic hurricane seasons"" line. The years mentioned are 2003, 2004, 2005, 2006, and 2007.

Step 3: Match the extracted years with the information provided in the table about the number of hurricanes for each year. However, the table does not directly provide this information. We need to look at the ""Seasonal statistics"" section, which provides information about the total number of hurricanes for the 2005 season.

Step 4: Since the table does not provide information about the number of hurricanes for each year, we need to rely on external knowledge to answer the question. According to external information, the 2005 Atlantic hurricane season had 15 hurricanes, which is a record high.

Step 5: Based on the external",yyyy
645,What year will Good Friday be observed on April 7?,2023,holiday,212,"To answer this question, we need to find the year when Good Friday is observed on April 7.

1. We are given a table with information about Good Friday, including the dates for 2021, 2022, 2023, and 2024.
2. We need to find the year when the date for Good Friday falls on April 7.
3. Looking at the table, we see that the date for Good Friday in 2023 is April 7 (Western).
4. Since the question asks for the year when Good Friday is observed on April 7, the answer is the year that corresponds to this date.

Final Answer: 2023",yyyy
646,When did the Tonnerre receive a name change?,1795,ship,1110,"To answer the question, let's follow the steps:

1. Look for the section of the table that mentions the name change of the ship.
2. Identify the specific date when the name change occurred.

From the table, we can see that the ""History"" section contains information about the ship's name change. 

Within this section, the relevant information is:
""Renamed	Quatorze Juillet | (1795)""

This indicates that the Tonnerre was renamed Quatorze Juillet in the year 1795.

Therefore, the Tonnerre received a name change in the year 1795.

Final Answer: The final answer is 1795.",yyyy
647,When did Viv Richards start playing domestically?,1971,cricket,57,"To find out when Viv Richards started playing domestically, we need to analyze the ""Domestic team information"" section of the table.

1. In the ""Domestic team information"" section, we see a list of teams Viv Richards played for along with the years he played for each team. The first team listed is ""Combined Islands"" with the years ""1971-1981"".

2. Since the question asks for the year Viv Richards started playing domestically, we can infer that the start year of the first team listed is the year he started playing domestically.

3. Therefore, Viv Richards started playing domestically in the year 1971.

Final Answer: 1971",yyyy
648,When was the last year that Shohei Yamamoto played in the senior division?,2018,boxing,484,"To find the last year Shohei Yamamoto played in the senior division, we need to look at the ""Senior career"" section of the table. 

Step 1: Identify the relevant section of the table, which is the ""Senior career"" section.
Step 2: Look for the last entry in the ""Senior career"" section, which is the last year Shohei Yamamoto played in the senior division.
Step 3: Identify the last year from the last entry in the ""Senior career"" section.

The last entry in the ""Senior career"" section is '2018 | Ococias Kyoto AC | 3 | (0)'. 

Step 4: From the last entry, we can see that the last year Shohei Yamamoto played in the senior division is 2018.

Final Answer: 2018",yyyy
649,Over how many years was Iraq an ally of Fatah – The Revolutionary Council?,17,terrorist orgnization,711,"To find the answer, we need to analyze the information given in the table.

Step 1: Identify the relevant information related to Iraq's alliance with Fatah – The Revolutionary Council. 
The relevant information is: Iraq: 1974-1978, 1991-2002.

Step 2: Determine the time period of Iraq's alliance with Fatah – The Revolutionary Council.
Iraq was an ally of Fatah from 1974-1978 and again from 1991-2002.

Step 3: Calculate the total duration of Iraq's alliance with Fatah – The Revolutionary Council.
To find the total duration, we need to calculate the difference between the end year and the start year for each period and then add them together.
For the first period (1974-1978), the duration is 1978 - 1974 = 4 years.
For the second period (1991-2002), the duration is 2002 - 1991 = 11 years.
The total duration is 4 + 11 = 15 years.

Final Answer: The final answer is 15.",<num_years>
650,Which date was the 28 Kislev of Hanukkah celebrated in 2023?,"December 10, 2023",holiday,207,"A: Let’s think step by step.

Step 1: We need to find the date range for the 2023 celebration of Hanukkah.
From the table, we see that the 2023 date for Hanukkah is listed as ""Sunset, 7 December - nightfall, 15 December"".

Step 2: We need to find the specific date, 28 Kislev, within the 2023 date range.
Since the date range is from 7 December to 15 December, we need to find the corresponding date in the Hebrew calendar for 28 Kislev.

Step 3: We can look at the table to see if it provides the exact date for 28 Kislev in 2023.
However, the table does not provide the exact date for 28 Kislev in 2023. Instead, it provides the date range for the entire holiday.

Step 4: We can look for the date that corresponds to the midpoint of the holiday, which is around the 7th day.
From the table, we see that the holiday begins on 25 Kislev and ends on 2 Tevet or 3 Tevet. Since the 7th day of the holiday would be around the midpoint, we can look for","%B %d, %Y"
651,Which date will the 20th of Tishrei be celebrated in 2023?,"October 4, 2023",holiday,219,"To find the date when the 20th of Tishrei will be celebrated in 2023, let's analyze the given information step by step:

1. We know that Sukkot begins on the 15th day of Tishrei and ends on the 21st day of Tishrei.
2. We need to find the date when the 20th of Tishrei will be celebrated in 2023.
3. The table provides the date range for Sukkot in 2023 as ""Sunset, 29 September - | nightfall, 6 October | (7 October outside of Israel)"".
4. Since the 20th of Tishrei falls within the date range of Sukkot, it will be celebrated during this period.

Now, let's determine the exact date when the 20th of Tishrei will be celebrated in 2023:

The date range for Sukkot in 2023 is from ""Sunset, 29 September - | nightfall, 6 October | (7 October outside of Israel)"".
Since the 20th of Tishrei is within this range, it will be celebrated on the 20th of Tishrei, which corresponds to October 2, ","%B %d, %Y"
652,How many months passed between HMS Montrose being laid down and launched in 2005?,32,ship,222,"To find the answer, let's break down the problem step by step.

1. First, we need to find out when HMS Montrose was laid down and launched. From the table, we see that HMS Montrose was laid down on 1 November 1989 and launched on 31 July 1992.

2. Since the question asks for the time between the laying down and launching in 2005, we need to clarify that the years mentioned in the table (1989 and 1992) are for the actual events, not 2005. However, the question seems to be asking for a calculation based on the provided dates.

3. To find the time between the two events, we need to calculate the difference in years and then convert it to months. 

4. The difference in years between 1992 and 1989 is 3 years.

5. Since there are 12 months in a year, we multiply the difference in years by 12 to find the difference in months: 3 years * 12 months/year = 36 months.

However, the question is asking for the time between the two events, not the total duration. To find the time between the two events, we need to subtract the month of laying down (",<num_months>
653,How many months were between Waqar Younis's last Test and his last ODI?,2,cricket,55,"To determine the number of months between Waqar Younis's last Test and his last ODI, we need to find the dates of these two events and then calculate the time difference.

Step 1: Find the date of Waqar Younis's last Test.
From the table, we see that Waqar Younis's last Test was on 2 January 2003.

Step 2: Find the date of Waqar Younis's last ODI.
From the table, we see that Waqar Younis's last ODI was on 4 March 2003.

Step 3: Calculate the time difference between the two dates.
We can calculate the time difference by finding the difference in days and then converting it to months.

Date of last Test: 2 January 2003
Date of last ODI: 4 March 2003

Difference in days: 
4 March 2003 - 2 January 2003 = 61 days

Since there are approximately 30.44 days in a month, we can divide the difference in days by 30.44 to get the approximate number of months.

61 days / 30.44 days/month ≈ 2 months

However, this is an approximation. To",<num_months>
654,How many months were left in the ExoMars mission as planned?,9,orbitor,461,"To find the number of months left in the ExoMars mission as planned, we need to follow these steps:

1. The planned duration of the mission is given as 7 years.
2. The current elapsed time is given as 6 years, 3 months, and 18 days.
3. To find the remaining duration, we subtract the elapsed time from the planned duration.
4. Since the planned duration is in years, we need to convert the elapsed time into years as well. There are 12 months in a year, so 3 months is equivalent to 0.25 years.
5. We add the days to the elapsed time in years. There are 365.25 days in a year, so 18 days is equivalent to 0.0493 years (approximately).
6. Now, we subtract the elapsed time in years from the planned duration: 7 years - (6 years + 0.25 years + 0.0493 years) = 0.7007 years.
7. Finally, we convert the remaining duration from years to months. Since there are 12 months in a year, we multiply the remaining duration in years by 12: 0.7007 years * 12 = 8.",<num_months>
655,Over how many days does Hanukkah take place?,9,holiday,207,"To find out how many days Hanukkah takes place, let's break down the information provided in the table.

1. The table lists the dates of Hanukkah under the ""Date"" category. These dates are given in terms of the Hebrew calendar, which includes the days of the month (Kislev and Tevet).

2. The dates listed are: 25 Kislev, 26 Kislev, 27 Kislev, 28 Kislev, 29 Kislev, 30 Kislev, 1 Tevet, 2 Tevet, 3 Tevet.

3. Since each of these dates represents a different day, we can count the number of dates listed.

4. Counting the dates, we find that there are 9 different days listed.

Therefore, Hanukkah takes place over 9 days.

Final Answer: The final answer is 9.",<num_days>
656,Which year did the hurricane start?,2004,cyclone,958,"To determine the year when the hurricane started, let's analyze the given information step by step:

1. The table provides information about Hurricane Ivan, which is a category 5 major hurricane.
2. The table mentions the formation date of Hurricane Ivan as ""September 2, 2004.""
3. Since we are looking for the year when the hurricane started, we can directly use the given formation date to find the answer.

Therefore, based on the formation date provided in the table, the year when Hurricane Ivan started is 2004.

Final Answer: The final answer is 2004.",yyyy
657,Over how many days does Yom Kippur take place?,2,holiday,208,"To find out over how many days Yom Kippur takes place, we need to look at the dates provided in the table for the start and end of Yom Kippur for the given years.

For 2021, Yom Kippur starts at sunset on September 15 and ends at nightfall on September 16.
For 2022, Yom Kippur starts at sunset on October 4 and ends at nightfall on October 5.
For 2023, Yom Kippur starts at sunset on September 24 and ends at nightfall on September 25.
For 2024, Yom Kippur starts at sunset on October 11 and ends at nightfall on October 12.

From the above information, we can see that Yom Kippur takes place over 2 days in each of the given years.

Final Answer: The final answer is 2.",<num_days>
